2026-07-26T10:06:18.3422897Z Current runner version: '2.336.0'
2026-07-26T10:06:18.3458586Z ##[group]Runner Image Provisioner
2026-07-26T10:06:18.3460212Z Hosted Compute Agent
2026-07-26T10:06:18.3461198Z Version: 20260707.563
2026-07-26T10:06:18.3462999Z Commit: 02667638d2b423fbc733a8e32a88b44996a3ba6e
2026-07-26T10:06:18.3464243Z Build Date: 2026-07-07T19:33:50Z
2026-07-26T10:06:18.3465504Z Worker ID: {db9c0eb3-a404-4183-8b36-b9095754fa06}
2026-07-26T10:06:18.3466720Z Azure Region: eastus
2026-07-26T10:06:18.3467650Z ##[endgroup]
2026-07-26T10:06:18.3470786Z ##[group]Operating System
2026-07-26T10:06:18.3471816Z Ubuntu
2026-07-26T10:06:18.3472816Z 26.04
2026-07-26T10:06:18.3473652Z LTS
2026-07-26T10:06:18.3474579Z ##[endgroup]
2026-07-26T10:06:18.3475619Z ##[group]Runner Image
2026-07-26T10:06:18.3476674Z Image: ubuntu-26.04
2026-07-26T10:06:18.3477801Z Version: 20260720.80.1
2026-07-26T10:06:18.3480101Z Included Software: https://github.com/actions/runner-images/blob/ubuntu26/20260720.80/images/ubuntu/Ubuntu2604-Readme.md
2026-07-26T10:06:18.3483027Z Image Release: https://github.com/actions/runner-images/releases/tag/ubuntu26%2F20260720.80
2026-07-26T10:06:18.3484775Z ##[endgroup]
2026-07-26T10:06:18.3487421Z ##[group]GITHUB_TOKEN Permissions
2026-07-26T10:06:18.3490733Z Actions: write
2026-07-26T10:06:18.3491731Z Contents: write
2026-07-26T10:06:18.3492636Z Metadata: read
2026-07-26T10:06:18.3493695Z PullRequests: write
2026-07-26T10:06:18.3494699Z Statuses: write
2026-07-26T10:06:18.3495697Z ##[endgroup]
2026-07-26T10:06:18.3499316Z Secret source: Actions
2026-07-26T10:06:18.3501675Z Prepare workflow directory
2026-07-26T10:06:18.3998570Z Prepare all required actions
2026-07-26T10:06:18.4064542Z Getting action download info
2026-07-26T10:06:18.5690974Z Download action repository 'actions/checkout@v6' (SHA:d23441a48e516b6c34aea4fa41551a30e30af803)
2026-07-26T10:06:18.7241392Z Download action repository 'actions/upload-artifact@v5' (SHA:330a01c490aca151604b8cf639adc76d48f6c5d4)
2026-07-26T10:06:19.3548647Z Complete job name: Smoke test: stock R
2026-07-26T10:06:19.4615773Z ##[group]Run actions/checkout@v6
2026-07-26T10:06:19.4616976Z with:
2026-07-26T10:06:19.4617710Z   ref: 2b4109fed08de2d40c95c1d6d250af717f50c6ad
2026-07-26T10:06:19.4618924Z   repository: krlmlr/duckdb-r
2026-07-26T10:06:19.4623032Z   token: ***
2026-07-26T10:06:19.4623767Z   ssh-strict: true
2026-07-26T10:06:19.4624451Z   ssh-user: git
2026-07-26T10:06:19.4625141Z   persist-credentials: true
2026-07-26T10:06:19.4625878Z   clean: true
2026-07-26T10:06:19.4626566Z   sparse-checkout-cone-mode: true
2026-07-26T10:06:19.4627340Z   fetch-depth: 1
2026-07-26T10:06:19.4628012Z   fetch-tags: false
2026-07-26T10:06:19.4628853Z   show-progress: true
2026-07-26T10:06:19.4629558Z   lfs: false
2026-07-26T10:06:19.4630228Z   submodules: false
2026-07-26T10:06:19.4630933Z   set-safe-directory: true
2026-07-26T10:06:19.4631698Z   allow-unsafe-pr-checkout: false
2026-07-26T10:06:19.4632779Z ##[endgroup]
2026-07-26T10:06:19.5684661Z Syncing repository: krlmlr/duckdb-r
2026-07-26T10:06:19.5688719Z ##[group]Getting Git version info
2026-07-26T10:06:19.5690667Z Working directory is '/home/runner/work/duckdb-r/duckdb-r'
2026-07-26T10:06:19.5693403Z [command]/usr/bin/git version
2026-07-26T10:06:19.5695062Z git version 2.53.0
2026-07-26T10:06:19.5717203Z ##[endgroup]
2026-07-26T10:06:19.5733133Z Temporarily overriding HOME='/home/runner/work/_temp/ab844b85-5d44-4158-8cfb-951c32f89939' before making global git config changes
2026-07-26T10:06:19.5736414Z Adding repository directory to the temporary git global config as a safe directory
2026-07-26T10:06:19.5739437Z [command]/usr/bin/git config --global --add safe.directory /home/runner/work/duckdb-r/duckdb-r
2026-07-26T10:06:19.5812106Z Deleting the contents of '/home/runner/work/duckdb-r/duckdb-r'
2026-07-26T10:06:19.5815706Z ##[group]Determining repository object format
2026-07-26T10:06:19.5817850Z ##[endgroup]
2026-07-26T10:06:19.5820003Z ##[group]Initializing the repository
2026-07-26T10:06:19.5823355Z [command]/usr/bin/git init /home/runner/work/duckdb-r/duckdb-r
2026-07-26T10:06:19.5951197Z hint: Using 'master' as the name for the initial branch. This default branch name
2026-07-26T10:06:19.5953776Z hint: will change to "main" in Git 3.0. To configure the initial branch name
2026-07-26T10:06:19.5956033Z hint: to use in all of your new repositories, which will suppress this warning,
2026-07-26T10:06:19.5958299Z hint: call:
2026-07-26T10:06:19.5959603Z hint:
2026-07-26T10:06:19.5961022Z hint: 	git config --global init.defaultBranch <name>
2026-07-26T10:06:19.5962679Z hint:
2026-07-26T10:06:19.5964270Z hint: Names commonly chosen instead of 'master' are 'main', 'trunk' and
2026-07-26T10:06:19.5966495Z hint: 'development'. The just-created branch can be renamed via this command:
2026-07-26T10:06:19.5968590Z hint:
2026-07-26T10:06:19.5970149Z hint: 	git branch -m <name>
2026-07-26T10:06:19.5971656Z hint:
2026-07-26T10:06:19.5973340Z hint: Disable this message with "git config set advice.defaultBranchName false"
2026-07-26T10:06:19.5975922Z Initialized empty Git repository in /home/runner/work/duckdb-r/duckdb-r/.git/
2026-07-26T10:06:19.5981115Z [command]/usr/bin/git remote add origin https://github.com/krlmlr/duckdb-r
2026-07-26T10:06:19.6024065Z ##[endgroup]
2026-07-26T10:06:19.6026101Z ##[group]Disabling automatic garbage collection
2026-07-26T10:06:19.6028062Z [command]/usr/bin/git config --local gc.auto 0
2026-07-26T10:06:19.6066135Z ##[endgroup]
2026-07-26T10:06:19.6068925Z ##[group]Setting up auth
2026-07-26T10:06:19.6070401Z Removing SSH command configuration
2026-07-26T10:06:19.6074873Z [command]/usr/bin/git config --local --name-only --get-regexp core\.sshCommand
2026-07-26T10:06:19.6115325Z [command]/usr/bin/git submodule foreach --recursive sh -c "git config --local --name-only --get-regexp 'core\.sshCommand' && git config --local --unset-all 'core.sshCommand' || :"
2026-07-26T10:06:19.6573831Z Removing HTTP extra header
2026-07-26T10:06:19.6581200Z [command]/usr/bin/git config --local --name-only --get-regexp http\.https\:\/\/github\.com\/\.extraheader
2026-07-26T10:06:19.6627020Z [command]/usr/bin/git submodule foreach --recursive sh -c "git config --local --name-only --get-regexp 'http\.https\:\/\/github\.com\/\.extraheader' && git config --local --unset-all 'http.https://github.com/.extraheader' || :"
2026-07-26T10:06:19.6896796Z Removing includeIf entries pointing to credentials config files
2026-07-26T10:06:19.6902745Z [command]/usr/bin/git config --local --name-only --get-regexp ^includeIf\.gitdir:
2026-07-26T10:06:19.6937951Z [command]/usr/bin/git submodule foreach --recursive git config --local --show-origin --name-only --get-regexp remote.origin.url
2026-07-26T10:06:19.7218017Z [command]/usr/bin/git config --file /home/runner/work/_temp/git-credentials-c88c1067-0f43-4f7f-aeb1-36f76b836ebb.config http.https://github.com/.extraheader AUTHORIZATION: basic ***
2026-07-26T10:06:19.7260208Z [command]/usr/bin/git config --local includeIf.gitdir:/home/runner/work/duckdb-r/duckdb-r/.git.path /home/runner/work/_temp/git-credentials-c88c1067-0f43-4f7f-aeb1-36f76b836ebb.config
2026-07-26T10:06:19.7294606Z [command]/usr/bin/git config --local includeIf.gitdir:/home/runner/work/duckdb-r/duckdb-r/.git/worktrees/*.path /home/runner/work/_temp/git-credentials-c88c1067-0f43-4f7f-aeb1-36f76b836ebb.config
2026-07-26T10:06:19.7332160Z [command]/usr/bin/git config --local includeIf.gitdir:/github/workspace/.git.path /github/runner_temp/git-credentials-c88c1067-0f43-4f7f-aeb1-36f76b836ebb.config
2026-07-26T10:06:19.7363893Z [command]/usr/bin/git config --local includeIf.gitdir:/github/workspace/.git/worktrees/*.path /github/runner_temp/git-credentials-c88c1067-0f43-4f7f-aeb1-36f76b836ebb.config
2026-07-26T10:06:19.7394466Z ##[endgroup]
2026-07-26T10:06:19.7395597Z ##[group]Fetching the repository
2026-07-26T10:06:19.7403508Z [command]/usr/bin/git -c protocol.version=2 fetch --no-tags --prune --no-recurse-submodules --depth=1 origin 2b4109fed08de2d40c95c1d6d250af717f50c6ad
2026-07-26T10:06:21.2614410Z From https://github.com/krlmlr/duckdb-r
2026-07-26T10:06:21.2615738Z  * branch            2b4109fed08de2d40c95c1d6d250af717f50c6ad -> FETCH_HEAD
2026-07-26T10:06:21.2660241Z [command]/usr/bin/git rev-parse --verify --quiet 2b4109fed08de2d40c95c1d6d250af717f50c6ad^{object}
2026-07-26T10:06:21.2692518Z 2b4109fed08de2d40c95c1d6d250af717f50c6ad
2026-07-26T10:06:21.2698519Z ##[endgroup]
2026-07-26T10:06:21.2699488Z ##[group]Determining the checkout info
2026-07-26T10:06:21.2700484Z ##[endgroup]
2026-07-26T10:06:21.2705471Z [command]/usr/bin/git sparse-checkout disable
2026-07-26T10:06:21.2887474Z [command]/usr/bin/git config --local --unset-all extensions.worktreeConfig
2026-07-26T10:06:21.2891190Z ##[group]Checking out the ref
2026-07-26T10:06:21.2892610Z [command]/usr/bin/git checkout --progress --force 2b4109fed08de2d40c95c1d6d250af717f50c6ad
2026-07-26T10:06:21.5543915Z Note: switching to '2b4109fed08de2d40c95c1d6d250af717f50c6ad'.
2026-07-26T10:06:21.5545127Z 
2026-07-26T10:06:21.5545878Z You are in 'detached HEAD' state. You can look around, make experimental
2026-07-26T10:06:21.5546722Z changes and commit them, and you can discard any commits you make in this
2026-07-26T10:06:21.5547304Z state without impacting any branches by switching back to a branch.
2026-07-26T10:06:21.5547638Z 
2026-07-26T10:06:21.5547920Z If you want to create a new branch to retain commits you create, you may
2026-07-26T10:06:21.5549019Z do so (now or later) by using -c with the switch command. Example:
2026-07-26T10:06:21.5549563Z 
2026-07-26T10:06:21.5549759Z   git switch -c <new-branch-name>
2026-07-26T10:06:21.5550146Z 
2026-07-26T10:06:21.5550316Z Or undo this operation with:
2026-07-26T10:06:21.5550629Z 
2026-07-26T10:06:21.5550777Z   git switch -
2026-07-26T10:06:21.5551019Z 
2026-07-26T10:06:21.5551370Z Turn off this advice by setting config variable advice.detachedHead to false
2026-07-26T10:06:21.5551920Z 
2026-07-26T10:06:21.5552447Z HEAD is now at 2b4109f Revert "fix: silence storage message for GeoTox's transitive use (temporary) (#2397)"
2026-07-26T10:06:21.5564366Z ##[endgroup]
2026-07-26T10:06:21.5610438Z [command]/usr/bin/git log -1 --format=%H
2026-07-26T10:06:21.5636152Z 2b4109fed08de2d40c95c1d6d250af717f50c6ad
2026-07-26T10:06:21.5901269Z ##[group]Run echo "Actor: github-actions[bot]"
2026-07-26T10:06:21.5901734Z [36;1mecho "Actor: github-actions[bot]"[0m
2026-07-26T10:06:21.5902035Z [36;1m[0m
2026-07-26T10:06:21.5902249Z [36;1m# Check status of this workflow[0m
2026-07-26T10:06:21.5902530Z [36;1mstate="pending"[0m
2026-07-26T10:06:21.5902854Z [36;1msha=2b4109fed08de2d40c95c1d6d250af717f50c6ad[0m
2026-07-26T10:06:21.5903185Z [36;1mif [ -z "${sha}" ]; then[0m
2026-07-26T10:06:21.5903501Z [36;1m  sha=f539179f39b657bd12f247723ef8d60c30c045fd[0m
2026-07-26T10:06:21.5903806Z [36;1mfi[0m
2026-07-26T10:06:21.5904019Z [36;1msha=$(git rev-parse ${sha})[0m
2026-07-26T10:06:21.5904272Z [36;1m[0m
2026-07-26T10:06:21.5904463Z [36;1mhtml_url=$(gh api \[0m
2026-07-26T10:06:21.5904762Z [36;1m  -H "Accept: application/vnd.github+json" \[0m
2026-07-26T10:06:21.5905130Z [36;1m  -H "X-GitHub-Api-Version: 2022-11-28" \[0m
2026-07-26T10:06:21.5905678Z [36;1m  repos/krlmlr/duckdb-r/actions/runs/30197659211 | jq -r .html_url)[0m
2026-07-26T10:06:21.5906065Z [36;1m[0m
2026-07-26T10:06:21.5906280Z [36;1mdescription="rcc / rcc-smoke"[0m
2026-07-26T10:06:21.5906535Z [36;1m[0m
2026-07-26T10:06:21.5906711Z [36;1mgh api \[0m
2026-07-26T10:06:21.5906921Z [36;1m  --method POST \[0m
2026-07-26T10:06:21.5907199Z [36;1m  -H "Accept: application/vnd.github+json" \[0m
2026-07-26T10:06:21.5907535Z [36;1m  -H "X-GitHub-Api-Version: 2022-11-28" \[0m
2026-07-26T10:06:21.5907859Z [36;1m  repos/krlmlr/duckdb-r/statuses/${sha} \[0m
2026-07-26T10:06:21.5908672Z [36;1m  -f "state=${state}" -f "target_url=${html_url}" -f "description=${description}" -f "context=rcc"[0m
2026-07-26T10:06:21.6136380Z shell: /usr/bin/bash --noprofile --norc -e -o pipefail {0}
2026-07-26T10:06:21.6136814Z env:
2026-07-26T10:06:21.6140342Z   GH_TOKEN: ***
2026-07-26T10:06:21.6140599Z ##[endgroup]
2026-07-26T10:06:21.6235990Z Actor: github-actions[bot]
2026-07-26T10:06:31.4326559Z {"url":"https://api.github.com/repos/krlmlr/duckdb-r/statuses/2b4109fed08de2d40c95c1d6d250af717f50c6ad","avatar_url":"https://avatars.githubusercontent.com/in/15368?v=4","id":51100388111,"node_id":"SC_kwDOKNSgSc8AAAAL5dILDw","state":"pending","description":"rcc / rcc-smoke","target_url":"https://github.com/krlmlr/duckdb-r/actions/runs/30197659211","context":"rcc","created_at":"2026-07-26T10:06:30Z","updated_at":"2026-07-26T10:06:30Z","creator":{"login":"github-actions[bot]","id":41898282,"node_id":"MDM6Qm90NDE4OTgyODI=","avatar_url":"https://avatars.githubusercontent.com/in/15368?v=4","gravatar_id":"","url":"https://api.github.com/users/github-actions%5Bbot%5D","html_url":"https://github.com/apps/github-actions","followers_url":"https://api.github.com/users/github-actions%5Bbot%5D/followers","following_url":"https://api.github.com/users/github-actions%5Bbot%5D/following{/other_user}","gists_url":"https://api.github.com/users/github-actions%5Bbot%5D/gists{/gist_id}","starred_url":"https://api.github.com/users/github-actions%5Bbot%5D/starred{/owner}{/repo}","subscriptions_url":"https://api.github.com/users/github-actions%5Bbot%5D/subscriptions","organizations_url":"https://api.github.com/users/github-actions%5Bbot%5D/orgs","repos_url":"https://api.github.com/users/github-actions%5Bbot%5D/repos","events_url":"https://api.github.com/users/github-actions%5Bbot%5D/events{/privacy}","received_events_url":"https://api.github.com/users/github-actions%5Bbot%5D/received_events","type":"Bot","user_view_type":"public","site_admin":false}}
2026-07-26T10:06:31.4431919Z Prepare all required actions
2026-07-26T10:06:31.4464245Z ##[group]Run ./.github/workflows/rate-limit
2026-07-26T10:06:31.4464537Z with:
2026-07-26T10:06:31.4466937Z   token: ***
2026-07-26T10:06:31.4467135Z ##[endgroup]
2026-07-26T10:06:31.4546759Z ##[group]Run curl -s --header "authorization: ***" https://api.github.com/rate_limit
2026-07-26T10:06:31.4549880Z [36;1mcurl -s --header "authorization: ***" https://api.github.com/rate_limit[0m
2026-07-26T10:06:31.4595654Z shell: /usr/bin/bash --noprofile --norc -e -o pipefail {0}
2026-07-26T10:06:31.4595996Z ##[endgroup]
2026-07-26T10:06:31.5641209Z {
2026-07-26T10:06:31.5641664Z   "resources": {
2026-07-26T10:06:31.5642113Z     "core": {
2026-07-26T10:06:31.5642403Z       "limit": 5000,
2026-07-26T10:06:31.5642763Z       "used": 54,
2026-07-26T10:06:31.5643219Z       "remaining": 4946,
2026-07-26T10:06:31.5643684Z       "reset": 1785060786
2026-07-26T10:06:31.5643992Z     },
2026-07-26T10:06:31.5644251Z     "search": {
2026-07-26T10:06:31.5644608Z       "limit": 30,
2026-07-26T10:06:31.5644886Z       "used": 0,
2026-07-26T10:06:31.5645161Z       "remaining": 30,
2026-07-26T10:06:31.5645462Z       "reset": 1785060451
2026-07-26T10:06:31.5645762Z     },
2026-07-26T10:06:31.5646009Z     "graphql": {
2026-07-26T10:06:31.5646287Z       "limit": 5000,
2026-07-26T10:06:31.5646567Z       "used": 5,
2026-07-26T10:06:31.5646845Z       "remaining": 4995,
2026-07-26T10:06:31.5647170Z       "reset": 1785063726
2026-07-26T10:06:31.5647461Z     },
2026-07-26T10:06:31.5647723Z     "integration_manifest": {
2026-07-26T10:06:31.5648382Z       "limit": 5000,
2026-07-26T10:06:31.5648736Z       "used": 0,
2026-07-26T10:06:31.5649023Z       "remaining": 5000,
2026-07-26T10:06:31.5649336Z       "reset": 1785063991
2026-07-26T10:06:31.5649578Z     },
2026-07-26T10:06:31.5649786Z     "source_import": {
2026-07-26T10:06:31.5650032Z       "limit": 100,
2026-07-26T10:06:31.5650293Z       "used": 0,
2026-07-26T10:06:31.5650517Z       "remaining": 100,
2026-07-26T10:06:31.5650769Z       "reset": 1785060451
2026-07-26T10:06:31.5651014Z     },
2026-07-26T10:06:31.5651229Z     "code_scanning_autofix": {
2026-07-26T10:06:31.5651502Z       "limit": 10,
2026-07-26T10:06:31.5651717Z       "used": 0,
2026-07-26T10:06:31.5651970Z       "remaining": 10,
2026-07-26T10:06:31.5652206Z       "reset": 1785060451
2026-07-26T10:06:31.5652444Z     },
2026-07-26T10:06:31.5652663Z     "actions_runner_registration": {
2026-07-26T10:06:31.5653283Z       "limit": 10000,
2026-07-26T10:06:31.5653517Z       "used": 0,
2026-07-26T10:06:31.5653744Z       "remaining": 10000,
2026-07-26T10:06:31.5653993Z       "reset": 1785063991
2026-07-26T10:06:31.5654231Z     },
2026-07-26T10:06:31.5654428Z     "scim": {
2026-07-26T10:06:31.5654640Z       "limit": 15000,
2026-07-26T10:06:31.5654869Z       "used": 0,
2026-07-26T10:06:31.5655092Z       "remaining": 15000,
2026-07-26T10:06:31.5655359Z       "reset": 1785063991
2026-07-26T10:06:31.5655602Z     },
2026-07-26T10:06:31.5655822Z     "dependency_snapshots": {
2026-07-26T10:06:31.5656097Z       "limit": 100,
2026-07-26T10:06:31.5656320Z       "used": 0,
2026-07-26T10:06:31.5657085Z       "remaining": 100,
2026-07-26T10:06:31.5657336Z       "reset": 1785060451
2026-07-26T10:06:31.5657648Z     },
2026-07-26T10:06:31.5657890Z     "dependency_sbom": {
2026-07-26T10:06:31.5658441Z       "limit": 100,
2026-07-26T10:06:31.5658795Z       "used": 0,
2026-07-26T10:06:31.5659048Z       "remaining": 100,
2026-07-26T10:06:31.5659309Z       "reset": 1785060451
2026-07-26T10:06:31.5659546Z     },
2026-07-26T10:06:31.5659729Z     "audit_log": {
2026-07-26T10:06:31.5659917Z       "limit": 1750,
2026-07-26T10:06:31.5660108Z       "used": 0,
2026-07-26T10:06:31.5660292Z       "remaining": 1750,
2026-07-26T10:06:31.5660496Z       "reset": 1785063991
2026-07-26T10:06:31.5660690Z     },
2026-07-26T10:06:31.5660866Z     "audit_log_streaming": {
2026-07-26T10:06:31.5661083Z       "limit": 15,
2026-07-26T10:06:31.5661280Z       "used": 0,
2026-07-26T10:06:31.5661712Z       "remaining": 15,
2026-07-26T10:06:31.5661923Z       "reset": 1785063991
2026-07-26T10:06:31.5662116Z     },
2026-07-26T10:06:31.5662282Z     "code_search": {
2026-07-26T10:06:31.5662475Z       "limit": 10,
2026-07-26T10:06:31.5662656Z       "used": 0,
2026-07-26T10:06:31.5662836Z       "remaining": 10,
2026-07-26T10:06:31.5663032Z       "reset": 1785060451
2026-07-26T10:06:31.5663228Z     },
2026-07-26T10:06:31.5663666Z     "copilot_usage_records": {
2026-07-26T10:06:31.5663905Z       "limit": 1750,
2026-07-26T10:06:31.5664089Z       "used": 0,
2026-07-26T10:06:31.5664277Z       "remaining": 1750,
2026-07-26T10:06:31.5664482Z       "reset": 1785063991
2026-07-26T10:06:31.5664689Z     }
2026-07-26T10:06:31.5664854Z   },
2026-07-26T10:06:31.5665021Z   "rate": {
2026-07-26T10:06:31.5665199Z     "limit": 5000,
2026-07-26T10:06:31.5665393Z     "used": 54,
2026-07-26T10:06:31.5665580Z     "remaining": 4946,
2026-07-26T10:06:31.5665835Z     "reset": 1785060786
2026-07-26T10:06:31.5666328Z   }
2026-07-26T10:06:31.5666597Z }
2026-07-26T10:06:31.5710733Z Prepare all required actions
2026-07-26T10:06:31.5735467Z ##[group]Run ./.github/workflows/git-identity
2026-07-26T10:06:31.5735766Z ##[endgroup]
2026-07-26T10:06:31.5752216Z ##[group]Run env | sort
2026-07-26T10:06:31.5752478Z [36;1menv | sort[0m
2026-07-26T10:06:31.5752737Z [36;1mgit config --local user.name "$GITHUB_ACTOR"[0m
2026-07-26T10:06:31.5753187Z [36;1mgit config --local user.email "$GITHUB_ACTOR@users.noreply.github.com"[0m
2026-07-26T10:06:31.5799667Z shell: /usr/bin/bash --noprofile --norc -e -o pipefail {0}
2026-07-26T10:06:31.5800010Z ##[endgroup]
2026-07-26T10:06:31.5897123Z ACCEPT_EULA=Y
2026-07-26T10:06:31.5897610Z ACTIONS_ORCHESTRATION_ID=027a9f43-8f05-4d22-9017-79e7fb1ee226.rcc-smoke.__default
2026-07-26T10:06:31.5898347Z ACTIONS_RUNNER_ACTION_ARCHIVE_CACHE=/opt/actionarchivecache
2026-07-26T10:06:31.5898785Z ACTIONS_RUNNER_RETURN_JOB_RESULT_FOR_HOSTED=1
2026-07-26T10:06:31.5899101Z AGENT_TOOLSDIRECTORY=/opt/hostedtoolcache
2026-07-26T10:06:31.5899453Z ANDROID_HOME=/usr/local/lib/android/sdk
2026-07-26T10:06:31.5899786Z ANDROID_NDK=/usr/local/lib/android/sdk/ndk/27.3.13750724
2026-07-26T10:06:31.5900165Z ANDROID_NDK_HOME=/usr/local/lib/android/sdk/ndk/27.3.13750724
2026-07-26T10:06:31.5900580Z ANDROID_NDK_LATEST_HOME=/usr/local/lib/android/sdk/ndk/29.0.14206865
2026-07-26T10:06:31.5900996Z ANDROID_NDK_ROOT=/usr/local/lib/android/sdk/ndk/27.3.13750724
2026-07-26T10:06:31.5901562Z ANDROID_SDK_ROOT=/usr/local/lib/android/sdk
2026-07-26T10:06:31.5901844Z ANT_HOME=/usr/share/ant
2026-07-26T10:06:31.5902090Z AZURE_EXTENSION_DIR=/opt/az/azcliextensions
2026-07-26T10:06:31.5902391Z BOOTSTRAP_HASKELL_NONINTERACTIVE=1
2026-07-26T10:06:31.5902709Z CHROMEWEBDRIVER=/usr/local/share/chromedriver-linux64
2026-07-26T10:06:31.5903037Z CHROME_BIN=/usr/bin/google-chrome
2026-07-26T10:06:31.5903278Z CI=true
2026-07-26T10:06:31.5903475Z DEBIAN_FRONTEND=noninteractive
2026-07-26T10:06:31.5903728Z DOTNET_MULTILEVEL_LOOKUP=0
2026-07-26T10:06:31.5903957Z DOTNET_NOLOGO=1
2026-07-26T10:06:31.5904179Z DOTNET_SKIP_FIRST_TIME_EXPERIENCE=1
2026-07-26T10:06:31.5904462Z EDGEWEBDRIVER=/usr/local/share/edge_driver
2026-07-26T10:06:31.5904742Z ENABLE_RUNNER_TRACING=true
2026-07-26T10:06:31.5904998Z GECKOWEBDRIVER=/usr/local/share/gecko_driver
2026-07-26T10:06:31.5905289Z GHCUP_INSTALL_BASE_PREFIX=/usr/local
2026-07-26T10:06:31.5905547Z GITHUB_ACTION=__self_2
2026-07-26T10:06:31.5905763Z GITHUB_ACTIONS=true
2026-07-26T10:06:31.5906149Z GITHUB_ACTION_PATH=/home/runner/work/duckdb-r/duckdb-r/./.github/workflows/git-identity
2026-07-26T10:06:31.5906582Z GITHUB_ACTION_REF=
2026-07-26T10:06:31.5906833Z GITHUB_ACTION_REPOSITORY=
2026-07-26T10:06:31.5907080Z GITHUB_ACTOR=github-actions[bot]
2026-07-26T10:06:31.5907329Z GITHUB_ACTOR_ID=41898282
2026-07-26T10:06:31.5907585Z GITHUB_API_URL=https://api.github.com
2026-07-26T10:06:31.5908378Z GITHUB_ARTIFACTS=/home/runner/work/_temp/_runner_file_commands/artifacts_cd0fb1ad-c7a8-41a1-a113-bd3e6384feb5
2026-07-26T10:06:31.5909172Z GITHUB_ARTIFACTS_LIST=/home/runner/work/_temp/_runner_file_commands/artifacts_list_cd0fb1ad-c7a8-41a1-a113-bd3e6384feb5
2026-07-26T10:06:31.5909700Z GITHUB_BASE_REF=
2026-07-26T10:06:31.5910102Z GITHUB_ENV=/home/runner/work/_temp/_runner_file_commands/set_env_cd0fb1ad-c7a8-41a1-a113-bd3e6384feb5
2026-07-26T10:06:31.5910573Z GITHUB_EVENT_NAME=workflow_dispatch
2026-07-26T10:06:31.5910921Z GITHUB_EVENT_PATH=/home/runner/work/_temp/_github_workflow/event.json
2026-07-26T10:06:31.5911328Z GITHUB_GRAPHQL_URL=https://api.github.com/graphql
2026-07-26T10:06:31.5911627Z GITHUB_HEAD_REF=
2026-07-26T10:06:31.5911829Z GITHUB_JOB=rcc-smoke
2026-07-26T10:06:31.5912260Z GITHUB_OUTPUT=/home/runner/work/_temp/_runner_file_commands/set_output_cd0fb1ad-c7a8-41a1-a113-bd3e6384feb5
2026-07-26T10:06:31.5912944Z GITHUB_PATH=/home/runner/work/_temp/_runner_file_commands/add_path_cd0fb1ad-c7a8-41a1-a113-bd3e6384feb5
2026-07-26T10:06:31.5913426Z GITHUB_REF=refs/heads/main-rewind-dev
2026-07-26T10:06:31.5913694Z GITHUB_REF_NAME=main-rewind-dev
2026-07-26T10:06:31.5914130Z GITHUB_REF_PROTECTED=false
2026-07-26T10:06:31.5914369Z GITHUB_REF_TYPE=branch
2026-07-26T10:06:31.5914599Z GITHUB_REPOSITORY=krlmlr/duckdb-r
2026-07-26T10:06:31.5914858Z GITHUB_REPOSITORY_ID=685023305
2026-07-26T10:06:31.5915101Z GITHUB_REPOSITORY_OWNER=krlmlr
2026-07-26T10:06:31.5915347Z GITHUB_REPOSITORY_OWNER_ID=1741643
2026-07-26T10:06:31.5915598Z GITHUB_RETENTION_DAYS=90
2026-07-26T10:06:31.5915823Z GITHUB_RUN_ATTEMPT=1
2026-07-26T10:06:31.5916044Z GITHUB_RUN_ID=30197659211
2026-07-26T10:06:31.5916269Z GITHUB_RUN_NUMBER=8507
2026-07-26T10:06:31.5916507Z GITHUB_SERVER_URL=https://github.com
2026-07-26T10:06:31.5916819Z GITHUB_SHA=f539179f39b657bd12f247723ef8d60c30c045fd
2026-07-26T10:06:31.5917336Z GITHUB_STATE=/home/runner/work/_temp/_runner_file_commands/save_state_cd0fb1ad-c7a8-41a1-a113-bd3e6384feb5
2026-07-26T10:06:31.5918302Z GITHUB_STEP_SUMMARY=/home/runner/work/_temp/_runner_file_commands/step_summary_cd0fb1ad-c7a8-41a1-a113-bd3e6384feb5
2026-07-26T10:06:31.5918915Z GITHUB_TRIGGERING_ACTOR=github-actions[bot]
2026-07-26T10:06:31.5919201Z GITHUB_WORKFLOW=rcc
2026-07-26T10:06:31.5919618Z GITHUB_WORKFLOW_REF=krlmlr/duckdb-r/.github/workflows/R-CMD-check.yaml@refs/heads/main-rewind-dev
2026-07-26T10:06:31.5920155Z GITHUB_WORKFLOW_SHA=f539179f39b657bd12f247723ef8d60c30c045fd
2026-07-26T10:06:31.5920525Z GITHUB_WORKSPACE=/home/runner/work/duckdb-r/duckdb-r
2026-07-26T10:06:31.5920866Z GOROOT_1_24_X64=/opt/hostedtoolcache/go/1.24.13/x64
2026-07-26T10:06:31.5921334Z GOROOT_1_25_X64=/opt/hostedtoolcache/go/1.25.12/x64
2026-07-26T10:06:31.5921653Z GOROOT_1_26_X64=/opt/hostedtoolcache/go/1.26.5/x64
2026-07-26T10:06:31.5921966Z GRADLE_HOME=/usr/share/gradle-9.6.1
2026-07-26T10:06:31.5922231Z HCA_CLOUD_PROVIDER=azure
2026-07-26T10:06:31.5922456Z HOME=/home/runner
2026-07-26T10:06:31.5922683Z HOMEBREW_CLEANUP_PERIODIC_FULL_DAYS=3650
2026-07-26T10:06:31.5922965Z HOMEBREW_NO_AUTO_UPDATE=1
2026-07-26T10:06:31.5923220Z INVOCATION_ID=9080e8b46cc64649ba595a891119cc8c
2026-07-26T10:06:31.5923505Z ImageOS=ubuntu26
2026-07-26T10:06:31.5923712Z ImageVersion=20260720.80.1
2026-07-26T10:06:31.5923970Z JAVA_HOME=/usr/lib/jvm/temurin-25-jdk-amd64
2026-07-26T10:06:31.5924287Z JAVA_HOME_11_X64=/usr/lib/jvm/temurin-11-jdk-amd64
2026-07-26T10:06:31.5924615Z JAVA_HOME_17_X64=/usr/lib/jvm/temurin-17-jdk-amd64
2026-07-26T10:06:31.5924935Z JAVA_HOME_21_X64=/usr/lib/jvm/temurin-21-jdk-amd64
2026-07-26T10:06:31.5925247Z JAVA_HOME_25_X64=/usr/lib/jvm/temurin-25-jdk-amd64
2026-07-26T10:06:31.5925537Z JOURNAL_STREAM=10:15109
2026-07-26T10:06:31.5925753Z LANG=C.UTF-8
2026-07-26T10:06:31.5925945Z LOGNAME=runner
2026-07-26T10:06:31.5926343Z MEMORY_PRESSURE_WATCH=/sys/fs/cgroup/system.slice/hosted-compute-agent.service/memory.pressure
2026-07-26T10:06:31.5926862Z MEMORY_PRESSURE_WRITE=c29tZSAyMDAwMDAgMjAwMDAwMAA=
2026-07-26T10:06:31.5927177Z NVM_DIR=/home/runner/.nvm
2026-07-26T10:06:31.5928370Z PATH=/snap/bin:/home/runner/.local/bin:/opt/pipx_bin:/home/runner/.cargo/bin:/home/runner/.config/composer/vendor/bin:/usr/local/.ghcup/bin:/home/runner/.dotnet/tools:/usr/local/sbin:/usr/local/bin:/usr/sbin:/usr/bin:/sbin:/bin:/usr/games:/usr/local/games:/snap/bin
2026-07-26T10:06:31.5930399Z PIPX_BIN_DIR=/opt/pipx_bin
2026-07-26T10:06:31.5930813Z PIPX_HOME=/opt/pipx
2026-07-26T10:06:31.5931292Z POWERSHELL_DISTRIBUTION_CHANNEL=GitHub-Actions-Linux
2026-07-26T10:06:31.5932334Z PSModulePath=/root/.local/share/powershell/Modules:/usr/local/share/powershell/Modules:/opt/microsoft/powershell/7/Modules:/usr/share/az_15.6.1
2026-07-26T10:06:31.5933199Z ***
2026-07-26T10:06:31.5933391Z RUNNER_ARCH=X64
2026-07-26T10:06:31.5933624Z RUNNER_ENVIRONMENT=github-hosted
2026-07-26T10:06:31.5933899Z RUNNER_NAME=GitHub Actions 1000202834
2026-07-26T10:06:31.5934162Z RUNNER_OS=Linux
2026-07-26T10:06:31.5934379Z RUNNER_TEMP=/home/runner/work/_temp
2026-07-26T10:06:31.5934661Z RUNNER_TOOL_CACHE=/opt/hostedtoolcache
2026-07-26T10:06:31.5935005Z RUNNER_TRACKING_ID=github_017b5f17-7509-499f-bd57-5dbb029d44ad
2026-07-26T10:06:31.5935618Z RUNNER_WORKSPACE=/home/runner/work/duckdb-r
2026-07-26T10:06:31.5935971Z SELENIUM_JAR_PATH=/usr/share/java/selenium-server.jar
2026-07-26T10:06:31.5936282Z SGX_AESM_ADDR=1
2026-07-26T10:06:31.5936481Z SHELL=/bin/bash
2026-07-26T10:06:31.5936671Z SHLVL=1
2026-07-26T10:06:31.5936860Z SYSTEMD_EXEC_PID=2092
2026-07-26T10:06:31.5937071Z USER=runner
2026-07-26T10:06:31.5937277Z USE_BAZEL_FALLBACK_VERSION=silent:
2026-07-26T10:06:31.5937567Z VCPKG_INSTALLATION_ROOT=/usr/local/share/vcpkg
2026-07-26T10:06:31.5937875Z XDG_CONFIG_HOME=/home/runner/.config
2026-07-26T10:06:31.5938478Z XDG_RUNTIME_DIR=/run/user/1001
2026-07-26T10:06:31.5938729Z _=/usr/bin/env
2026-07-26T10:06:31.6656183Z Prepare all required actions
2026-07-26T10:06:31.6725874Z ##[group]Run ./.github/workflows/custom/before-install
2026-07-26T10:06:31.6726182Z with:
2026-07-26T10:06:31.6726369Z ##[endgroup]
2026-07-26T10:06:31.6751798Z ##[group]Run echo '_R_CHECK_PKG_SIZES_=FALSE' | tee -a $GITHUB_ENV
2026-07-26T10:06:31.6752259Z [36;1mecho '_R_CHECK_PKG_SIZES_=FALSE' | tee -a $GITHUB_ENV[0m
2026-07-26T10:06:31.6798455Z shell: /usr/bin/bash --noprofile --norc -e -o pipefail {0}
2026-07-26T10:06:31.6798810Z ##[endgroup]
2026-07-26T10:06:31.6886984Z _R_CHECK_PKG_SIZES_=FALSE
2026-07-26T10:06:31.6957308Z ##[group]Run cli="$(scripts/install-duckdb-cli.sh --prefix "${RUNNER_TEMP}/duckdb-cli" || true)"
2026-07-26T10:06:31.6957980Z [36;1mcli="$(scripts/install-duckdb-cli.sh --prefix "${RUNNER_TEMP}/duckdb-cli" || true)"[0m
2026-07-26T10:06:31.6958977Z [36;1mif [ -n "${cli}" ] && [ -f "${cli}" ]; then[0m
2026-07-26T10:06:31.6959327Z [36;1m  echo "DUCKDB_CLI=${cli}" | tee -a "$GITHUB_ENV"[0m
2026-07-26T10:06:31.6959658Z [36;1melse[0m
2026-07-26T10:06:31.6959996Z [36;1m  echo "No matching DuckDB CLI available; CLI<->R end-to-end tests will skip."[0m
2026-07-26T10:06:31.6960407Z [36;1mfi[0m
2026-07-26T10:06:31.7005402Z shell: /usr/bin/bash --noprofile --norc -e -o pipefail {0}
2026-07-26T10:06:31.7005743Z env:
2026-07-26T10:06:31.7005936Z   _R_CHECK_PKG_SIZES_: FALSE
2026-07-26T10:06:31.7006174Z ##[endgroup]
2026-07-26T10:06:31.7166254Z Downloading DuckDB CLI v1.5.5 for linux-amd64
2026-07-26T10:06:31.7167148Z   from: https://github.com/duckdb/duckdb/releases/download/v1.5.5/duckdb_cli-linux-amd64.zip
2026-07-26T10:06:31.7167749Z   to:   /home/runner/work/_temp/duckdb-cli
2026-07-26T10:06:32.3436427Z Installed DuckDB CLI v1.5.5 to /home/runner/work/_temp/duckdb-cli/duckdb
2026-07-26T10:06:32.3506621Z DUCKDB_CLI=/home/runner/work/_temp/duckdb-cli/duckdb
2026-07-26T10:06:32.3671478Z Prepare all required actions
2026-07-26T10:06:32.3672166Z Getting action download info
2026-07-26T10:06:32.4303657Z Download action repository 'r-lib/actions@v2' (SHA:d3c5be51b12e724e68f33216ca3c148b66d5f0b6)
2026-07-26T10:06:32.5597838Z Download action repository 'hendrikmuhs/ccache-action@v1.2.22' (SHA:33522472633dbd32578e909b315f5ee43ba878ce)
2026-07-26T10:06:32.6850115Z Getting action download info
2026-07-26T10:06:32.7554180Z Download action repository 'actions/cache@27d5ce7f107fe9357f9df03efb73ab90386fccae' (SHA:27d5ce7f107fe9357f9df03efb73ab90386fccae)
2026-07-26T10:06:33.2355109Z Download action repository 'r-lib/actions@9f58233a78a2a9fd874714be10f8bba627233339' (SHA:9f58233a78a2a9fd874714be10f8bba627233339)
2026-07-26T10:06:33.3658402Z Download action repository 'quarto-dev/quarto-actions@8a96df13519ee81fd526f2dfca5962811136661b' (SHA:8a96df13519ee81fd526f2dfca5962811136661b)
2026-07-26T10:06:33.4779704Z ##[group]Run ./.github/workflows/install
2026-07-26T10:06:33.4780037Z with:
2026-07-26T10:06:33.4782660Z   token: ***
2026-07-26T10:06:33.4782889Z   cache-version: rcc-smoke-2
2026-07-26T10:06:33.4783148Z   needs: build, check, website, roxygen2
2026-07-26T10:06:33.4783557Z   extra-packages: any::rcmdcheck r-lib/roxygen2 any::decor r-lib/pkgdown deps::.
2026-07-26T10:06:33.4783960Z   r-version: release
2026-07-26T10:06:33.4784167Z   install-r: true
2026-07-26T10:06:33.4784383Z   packages: deps::., any::sessioninfo
2026-07-26T10:06:33.4784631Z env:
2026-07-26T10:06:33.4784823Z   _R_CHECK_PKG_SIZES_: FALSE
2026-07-26T10:06:33.4785115Z   DUCKDB_CLI: /home/runner/work/_temp/duckdb-cli/duckdb
2026-07-26T10:06:33.4785425Z ##[endgroup]
2026-07-26T10:06:33.4822391Z ##[group]Run echo "R_REMOTES_NO_ERRORS_FROM_WARNINGS=true" | tee -a $GITHUB_ENV
2026-07-26T10:06:33.4822937Z [36;1mecho "R_REMOTES_NO_ERRORS_FROM_WARNINGS=true" | tee -a $GITHUB_ENV[0m
2026-07-26T10:06:33.4823370Z [36;1mecho "R_KEEP_PKG_SOURCE=yes" | tee -a $GITHUB_ENV[0m
2026-07-26T10:06:33.4823774Z [36;1mecho "_R_CHECK_SYSTEM_CLOCK_=false" | tee -a $GITHUB_ENV[0m
2026-07-26T10:06:33.4824314Z [36;1mecho "_R_CHECK_FUTURE_FILE_TIMESTAMPS_=false" | tee -a $GITHUB_ENV[0m
2026-07-26T10:06:33.4824979Z [36;1m# prevent rgl issues because no X11 display is available[0m
2026-07-26T10:06:33.4825360Z [36;1mecho "RGL_USE_NULL=true" | tee -a $GITHUB_ENV[0m
2026-07-26T10:06:33.4825915Z [36;1m# from https://github.com/r-devel/r-dev-web/blob/main/CRAN/QA/Kurt/lib/R/Scripts/check_CRAN_incoming.R[0m
2026-07-26T10:06:33.4826570Z [36;1mecho "_R_CHECK_CRAN_INCOMING_CHECK_FILE_URIS_=true" | tee -a $GITHUB_ENV[0m
2026-07-26T10:06:33.4827077Z [36;1mecho "_R_CHECK_CRAN_INCOMING_NOTE_GNU_MAKE_=true" | tee -a $GITHUB_ENV[0m
2026-07-26T10:06:33.4827606Z [36;1mecho "_R_CHECK_PACKAGE_DEPENDS_IGNORE_MISSING_ENHANCES_=true" | tee -a $GITHUB_ENV[0m
2026-07-26T10:06:33.4828351Z [36;1mecho "_R_CHECK_CODE_CLASS_IS_STRING_=true" | tee -a $GITHUB_ENV[0m
2026-07-26T10:06:33.4828834Z [36;1mecho "_R_CHECK_CODOC_VARIABLES_IN_USAGES_=true" | tee -a $GITHUB_ENV[0m
2026-07-26T10:06:33.4829489Z [36;1mecho "_R_CHECK_CONNECTIONS_LEFT_OPEN_=true" | tee -a $GITHUB_ENV[0m
2026-07-26T10:06:33.4829911Z [36;1mecho "_R_CHECK_DATALIST_=true" | tee -a $GITHUB_ENV[0m
2026-07-26T10:06:33.4830312Z [36;1mecho "_R_CHECK_NEWS_IN_PLAIN_TEXT_=true" | tee -a $GITHUB_ENV[0m
2026-07-26T10:06:33.4830788Z [36;1mecho "_R_CHECK_PACKAGES_USED_CRAN_INCOMING_NOTES_=true" | tee -a $GITHUB_ENV[0m
2026-07-26T10:06:33.4831278Z [36;1mecho "_R_CHECK_RD_CONTENTS_KEYWORDS_=true" | tee -a $GITHUB_ENV[0m
2026-07-26T10:06:33.4831695Z [36;1mecho "_R_CHECK_R_DEPENDS_=warn" | tee -a $GITHUB_ENV[0m
2026-07-26T10:06:33.4832140Z [36;1mecho "_R_CHECK_S3_METHODS_SHOW_POSSIBLE_ISSUES_=true" | tee -a $GITHUB_ENV[0m
2026-07-26T10:06:33.4832610Z [36;1mecho "_R_CHECK_THINGS_IN_TEMP_DIR_=true" | tee -a $GITHUB_ENV[0m
2026-07-26T10:06:33.4833043Z [36;1mecho "_R_CHECK_UNDOC_USE_ALL_NAMES_=true" | tee -a $GITHUB_ENV[0m
2026-07-26T10:06:33.4833645Z [36;1mecho "_R_CHECK_URLS_SHOW_301_STATUS_=true" | tee -a $GITHUB_ENV[0m
2026-07-26T10:06:33.4834067Z [36;1mecho "_R_CXX_USE_NO_REMAP_=true" | tee -a $GITHUB_ENV[0m
2026-07-26T10:06:33.4834561Z [36;1m# There is no way to disable recency and frequency checks when the incoming checks are run[0m
2026-07-26T10:06:33.4835077Z [36;1m# echo "_R_CHECK_CRAN_INCOMING_=true" | tee -a $GITHUB_ENV[0m
2026-07-26T10:06:33.4835839Z [36;1mecho "_R_CHECK_CRAN_INCOMING_SKIP_LARGE_VERSION_=true" | tee -a $GITHUB_ENV[0m
2026-07-26T10:06:33.4836334Z [36;1mecho "_R_CHECK_FORCE_SUGGESTS_=false" | tee -a $GITHUB_ENV[0m
2026-07-26T10:06:33.4881668Z shell: /usr/bin/bash --noprofile --norc -e -o pipefail {0}
2026-07-26T10:06:33.4882002Z env:
2026-07-26T10:06:33.4882198Z   _R_CHECK_PKG_SIZES_: FALSE
2026-07-26T10:06:33.4882500Z   DUCKDB_CLI: /home/runner/work/_temp/duckdb-cli/duckdb
2026-07-26T10:06:33.4882803Z ##[endgroup]
2026-07-26T10:06:33.4985570Z R_REMOTES_NO_ERRORS_FROM_WARNINGS=true
2026-07-26T10:06:33.5012974Z R_KEEP_PKG_SOURCE=yes
2026-07-26T10:06:33.5039211Z _R_CHECK_SYSTEM_CLOCK_=false
2026-07-26T10:06:33.5065141Z _R_CHECK_FUTURE_FILE_TIMESTAMPS_=false
2026-07-26T10:06:33.5090986Z RGL_USE_NULL=true
2026-07-26T10:06:33.5118279Z _R_CHECK_CRAN_INCOMING_CHECK_FILE_URIS_=true
2026-07-26T10:06:33.5144401Z _R_CHECK_CRAN_INCOMING_NOTE_GNU_MAKE_=true
2026-07-26T10:06:33.5170286Z _R_CHECK_PACKAGE_DEPENDS_IGNORE_MISSING_ENHANCES_=true
2026-07-26T10:06:33.5195600Z _R_CHECK_CODE_CLASS_IS_STRING_=true
2026-07-26T10:06:33.5221472Z _R_CHECK_CODOC_VARIABLES_IN_USAGES_=true
2026-07-26T10:06:33.5246844Z _R_CHECK_CONNECTIONS_LEFT_OPEN_=true
2026-07-26T10:06:33.5272898Z _R_CHECK_DATALIST_=true
2026-07-26T10:06:33.5298392Z _R_CHECK_NEWS_IN_PLAIN_TEXT_=true
2026-07-26T10:06:33.5324191Z _R_CHECK_PACKAGES_USED_CRAN_INCOMING_NOTES_=true
2026-07-26T10:06:33.5350405Z _R_CHECK_RD_CONTENTS_KEYWORDS_=true
2026-07-26T10:06:33.5375944Z _R_CHECK_R_DEPENDS_=warn
2026-07-26T10:06:33.5401519Z _R_CHECK_S3_METHODS_SHOW_POSSIBLE_ISSUES_=true
2026-07-26T10:06:33.5427561Z _R_CHECK_THINGS_IN_TEMP_DIR_=true
2026-07-26T10:06:33.5453791Z _R_CHECK_UNDOC_USE_ALL_NAMES_=true
2026-07-26T10:06:33.5479844Z _R_CHECK_URLS_SHOW_301_STATUS_=true
2026-07-26T10:06:33.5505716Z _R_CXX_USE_NO_REMAP_=true
2026-07-26T10:06:33.5531150Z _R_CHECK_CRAN_INCOMING_SKIP_LARGE_VERSION_=true
2026-07-26T10:06:33.5556899Z _R_CHECK_FORCE_SUGGESTS_=false
2026-07-26T10:06:33.5586765Z ##[group]Run echo "_R_CHECK_THINGS_IN_OTHER_DIRS_=true" | tee -a $GITHUB_ENV
2026-07-26T10:06:33.5587271Z [36;1mecho "_R_CHECK_THINGS_IN_OTHER_DIRS_=true" | tee -a $GITHUB_ENV[0m
2026-07-26T10:06:33.5632789Z shell: /usr/bin/bash --noprofile --norc -e -o pipefail {0}
2026-07-26T10:06:33.5633129Z env:
2026-07-26T10:06:33.5633326Z   _R_CHECK_PKG_SIZES_: FALSE
2026-07-26T10:06:33.5633633Z   DUCKDB_CLI: /home/runner/work/_temp/duckdb-cli/duckdb
2026-07-26T10:06:33.5633967Z   R_REMOTES_NO_ERRORS_FROM_WARNINGS: true
2026-07-26T10:06:33.5634239Z   R_KEEP_PKG_SOURCE: yes
2026-07-26T10:06:33.5634476Z   _R_CHECK_SYSTEM_CLOCK_: false
2026-07-26T10:06:33.5634927Z   _R_CHECK_FUTURE_FILE_TIMESTAMPS_: false
2026-07-26T10:06:33.5635201Z   RGL_USE_NULL: true
2026-07-26T10:06:33.5635454Z   _R_CHECK_CRAN_INCOMING_CHECK_FILE_URIS_: true
2026-07-26T10:06:33.5635769Z   _R_CHECK_CRAN_INCOMING_NOTE_GNU_MAKE_: true
2026-07-26T10:06:33.5636106Z   _R_CHECK_PACKAGE_DEPENDS_IGNORE_MISSING_ENHANCES_: true
2026-07-26T10:06:33.5636437Z   _R_CHECK_CODE_CLASS_IS_STRING_: true
2026-07-26T10:06:33.5636715Z   _R_CHECK_CODOC_VARIABLES_IN_USAGES_: true
2026-07-26T10:06:33.5637001Z   _R_CHECK_CONNECTIONS_LEFT_OPEN_: true
2026-07-26T10:06:33.5637278Z   _R_CHECK_DATALIST_: true
2026-07-26T10:06:33.5637561Z   _R_CHECK_NEWS_IN_PLAIN_TEXT_: true
2026-07-26T10:06:33.5637848Z   _R_CHECK_PACKAGES_USED_CRAN_INCOMING_NOTES_: true
2026-07-26T10:06:33.5638485Z   _R_CHECK_RD_CONTENTS_KEYWORDS_: true
2026-07-26T10:06:33.5638761Z   _R_CHECK_R_DEPENDS_: warn
2026-07-26T10:06:33.5639038Z   _R_CHECK_S3_METHODS_SHOW_POSSIBLE_ISSUES_: true
2026-07-26T10:06:33.5639349Z   _R_CHECK_THINGS_IN_TEMP_DIR_: true
2026-07-26T10:06:33.5639790Z   _R_CHECK_UNDOC_USE_ALL_NAMES_: true
2026-07-26T10:06:33.5640067Z   _R_CHECK_URLS_SHOW_301_STATUS_: true
2026-07-26T10:06:33.5640330Z   _R_CXX_USE_NO_REMAP_: true
2026-07-26T10:06:33.5640605Z   _R_CHECK_CRAN_INCOMING_SKIP_LARGE_VERSION_: true
2026-07-26T10:06:33.5640914Z   _R_CHECK_FORCE_SUGGESTS_: false
2026-07-26T10:06:33.5641161Z ##[endgroup]
2026-07-26T10:06:33.5724991Z _R_CHECK_THINGS_IN_OTHER_DIRS_=true
2026-07-26T10:06:33.5751079Z ##[group]Run echo "_R_CHECK_BASHISMS_=true" | tee -a $GITHUB_ENV
2026-07-26T10:06:33.5751510Z [36;1mecho "_R_CHECK_BASHISMS_=true" | tee -a $GITHUB_ENV[0m
2026-07-26T10:06:33.5792735Z shell: /usr/bin/bash --noprofile --norc -e -o pipefail {0}
2026-07-26T10:06:33.5793072Z env:
2026-07-26T10:06:33.5793268Z   _R_CHECK_PKG_SIZES_: FALSE
2026-07-26T10:06:33.5793566Z   DUCKDB_CLI: /home/runner/work/_temp/duckdb-cli/duckdb
2026-07-26T10:06:33.5793895Z   R_REMOTES_NO_ERRORS_FROM_WARNINGS: true
2026-07-26T10:06:33.5794176Z   R_KEEP_PKG_SOURCE: yes
2026-07-26T10:06:33.5794427Z   _R_CHECK_SYSTEM_CLOCK_: false
2026-07-26T10:06:33.5794685Z   _R_CHECK_FUTURE_FILE_TIMESTAMPS_: false
2026-07-26T10:06:33.5794952Z   RGL_USE_NULL: true
2026-07-26T10:06:33.5795192Z   _R_CHECK_CRAN_INCOMING_CHECK_FILE_URIS_: true
2026-07-26T10:06:33.5795503Z   _R_CHECK_CRAN_INCOMING_NOTE_GNU_MAKE_: true
2026-07-26T10:06:33.5795843Z   _R_CHECK_PACKAGE_DEPENDS_IGNORE_MISSING_ENHANCES_: true
2026-07-26T10:06:33.5796172Z   _R_CHECK_CODE_CLASS_IS_STRING_: true
2026-07-26T10:06:33.5796448Z   _R_CHECK_CODOC_VARIABLES_IN_USAGES_: true
2026-07-26T10:06:33.5796731Z   _R_CHECK_CONNECTIONS_LEFT_OPEN_: true
2026-07-26T10:06:33.5796992Z   _R_CHECK_DATALIST_: true
2026-07-26T10:06:33.5797224Z   _R_CHECK_NEWS_IN_PLAIN_TEXT_: true
2026-07-26T10:06:33.5797513Z   _R_CHECK_PACKAGES_USED_CRAN_INCOMING_NOTES_: true
2026-07-26T10:06:33.5797821Z   _R_CHECK_RD_CONTENTS_KEYWORDS_: true
2026-07-26T10:06:33.5798275Z   _R_CHECK_R_DEPENDS_: warn
2026-07-26T10:06:33.5798541Z   _R_CHECK_S3_METHODS_SHOW_POSSIBLE_ISSUES_: true
2026-07-26T10:06:33.5798846Z   _R_CHECK_THINGS_IN_TEMP_DIR_: true
2026-07-26T10:06:33.5799104Z   _R_CHECK_UNDOC_USE_ALL_NAMES_: true
2026-07-26T10:06:33.5799360Z   _R_CHECK_URLS_SHOW_301_STATUS_: true
2026-07-26T10:06:33.5799610Z   _R_CXX_USE_NO_REMAP_: true
2026-07-26T10:06:33.5799868Z   _R_CHECK_CRAN_INCOMING_SKIP_LARGE_VERSION_: true
2026-07-26T10:06:33.5800166Z   _R_CHECK_FORCE_SUGGESTS_: false
2026-07-26T10:06:33.5800414Z   _R_CHECK_THINGS_IN_OTHER_DIRS_: true
2026-07-26T10:06:33.5800660Z ##[endgroup]
2026-07-26T10:06:33.5884451Z _R_CHECK_BASHISMS_=true
2026-07-26T10:06:33.5909613Z ##[group]Run set -x
2026-07-26T10:06:33.5909902Z [36;1mset -x[0m
2026-07-26T10:06:33.5910098Z [36;1menv | sort[0m
2026-07-26T10:06:33.5951579Z shell: /usr/bin/bash --noprofile --norc -e -o pipefail {0}
2026-07-26T10:06:33.5951916Z env:
2026-07-26T10:06:33.5952114Z   _R_CHECK_PKG_SIZES_: FALSE
2026-07-26T10:06:33.5952408Z   DUCKDB_CLI: /home/runner/work/_temp/duckdb-cli/duckdb
2026-07-26T10:06:33.5952916Z   R_REMOTES_NO_ERRORS_FROM_WARNINGS: true
2026-07-26T10:06:33.5953193Z   R_KEEP_PKG_SOURCE: yes
2026-07-26T10:06:33.5953424Z   _R_CHECK_SYSTEM_CLOCK_: false
2026-07-26T10:06:33.5953677Z   _R_CHECK_FUTURE_FILE_TIMESTAMPS_: false
2026-07-26T10:06:33.5953937Z   RGL_USE_NULL: true
2026-07-26T10:06:33.5954179Z   _R_CHECK_CRAN_INCOMING_CHECK_FILE_URIS_: true
2026-07-26T10:06:33.5954488Z   _R_CHECK_CRAN_INCOMING_NOTE_GNU_MAKE_: true
2026-07-26T10:06:33.5954818Z   _R_CHECK_PACKAGE_DEPENDS_IGNORE_MISSING_ENHANCES_: true
2026-07-26T10:06:33.5955141Z   _R_CHECK_CODE_CLASS_IS_STRING_: true
2026-07-26T10:06:33.5955415Z   _R_CHECK_CODOC_VARIABLES_IN_USAGES_: true
2026-07-26T10:06:33.5955697Z   _R_CHECK_CONNECTIONS_LEFT_OPEN_: true
2026-07-26T10:06:33.5955959Z   _R_CHECK_DATALIST_: true
2026-07-26T10:06:33.5956199Z   _R_CHECK_NEWS_IN_PLAIN_TEXT_: true
2026-07-26T10:06:33.5956498Z   _R_CHECK_PACKAGES_USED_CRAN_INCOMING_NOTES_: true
2026-07-26T10:06:33.5956808Z   _R_CHECK_RD_CONTENTS_KEYWORDS_: true
2026-07-26T10:06:33.5957212Z   _R_CHECK_R_DEPENDS_: warn
2026-07-26T10:06:33.5957478Z   _R_CHECK_S3_METHODS_SHOW_POSSIBLE_ISSUES_: true
2026-07-26T10:06:33.5957773Z   _R_CHECK_THINGS_IN_TEMP_DIR_: true
2026-07-26T10:06:33.5958029Z   _R_CHECK_UNDOC_USE_ALL_NAMES_: true
2026-07-26T10:06:33.5958544Z   _R_CHECK_URLS_SHOW_301_STATUS_: true
2026-07-26T10:06:33.5958800Z   _R_CXX_USE_NO_REMAP_: true
2026-07-26T10:06:33.5959066Z   _R_CHECK_CRAN_INCOMING_SKIP_LARGE_VERSION_: true
2026-07-26T10:06:33.5959363Z   _R_CHECK_FORCE_SUGGESTS_: false
2026-07-26T10:06:33.5959611Z   _R_CHECK_THINGS_IN_OTHER_DIRS_: true
2026-07-26T10:06:33.5959860Z   _R_CHECK_BASHISMS_: true
2026-07-26T10:06:33.5960088Z ##[endgroup]
2026-07-26T10:06:33.6021216Z + env
2026-07-26T10:06:33.6022588Z + sort
2026-07-26T10:06:33.6047541Z ACCEPT_EULA=Y
2026-07-26T10:06:33.6048409Z ACTIONS_ORCHESTRATION_ID=027a9f43-8f05-4d22-9017-79e7fb1ee226.rcc-smoke.__default
2026-07-26T10:06:33.6049274Z ACTIONS_RUNNER_ACTION_ARCHIVE_CACHE=/opt/actionarchivecache
2026-07-26T10:06:33.6049704Z ACTIONS_RUNNER_RETURN_JOB_RESULT_FOR_HOSTED=1
2026-07-26T10:06:33.6050028Z AGENT_TOOLSDIRECTORY=/opt/hostedtoolcache
2026-07-26T10:06:33.6050322Z ANDROID_HOME=/usr/local/lib/android/sdk
2026-07-26T10:06:33.6050646Z ANDROID_NDK=/usr/local/lib/android/sdk/ndk/27.3.13750724
2026-07-26T10:06:33.6051037Z ANDROID_NDK_HOME=/usr/local/lib/android/sdk/ndk/27.3.13750724
2026-07-26T10:06:33.6051457Z ANDROID_NDK_LATEST_HOME=/usr/local/lib/android/sdk/ndk/29.0.14206865
2026-07-26T10:06:33.6051880Z ANDROID_NDK_ROOT=/usr/local/lib/android/sdk/ndk/27.3.13750724
2026-07-26T10:06:33.6052234Z ANDROID_SDK_ROOT=/usr/local/lib/android/sdk
2026-07-26T10:06:33.6052518Z ANT_HOME=/usr/share/ant
2026-07-26T10:06:33.6052772Z AZURE_EXTENSION_DIR=/opt/az/azcliextensions
2026-07-26T10:06:33.6053078Z BOOTSTRAP_HASKELL_NONINTERACTIVE=1
2026-07-26T10:06:33.6053497Z CHROMEWEBDRIVER=/usr/local/share/chromedriver-linux64
2026-07-26T10:06:33.6054085Z CHROME_BIN=/usr/bin/google-chrome
2026-07-26T10:06:33.6054510Z CI=true
2026-07-26T10:06:33.6054846Z DEBIAN_FRONTEND=noninteractive
2026-07-26T10:06:33.6055267Z DOTNET_MULTILEVEL_LOOKUP=0
2026-07-26T10:06:33.6055583Z DOTNET_NOLOGO=1
2026-07-26T10:06:33.6055802Z DOTNET_SKIP_FIRST_TIME_EXPERIENCE=1
2026-07-26T10:06:33.6056145Z DUCKDB_CLI=/home/runner/work/_temp/duckdb-cli/duckdb
2026-07-26T10:06:33.6056479Z EDGEWEBDRIVER=/usr/local/share/edge_driver
2026-07-26T10:06:33.6056766Z ENABLE_RUNNER_TRACING=true
2026-07-26T10:06:33.6057026Z GECKOWEBDRIVER=/usr/local/share/gecko_driver
2026-07-26T10:06:33.6057329Z GHCUP_INSTALL_BASE_PREFIX=/usr/local
2026-07-26T10:06:33.6057591Z GITHUB_ACTION=__self_4
2026-07-26T10:06:33.6057817Z GITHUB_ACTIONS=true
2026-07-26T10:06:33.6058450Z GITHUB_ACTION_PATH=/home/runner/work/duckdb-r/duckdb-r/./.github/workflows/install
2026-07-26T10:06:33.6058893Z GITHUB_ACTION_REF=
2026-07-26T10:06:33.6059117Z GITHUB_ACTION_REPOSITORY=
2026-07-26T10:06:33.6059362Z GITHUB_ACTOR=github-actions[bot]
2026-07-26T10:06:33.6059610Z GITHUB_ACTOR_ID=41898282
2026-07-26T10:06:33.6059864Z GITHUB_API_URL=https://api.github.com
2026-07-26T10:06:33.6060595Z GITHUB_ARTIFACTS=/home/runner/work/_temp/_runner_file_commands/artifacts_c8a5ebab-ba9f-41c3-9664-ca204bb24a0c
2026-07-26T10:06:33.6061363Z GITHUB_ARTIFACTS_LIST=/home/runner/work/_temp/_runner_file_commands/artifacts_list_c8a5ebab-ba9f-41c3-9664-ca204bb24a0c
2026-07-26T10:06:33.6061896Z GITHUB_BASE_REF=
2026-07-26T10:06:33.6062294Z GITHUB_ENV=/home/runner/work/_temp/_runner_file_commands/set_env_c8a5ebab-ba9f-41c3-9664-ca204bb24a0c
2026-07-26T10:06:33.6062774Z GITHUB_EVENT_NAME=workflow_dispatch
2026-07-26T10:06:33.6063132Z GITHUB_EVENT_PATH=/home/runner/work/_temp/_github_workflow/event.json
2026-07-26T10:06:33.6063537Z GITHUB_GRAPHQL_URL=https://api.github.com/graphql
2026-07-26T10:06:33.6063841Z GITHUB_HEAD_REF=
2026-07-26T10:06:33.6064044Z GITHUB_JOB=rcc-smoke
2026-07-26T10:06:33.6064483Z GITHUB_OUTPUT=/home/runner/work/_temp/_runner_file_commands/set_output_c8a5ebab-ba9f-41c3-9664-ca204bb24a0c
2026-07-26T10:06:33.6065309Z GITHUB_PATH=/home/runner/work/_temp/_runner_file_commands/add_path_c8a5ebab-ba9f-41c3-9664-ca204bb24a0c
2026-07-26T10:06:33.6065809Z GITHUB_REF=refs/heads/main-rewind-dev
2026-07-26T10:06:33.6066084Z GITHUB_REF_NAME=main-rewind-dev
2026-07-26T10:06:33.6066336Z GITHUB_REF_PROTECTED=false
2026-07-26T10:06:33.6066568Z GITHUB_REF_TYPE=branch
2026-07-26T10:06:33.6066802Z GITHUB_REPOSITORY=krlmlr/duckdb-r
2026-07-26T10:06:33.6067065Z GITHUB_REPOSITORY_ID=685023305
2026-07-26T10:06:33.6067311Z GITHUB_REPOSITORY_OWNER=krlmlr
2026-07-26T10:06:33.6067558Z GITHUB_REPOSITORY_OWNER_ID=1741643
2026-07-26T10:06:33.6067818Z GITHUB_RETENTION_DAYS=90
2026-07-26T10:06:33.6068264Z GITHUB_RUN_ATTEMPT=1
2026-07-26T10:06:33.6068592Z GITHUB_RUN_ID=30197659211
2026-07-26T10:06:33.6068824Z GITHUB_RUN_NUMBER=8507
2026-07-26T10:06:33.6069059Z GITHUB_SERVER_URL=https://github.com
2026-07-26T10:06:33.6069363Z GITHUB_SHA=f539179f39b657bd12f247723ef8d60c30c045fd
2026-07-26T10:06:33.6069883Z GITHUB_STATE=/home/runner/work/_temp/_runner_file_commands/save_state_c8a5ebab-ba9f-41c3-9664-ca204bb24a0c
2026-07-26T10:06:33.6070623Z GITHUB_STEP_SUMMARY=/home/runner/work/_temp/_runner_file_commands/step_summary_c8a5ebab-ba9f-41c3-9664-ca204bb24a0c
2026-07-26T10:06:33.6071178Z GITHUB_TRIGGERING_ACTOR=github-actions[bot]
2026-07-26T10:06:33.6071460Z GITHUB_WORKFLOW=rcc
2026-07-26T10:06:33.6071869Z GITHUB_WORKFLOW_REF=krlmlr/duckdb-r/.github/workflows/R-CMD-check.yaml@refs/heads/main-rewind-dev
2026-07-26T10:06:33.6072406Z GITHUB_WORKFLOW_SHA=f539179f39b657bd12f247723ef8d60c30c045fd
2026-07-26T10:06:33.6072792Z GITHUB_WORKSPACE=/home/runner/work/duckdb-r/duckdb-r
2026-07-26T10:06:33.6073139Z GOROOT_1_24_X64=/opt/hostedtoolcache/go/1.24.13/x64
2026-07-26T10:06:33.6073475Z GOROOT_1_25_X64=/opt/hostedtoolcache/go/1.25.12/x64
2026-07-26T10:06:33.6073798Z GOROOT_1_26_X64=/opt/hostedtoolcache/go/1.26.5/x64
2026-07-26T10:06:33.6074110Z GRADLE_HOME=/usr/share/gradle-9.6.1
2026-07-26T10:06:33.6074376Z HCA_CLOUD_PROVIDER=azure
2026-07-26T10:06:33.6074603Z HOME=/home/runner
2026-07-26T10:06:33.6074836Z HOMEBREW_CLEANUP_PERIODIC_FULL_DAYS=3650
2026-07-26T10:06:33.6075121Z HOMEBREW_NO_AUTO_UPDATE=1
2026-07-26T10:06:33.6075376Z INVOCATION_ID=9080e8b46cc64649ba595a891119cc8c
2026-07-26T10:06:33.6075657Z ImageOS=ubuntu26
2026-07-26T10:06:33.6075865Z ImageVersion=20260720.80.1
2026-07-26T10:06:33.6076117Z JAVA_HOME=/usr/lib/jvm/temurin-25-jdk-amd64
2026-07-26T10:06:33.6076431Z JAVA_HOME_11_X64=/usr/lib/jvm/temurin-11-jdk-amd64
2026-07-26T10:06:33.6076752Z JAVA_HOME_17_X64=/usr/lib/jvm/temurin-17-jdk-amd64
2026-07-26T10:06:33.6077065Z JAVA_HOME_21_X64=/usr/lib/jvm/temurin-21-jdk-amd64
2026-07-26T10:06:33.6077378Z JAVA_HOME_25_X64=/usr/lib/jvm/temurin-25-jdk-amd64
2026-07-26T10:06:33.6077665Z JOURNAL_STREAM=10:15109
2026-07-26T10:06:33.6077877Z LANG=C.UTF-8
2026-07-26T10:06:33.6078240Z LOGNAME=runner
2026-07-26T10:06:33.6078776Z MEMORY_PRESSURE_WATCH=/sys/fs/cgroup/system.slice/hosted-compute-agent.service/memory.pressure
2026-07-26T10:06:33.6079291Z MEMORY_PRESSURE_WRITE=c29tZSAyMDAwMDAgMjAwMDAwMAA=
2026-07-26T10:06:33.6079764Z NVM_DIR=/home/runner/.nvm
2026-07-26T10:06:33.6080733Z PATH=/snap/bin:/home/runner/.local/bin:/opt/pipx_bin:/home/runner/.cargo/bin:/home/runner/.config/composer/vendor/bin:/usr/local/.ghcup/bin:/home/runner/.dotnet/tools:/usr/local/sbin:/usr/local/bin:/usr/sbin:/usr/bin:/sbin:/bin:/usr/games:/usr/local/games:/snap/bin
2026-07-26T10:06:33.6081744Z PIPX_BIN_DIR=/opt/pipx_bin
2026-07-26T10:06:33.6081979Z PIPX_HOME=/opt/pipx
2026-07-26T10:06:33.6082248Z POWERSHELL_DISTRIBUTION_CHANNEL=GitHub-Actions-Linux
2026-07-26T10:06:33.6082937Z PSModulePath=/root/.local/share/powershell/Modules:/usr/local/share/powershell/Modules:/opt/microsoft/powershell/7/Modules:/usr/share/az_15.6.1
2026-07-26T10:06:33.6083685Z ***
2026-07-26T10:06:33.6083869Z RGL_USE_NULL=true
2026-07-26T10:06:33.6084073Z RUNNER_ARCH=X64
2026-07-26T10:06:33.6084298Z RUNNER_ENVIRONMENT=github-hosted
2026-07-26T10:06:33.6084569Z RUNNER_NAME=GitHub Actions 1000202834
2026-07-26T10:06:33.6084826Z RUNNER_OS=Linux
2026-07-26T10:06:33.6085155Z RUNNER_TEMP=/home/runner/work/_temp
2026-07-26T10:06:33.6085439Z RUNNER_TOOL_CACHE=/opt/hostedtoolcache
2026-07-26T10:06:33.6085782Z RUNNER_TRACKING_ID=github_017b5f17-7509-499f-bd57-5dbb029d44ad
2026-07-26T10:06:33.6086143Z RUNNER_WORKSPACE=/home/runner/work/duckdb-r
2026-07-26T10:06:33.6086428Z R_KEEP_PKG_SOURCE=yes
2026-07-26T10:06:33.6086659Z R_REMOTES_NO_ERRORS_FROM_WARNINGS=true
2026-07-26T10:06:33.6086971Z SELENIUM_JAR_PATH=/usr/share/java/selenium-server.jar
2026-07-26T10:06:33.6087280Z SGX_AESM_ADDR=1
2026-07-26T10:06:33.6087480Z SHELL=/bin/bash
2026-07-26T10:06:33.6087668Z SHLVL=1
2026-07-26T10:06:33.6087856Z SYSTEMD_EXEC_PID=2092
2026-07-26T10:06:33.6088267Z USER=runner
2026-07-26T10:06:33.6088504Z USE_BAZEL_FALLBACK_VERSION=silent:
2026-07-26T10:06:33.6088799Z VCPKG_INSTALLATION_ROOT=/usr/local/share/vcpkg
2026-07-26T10:06:33.6089106Z XDG_CONFIG_HOME=/home/runner/.config
2026-07-26T10:06:33.6089374Z XDG_RUNTIME_DIR=/run/user/1001
2026-07-26T10:06:33.6089608Z _=/usr/bin/env
2026-07-26T10:06:33.6089812Z _R_CHECK_BASHISMS_=true
2026-07-26T10:06:33.6090043Z _R_CHECK_CODE_CLASS_IS_STRING_=true
2026-07-26T10:06:33.6090316Z _R_CHECK_CODOC_VARIABLES_IN_USAGES_=true
2026-07-26T10:06:33.6090591Z _R_CHECK_CONNECTIONS_LEFT_OPEN_=true
2026-07-26T10:06:33.6090868Z _R_CHECK_CRAN_INCOMING_CHECK_FILE_URIS_=true
2026-07-26T10:06:33.6091167Z _R_CHECK_CRAN_INCOMING_NOTE_GNU_MAKE_=true
2026-07-26T10:06:33.6091471Z _R_CHECK_CRAN_INCOMING_SKIP_LARGE_VERSION_=true
2026-07-26T10:06:33.6091765Z _R_CHECK_DATALIST_=true
2026-07-26T10:06:33.6091991Z _R_CHECK_FORCE_SUGGESTS_=false
2026-07-26T10:06:33.6092242Z _R_CHECK_FUTURE_FILE_TIMESTAMPS_=false
2026-07-26T10:06:33.6092513Z _R_CHECK_NEWS_IN_PLAIN_TEXT_=true
2026-07-26T10:06:33.6092796Z _R_CHECK_PACKAGES_USED_CRAN_INCOMING_NOTES_=true
2026-07-26T10:06:33.6093135Z _R_CHECK_PACKAGE_DEPENDS_IGNORE_MISSING_ENHANCES_=true
2026-07-26T10:06:33.6093443Z _R_CHECK_PKG_SIZES_=FALSE
2026-07-26T10:06:33.6093679Z _R_CHECK_RD_CONTENTS_KEYWORDS_=true
2026-07-26T10:06:33.6093932Z _R_CHECK_R_DEPENDS_=warn
2026-07-26T10:06:33.6094289Z _R_CHECK_S3_METHODS_SHOW_POSSIBLE_ISSUES_=true
2026-07-26T10:06:33.6094583Z _R_CHECK_SYSTEM_CLOCK_=false
2026-07-26T10:06:33.6094827Z _R_CHECK_THINGS_IN_OTHER_DIRS_=true
2026-07-26T10:06:33.6095085Z _R_CHECK_THINGS_IN_TEMP_DIR_=true
2026-07-26T10:06:33.6095342Z _R_CHECK_UNDOC_USE_ALL_NAMES_=true
2026-07-26T10:06:33.6095606Z _R_CHECK_URLS_SHOW_301_STATUS_=true
2026-07-26T10:06:33.6095854Z _R_CXX_USE_NO_REMAP_=true
2026-07-26T10:06:33.6116406Z ##[group]Run sudo apt-get update
2026-07-26T10:06:33.6116700Z [36;1msudo apt-get update[0m
2026-07-26T10:06:33.6116974Z [36;1msudo apt-get install -y aspell[0m
2026-07-26T10:06:33.6117373Z [36;1mecho "_R_CHECK_CRAN_INCOMING_USE_ASPELL_=true" | tee -a $GITHUB_ENV[0m
2026-07-26T10:06:33.6159112Z shell: /usr/bin/bash --noprofile --norc -e -o pipefail {0}
2026-07-26T10:06:33.6159466Z env:
2026-07-26T10:06:33.6159671Z   _R_CHECK_PKG_SIZES_: FALSE
2026-07-26T10:06:33.6159971Z   DUCKDB_CLI: /home/runner/work/_temp/duckdb-cli/duckdb
2026-07-26T10:06:33.6160468Z   R_REMOTES_NO_ERRORS_FROM_WARNINGS: true
2026-07-26T10:06:33.6160760Z   R_KEEP_PKG_SOURCE: yes
2026-07-26T10:06:33.6161004Z   _R_CHECK_SYSTEM_CLOCK_: false
2026-07-26T10:06:33.6161263Z   _R_CHECK_FUTURE_FILE_TIMESTAMPS_: false
2026-07-26T10:06:33.6161528Z   RGL_USE_NULL: true
2026-07-26T10:06:33.6161776Z   _R_CHECK_CRAN_INCOMING_CHECK_FILE_URIS_: true
2026-07-26T10:06:33.6162092Z   _R_CHECK_CRAN_INCOMING_NOTE_GNU_MAKE_: true
2026-07-26T10:06:33.6162429Z   _R_CHECK_PACKAGE_DEPENDS_IGNORE_MISSING_ENHANCES_: true
2026-07-26T10:06:33.6162757Z   _R_CHECK_CODE_CLASS_IS_STRING_: true
2026-07-26T10:06:33.6163035Z   _R_CHECK_CODOC_VARIABLES_IN_USAGES_: true
2026-07-26T10:06:33.6163322Z   _R_CHECK_CONNECTIONS_LEFT_OPEN_: true
2026-07-26T10:06:33.6163589Z   _R_CHECK_DATALIST_: true
2026-07-26T10:06:33.6163827Z   _R_CHECK_NEWS_IN_PLAIN_TEXT_: true
2026-07-26T10:06:33.6164119Z   _R_CHECK_PACKAGES_USED_CRAN_INCOMING_NOTES_: true
2026-07-26T10:06:33.6164429Z   _R_CHECK_RD_CONTENTS_KEYWORDS_: true
2026-07-26T10:06:33.6164809Z   _R_CHECK_R_DEPENDS_: warn
2026-07-26T10:06:33.6165077Z   _R_CHECK_S3_METHODS_SHOW_POSSIBLE_ISSUES_: true
2026-07-26T10:06:33.6165375Z   _R_CHECK_THINGS_IN_TEMP_DIR_: true
2026-07-26T10:06:33.6165639Z   _R_CHECK_UNDOC_USE_ALL_NAMES_: true
2026-07-26T10:06:33.6165903Z   _R_CHECK_URLS_SHOW_301_STATUS_: true
2026-07-26T10:06:33.6166162Z   _R_CXX_USE_NO_REMAP_: true
2026-07-26T10:06:33.6166428Z   _R_CHECK_CRAN_INCOMING_SKIP_LARGE_VERSION_: true
2026-07-26T10:06:33.6166730Z   _R_CHECK_FORCE_SUGGESTS_: false
2026-07-26T10:06:33.6166987Z   _R_CHECK_THINGS_IN_OTHER_DIRS_: true
2026-07-26T10:06:33.6167243Z   _R_CHECK_BASHISMS_: true
2026-07-26T10:06:33.6167466Z ##[endgroup]
2026-07-26T10:06:33.7062143Z Get:1 file:/etc/apt/apt-mirrors.txt Mirrorlist [144 B]
2026-07-26T10:06:33.7489372Z Hit:6 https://packages.microsoft.com/repos/azure-cli jammy InRelease
2026-07-26T10:06:33.7499194Z Get:7 https://packages.microsoft.com/ubuntu/26.04/prod resolute InRelease [3964 B]
2026-07-26T10:06:33.7660142Z Get:8 https://dl.google.com/linux/chrome-stable/deb stable InRelease [2548 B]
2026-07-26T10:06:33.7813356Z Get:9 https://packages.microsoft.com/ubuntu/26.04/prod resolute/main amd64 Packages [11.5 kB]
2026-07-26T10:06:33.8021412Z Get:10 https://packages.microsoft.com/ubuntu/26.04/prod resolute/main arm64 Packages [8795 B]
2026-07-26T10:06:33.8123629Z Hit:2 http://azure.archive.ubuntu.com/ubuntu resolute InRelease
2026-07-26T10:06:33.8159988Z Get:3 http://azure.archive.ubuntu.com/ubuntu resolute-updates InRelease [137 kB]
2026-07-26T10:06:33.8209924Z Get:4 http://azure.archive.ubuntu.com/ubuntu resolute-backports InRelease [136 kB]
2026-07-26T10:06:33.8232278Z Get:11 https://dl.google.com/linux/chrome-stable/deb stable/main amd64 Packages [1422 B]
2026-07-26T10:06:33.8253854Z Get:5 http://azure.archive.ubuntu.com/ubuntu resolute-security InRelease [137 kB]
2026-07-26T10:06:33.8510997Z Get:12 http://azure.archive.ubuntu.com/ubuntu resolute-updates/main amd64v3 Packages [393 kB]
2026-07-26T10:06:33.8535104Z Get:13 http://azure.archive.ubuntu.com/ubuntu resolute-updates/main Translation-en [99.8 kB]
2026-07-26T10:06:33.8551937Z Get:14 http://azure.archive.ubuntu.com/ubuntu resolute-updates/main amd64 Components [61.9 kB]
2026-07-26T10:06:33.8629598Z Get:15 http://azure.archive.ubuntu.com/ubuntu resolute-updates/universe amd64v3 Packages [221 kB]
2026-07-26T10:06:33.8658661Z Get:16 http://azure.archive.ubuntu.com/ubuntu resolute-updates/universe Translation-en [71.7 kB]
2026-07-26T10:06:33.8660309Z Get:17 http://azure.archive.ubuntu.com/ubuntu resolute-updates/universe amd64 Components [154 kB]
2026-07-26T10:06:33.8672264Z Get:18 http://azure.archive.ubuntu.com/ubuntu resolute-updates/restricted amd64v3 Packages [290 kB]
2026-07-26T10:06:33.8720790Z Get:19 http://azure.archive.ubuntu.com/ubuntu resolute-updates/restricted Translation-en [54.7 kB]
2026-07-26T10:06:33.8756360Z Get:20 http://azure.archive.ubuntu.com/ubuntu resolute-updates/multiverse amd64v3 Packages [10.7 kB]
2026-07-26T10:06:33.8774077Z Get:21 http://azure.archive.ubuntu.com/ubuntu resolute-updates/multiverse Translation-en [2840 B]
2026-07-26T10:06:33.9222686Z Get:22 http://azure.archive.ubuntu.com/ubuntu resolute-backports/universe amd64v3 Packages [640 B]
2026-07-26T10:06:33.9235192Z Get:23 http://azure.archive.ubuntu.com/ubuntu resolute-backports/universe Translation-en [300 B]
2026-07-26T10:06:33.9252697Z Get:24 http://azure.archive.ubuntu.com/ubuntu resolute-security/main amd64v3 Packages [331 kB]
2026-07-26T10:06:33.9309401Z Get:25 http://azure.archive.ubuntu.com/ubuntu resolute-security/main Translation-en [83.5 kB]
2026-07-26T10:06:33.9320934Z Get:26 http://azure.archive.ubuntu.com/ubuntu resolute-security/main amd64 Components [32.7 kB]
2026-07-26T10:06:33.9347096Z Get:27 http://azure.archive.ubuntu.com/ubuntu resolute-security/universe amd64v3 Packages [148 kB]
2026-07-26T10:06:33.9360341Z Get:28 http://azure.archive.ubuntu.com/ubuntu resolute-security/universe Translation-en [47.5 kB]
2026-07-26T10:06:33.9378693Z Get:29 http://azure.archive.ubuntu.com/ubuntu resolute-security/universe amd64 Components [43.1 kB]
2026-07-26T10:06:33.9396681Z Get:30 http://azure.archive.ubuntu.com/ubuntu resolute-security/restricted amd64v3 Packages [279 kB]
2026-07-26T10:06:33.9425178Z Get:31 http://azure.archive.ubuntu.com/ubuntu resolute-security/restricted Translation-en [52.3 kB]
2026-07-26T10:06:33.9442591Z Get:32 http://azure.archive.ubuntu.com/ubuntu resolute-security/multiverse amd64v3 Packages [9028 B]
2026-07-26T10:06:33.9459092Z Get:33 http://azure.archive.ubuntu.com/ubuntu resolute-security/multiverse Translation-en [2660 B]
2026-07-26T10:06:37.3451160Z Fetched 2828 kB in 0s (7260 kB/s)
2026-07-26T10:06:38.0083566Z Reading package lists...
2026-07-26T10:06:38.0442593Z Reading package lists...
2026-07-26T10:06:38.1961459Z Building dependency tree...
2026-07-26T10:06:38.1969414Z Reading state information...
2026-07-26T10:06:38.2872997Z Solving dependencies...
2026-07-26T10:06:38.3775781Z The following additional packages will be installed:
2026-07-26T10:06:38.3785107Z   aspell-en
2026-07-26T10:06:38.3792417Z Suggested packages:
2026-07-26T10:06:38.3792825Z   aspell-doc spellutils
2026-07-26T10:06:38.3980762Z The following NEW packages will be installed:
2026-07-26T10:06:38.3987113Z   aspell aspell-en
2026-07-26T10:06:38.4201064Z 0 upgraded, 2 newly installed, 0 to remove and 35 not upgraded.
2026-07-26T10:06:38.4201716Z Need to get 393 kB of archives.
2026-07-26T10:06:38.4202279Z After this operation, 787 kB of additional disk space will be used.
2026-07-26T10:06:38.4202980Z Get:1 file:/etc/apt/apt-mirrors.txt Mirrorlist [144 B]
2026-07-26T10:06:38.4473773Z Get:2 http://azure.archive.ubuntu.com/ubuntu resolute/main amd64v3 aspell amd64 0.60.8.2-3 [90.5 kB]
2026-07-26T10:06:38.4574604Z Get:3 http://azure.archive.ubuntu.com/ubuntu resolute/main amd64v3 aspell-en all 2020.12.07-0-1.1build1 [303 kB]
2026-07-26T10:06:38.7946530Z Fetched 393 kB in 0s (7407 kB/s)
2026-07-26T10:06:38.8191328Z Selecting previously unselected package aspell.
2026-07-26T10:06:38.8533387Z (Reading database ... 
2026-07-26T10:06:38.8534030Z (Reading database ... 5%
2026-07-26T10:06:38.8534417Z (Reading database ... 10%
2026-07-26T10:06:38.8534762Z (Reading database ... 15%
2026-07-26T10:06:38.8535109Z (Reading database ... 20%
2026-07-26T10:06:38.8535428Z (Reading database ... 25%
2026-07-26T10:06:38.8535743Z (Reading database ... 30%
2026-07-26T10:06:38.8536060Z (Reading database ... 35%
2026-07-26T10:06:38.8536376Z (Reading database ... 40%
2026-07-26T10:06:38.8536691Z (Reading database ... 45%
2026-07-26T10:06:38.8537014Z (Reading database ... 50%
2026-07-26T10:06:38.9141652Z (Reading database ... 55%
2026-07-26T10:06:39.1095674Z (Reading database ... 60%
2026-07-26T10:06:39.1559037Z (Reading database ... 65%
2026-07-26T10:06:39.2975173Z (Reading database ... 70%
2026-07-26T10:06:39.4693296Z (Reading database ... 75%
2026-07-26T10:06:39.5587794Z (Reading database ... 80%
2026-07-26T10:06:39.8039816Z (Reading database ... 85%
2026-07-26T10:06:40.0156913Z (Reading database ... 90%
2026-07-26T10:06:40.2062131Z (Reading database ... 95%
2026-07-26T10:06:40.2062669Z (Reading database ... 100%
2026-07-26T10:06:40.2063580Z (Reading database ... 210291 files and directories currently installed.)
2026-07-26T10:06:40.2109859Z Preparing to unpack .../aspell_0.60.8.2-3_amd64v3.deb ...
2026-07-26T10:06:40.2141885Z Unpacking aspell (0.60.8.2-3) ...
2026-07-26T10:06:40.2532651Z Selecting previously unselected package aspell-en.
2026-07-26T10:06:40.2672095Z Preparing to unpack .../aspell-en_2020.12.07-0-1.1build1_all.deb ...
2026-07-26T10:06:40.2685561Z Unpacking aspell-en (2020.12.07-0-1.1build1) ...
2026-07-26T10:06:40.4442329Z Setting up aspell (0.60.8.2-3) ...
2026-07-26T10:06:40.5783305Z Setting up aspell-en (2020.12.07-0-1.1build1) ...
2026-07-26T10:06:40.6630829Z Processing triggers for man-db (2.13.1-1build1) ...
2026-07-26T10:06:40.6659411Z Not building database; man-db/auto-update is not 'true'.
2026-07-26T10:06:40.6678749Z Processing triggers for dictionaries-common (1.31.4) ...
2026-07-26T10:06:40.9244968Z aspell-autobuildhash: processing: en [en-common].
2026-07-26T10:06:41.0471492Z aspell-autobuildhash: processing: en [en-variant_0].
2026-07-26T10:06:41.0542399Z aspell-autobuildhash: processing: en [en-variant_1].
2026-07-26T10:06:41.0626957Z aspell-autobuildhash: processing: en [en-variant_2].
2026-07-26T10:06:41.0714847Z aspell-autobuildhash: processing: en [en-w_accents-only].
2026-07-26T10:06:41.0827259Z aspell-autobuildhash: processing: en [en-wo_accents-only].
2026-07-26T10:06:41.0941043Z aspell-autobuildhash: processing: en [en_AU-variant_0].
2026-07-26T10:06:41.1005750Z aspell-autobuildhash: processing: en [en_AU-variant_1].
2026-07-26T10:06:41.1083549Z aspell-autobuildhash: processing: en [en_AU-w_accents-only].
2026-07-26T10:06:41.1169187Z aspell-autobuildhash: processing: en [en_AU-wo_accents-only].
2026-07-26T10:06:41.1255058Z aspell-autobuildhash: processing: en [en_CA-variant_0].
2026-07-26T10:06:41.1322415Z aspell-autobuildhash: processing: en [en_CA-variant_1].
2026-07-26T10:06:41.1401409Z aspell-autobuildhash: processing: en [en_CA-w_accents-only].
2026-07-26T10:06:41.1484196Z aspell-autobuildhash: processing: en [en_CA-wo_accents-only].
2026-07-26T10:06:41.1566159Z aspell-autobuildhash: processing: en [en_GB-ise-w_accents-only].
2026-07-26T10:06:41.1649252Z aspell-autobuildhash: processing: en [en_GB-ise-wo_accents-only].
2026-07-26T10:06:41.1733240Z aspell-autobuildhash: processing: en [en_GB-ize-w_accents-only].
2026-07-26T10:06:41.1814337Z aspell-autobuildhash: processing: en [en_GB-ize-wo_accents-only].
2026-07-26T10:06:41.1895695Z aspell-autobuildhash: processing: en [en_GB-variant_0].
2026-07-26T10:06:41.1968932Z aspell-autobuildhash: processing: en [en_GB-variant_1].
2026-07-26T10:06:41.2042743Z aspell-autobuildhash: processing: en [en_US-w_accents-only].
2026-07-26T10:06:41.2127135Z aspell-autobuildhash: processing: en [en_US-wo_accents-only].
2026-07-26T10:06:41.8911143Z 
2026-07-26T10:06:41.8911947Z Running kernel seems to be up-to-date.
2026-07-26T10:06:41.8912412Z 
2026-07-26T10:06:41.8912584Z Restarting services...
2026-07-26T10:06:41.9004571Z 
2026-07-26T10:06:41.9005061Z Service restarts being deferred:
2026-07-26T10:06:41.9007933Z  systemctl restart hosted-compute-agent.service
2026-07-26T10:06:41.9008536Z 
2026-07-26T10:06:41.9009366Z No containers need to be restarted.
2026-07-26T10:06:41.9009680Z 
2026-07-26T10:06:41.9009895Z No user sessions are running outdated binaries.
2026-07-26T10:06:41.9010264Z 
2026-07-26T10:06:41.9018897Z No VM guests are running outdated hypervisor (qemu) binaries on this host.
2026-07-26T10:06:42.7836541Z _R_CHECK_CRAN_INCOMING_USE_ASPELL_=true
2026-07-26T10:06:42.7879863Z ##[group]Run r-lib/actions/setup-pandoc@v2
2026-07-26T10:06:42.7880137Z with:
2026-07-26T10:06:42.7880326Z   pandoc-version: 3.8.3
2026-07-26T10:06:42.7880537Z env:
2026-07-26T10:06:42.7880721Z   _R_CHECK_PKG_SIZES_: FALSE
2026-07-26T10:06:42.7881000Z   DUCKDB_CLI: /home/runner/work/_temp/duckdb-cli/duckdb
2026-07-26T10:06:42.7881321Z   R_REMOTES_NO_ERRORS_FROM_WARNINGS: true
2026-07-26T10:06:42.7881777Z   R_KEEP_PKG_SOURCE: yes
2026-07-26T10:06:42.7882005Z   _R_CHECK_SYSTEM_CLOCK_: false
2026-07-26T10:06:42.7882260Z   _R_CHECK_FUTURE_FILE_TIMESTAMPS_: false
2026-07-26T10:06:42.7882519Z   RGL_USE_NULL: true
2026-07-26T10:06:42.7882754Z   _R_CHECK_CRAN_INCOMING_CHECK_FILE_URIS_: true
2026-07-26T10:06:42.7883061Z   _R_CHECK_CRAN_INCOMING_NOTE_GNU_MAKE_: true
2026-07-26T10:06:42.7883391Z   _R_CHECK_PACKAGE_DEPENDS_IGNORE_MISSING_ENHANCES_: true
2026-07-26T10:06:42.7883716Z   _R_CHECK_CODE_CLASS_IS_STRING_: true
2026-07-26T10:06:42.7883985Z   _R_CHECK_CODOC_VARIABLES_IN_USAGES_: true
2026-07-26T10:06:42.7884269Z   _R_CHECK_CONNECTIONS_LEFT_OPEN_: true
2026-07-26T10:06:42.7884532Z   _R_CHECK_DATALIST_: true
2026-07-26T10:06:42.7884765Z   _R_CHECK_NEWS_IN_PLAIN_TEXT_: true
2026-07-26T10:06:42.7885050Z   _R_CHECK_PACKAGES_USED_CRAN_INCOMING_NOTES_: true
2026-07-26T10:06:42.7885352Z   _R_CHECK_RD_CONTENTS_KEYWORDS_: true
2026-07-26T10:06:42.7885607Z   _R_CHECK_R_DEPENDS_: warn
2026-07-26T10:06:42.7886005Z   _R_CHECK_S3_METHODS_SHOW_POSSIBLE_ISSUES_: true
2026-07-26T10:06:42.7886302Z   _R_CHECK_THINGS_IN_TEMP_DIR_: true
2026-07-26T10:06:42.7886558Z   _R_CHECK_UNDOC_USE_ALL_NAMES_: true
2026-07-26T10:06:42.7886819Z   _R_CHECK_URLS_SHOW_301_STATUS_: true
2026-07-26T10:06:42.7887072Z   _R_CXX_USE_NO_REMAP_: true
2026-07-26T10:06:42.7887338Z   _R_CHECK_CRAN_INCOMING_SKIP_LARGE_VERSION_: true
2026-07-26T10:06:42.7887636Z   _R_CHECK_FORCE_SUGGESTS_: false
2026-07-26T10:06:42.7887883Z   _R_CHECK_THINGS_IN_OTHER_DIRS_: true
2026-07-26T10:06:42.7888621Z   _R_CHECK_BASHISMS_: true
2026-07-26T10:06:42.7888870Z   _R_CHECK_CRAN_INCOMING_USE_ASPELL_: true
2026-07-26T10:06:42.7889136Z ##[endgroup]
2026-07-26T10:06:42.8690621Z ##[group]Download pandoc
2026-07-26T10:06:43.1105989Z [command]/usr/bin/tar xz --warning=no-unknown-keyword --overwrite -C /home/runner/work/_temp/9ee1850b-b121-4a10-a452-ce70460c466e -f /home/runner/work/_temp/d02b1e6b-1167-41bd-bd6a-5d51ebf90efd
2026-07-26T10:06:43.6452799Z ##[group]Run r-lib/actions/setup-r@v2
2026-07-26T10:06:43.6453086Z with:
2026-07-26T10:06:43.6453275Z   r-version: release
2026-07-26T10:06:43.6453486Z   install-r: true
2026-07-26T10:06:43.6453701Z   use-public-rspm: true
2026-07-26T10:06:43.6453923Z   Ncpus: 1
2026-07-26T10:06:43.6454133Z   remove-openmp-macos: true
2026-07-26T10:06:43.6454400Z   windows-path-include-rtools: true
2026-07-26T10:06:43.6454680Z   windows-path-include-mingw: true
2026-07-26T10:06:43.6454944Z   update-rtools: false
2026-07-26T10:06:43.6455168Z   working-directory: .
2026-07-26T10:06:43.6455375Z env:
2026-07-26T10:06:43.6455565Z   _R_CHECK_PKG_SIZES_: FALSE
2026-07-26T10:06:43.6455853Z   DUCKDB_CLI: /home/runner/work/_temp/duckdb-cli/duckdb
2026-07-26T10:06:43.6456185Z   R_REMOTES_NO_ERRORS_FROM_WARNINGS: true
2026-07-26T10:06:43.6456462Z   R_KEEP_PKG_SOURCE: yes
2026-07-26T10:06:43.6456694Z   _R_CHECK_SYSTEM_CLOCK_: false
2026-07-26T10:06:43.6456954Z   _R_CHECK_FUTURE_FILE_TIMESTAMPS_: false
2026-07-26T10:06:43.6457217Z   RGL_USE_NULL: true
2026-07-26T10:06:43.6457481Z   _R_CHECK_CRAN_INCOMING_CHECK_FILE_URIS_: true
2026-07-26T10:06:43.6457795Z   _R_CHECK_CRAN_INCOMING_NOTE_GNU_MAKE_: true
2026-07-26T10:06:43.6458450Z   _R_CHECK_PACKAGE_DEPENDS_IGNORE_MISSING_ENHANCES_: true
2026-07-26T10:06:43.6458811Z   _R_CHECK_CODE_CLASS_IS_STRING_: true
2026-07-26T10:06:43.6459097Z   _R_CHECK_CODOC_VARIABLES_IN_USAGES_: true
2026-07-26T10:06:43.6459384Z   _R_CHECK_CONNECTIONS_LEFT_OPEN_: true
2026-07-26T10:06:43.6459658Z   _R_CHECK_DATALIST_: true
2026-07-26T10:06:43.6459897Z   _R_CHECK_NEWS_IN_PLAIN_TEXT_: true
2026-07-26T10:06:43.6460190Z   _R_CHECK_PACKAGES_USED_CRAN_INCOMING_NOTES_: true
2026-07-26T10:06:43.6460495Z   _R_CHECK_RD_CONTENTS_KEYWORDS_: true
2026-07-26T10:06:43.6460757Z   _R_CHECK_R_DEPENDS_: warn
2026-07-26T10:06:43.6461022Z   _R_CHECK_S3_METHODS_SHOW_POSSIBLE_ISSUES_: true
2026-07-26T10:06:43.6461316Z   _R_CHECK_THINGS_IN_TEMP_DIR_: true
2026-07-26T10:06:43.6461579Z   _R_CHECK_UNDOC_USE_ALL_NAMES_: true
2026-07-26T10:06:43.6462038Z   _R_CHECK_URLS_SHOW_301_STATUS_: true
2026-07-26T10:06:43.6462294Z   _R_CXX_USE_NO_REMAP_: true
2026-07-26T10:06:43.6462560Z   _R_CHECK_CRAN_INCOMING_SKIP_LARGE_VERSION_: true
2026-07-26T10:06:43.6462866Z   _R_CHECK_FORCE_SUGGESTS_: false
2026-07-26T10:06:43.6463121Z   _R_CHECK_THINGS_IN_OTHER_DIRS_: true
2026-07-26T10:06:43.6463375Z   _R_CHECK_BASHISMS_: true
2026-07-26T10:06:43.6463620Z   _R_CHECK_CRAN_INCOMING_USE_ASPELL_: true
2026-07-26T10:06:43.6463888Z ##[endgroup]
2026-07-26T10:06:44.2138029Z ##[group]Downloading R
2026-07-26T10:06:44.5146373Z ##[endgroup]
2026-07-26T10:06:44.5147185Z ##[group]Updating system package data
2026-07-26T10:06:44.5174632Z [command]/usr/bin/sudo DEBIAN_FRONTEND=noninteractive apt-get update -y
2026-07-26T10:06:44.5917551Z Get:1 file:/etc/apt/apt-mirrors.txt Mirrorlist [144 B]
2026-07-26T10:06:44.6244582Z Hit:6 https://packages.microsoft.com/repos/azure-cli jammy InRelease
2026-07-26T10:06:44.6260688Z Hit:2 http://azure.archive.ubuntu.com/ubuntu resolute InRelease
2026-07-26T10:06:44.6262272Z Hit:7 https://packages.microsoft.com/ubuntu/26.04/prod resolute InRelease
2026-07-26T10:06:44.6275389Z Hit:3 http://azure.archive.ubuntu.com/ubuntu resolute-updates InRelease
2026-07-26T10:06:44.6291172Z Hit:4 http://azure.archive.ubuntu.com/ubuntu resolute-backports InRelease
2026-07-26T10:06:44.6307968Z Hit:5 http://azure.archive.ubuntu.com/ubuntu resolute-security InRelease
2026-07-26T10:06:44.6329108Z Hit:8 https://dl.google.com/linux/chrome-stable/deb stable InRelease
2026-07-26T10:06:45.4849814Z Reading package lists...
2026-07-26T10:06:45.5006967Z ##[endgroup]
2026-07-26T10:06:45.5007534Z ##[group]Installing R system requirements
2026-07-26T10:06:45.5021643Z [command]/usr/bin/sudo DEBIAN_FRONTEND=noninteractive apt-get install -y gdebi-core qpdf devscripts ghostscript
2026-07-26T10:06:45.5244616Z Reading package lists...
2026-07-26T10:06:45.6864138Z Building dependency tree...
2026-07-26T10:06:45.6870726Z Reading state information...
2026-07-26T10:06:45.7840197Z Solving dependencies...
2026-07-26T10:06:45.8842634Z The following additional packages will be installed:
2026-07-26T10:06:45.8843550Z   dctrl-tools diffstat dput fonts-droid-fallback fonts-noto-mono
2026-07-26T10:06:45.8844816Z   fonts-urw-base35 gettext intltool-debian libabsl20260107 libaliased-perl
2026-07-26T10:06:45.8845793Z   libapt-pkg-perl libarchive-zip-perl libarray-intspan-perl
2026-07-26T10:06:45.8846533Z   libauthen-sasl-perl libb-hooks-endofscope-perl libb-hooks-op-check-perl
2026-07-26T10:06:45.8847341Z   libberkeleydb-perl libcapture-tiny-perl libclass-data-inheritable-perl
2026-07-26T10:06:45.8848435Z   libclass-inspector-perl libclass-method-modifiers-perl
2026-07-26T10:06:45.8849579Z   libclass-xsaccessor-perl libconfig-inifiles-perl libconfig-tiny-perl
2026-07-26T10:06:45.8850332Z   libconst-fast-perl libcpanel-json-xs-perl libcrypt-urandom-perl
2026-07-26T10:06:45.8851092Z   libdata-dpath-perl libdata-dump-perl libdata-messagepack-perl
2026-07-26T10:06:45.8851923Z   libdata-optlist-perl libdata-validate-domain-perl libdata-validate-ip-perl
2026-07-26T10:06:45.8852643Z   libdata-validate-uri-perl libdevel-callchecker-perl libdevel-size-perl
2026-07-26T10:06:45.8853478Z   libdevel-stacktrace-perl libdistro-info-perl libdynaloader-functions-perl
2026-07-26T10:06:45.8854131Z   libemail-address-xs-perl libexception-class-perl libexporter-tiny-perl
2026-07-26T10:06:45.8854731Z   libfile-basedir-perl libfile-dirlist-perl libfile-find-rule-perl
2026-07-26T10:06:45.8855289Z   libfile-homedir-perl libfile-libmagic-perl libfile-listing-perl
2026-07-26T10:06:45.8855900Z   libfile-sharedir-perl libfile-touch-perl libfile-which-perl libfont-afm-perl
2026-07-26T10:06:45.8856550Z   libfont-ttf-perl libfreezethaw-perl libgs-common libgs10 libgs10-common
2026-07-26T10:06:45.8857144Z   libhtml-form-perl libhtml-format-perl libhtml-html5-entities-perl
2026-07-26T10:06:45.8857742Z   libhtml-tokeparser-simple-perl libhtml-tree-perl libhttp-cookies-perl
2026-07-26T10:06:45.8858659Z   libhttp-daemon-perl libhttp-negotiate-perl libidn12 libijs-0.35
2026-07-26T10:06:45.8859694Z   libimport-into-perl libindirect-perl libio-interactive-perl
2026-07-26T10:06:45.8860213Z   libio-socket-ssl-perl libio-string-perl libipc-run3-perl
2026-07-26T10:06:45.8860740Z   libipc-system-simple-perl libiterator-perl libiterator-util-perl
2026-07-26T10:06:45.8861167Z   libjbig2dec0 libjson-maybexs-perl liblist-compare-perl
2026-07-26T10:06:45.8861619Z   liblist-someutils-perl liblist-someutils-xs-perl liblist-utilsby-perl
2026-07-26T10:06:45.8862188Z   liblog-any-adapter-screen-perl liblog-any-perl liblwp-protocol-https-perl
2026-07-26T10:06:45.8863136Z   libmailtools-perl libmarkdown2 libmath-base85-perl libmldbm-perl
2026-07-26T10:06:45.8863935Z   libmodule-implementation-perl libmodule-runtime-perl libmoo-perl
2026-07-26T10:06:45.8864686Z   libmoox-aliases-perl libmouse-perl libnamespace-clean-perl
2026-07-26T10:06:45.8865458Z   libnet-domain-tld-perl libnet-http-perl libnet-ipv6addr-perl
2026-07-26T10:06:45.8866248Z   libnet-netmask-perl libnet-smtp-ssl-perl libnet-ssleay-perl
2026-07-26T10:06:45.8867381Z   libnetaddr-ip-perl libnumber-compare-perl libobject-pad-perl
2026-07-26T10:06:45.8868487Z   libpackage-stash-perl libpackage-stash-xs-perl libpaper-utils libpaper2
2026-07-26T10:06:45.8869425Z   libparams-classify-perl libparams-util-perl libpath-iterator-rule-perl
2026-07-26T10:06:45.8870293Z   libpath-tiny-perl libperlio-gzip-perl libperlio-utf8-strict-perl
2026-07-26T10:06:45.8871164Z   libpod-constants-perl libpod-parser-perl libqpdf30 libre-engine-re2-perl
2026-07-26T10:06:45.8871830Z   libre2-11 libregexp-pattern-license-perl libregexp-pattern-perl
2026-07-26T10:06:45.8872318Z   libregexp-wildcards-perl librole-tiny-perl libsereal-decoder-perl
2026-07-26T10:06:45.8872793Z   libsereal-encoder-perl libset-intspan-perl libsocket6-perl
2026-07-26T10:06:45.8873246Z   libsort-versions-perl libstrictures-perl libstring-copyright-perl
2026-07-26T10:06:45.8873748Z   libstring-escape-perl libstring-license-perl libstring-shellquote-perl
2026-07-26T10:06:45.8874299Z   libsub-exporter-perl libsub-exporter-progressive-perl libsub-identify-perl
2026-07-26T10:06:45.8874780Z   libsub-install-perl libsub-name-perl libsub-quote-perl
2026-07-26T10:06:45.8875236Z   libsyntax-keyword-try-perl libtext-glob-perl libtext-levenshteinxs-perl
2026-07-26T10:06:45.8875768Z   libtext-markdown-discount-perl libtext-xslate-perl libtime-duration-perl
2026-07-26T10:06:45.8876243Z   libtime-moment-perl libtry-tiny-perl libunicode-utf8-perl
2026-07-26T10:06:45.8876655Z   libvariable-magic-perl libwww-mechanize-perl libwww-perl
2026-07-26T10:06:45.8877116Z   libwww-robotrules-perl libxs-parse-keyword-perl libxs-parse-sublike-perl
2026-07-26T10:06:45.8877602Z   libyaml-libyaml-perl licensecheck lintian lzip lzop patchutils
2026-07-26T10:06:45.8878353Z   perl-openssl-defaults poppler-data python3-gpg python3-nacl python3-paramiko
2026-07-26T10:06:45.8878918Z   python3-unidiff python3-xdg t1utils wdiff xfonts-encodings xfonts-utils
2026-07-26T10:06:45.8879329Z Suggested packages:
2026-07-26T10:06:45.8879680Z   debtags debhelper adequate at autopkgtest bls-standalone bsd-mailx | mailx
2026-07-26T10:06:45.8880196Z   default-mta | mail-transport-agent build-essential check-all-the-things
2026-07-26T10:06:45.8880688Z   diffoscope disorderfs docker.io dose-extra duck elpa-devscripts faketime
2026-07-26T10:06:45.8881155Z   gnuplot how-can-i-help libdbd-pg-perl libgitlab-api-v4-perl
2026-07-26T10:06:45.8881625Z   libterm-size-perl mmdebstrap mutt piuparts pristine-lfs python3-debianbts
2026-07-26T10:06:45.8882129Z   python3-pycurl quilt ratt reprotest svn-buildpackage w3m debian-keyring
2026-07-26T10:06:45.8882627Z   debian-tag2upload-keyring equivs git-debpush libmetacpan-client-perl
2026-07-26T10:06:45.8883136Z   libsoap-lite-perl pristine-tar mini-dinstall fonts-noto fonts-freefont-otf
2026-07-26T10:06:45.8883645Z   | fonts-freefont-ttf fonts-texgyre autopoint gettext-doc libasprintf-dev
2026-07-26T10:06:45.8884125Z   libgettextpo-dev gnulib-l10n texlive-binaries libdigest-hmac-perl
2026-07-26T10:06:45.8884806Z   libgssapi-perl libxml-parser-perl libcrypt-ssleay-perl libscalar-number-perl
2026-07-26T10:06:45.8885336Z   libbareword-filehandles-perl libmultidimensional-perl libxstring-perl
2026-07-26T10:06:45.8885858Z   libauthen-ntlm-perl binutils-multiarch libtext-template-perl poppler-utils
2026-07-26T10:06:45.8886356Z   fonts-japanese-mincho | fonts-ipafont-mincho fonts-japanese-gothic
2026-07-26T10:06:45.8886830Z   | fonts-ipafont-gothic fonts-arphic-ukai fonts-arphic-uming fonts-nanum
2026-07-26T10:06:45.8887320Z   python-nacl-doc python3-gssapi python3-invoke python-pyxdg-doc qpdf-doc
2026-07-26T10:06:45.8887697Z   wdiff-doc
2026-07-26T10:06:45.9494873Z The following NEW packages will be installed:
2026-07-26T10:06:45.9496064Z   dctrl-tools devscripts diffstat dput fonts-droid-fallback fonts-noto-mono
2026-07-26T10:06:45.9496824Z   fonts-urw-base35 gdebi-core gettext ghostscript intltool-debian
2026-07-26T10:06:45.9497510Z   libabsl20260107 libaliased-perl libapt-pkg-perl libarchive-zip-perl
2026-07-26T10:06:45.9499075Z   libarray-intspan-perl libauthen-sasl-perl libb-hooks-endofscope-perl
2026-07-26T10:06:45.9500205Z   libb-hooks-op-check-perl libberkeleydb-perl libcapture-tiny-perl
2026-07-26T10:06:45.9501137Z   libclass-data-inheritable-perl libclass-inspector-perl
2026-07-26T10:06:45.9501816Z   libclass-method-modifiers-perl libclass-xsaccessor-perl
2026-07-26T10:06:45.9502645Z   libconfig-inifiles-perl libconfig-tiny-perl libconst-fast-perl
2026-07-26T10:06:45.9503447Z   libcpanel-json-xs-perl libcrypt-urandom-perl libdata-dpath-perl
2026-07-26T10:06:45.9504205Z   libdata-dump-perl libdata-messagepack-perl libdata-optlist-perl
2026-07-26T10:06:45.9504944Z   libdata-validate-domain-perl libdata-validate-ip-perl
2026-07-26T10:06:45.9505724Z   libdata-validate-uri-perl libdevel-callchecker-perl libdevel-size-perl
2026-07-26T10:06:45.9506563Z   libdevel-stacktrace-perl libdistro-info-perl libdynaloader-functions-perl
2026-07-26T10:06:45.9507443Z   libemail-address-xs-perl libexception-class-perl libexporter-tiny-perl
2026-07-26T10:06:45.9508024Z   libfile-basedir-perl libfile-dirlist-perl libfile-find-rule-perl
2026-07-26T10:06:45.9508788Z   libfile-homedir-perl libfile-libmagic-perl libfile-listing-perl
2026-07-26T10:06:45.9509370Z   libfile-sharedir-perl libfile-touch-perl libfile-which-perl libfont-afm-perl
2026-07-26T10:06:45.9510007Z   libfont-ttf-perl libfreezethaw-perl libgs-common libgs10 libgs10-common
2026-07-26T10:06:45.9510564Z   libhtml-form-perl libhtml-format-perl libhtml-html5-entities-perl
2026-07-26T10:06:45.9511120Z   libhtml-tokeparser-simple-perl libhtml-tree-perl libhttp-cookies-perl
2026-07-26T10:06:45.9511676Z   libhttp-daemon-perl libhttp-negotiate-perl libidn12 libijs-0.35
2026-07-26T10:06:45.9512147Z   libimport-into-perl libindirect-perl libio-interactive-perl
2026-07-26T10:06:45.9512568Z   libio-socket-ssl-perl libio-string-perl libipc-run3-perl
2026-07-26T10:06:45.9513004Z   libipc-system-simple-perl libiterator-perl libiterator-util-perl
2026-07-26T10:06:45.9513443Z   libjbig2dec0 libjson-maybexs-perl liblist-compare-perl
2026-07-26T10:06:45.9513886Z   liblist-someutils-perl liblist-someutils-xs-perl liblist-utilsby-perl
2026-07-26T10:06:45.9514412Z   liblog-any-adapter-screen-perl liblog-any-perl liblwp-protocol-https-perl
2026-07-26T10:06:45.9514916Z   libmailtools-perl libmarkdown2 libmath-base85-perl libmldbm-perl
2026-07-26T10:06:45.9515368Z   libmodule-implementation-perl libmodule-runtime-perl libmoo-perl
2026-07-26T10:06:45.9515806Z   libmoox-aliases-perl libmouse-perl libnamespace-clean-perl
2026-07-26T10:06:45.9516238Z   libnet-domain-tld-perl libnet-http-perl libnet-ipv6addr-perl
2026-07-26T10:06:45.9516691Z   libnet-netmask-perl libnet-smtp-ssl-perl libnet-ssleay-perl
2026-07-26T10:06:45.9517124Z   libnetaddr-ip-perl libnumber-compare-perl libobject-pad-perl
2026-07-26T10:06:45.9517599Z   libpackage-stash-perl libpackage-stash-xs-perl libpaper-utils libpaper2
2026-07-26T10:06:45.9518283Z   libparams-classify-perl libparams-util-perl libpath-iterator-rule-perl
2026-07-26T10:06:45.9519028Z   libpath-tiny-perl libperlio-gzip-perl libperlio-utf8-strict-perl
2026-07-26T10:06:45.9519526Z   libpod-constants-perl libpod-parser-perl libqpdf30 libre-engine-re2-perl
2026-07-26T10:06:45.9520018Z   libre2-11 libregexp-pattern-license-perl libregexp-pattern-perl
2026-07-26T10:06:45.9520484Z   libregexp-wildcards-perl librole-tiny-perl libsereal-decoder-perl
2026-07-26T10:06:45.9520933Z   libsereal-encoder-perl libset-intspan-perl libsocket6-perl
2026-07-26T10:06:45.9521378Z   libsort-versions-perl libstrictures-perl libstring-copyright-perl
2026-07-26T10:06:45.9521873Z   libstring-escape-perl libstring-license-perl libstring-shellquote-perl
2026-07-26T10:06:45.9522399Z   libsub-exporter-perl libsub-exporter-progressive-perl libsub-identify-perl
2026-07-26T10:06:45.9522874Z   libsub-install-perl libsub-name-perl libsub-quote-perl
2026-07-26T10:06:45.9523323Z   libsyntax-keyword-try-perl libtext-glob-perl libtext-levenshteinxs-perl
2026-07-26T10:06:45.9524003Z   libtext-markdown-discount-perl libtext-xslate-perl libtime-duration-perl
2026-07-26T10:06:45.9524493Z   libtime-moment-perl libtry-tiny-perl libunicode-utf8-perl
2026-07-26T10:06:45.9524909Z   libvariable-magic-perl libwww-mechanize-perl libwww-perl
2026-07-26T10:06:45.9525377Z   libwww-robotrules-perl libxs-parse-keyword-perl libxs-parse-sublike-perl
2026-07-26T10:06:45.9525870Z   libyaml-libyaml-perl licensecheck lintian lzip lzop patchutils
2026-07-26T10:06:45.9526366Z   perl-openssl-defaults poppler-data python3-gpg python3-nacl python3-paramiko
2026-07-26T10:06:45.9526910Z   python3-unidiff python3-xdg qpdf t1utils wdiff xfonts-encodings xfonts-utils
2026-07-26T10:06:45.9782080Z 0 upgraded, 175 newly installed, 0 to remove and 35 not upgraded.
2026-07-26T10:06:45.9782653Z Need to get 32.7 MB of archives.
2026-07-26T10:06:45.9783050Z After this operation, 111 MB of additional disk space will be used.
2026-07-26T10:06:45.9783515Z Get:1 file:/etc/apt/apt-mirrors.txt Mirrorlist [144 B]
2026-07-26T10:06:46.0121329Z Get:2 http://azure.archive.ubuntu.com/ubuntu resolute/main amd64v3 poppler-data all 0.4.12-1build1 [2000 kB]
2026-07-26T10:06:46.0352863Z Get:3 http://azure.archive.ubuntu.com/ubuntu resolute/main amd64v3 dctrl-tools amd64 2.24-3build4 [104 kB]
2026-07-26T10:06:46.0442387Z Get:4 http://azure.archive.ubuntu.com/ubuntu resolute-updates/main amd64v3 libconfig-inifiles-perl all 3.000003-4ubuntu0.1 [38.3 kB]
2026-07-26T10:06:46.0526955Z Get:5 http://azure.archive.ubuntu.com/ubuntu resolute/main amd64v3 libfile-dirlist-perl all 0.05-3 [7286 B]
2026-07-26T10:06:46.0610498Z Get:6 http://azure.archive.ubuntu.com/ubuntu resolute/main amd64v3 libfile-which-perl all 1.27-2 [12.5 kB]
2026-07-26T10:06:46.0700354Z Get:7 http://azure.archive.ubuntu.com/ubuntu resolute/main amd64v3 libfile-homedir-perl all 1.006-2 [37.0 kB]
2026-07-26T10:06:46.0809103Z Get:8 http://azure.archive.ubuntu.com/ubuntu resolute/main amd64v3 libfile-touch-perl all 0.12-2 [7498 B]
2026-07-26T10:06:46.0892975Z Get:9 http://azure.archive.ubuntu.com/ubuntu resolute/main amd64v3 libio-string-perl all 1.08-4 [11.1 kB]
2026-07-26T10:06:46.0977060Z Get:10 http://azure.archive.ubuntu.com/ubuntu resolute/main amd64v3 libclass-method-modifiers-perl all 2.15-1 [16.1 kB]
2026-07-26T10:06:46.1055910Z Get:11 http://azure.archive.ubuntu.com/ubuntu resolute/main amd64v3 libclass-xsaccessor-perl amd64 1.19-4build6 [32.7 kB]
2026-07-26T10:06:46.1141449Z Get:12 http://azure.archive.ubuntu.com/ubuntu resolute/main amd64v3 libb-hooks-op-check-perl amd64 0.22-3build2 [9628 B]
2026-07-26T10:06:46.1275687Z Get:13 http://azure.archive.ubuntu.com/ubuntu resolute/main amd64v3 libdynaloader-functions-perl all 0.004-2 [11.5 kB]
2026-07-26T10:06:46.1354291Z Get:14 http://azure.archive.ubuntu.com/ubuntu resolute/main amd64v3 libdevel-callchecker-perl amd64 0.009-3 [14.0 kB]
2026-07-26T10:06:46.1437872Z Get:15 http://azure.archive.ubuntu.com/ubuntu resolute/main amd64v3 libparams-classify-perl amd64 0.015-2build6 [20.3 kB]
2026-07-26T10:06:46.1524608Z Get:16 http://azure.archive.ubuntu.com/ubuntu resolute/main amd64v3 libmodule-runtime-perl all 0.018-1 [15.2 kB]
2026-07-26T10:06:46.1608719Z Get:17 http://azure.archive.ubuntu.com/ubuntu resolute/main amd64v3 libimport-into-perl all 1.002005-2 [10.7 kB]
2026-07-26T10:06:46.1694734Z Get:18 http://azure.archive.ubuntu.com/ubuntu resolute/main amd64v3 librole-tiny-perl all 2.002004-1 [16.3 kB]
2026-07-26T10:06:46.2229050Z Get:19 http://azure.archive.ubuntu.com/ubuntu resolute/main amd64v3 libsub-quote-perl all 2.006009-1ubuntu1 [20.3 kB]
2026-07-26T10:06:46.2307732Z Get:20 http://azure.archive.ubuntu.com/ubuntu resolute/main amd64v3 libmoo-perl all 2.005005-1 [47.4 kB]
2026-07-26T10:06:46.2412416Z Get:21 http://azure.archive.ubuntu.com/ubuntu resolute/main amd64v3 libfile-listing-perl all 6.16-1 [11.3 kB]
2026-07-26T10:06:46.2490470Z Get:22 http://azure.archive.ubuntu.com/ubuntu resolute/main amd64v3 libhtml-tree-perl all 5.07-3 [200 kB]
2026-07-26T10:06:46.2586003Z Get:23 http://azure.archive.ubuntu.com/ubuntu resolute/main amd64v3 libhttp-cookies-perl all 6.11-1 [18.2 kB]
2026-07-26T10:06:46.2672346Z Get:24 http://azure.archive.ubuntu.com/ubuntu resolute/main amd64v3 libhttp-negotiate-perl all 6.01-2 [12.4 kB]
2026-07-26T10:06:46.2755933Z Get:25 http://azure.archive.ubuntu.com/ubuntu resolute/main amd64v3 perl-openssl-defaults amd64 7build4 [6728 B]
2026-07-26T10:06:46.2837607Z Get:26 http://azure.archive.ubuntu.com/ubuntu resolute/main amd64v3 libnet-ssleay-perl amd64 1.94-3 [317 kB]
2026-07-26T10:06:46.2943523Z Get:27 http://azure.archive.ubuntu.com/ubuntu resolute/main amd64v3 libio-socket-ssl-perl all 2.098-1 [205 kB]
2026-07-26T10:06:46.3042167Z Get:28 http://azure.archive.ubuntu.com/ubuntu resolute/main amd64v3 libnet-http-perl all 6.24-1build1 [21.7 kB]
2026-07-26T10:06:46.3121577Z Get:29 http://azure.archive.ubuntu.com/ubuntu resolute/main amd64v3 liblwp-protocol-https-perl all 6.14-1 [9040 B]
2026-07-26T10:06:46.3267318Z Get:30 http://azure.archive.ubuntu.com/ubuntu resolute/main amd64v3 libtry-tiny-perl all 0.32-1 [21.2 kB]
2026-07-26T10:06:46.3402963Z Get:31 http://azure.archive.ubuntu.com/ubuntu resolute/main amd64v3 libwww-robotrules-perl all 6.02-1build1 [12.4 kB]
2026-07-26T10:06:46.3517993Z Get:32 http://azure.archive.ubuntu.com/ubuntu resolute-updates/main amd64v3 libwww-perl all 6.81-1ubuntu0.1 [140 kB]
2026-07-26T10:06:46.3750849Z Get:33 http://azure.archive.ubuntu.com/ubuntu resolute/main amd64v3 libyaml-libyaml-perl amd64 0.904.0+ds-1 [42.8 kB]
2026-07-26T10:06:46.3835973Z Get:34 http://azure.archive.ubuntu.com/ubuntu resolute/main amd64v3 patchutils amd64 0.4.3-1ubuntu1 [82.4 kB]
2026-07-26T10:06:46.3928336Z Get:35 http://azure.archive.ubuntu.com/ubuntu resolute/main amd64v3 wdiff amd64 1.2.2-9build1 [29.7 kB]
2026-07-26T10:06:46.4008740Z Get:36 http://azure.archive.ubuntu.com/ubuntu resolute/main amd64v3 devscripts all 2.26.7 [1083 kB]
2026-07-26T10:06:46.4745468Z Get:37 http://azure.archive.ubuntu.com/ubuntu resolute/main amd64v3 diffstat amd64 1.68-1 [30.4 kB]
2026-07-26T10:06:46.4828801Z Get:38 http://azure.archive.ubuntu.com/ubuntu resolute/main amd64v3 python3-gpg amd64 2.0.0-2build1 [219 kB]
2026-07-26T10:06:46.4926691Z Get:39 http://azure.archive.ubuntu.com/ubuntu resolute/main amd64v3 python3-xdg all 0.28-3 [37.3 kB]
2026-07-26T10:06:46.5008984Z Get:40 http://azure.archive.ubuntu.com/ubuntu resolute/main amd64v3 dput all 1.2.4ubuntu4 [49.8 kB]
2026-07-26T10:06:46.5092451Z Get:41 http://azure.archive.ubuntu.com/ubuntu resolute/main amd64v3 fonts-droid-fallback all 1:8.1.0r7-1~1.gbp36536bbuild1 [2011 kB]
2026-07-26T10:06:46.5326354Z Get:42 http://azure.archive.ubuntu.com/ubuntu resolute/main amd64v3 fonts-noto-mono all 20201225-2build1 [434 kB]
2026-07-26T10:06:46.5436871Z Get:43 http://azure.archive.ubuntu.com/ubuntu resolute/main amd64v3 xfonts-encodings all 1:1.0.5-0ubuntu3 [576 kB]
2026-07-26T10:06:46.5553769Z Get:44 http://azure.archive.ubuntu.com/ubuntu resolute/main amd64v3 xfonts-utils amd64 1:7.7+7build1 [97.3 kB]
2026-07-26T10:06:46.5671848Z Get:45 http://azure.archive.ubuntu.com/ubuntu resolute/main amd64v3 fonts-urw-base35 all 20200910-8build1 [10.9 MB]
2026-07-26T10:06:46.6567637Z Get:46 http://azure.archive.ubuntu.com/ubuntu resolute/universe amd64v3 gdebi-core all 0.9.5.8 [129 kB]
2026-07-26T10:06:46.6656307Z Get:47 http://azure.archive.ubuntu.com/ubuntu resolute/main amd64v3 gettext amd64 0.23.2-1 [1021 kB]
2026-07-26T10:06:46.6817819Z Get:48 http://azure.archive.ubuntu.com/ubuntu resolute/main amd64v3 libgs-common all 10.06.0~dfsg-3ubuntu1 [176 kB]
2026-07-26T10:06:46.6921073Z Get:49 http://azure.archive.ubuntu.com/ubuntu resolute/main amd64v3 libgs10-common all 10.06.0~dfsg-3ubuntu1 [492 kB]
2026-07-26T10:06:46.7033909Z Get:50 http://azure.archive.ubuntu.com/ubuntu resolute-updates/main amd64v3 libidn12 amd64 1.43-2ubuntu0.26.04.1 [58.0 kB]
2026-07-26T10:06:46.7119042Z Get:51 http://azure.archive.ubuntu.com/ubuntu resolute/main amd64v3 libijs-0.35 amd64 0.35-16 [15.6 kB]
2026-07-26T10:06:46.7201537Z Get:52 http://azure.archive.ubuntu.com/ubuntu resolute-updates/main amd64v3 libjbig2dec0 amd64 0.20-1ubuntu0.26.04.1 [64.0 kB]
2026-07-26T10:06:46.7286669Z Get:53 http://azure.archive.ubuntu.com/ubuntu resolute/main amd64v3 libpaper2 amd64 2.2.5-0.3maysync1 [17.3 kB]
2026-07-26T10:06:46.7370360Z Get:54 http://azure.archive.ubuntu.com/ubuntu resolute/main amd64v3 libgs10 amd64 10.06.0~dfsg-3ubuntu1 [4459 kB]
2026-07-26T10:06:46.7751685Z Get:55 http://azure.archive.ubuntu.com/ubuntu resolute/main amd64v3 ghostscript amd64 10.06.0~dfsg-3ubuntu1 [43.2 kB]
2026-07-26T10:06:46.8262977Z Get:56 http://azure.archive.ubuntu.com/ubuntu resolute/main amd64v3 intltool-debian all 0.35.0+20060710.6build1 [24.1 kB]
2026-07-26T10:06:46.8345340Z Get:57 http://azure.archive.ubuntu.com/ubuntu resolute/main amd64v3 libabsl20260107 amd64 20260107.0-4 [591 kB]
2026-07-26T10:06:46.8471459Z Get:58 http://azure.archive.ubuntu.com/ubuntu resolute/main amd64v3 libaliased-perl all 0.34-3 [12.8 kB]
2026-07-26T10:06:46.8551710Z Get:59 http://azure.archive.ubuntu.com/ubuntu resolute/main amd64v3 libapt-pkg-perl amd64 0.1.43 [70.7 kB]
2026-07-26T10:06:46.8638030Z Get:60 http://azure.archive.ubuntu.com/ubuntu resolute/main amd64v3 libarchive-zip-perl all 1.68-1 [90.2 kB]
2026-07-26T10:06:46.8729736Z Get:61 http://azure.archive.ubuntu.com/ubuntu resolute/main amd64v3 libarray-intspan-perl all 2.004-2 [25.0 kB]
2026-07-26T10:06:46.8819177Z Get:62 http://azure.archive.ubuntu.com/ubuntu resolute/main amd64v3 libmodule-implementation-perl all 0.09-2 [12.0 kB]
2026-07-26T10:06:46.8898591Z Get:63 http://azure.archive.ubuntu.com/ubuntu resolute/main amd64v3 libsub-exporter-progressive-perl all 0.001013-3 [6718 B]
2026-07-26T10:06:46.8982216Z Get:64 http://azure.archive.ubuntu.com/ubuntu resolute/main amd64v3 libvariable-magic-perl amd64 0.64-1build1 [36.4 kB]
2026-07-26T10:06:46.9063113Z Get:65 http://azure.archive.ubuntu.com/ubuntu resolute/main amd64v3 libb-hooks-endofscope-perl all 0.28-2 [15.8 kB]
2026-07-26T10:06:46.9143479Z Get:66 http://azure.archive.ubuntu.com/ubuntu resolute/main amd64v3 libberkeleydb-perl amd64 0.66-2 [120 kB]
2026-07-26T10:06:46.9241739Z Get:67 http://azure.archive.ubuntu.com/ubuntu resolute/main amd64v3 libcapture-tiny-perl all 0.50-1 [20.7 kB]
2026-07-26T10:06:46.9321959Z Get:68 http://azure.archive.ubuntu.com/ubuntu resolute/main amd64v3 libclass-data-inheritable-perl all 0.10-1 [8038 B]
2026-07-26T10:06:46.9403013Z Get:69 http://azure.archive.ubuntu.com/ubuntu resolute/main amd64v3 libclass-inspector-perl all 1.36-3 [15.4 kB]
2026-07-26T10:06:46.9485306Z Get:70 http://azure.archive.ubuntu.com/ubuntu resolute/main amd64v3 libconfig-tiny-perl all 2.30-1 [14.7 kB]
2026-07-26T10:06:46.9566248Z Get:71 http://azure.archive.ubuntu.com/ubuntu resolute/main amd64v3 libparams-util-perl amd64 1.102-3build1 [21.6 kB]
2026-07-26T10:06:46.9646992Z Get:72 http://azure.archive.ubuntu.com/ubuntu resolute/main amd64v3 libsub-install-perl all 0.929-1 [9764 B]
2026-07-26T10:06:46.9725780Z Get:73 http://azure.archive.ubuntu.com/ubuntu resolute/main amd64v3 libdata-optlist-perl all 0.114-1 [9708 B]
2026-07-26T10:06:47.0230165Z Get:74 http://azure.archive.ubuntu.com/ubuntu resolute/main amd64v3 libsub-exporter-perl all 0.990-1 [49.0 kB]
2026-07-26T10:06:47.0312650Z Get:75 http://azure.archive.ubuntu.com/ubuntu resolute/main amd64v3 libconst-fast-perl all 0.014-2 [8034 B]
2026-07-26T10:06:47.0392932Z Get:76 http://azure.archive.ubuntu.com/ubuntu resolute/main amd64v3 libcpanel-json-xs-perl amd64 4.40-1 [117 kB]
2026-07-26T10:06:47.0485816Z Get:77 http://azure.archive.ubuntu.com/ubuntu resolute/main amd64v3 libcrypt-urandom-perl amd64 0.55-1 [14.9 kB]
2026-07-26T10:06:47.0568596Z Get:78 http://azure.archive.ubuntu.com/ubuntu resolute/main amd64v3 libdevel-stacktrace-perl all 2.0500-1 [22.1 kB]
2026-07-26T10:06:47.0646685Z Get:79 http://azure.archive.ubuntu.com/ubuntu resolute/main amd64v3 libexception-class-perl all 1.45-1 [28.6 kB]
2026-07-26T10:06:47.0741179Z Get:80 http://azure.archive.ubuntu.com/ubuntu resolute/main amd64v3 libiterator-perl all 0.03+ds1-2 [18.8 kB]
2026-07-26T10:06:47.0821853Z Get:81 http://azure.archive.ubuntu.com/ubuntu resolute/main amd64v3 libiterator-util-perl all 0.02+ds1-2 [14.1 kB]
2026-07-26T10:06:47.0899344Z Get:82 http://azure.archive.ubuntu.com/ubuntu resolute/main amd64v3 libdata-dpath-perl all 0.60-1 [37.3 kB]
2026-07-26T10:06:47.0993370Z Get:83 http://azure.archive.ubuntu.com/ubuntu resolute/main amd64v3 libdata-dump-perl all 1.25-1 [25.9 kB]
2026-07-26T10:06:47.1086739Z Get:84 http://azure.archive.ubuntu.com/ubuntu resolute/main amd64v3 libdata-messagepack-perl amd64 1.02-3 [31.4 kB]
2026-07-26T10:06:47.1167808Z Get:85 http://azure.archive.ubuntu.com/ubuntu resolute/main amd64v3 libnet-domain-tld-perl all 1.75-4 [29.0 kB]
2026-07-26T10:06:47.1251637Z Get:86 http://azure.archive.ubuntu.com/ubuntu resolute/main amd64v3 libdata-validate-domain-perl all 0.15-1 [10.4 kB]
2026-07-26T10:06:47.1329513Z Get:87 http://azure.archive.ubuntu.com/ubuntu resolute/main amd64v3 libnet-ipv6addr-perl all 1.02-1 [21.0 kB]
2026-07-26T10:06:47.1420862Z Get:88 http://azure.archive.ubuntu.com/ubuntu resolute/main amd64v3 libnet-netmask-perl all 2.0003-1build1 [24.8 kB]
2026-07-26T10:06:47.1506923Z Get:89 http://azure.archive.ubuntu.com/ubuntu resolute/main amd64v3 libnetaddr-ip-perl amd64 4.079+dfsg-2build5 [80.2 kB]
2026-07-26T10:06:47.1601790Z Get:90 http://azure.archive.ubuntu.com/ubuntu resolute/main amd64v3 libdata-validate-ip-perl all 0.31-1 [17.2 kB]
2026-07-26T10:06:47.2097631Z Get:91 http://azure.archive.ubuntu.com/ubuntu resolute/main amd64v3 libdata-validate-uri-perl all 0.07-3 [10.8 kB]
2026-07-26T10:06:47.2175543Z Get:92 http://azure.archive.ubuntu.com/ubuntu resolute/main amd64v3 libdistro-info-perl all 1.15 [6024 B]
2026-07-26T10:06:47.2255140Z Get:93 http://azure.archive.ubuntu.com/ubuntu resolute/main amd64v3 libemail-address-xs-perl amd64 1.05-1build5 [29.6 kB]
2026-07-26T10:06:47.2337321Z Get:94 http://azure.archive.ubuntu.com/ubuntu resolute/main amd64v3 libexporter-tiny-perl all 1.006003-1 [35.5 kB]
2026-07-26T10:06:47.2424785Z Get:95 http://azure.archive.ubuntu.com/ubuntu resolute/main amd64v3 libipc-system-simple-perl all 1.30-2 [22.3 kB]
2026-07-26T10:06:47.2505616Z Get:96 http://azure.archive.ubuntu.com/ubuntu resolute/main amd64v3 libfile-basedir-perl all 0.09-2 [14.4 kB]
2026-07-26T10:06:47.2582955Z Get:97 http://azure.archive.ubuntu.com/ubuntu resolute/main amd64v3 libnumber-compare-perl all 0.03-3 [5974 B]
2026-07-26T10:06:47.2662079Z Get:98 http://azure.archive.ubuntu.com/ubuntu resolute/main amd64v3 libtext-glob-perl all 0.11-3 [6780 B]
2026-07-26T10:06:47.2743495Z Get:99 http://azure.archive.ubuntu.com/ubuntu resolute/main amd64v3 libfile-find-rule-perl all 0.35-1build1 [24.0 kB]
2026-07-26T10:06:47.2824912Z Get:100 http://azure.archive.ubuntu.com/ubuntu resolute/main amd64v3 libfile-libmagic-perl amd64 1.23-2build2 [27.8 kB]
2026-07-26T10:06:47.2908684Z Get:101 http://azure.archive.ubuntu.com/ubuntu resolute/main amd64v3 libfile-sharedir-perl all 1.118-3 [14.0 kB]
2026-07-26T10:06:47.2988823Z Get:102 http://azure.archive.ubuntu.com/ubuntu resolute/main amd64v3 libfont-afm-perl all 1.20-4 [13.0 kB]
2026-07-26T10:06:47.3083598Z Get:103 http://azure.archive.ubuntu.com/ubuntu resolute/main amd64v3 libfont-ttf-perl all 1.06-2 [323 kB]
2026-07-26T10:06:47.3209003Z Get:104 http://azure.archive.ubuntu.com/ubuntu resolute/main amd64v3 libfreezethaw-perl all 0.5001-3 [14.6 kB]
2026-07-26T10:06:47.3287691Z Get:105 http://azure.archive.ubuntu.com/ubuntu resolute/main amd64v3 libhtml-form-perl all 6.13-1build1 [31.3 kB]
2026-07-26T10:06:47.3365675Z Get:106 http://azure.archive.ubuntu.com/ubuntu resolute/main amd64v3 libhtml-format-perl all 2.16-2 [36.9 kB]
2026-07-26T10:06:47.3441371Z Get:107 http://azure.archive.ubuntu.com/ubuntu resolute/main amd64v3 libhtml-html5-entities-perl all 0.004-3 [21.6 kB]
2026-07-26T10:06:47.3516817Z Get:108 http://azure.archive.ubuntu.com/ubuntu resolute/main amd64v3 libhtml-tokeparser-simple-perl all 3.16-4 [38.0 kB]
2026-07-26T10:06:47.3620666Z Get:109 http://azure.archive.ubuntu.com/ubuntu resolute-updates/main amd64v3 libhttp-daemon-perl all 6.16-1ubuntu0.26.04.1 [22.1 kB]
2026-07-26T10:06:47.3720431Z Get:110 http://azure.archive.ubuntu.com/ubuntu resolute/main amd64v3 libindirect-perl amd64 0.39-2build5 [22.2 kB]
2026-07-26T10:06:47.3793770Z Get:111 http://azure.archive.ubuntu.com/ubuntu resolute/main amd64v3 libio-interactive-perl all 1.027-1 [10.8 kB]
2026-07-26T10:06:47.3872484Z Get:112 http://azure.archive.ubuntu.com/ubuntu resolute/main amd64v3 libjson-maybexs-perl all 1.004008-1 [11.1 kB]
2026-07-26T10:06:47.3945898Z Get:113 http://azure.archive.ubuntu.com/ubuntu resolute/main amd64v3 liblist-compare-perl all 0.55-2 [62.9 kB]
2026-07-26T10:06:47.4052656Z Get:114 http://azure.archive.ubuntu.com/ubuntu resolute/main amd64v3 liblist-someutils-perl all 0.59-1 [30.4 kB]
2026-07-26T10:06:47.4160698Z Get:115 http://azure.archive.ubuntu.com/ubuntu resolute/main amd64v3 liblist-someutils-xs-perl amd64 0.58-3build5 [34.9 kB]
2026-07-26T10:06:47.4237265Z Get:116 http://azure.archive.ubuntu.com/ubuntu resolute/main amd64v3 liblist-utilsby-perl all 0.12-2 [14.9 kB]
2026-07-26T10:06:47.4315406Z Get:117 http://azure.archive.ubuntu.com/ubuntu resolute/main amd64v3 liblog-any-perl all 1.718-1build1 [69.6 kB]
2026-07-26T10:06:47.4394930Z Get:118 http://azure.archive.ubuntu.com/ubuntu resolute/main amd64v3 liblog-any-adapter-screen-perl all 0.141-2 [13.0 kB]
2026-07-26T10:06:47.4469935Z Get:119 http://azure.archive.ubuntu.com/ubuntu resolute/main amd64v3 libnet-smtp-ssl-perl all 1.04-2 [6218 B]
2026-07-26T10:06:47.4970563Z Get:120 http://azure.archive.ubuntu.com/ubuntu resolute/main amd64v3 libmailtools-perl all 2.22-1 [77.1 kB]
2026-07-26T10:06:47.5065686Z Get:121 http://azure.archive.ubuntu.com/ubuntu resolute/main amd64v3 libmarkdown2 amd64 2.2.7-2.1build1 [39.2 kB]
2026-07-26T10:06:47.5145113Z Get:122 http://azure.archive.ubuntu.com/ubuntu resolute/main amd64v3 libmath-base85-perl all 0.5+dfsg-2 [6124 B]
2026-07-26T10:06:47.5229870Z Get:123 http://azure.archive.ubuntu.com/ubuntu resolute/main amd64v3 libmldbm-perl all 2.05-4 [16.0 kB]
2026-07-26T10:06:47.5310017Z Get:124 http://azure.archive.ubuntu.com/ubuntu resolute/main amd64v3 libstrictures-perl all 2.000006-1build1 [15.2 kB]
2026-07-26T10:06:47.5390985Z Get:125 http://azure.archive.ubuntu.com/ubuntu resolute/main amd64v3 libmoox-aliases-perl all 0.001006-2 [6796 B]
2026-07-26T10:06:47.5472799Z Get:126 http://azure.archive.ubuntu.com/ubuntu resolute/main amd64v3 libmouse-perl amd64 2.6.1-1 [133 kB]
2026-07-26T10:06:47.5570750Z Get:127 http://azure.archive.ubuntu.com/ubuntu resolute/main amd64v3 libpackage-stash-perl all 0.40-1 [19.5 kB]
2026-07-26T10:06:47.5656595Z Get:128 http://azure.archive.ubuntu.com/ubuntu resolute/main amd64v3 libsub-identify-perl amd64 0.14-4 [10.1 kB]
2026-07-26T10:06:47.5734167Z Get:129 http://azure.archive.ubuntu.com/ubuntu resolute/main amd64v3 libsub-name-perl amd64 0.28-1 [10.8 kB]
2026-07-26T10:06:47.5816037Z Get:130 http://azure.archive.ubuntu.com/ubuntu resolute/main amd64v3 libnamespace-clean-perl all 0.27-2 [14.0 kB]
2026-07-26T10:06:47.5894224Z Get:131 http://azure.archive.ubuntu.com/ubuntu resolute/main amd64v3 libxs-parse-keyword-perl amd64 0.49-1 [62.2 kB]
2026-07-26T10:06:47.6011629Z Get:132 http://azure.archive.ubuntu.com/ubuntu resolute/main amd64v3 libxs-parse-sublike-perl amd64 0.41-1 [46.5 kB]
2026-07-26T10:06:47.6120376Z Get:133 http://azure.archive.ubuntu.com/ubuntu resolute/main amd64v3 libobject-pad-perl amd64 0.823-2 [131 kB]
2026-07-26T10:06:47.6218590Z Get:134 http://azure.archive.ubuntu.com/ubuntu resolute/main amd64v3 libpackage-stash-xs-perl amd64 0.30-1build5 [19.9 kB]
2026-07-26T10:06:47.6298647Z Get:135 http://azure.archive.ubuntu.com/ubuntu resolute/main amd64v3 libpaper-utils amd64 2.2.5-0.3maysync1 [15.6 kB]
2026-07-26T10:06:47.6381282Z Get:136 http://azure.archive.ubuntu.com/ubuntu resolute/main amd64v3 libpath-iterator-rule-perl all 1.015-2 [39.9 kB]
2026-07-26T10:06:47.6462534Z Get:137 http://azure.archive.ubuntu.com/ubuntu resolute/main amd64v3 libpath-tiny-perl all 0.148-1 [47.9 kB]
2026-07-26T10:06:47.6968787Z Get:138 http://azure.archive.ubuntu.com/ubuntu resolute/main amd64v3 libperlio-gzip-perl amd64 0.20-1build5 [14.8 kB]
2026-07-26T10:06:47.7047129Z Get:139 http://azure.archive.ubuntu.com/ubuntu resolute/main amd64v3 libperlio-utf8-strict-perl amd64 0.010-1build4 [11.1 kB]
2026-07-26T10:06:47.7132218Z Get:140 http://azure.archive.ubuntu.com/ubuntu resolute/main amd64v3 libpod-parser-perl all 1.67-1 [80.6 kB]
2026-07-26T10:06:47.7226110Z Get:141 http://azure.archive.ubuntu.com/ubuntu resolute/main amd64v3 libpod-constants-perl all 0.19-2 [16.3 kB]
2026-07-26T10:06:47.7332087Z Get:142 http://azure.archive.ubuntu.com/ubuntu resolute/main amd64v3 libqpdf30 amd64 12.3.2-1 [900 kB]
2026-07-26T10:06:47.7537763Z Get:143 http://azure.archive.ubuntu.com/ubuntu resolute/main amd64v3 libre2-11 amd64 20250805-1build3 [178 kB]
2026-07-26T10:06:47.7644082Z Get:144 http://azure.archive.ubuntu.com/ubuntu resolute/main amd64v3 libre-engine-re2-perl amd64 0.18+ds-3build1 [19.2 kB]
2026-07-26T10:06:47.7736834Z Get:145 http://azure.archive.ubuntu.com/ubuntu resolute/main amd64v3 libregexp-pattern-license-perl all 3.11.2-1 [85.3 kB]
2026-07-26T10:06:47.7822537Z Get:146 http://azure.archive.ubuntu.com/ubuntu resolute/main amd64v3 libregexp-pattern-perl all 0.2.14-3 [17.3 kB]
2026-07-26T10:06:47.7904530Z Get:147 http://azure.archive.ubuntu.com/ubuntu resolute/main amd64v3 libregexp-wildcards-perl all 1.05-3 [12.9 kB]
2026-07-26T10:06:47.7980722Z Get:148 http://azure.archive.ubuntu.com/ubuntu resolute/main amd64v3 libsereal-decoder-perl amd64 5.004+ds-1build5 [102 kB]
2026-07-26T10:06:47.8067096Z Get:149 http://azure.archive.ubuntu.com/ubuntu resolute/main amd64v3 libsereal-encoder-perl amd64 5.004+ds-1build4 [105 kB]
2026-07-26T10:06:47.8155742Z Get:150 http://azure.archive.ubuntu.com/ubuntu resolute/main amd64v3 libset-intspan-perl all 1.19-3 [24.8 kB]
2026-07-26T10:06:47.8233887Z Get:151 http://azure.archive.ubuntu.com/ubuntu resolute/main amd64v3 libsocket6-perl amd64 0.29-3build4 [17.6 kB]
2026-07-26T10:06:47.8311832Z Get:152 http://azure.archive.ubuntu.com/ubuntu resolute/main amd64v3 libsort-versions-perl all 1.62-3 [7378 B]
2026-07-26T10:06:47.8392108Z Get:153 http://azure.archive.ubuntu.com/ubuntu resolute/main amd64v3 libstring-copyright-perl all 0.003014-1 [20.5 kB]
2026-07-26T10:06:47.8472452Z Get:154 http://azure.archive.ubuntu.com/ubuntu resolute/main amd64v3 libstring-escape-perl all 2010.002-3 [16.1 kB]
2026-07-26T10:06:47.8962471Z Get:155 http://azure.archive.ubuntu.com/ubuntu resolute/main amd64v3 libstring-license-perl all 0.0.11-1ubuntu1 [34.3 kB]
2026-07-26T10:06:47.9036125Z Get:156 http://azure.archive.ubuntu.com/ubuntu resolute/main amd64v3 libstring-shellquote-perl all 1.04-3 [11.3 kB]
2026-07-26T10:06:47.9110132Z Get:157 http://azure.archive.ubuntu.com/ubuntu resolute/main amd64v3 libsyntax-keyword-try-perl amd64 0.31-1 [24.6 kB]
2026-07-26T10:06:47.9189316Z Get:158 http://azure.archive.ubuntu.com/ubuntu resolute/main amd64v3 libtext-levenshteinxs-perl amd64 0.03-5build5 [8140 B]
2026-07-26T10:06:47.9261375Z Get:159 http://azure.archive.ubuntu.com/ubuntu resolute/main amd64v3 libtext-markdown-discount-perl amd64 0.18-1 [12.4 kB]
2026-07-26T10:06:47.9335893Z Get:160 http://azure.archive.ubuntu.com/ubuntu resolute/main amd64v3 libtext-xslate-perl amd64 3.5.9-2build1 [160 kB]
2026-07-26T10:06:47.9428565Z Get:161 http://azure.archive.ubuntu.com/ubuntu resolute/main amd64v3 libtime-duration-perl all 1.21-2 [12.3 kB]
2026-07-26T10:06:47.9517354Z Get:162 http://azure.archive.ubuntu.com/ubuntu resolute/main amd64v3 libtime-moment-perl amd64 0.46-1 [76.2 kB]
2026-07-26T10:06:47.9599924Z Get:163 http://azure.archive.ubuntu.com/ubuntu resolute/main amd64v3 libunicode-utf8-perl amd64 0.63-1 [19.1 kB]
2026-07-26T10:06:47.9676553Z Get:164 http://azure.archive.ubuntu.com/ubuntu resolute/main amd64v3 libwww-mechanize-perl all 2.20-1ubuntu1 [95.5 kB]
2026-07-26T10:06:47.9778461Z Get:165 http://azure.archive.ubuntu.com/ubuntu resolute/main amd64v3 licensecheck all 3.3.9-1ubuntu2 [37.2 kB]
2026-07-26T10:06:47.9853509Z Get:166 http://azure.archive.ubuntu.com/ubuntu resolute/main amd64v3 libdevel-size-perl amd64 0.86-1 [19.7 kB]
2026-07-26T10:06:47.9928856Z Get:167 http://azure.archive.ubuntu.com/ubuntu resolute/main amd64v3 libipc-run3-perl all 0.049-1 [28.8 kB]
2026-07-26T10:06:48.0010074Z Get:168 http://azure.archive.ubuntu.com/ubuntu resolute/main amd64v3 lzip amd64 1.26~rc1-2 [88.8 kB]
2026-07-26T10:06:48.0090139Z Get:169 http://azure.archive.ubuntu.com/ubuntu resolute/main amd64v3 lzop amd64 1.04-2build4 [82.6 kB]
2026-07-26T10:06:48.0169456Z Get:170 http://azure.archive.ubuntu.com/ubuntu resolute/main amd64v3 t1utils amd64 1.41-4build4 [63.8 kB]
2026-07-26T10:06:48.0252535Z Get:171 http://azure.archive.ubuntu.com/ubuntu resolute-updates/main amd64v3 lintian all 2.129.0ubuntu2.1 [1039 kB]
2026-07-26T10:06:48.0447383Z Get:172 http://azure.archive.ubuntu.com/ubuntu resolute/main amd64v3 python3-nacl amd64 1.5.0-8 [65.4 kB]
2026-07-26T10:06:48.1004856Z Get:173 http://azure.archive.ubuntu.com/ubuntu resolute/main amd64v3 python3-paramiko all 4.0.0-1ubuntu2 [146 kB]
2026-07-26T10:06:48.1088746Z Get:174 http://azure.archive.ubuntu.com/ubuntu resolute/main amd64v3 python3-unidiff all 0.7.5-2build1 [12.1 kB]
2026-07-26T10:06:48.1160997Z Get:175 http://azure.archive.ubuntu.com/ubuntu resolute/universe amd64v3 qpdf amd64 12.3.2-1 [89.6 kB]
2026-07-26T10:06:48.1243500Z Get:176 http://azure.archive.ubuntu.com/ubuntu resolute/main amd64v3 libauthen-sasl-perl all 2.2000-1 [47.8 kB]
2026-07-26T10:06:48.4577374Z Preconfiguring packages ...
2026-07-26T10:06:48.5205956Z Fetched 32.7 MB in 2s (15.1 MB/s)
2026-07-26T10:06:48.5435180Z Selecting previously unselected package poppler-data.
2026-07-26T10:06:48.5485926Z (Reading database ... 
2026-07-26T10:06:48.5486341Z (Reading database ... 5%
2026-07-26T10:06:48.5486728Z (Reading database ... 10%
2026-07-26T10:06:48.5487112Z (Reading database ... 15%
2026-07-26T10:06:48.5487470Z (Reading database ... 20%
2026-07-26T10:06:48.5487723Z (Reading database ... 25%
2026-07-26T10:06:48.5487969Z (Reading database ... 30%
2026-07-26T10:06:48.5488552Z (Reading database ... 35%
2026-07-26T10:06:48.5488807Z (Reading database ... 40%
2026-07-26T10:06:48.5489094Z (Reading database ... 45%
2026-07-26T10:06:48.5489332Z (Reading database ... 50%
2026-07-26T10:06:48.5622712Z (Reading database ... 55%
2026-07-26T10:06:48.5649144Z (Reading database ... 60%
2026-07-26T10:06:48.5674088Z (Reading database ... 65%
2026-07-26T10:06:48.5714722Z (Reading database ... 70%
2026-07-26T10:06:48.5734945Z (Reading database ... 75%
2026-07-26T10:06:48.5769502Z (Reading database ... 80%
2026-07-26T10:06:48.5960178Z (Reading database ... 85%
2026-07-26T10:06:48.6056377Z (Reading database ... 90%
2026-07-26T10:06:48.6258416Z (Reading database ... 95%
2026-07-26T10:06:48.6258881Z (Reading database ... 100%
2026-07-26T10:06:48.6259377Z (Reading database ... 210456 files and directories currently installed.)
2026-07-26T10:06:48.6299037Z Preparing to unpack .../000-poppler-data_0.4.12-1build1_all.deb ...
2026-07-26T10:06:48.6313384Z Unpacking poppler-data (0.4.12-1build1) ...
2026-07-26T10:06:48.7532885Z Selecting previously unselected package dctrl-tools.
2026-07-26T10:06:48.7680694Z Preparing to unpack .../001-dctrl-tools_2.24-3build4_amd64v3.deb ...
2026-07-26T10:06:48.7782477Z Unpacking dctrl-tools (2.24-3build4) ...
2026-07-26T10:06:48.8271713Z Selecting previously unselected package libconfig-inifiles-perl.
2026-07-26T10:06:48.8408680Z Preparing to unpack .../002-libconfig-inifiles-perl_3.000003-4ubuntu0.1_all.deb ...
2026-07-26T10:06:48.8420318Z Unpacking libconfig-inifiles-perl (3.000003-4ubuntu0.1) ...
2026-07-26T10:06:48.8688308Z Selecting previously unselected package libfile-dirlist-perl.
2026-07-26T10:06:48.8828572Z Preparing to unpack .../003-libfile-dirlist-perl_0.05-3_all.deb ...
2026-07-26T10:06:48.8844248Z Unpacking libfile-dirlist-perl (0.05-3) ...
2026-07-26T10:06:48.9120350Z Selecting previously unselected package libfile-which-perl.
2026-07-26T10:06:48.9256436Z Preparing to unpack .../004-libfile-which-perl_1.27-2_all.deb ...
2026-07-26T10:06:48.9269967Z Unpacking libfile-which-perl (1.27-2) ...
2026-07-26T10:06:48.9536617Z Selecting previously unselected package libfile-homedir-perl.
2026-07-26T10:06:48.9673415Z Preparing to unpack .../005-libfile-homedir-perl_1.006-2_all.deb ...
2026-07-26T10:06:48.9686977Z Unpacking libfile-homedir-perl (1.006-2) ...
2026-07-26T10:06:48.9975181Z Selecting previously unselected package libfile-touch-perl.
2026-07-26T10:06:49.0113478Z Preparing to unpack .../006-libfile-touch-perl_0.12-2_all.deb ...
2026-07-26T10:06:49.0124919Z Unpacking libfile-touch-perl (0.12-2) ...
2026-07-26T10:06:49.0370085Z Selecting previously unselected package libio-string-perl.
2026-07-26T10:06:49.0506978Z Preparing to unpack .../007-libio-string-perl_1.08-4_all.deb ...
2026-07-26T10:06:49.0517502Z Unpacking libio-string-perl (1.08-4) ...
2026-07-26T10:06:49.0765970Z Selecting previously unselected package libclass-method-modifiers-perl.
2026-07-26T10:06:49.0904212Z Preparing to unpack .../008-libclass-method-modifiers-perl_2.15-1_all.deb ...
2026-07-26T10:06:49.0916017Z Unpacking libclass-method-modifiers-perl (2.15-1) ...
2026-07-26T10:06:49.1155942Z Selecting previously unselected package libclass-xsaccessor-perl.
2026-07-26T10:06:49.1293509Z Preparing to unpack .../009-libclass-xsaccessor-perl_1.19-4build6_amd64v3.deb ...
2026-07-26T10:06:49.1305444Z Unpacking libclass-xsaccessor-perl (1.19-4build6) ...
2026-07-26T10:06:49.1561819Z Selecting previously unselected package libb-hooks-op-check-perl:amd64.
2026-07-26T10:06:49.1709033Z Preparing to unpack .../010-libb-hooks-op-check-perl_0.22-3build2_amd64v3.deb ...
2026-07-26T10:06:49.1718717Z Unpacking libb-hooks-op-check-perl:amd64 (0.22-3build2) ...
2026-07-26T10:06:49.1980510Z Selecting previously unselected package libdynaloader-functions-perl.
2026-07-26T10:06:49.2119425Z Preparing to unpack .../011-libdynaloader-functions-perl_0.004-2_all.deb ...
2026-07-26T10:06:49.2128345Z Unpacking libdynaloader-functions-perl (0.004-2) ...
2026-07-26T10:06:49.2371571Z Selecting previously unselected package libdevel-callchecker-perl:amd64.
2026-07-26T10:06:49.2511912Z Preparing to unpack .../012-libdevel-callchecker-perl_0.009-3_amd64v3.deb ...
2026-07-26T10:06:49.2523004Z Unpacking libdevel-callchecker-perl:amd64 (0.009-3) ...
2026-07-26T10:06:49.2786253Z Selecting previously unselected package libparams-classify-perl:amd64.
2026-07-26T10:06:49.2926693Z Preparing to unpack .../013-libparams-classify-perl_0.015-2build6_amd64v3.deb ...
2026-07-26T10:06:49.2940696Z Unpacking libparams-classify-perl:amd64 (0.015-2build6) ...
2026-07-26T10:06:49.3201963Z Selecting previously unselected package libmodule-runtime-perl.
2026-07-26T10:06:49.3344631Z Preparing to unpack .../014-libmodule-runtime-perl_0.018-1_all.deb ...
2026-07-26T10:06:49.3355688Z Unpacking libmodule-runtime-perl (0.018-1) ...
2026-07-26T10:06:49.3681098Z Selecting previously unselected package libimport-into-perl.
2026-07-26T10:06:49.3822171Z Preparing to unpack .../015-libimport-into-perl_1.002005-2_all.deb ...
2026-07-26T10:06:49.3835751Z Unpacking libimport-into-perl (1.002005-2) ...
2026-07-26T10:06:49.4093618Z Selecting previously unselected package librole-tiny-perl.
2026-07-26T10:06:49.4233715Z Preparing to unpack .../016-librole-tiny-perl_2.002004-1_all.deb ...
2026-07-26T10:06:49.4244758Z Unpacking librole-tiny-perl (2.002004-1) ...
2026-07-26T10:06:49.4498786Z Selecting previously unselected package libsub-quote-perl.
2026-07-26T10:06:49.4635919Z Preparing to unpack .../017-libsub-quote-perl_2.006009-1ubuntu1_all.deb ...
2026-07-26T10:06:49.4653405Z Unpacking libsub-quote-perl (2.006009-1ubuntu1) ...
2026-07-26T10:06:49.4905232Z Selecting previously unselected package libmoo-perl.
2026-07-26T10:06:49.5042296Z Preparing to unpack .../018-libmoo-perl_2.005005-1_all.deb ...
2026-07-26T10:06:49.5054619Z Unpacking libmoo-perl (2.005005-1) ...
2026-07-26T10:06:49.5315586Z Selecting previously unselected package libfile-listing-perl.
2026-07-26T10:06:49.5450005Z Preparing to unpack .../019-libfile-listing-perl_6.16-1_all.deb ...
2026-07-26T10:06:49.5460584Z Unpacking libfile-listing-perl (6.16-1) ...
2026-07-26T10:06:49.5701689Z Selecting previously unselected package libhtml-tree-perl.
2026-07-26T10:06:49.5836277Z Preparing to unpack .../020-libhtml-tree-perl_5.07-3_all.deb ...
2026-07-26T10:06:49.5850611Z Unpacking libhtml-tree-perl (5.07-3) ...
2026-07-26T10:06:49.6317390Z Selecting previously unselected package libhttp-cookies-perl.
2026-07-26T10:06:49.6457078Z Preparing to unpack .../021-libhttp-cookies-perl_6.11-1_all.deb ...
2026-07-26T10:06:49.6466322Z Unpacking libhttp-cookies-perl (6.11-1) ...
2026-07-26T10:06:49.6720738Z Selecting previously unselected package libhttp-negotiate-perl.
2026-07-26T10:06:49.6856486Z Preparing to unpack .../022-libhttp-negotiate-perl_6.01-2_all.deb ...
2026-07-26T10:06:49.6865659Z Unpacking libhttp-negotiate-perl (6.01-2) ...
2026-07-26T10:06:49.7096485Z Selecting previously unselected package perl-openssl-defaults:amd64.
2026-07-26T10:06:49.7231972Z Preparing to unpack .../023-perl-openssl-defaults_7build4_amd64v3.deb ...
2026-07-26T10:06:49.7242125Z Unpacking perl-openssl-defaults:amd64 (7build4) ...
2026-07-26T10:06:49.7477905Z Selecting previously unselected package libnet-ssleay-perl:amd64.
2026-07-26T10:06:49.7613309Z Preparing to unpack .../024-libnet-ssleay-perl_1.94-3_amd64v3.deb ...
2026-07-26T10:06:49.7622502Z Unpacking libnet-ssleay-perl:amd64 (1.94-3) ...
2026-07-26T10:06:49.8043496Z Selecting previously unselected package libio-socket-ssl-perl.
2026-07-26T10:06:49.8179531Z Preparing to unpack .../025-libio-socket-ssl-perl_2.098-1_all.deb ...
2026-07-26T10:06:49.8190554Z Unpacking libio-socket-ssl-perl (2.098-1) ...
2026-07-26T10:06:49.8477538Z Selecting previously unselected package libnet-http-perl.
2026-07-26T10:06:49.8614958Z Preparing to unpack .../026-libnet-http-perl_6.24-1build1_all.deb ...
2026-07-26T10:06:49.8624830Z Unpacking libnet-http-perl (6.24-1build1) ...
2026-07-26T10:06:49.8868702Z Selecting previously unselected package liblwp-protocol-https-perl.
2026-07-26T10:06:49.9010678Z Preparing to unpack .../027-liblwp-protocol-https-perl_6.14-1_all.deb ...
2026-07-26T10:06:49.9025296Z Unpacking liblwp-protocol-https-perl (6.14-1) ...
2026-07-26T10:06:49.9641526Z Selecting previously unselected package libtry-tiny-perl.
2026-07-26T10:06:49.9783730Z Preparing to unpack .../028-libtry-tiny-perl_0.32-1_all.deb ...
2026-07-26T10:06:49.9797568Z Unpacking libtry-tiny-perl (0.32-1) ...
2026-07-26T10:06:50.0033919Z Selecting previously unselected package libwww-robotrules-perl.
2026-07-26T10:06:50.0170657Z Preparing to unpack .../029-libwww-robotrules-perl_6.02-1build1_all.deb ...
2026-07-26T10:06:50.0182501Z Unpacking libwww-robotrules-perl (6.02-1build1) ...
2026-07-26T10:06:50.0414866Z Selecting previously unselected package libwww-perl.
2026-07-26T10:06:50.0552905Z Preparing to unpack .../030-libwww-perl_6.81-1ubuntu0.1_all.deb ...
2026-07-26T10:06:50.0562672Z Unpacking libwww-perl (6.81-1ubuntu0.1) ...
2026-07-26T10:06:50.0891047Z Selecting previously unselected package libyaml-libyaml-perl.
2026-07-26T10:06:50.1032484Z Preparing to unpack .../031-libyaml-libyaml-perl_0.904.0+ds-1_amd64v3.deb ...
2026-07-26T10:06:50.1043133Z Unpacking libyaml-libyaml-perl (0.904.0+ds-1) ...
2026-07-26T10:06:50.1297440Z Selecting previously unselected package patchutils.
2026-07-26T10:06:50.1434623Z Preparing to unpack .../032-patchutils_0.4.3-1ubuntu1_amd64v3.deb ...
2026-07-26T10:06:50.1445622Z Unpacking patchutils (0.4.3-1ubuntu1) ...
2026-07-26T10:06:50.1760591Z Selecting previously unselected package wdiff.
2026-07-26T10:06:50.1896486Z Preparing to unpack .../033-wdiff_1.2.2-9build1_amd64v3.deb ...
2026-07-26T10:06:50.1908370Z Unpacking wdiff (1.2.2-9build1) ...
2026-07-26T10:06:50.2202685Z Selecting previously unselected package devscripts.
2026-07-26T10:06:50.2339807Z Preparing to unpack .../034-devscripts_2.26.7_all.deb ...
2026-07-26T10:06:50.2621278Z Unpacking devscripts (2.26.7) ...
2026-07-26T10:06:50.3521100Z Selecting previously unselected package diffstat.
2026-07-26T10:06:50.3658822Z Preparing to unpack .../035-diffstat_1.68-1_amd64v3.deb ...
2026-07-26T10:06:50.3666565Z Unpacking diffstat (1.68-1) ...
2026-07-26T10:06:50.3913406Z Selecting previously unselected package python3-gpg.
2026-07-26T10:06:50.4049661Z Preparing to unpack .../036-python3-gpg_2.0.0-2build1_amd64v3.deb ...
2026-07-26T10:06:50.4064652Z Unpacking python3-gpg (2.0.0-2build1) ...
2026-07-26T10:06:50.4456684Z Selecting previously unselected package python3-xdg.
2026-07-26T10:06:50.4593811Z Preparing to unpack .../037-python3-xdg_0.28-3_all.deb ...
2026-07-26T10:06:50.4604215Z Unpacking python3-xdg (0.28-3) ...
2026-07-26T10:06:50.4897553Z Selecting previously unselected package dput.
2026-07-26T10:06:50.5034548Z Preparing to unpack .../038-dput_1.2.4ubuntu4_all.deb ...
2026-07-26T10:06:50.5126088Z Unpacking dput (1.2.4ubuntu4) ...
2026-07-26T10:06:50.5423278Z Selecting previously unselected package fonts-droid-fallback.
2026-07-26T10:06:50.5560337Z Preparing to unpack .../039-fonts-droid-fallback_1%3a8.1.0r7-1~1.gbp36536bbuild1_all.deb ...
2026-07-26T10:06:50.5570948Z Unpacking fonts-droid-fallback (1:8.1.0r7-1~1.gbp36536bbuild1) ...
2026-07-26T10:06:50.6126965Z Selecting previously unselected package fonts-noto-mono.
2026-07-26T10:06:50.6262452Z Preparing to unpack .../040-fonts-noto-mono_20201225-2build1_all.deb ...
2026-07-26T10:06:50.6270808Z Unpacking fonts-noto-mono (20201225-2build1) ...
2026-07-26T10:06:50.6625798Z Selecting previously unselected package xfonts-encodings.
2026-07-26T10:06:50.6763562Z Preparing to unpack .../041-xfonts-encodings_1%3a1.0.5-0ubuntu3_all.deb ...
2026-07-26T10:06:50.6790966Z Unpacking xfonts-encodings (1:1.0.5-0ubuntu3) ...
2026-07-26T10:06:50.7119641Z Selecting previously unselected package xfonts-utils.
2026-07-26T10:06:50.7255607Z Preparing to unpack .../042-xfonts-utils_1%3a7.7+7build1_amd64v3.deb ...
2026-07-26T10:06:50.7265317Z Unpacking xfonts-utils (1:7.7+7build1) ...
2026-07-26T10:06:50.7600547Z Selecting previously unselected package fonts-urw-base35.
2026-07-26T10:06:50.7737686Z Preparing to unpack .../043-fonts-urw-base35_20200910-8build1_all.deb ...
2026-07-26T10:06:50.8671311Z Unpacking fonts-urw-base35 (20200910-8build1) ...
2026-07-26T10:06:50.9569810Z Selecting previously unselected package gdebi-core.
2026-07-26T10:06:50.9706336Z Preparing to unpack .../044-gdebi-core_0.9.5.8_all.deb ...
2026-07-26T10:06:50.9716124Z Unpacking gdebi-core (0.9.5.8) ...
2026-07-26T10:06:51.2591472Z Selecting previously unselected package gettext.
2026-07-26T10:06:51.2727777Z Preparing to unpack .../045-gettext_0.23.2-1_amd64v3.deb ...
2026-07-26T10:06:51.2752379Z Unpacking gettext (0.23.2-1) ...
2026-07-26T10:06:51.3282127Z Selecting previously unselected package libgs-common.
2026-07-26T10:06:51.3419094Z Preparing to unpack .../046-libgs-common_10.06.0~dfsg-3ubuntu1_all.deb ...
2026-07-26T10:06:51.3451291Z Unpacking libgs-common (10.06.0~dfsg-3ubuntu1) ...
2026-07-26T10:06:51.3715435Z Selecting previously unselected package libgs10-common.
2026-07-26T10:06:51.3854261Z Preparing to unpack .../047-libgs10-common_10.06.0~dfsg-3ubuntu1_all.deb ...
2026-07-26T10:06:51.3863780Z Unpacking libgs10-common (10.06.0~dfsg-3ubuntu1) ...
2026-07-26T10:06:51.4474877Z Selecting previously unselected package libidn12:amd64.
2026-07-26T10:06:51.4612872Z Preparing to unpack .../048-libidn12_1.43-2ubuntu0.26.04.1_amd64v3.deb ...
2026-07-26T10:06:51.4623941Z Unpacking libidn12:amd64 (1.43-2ubuntu0.26.04.1) ...
2026-07-26T10:06:51.4887738Z Selecting previously unselected package libijs-0.35:amd64.
2026-07-26T10:06:51.5026390Z Preparing to unpack .../049-libijs-0.35_0.35-16_amd64v3.deb ...
2026-07-26T10:06:51.5037387Z Unpacking libijs-0.35:amd64 (0.35-16) ...
2026-07-26T10:06:51.5288856Z Selecting previously unselected package libjbig2dec0:amd64.
2026-07-26T10:06:51.5426650Z Preparing to unpack .../050-libjbig2dec0_0.20-1ubuntu0.26.04.1_amd64v3.deb ...
2026-07-26T10:06:51.5436999Z Unpacking libjbig2dec0:amd64 (0.20-1ubuntu0.26.04.1) ...
2026-07-26T10:06:51.5724994Z Selecting previously unselected package libpaper2:amd64.
2026-07-26T10:06:51.5862747Z Preparing to unpack .../051-libpaper2_2.2.5-0.3maysync1_amd64v3.deb ...
2026-07-26T10:06:51.5876745Z Unpacking libpaper2:amd64 (2.2.5-0.3maysync1) ...
2026-07-26T10:06:51.6143101Z Selecting previously unselected package libgs10:amd64.
2026-07-26T10:06:51.6282119Z Preparing to unpack .../052-libgs10_10.06.0~dfsg-3ubuntu1_amd64v3.deb ...
2026-07-26T10:06:51.6290887Z Unpacking libgs10:amd64 (10.06.0~dfsg-3ubuntu1) ...
2026-07-26T10:06:51.7334683Z Selecting previously unselected package ghostscript.
2026-07-26T10:06:51.7472079Z Preparing to unpack .../053-ghostscript_10.06.0~dfsg-3ubuntu1_amd64v3.deb ...
2026-07-26T10:06:51.7481749Z Unpacking ghostscript (10.06.0~dfsg-3ubuntu1) ...
2026-07-26T10:06:51.7790364Z Selecting previously unselected package intltool-debian.
2026-07-26T10:06:51.7927913Z Preparing to unpack .../054-intltool-debian_0.35.0+20060710.6build1_all.deb ...
2026-07-26T10:06:51.7937749Z Unpacking intltool-debian (0.35.0+20060710.6build1) ...
2026-07-26T10:06:51.8181833Z Selecting previously unselected package libabsl20260107:amd64.
2026-07-26T10:06:51.8320459Z Preparing to unpack .../055-libabsl20260107_20260107.0-4_amd64v3.deb ...
2026-07-26T10:06:51.8333277Z Unpacking libabsl20260107:amd64 (20260107.0-4) ...
2026-07-26T10:06:51.8817839Z Selecting previously unselected package libaliased-perl.
2026-07-26T10:06:51.8955871Z Preparing to unpack .../056-libaliased-perl_0.34-3_all.deb ...
2026-07-26T10:06:51.8994928Z Unpacking libaliased-perl (0.34-3) ...
2026-07-26T10:06:51.9216614Z Selecting previously unselected package libapt-pkg-perl.
2026-07-26T10:06:51.9354748Z Preparing to unpack .../057-libapt-pkg-perl_0.1.43_amd64v3.deb ...
2026-07-26T10:06:51.9364040Z Unpacking libapt-pkg-perl (0.1.43) ...
2026-07-26T10:06:51.9633298Z Selecting previously unselected package libarchive-zip-perl.
2026-07-26T10:06:51.9773177Z Preparing to unpack .../058-libarchive-zip-perl_1.68-1_all.deb ...
2026-07-26T10:06:51.9783616Z Unpacking libarchive-zip-perl (1.68-1) ...
2026-07-26T10:06:52.0121177Z Selecting previously unselected package libarray-intspan-perl.
2026-07-26T10:06:52.0257036Z Preparing to unpack .../059-libarray-intspan-perl_2.004-2_all.deb ...
2026-07-26T10:06:52.0266553Z Unpacking libarray-intspan-perl (2.004-2) ...
2026-07-26T10:06:52.0507338Z Selecting previously unselected package libmodule-implementation-perl.
2026-07-26T10:06:52.0644715Z Preparing to unpack .../060-libmodule-implementation-perl_0.09-2_all.deb ...
2026-07-26T10:06:52.0653267Z Unpacking libmodule-implementation-perl (0.09-2) ...
2026-07-26T10:06:52.0877709Z Selecting previously unselected package libsub-exporter-progressive-perl.
2026-07-26T10:06:52.1015809Z Preparing to unpack .../061-libsub-exporter-progressive-perl_0.001013-3_all.deb ...
2026-07-26T10:06:52.1026873Z Unpacking libsub-exporter-progressive-perl (0.001013-3) ...
2026-07-26T10:06:52.1262746Z Selecting previously unselected package libvariable-magic-perl.
2026-07-26T10:06:52.1402115Z Preparing to unpack .../062-libvariable-magic-perl_0.64-1build1_amd64v3.deb ...
2026-07-26T10:06:52.1410791Z Unpacking libvariable-magic-perl (0.64-1build1) ...
2026-07-26T10:06:52.1660621Z Selecting previously unselected package libb-hooks-endofscope-perl.
2026-07-26T10:06:52.1797855Z Preparing to unpack .../063-libb-hooks-endofscope-perl_0.28-2_all.deb ...
2026-07-26T10:06:52.1817599Z Unpacking libb-hooks-endofscope-perl (0.28-2) ...
2026-07-26T10:06:52.2055557Z Selecting previously unselected package libberkeleydb-perl:amd64.
2026-07-26T10:06:52.2193785Z Preparing to unpack .../064-libberkeleydb-perl_0.66-2_amd64v3.deb ...
2026-07-26T10:06:52.2203074Z Unpacking libberkeleydb-perl:amd64 (0.66-2) ...
2026-07-26T10:06:52.2475910Z Selecting previously unselected package libcapture-tiny-perl.
2026-07-26T10:06:52.2613279Z Preparing to unpack .../065-libcapture-tiny-perl_0.50-1_all.deb ...
2026-07-26T10:06:52.2624580Z Unpacking libcapture-tiny-perl (0.50-1) ...
2026-07-26T10:06:52.2859496Z Selecting previously unselected package libclass-data-inheritable-perl.
2026-07-26T10:06:52.2997654Z Preparing to unpack .../066-libclass-data-inheritable-perl_0.10-1_all.deb ...
2026-07-26T10:06:52.3008774Z Unpacking libclass-data-inheritable-perl (0.10-1) ...
2026-07-26T10:06:52.3239736Z Selecting previously unselected package libclass-inspector-perl.
2026-07-26T10:06:52.3376770Z Preparing to unpack .../067-libclass-inspector-perl_1.36-3_all.deb ...
2026-07-26T10:06:52.3409360Z Unpacking libclass-inspector-perl (1.36-3) ...
2026-07-26T10:06:52.3642197Z Selecting previously unselected package libconfig-tiny-perl.
2026-07-26T10:06:52.3779452Z Preparing to unpack .../068-libconfig-tiny-perl_2.30-1_all.deb ...
2026-07-26T10:06:52.3787534Z Unpacking libconfig-tiny-perl (2.30-1) ...
2026-07-26T10:06:52.4021722Z Selecting previously unselected package libparams-util-perl.
2026-07-26T10:06:52.4157584Z Preparing to unpack .../069-libparams-util-perl_1.102-3build1_amd64v3.deb ...
2026-07-26T10:06:52.4167403Z Unpacking libparams-util-perl (1.102-3build1) ...
2026-07-26T10:06:52.4399873Z Selecting previously unselected package libsub-install-perl.
2026-07-26T10:06:52.4537086Z Preparing to unpack .../070-libsub-install-perl_0.929-1_all.deb ...
2026-07-26T10:06:52.4546702Z Unpacking libsub-install-perl (0.929-1) ...
2026-07-26T10:06:52.4781038Z Selecting previously unselected package libdata-optlist-perl.
2026-07-26T10:06:52.4915952Z Preparing to unpack .../071-libdata-optlist-perl_0.114-1_all.deb ...
2026-07-26T10:06:52.4926466Z Unpacking libdata-optlist-perl (0.114-1) ...
2026-07-26T10:06:52.5208902Z Selecting previously unselected package libsub-exporter-perl.
2026-07-26T10:06:52.5348641Z Preparing to unpack .../072-libsub-exporter-perl_0.990-1_all.deb ...
2026-07-26T10:06:52.5387436Z Unpacking libsub-exporter-perl (0.990-1) ...
2026-07-26T10:06:52.5708445Z Selecting previously unselected package libconst-fast-perl.
2026-07-26T10:06:52.5872355Z Preparing to unpack .../073-libconst-fast-perl_0.014-2_all.deb ...
2026-07-26T10:06:52.5890638Z Unpacking libconst-fast-perl (0.014-2) ...
2026-07-26T10:06:52.6137654Z Selecting previously unselected package libcpanel-json-xs-perl:amd64.
2026-07-26T10:06:52.6273947Z Preparing to unpack .../074-libcpanel-json-xs-perl_4.40-1_amd64v3.deb ...
2026-07-26T10:06:52.6286787Z Unpacking libcpanel-json-xs-perl:amd64 (4.40-1) ...
2026-07-26T10:06:52.6571178Z Selecting previously unselected package libcrypt-urandom-perl.
2026-07-26T10:06:52.6707966Z Preparing to unpack .../075-libcrypt-urandom-perl_0.55-1_amd64v3.deb ...
2026-07-26T10:06:52.6717556Z Unpacking libcrypt-urandom-perl (0.55-1) ...
2026-07-26T10:06:52.6980677Z Selecting previously unselected package libdevel-stacktrace-perl.
2026-07-26T10:06:52.7116439Z Preparing to unpack .../076-libdevel-stacktrace-perl_2.0500-1_all.deb ...
2026-07-26T10:06:52.7125438Z Unpacking libdevel-stacktrace-perl (2.0500-1) ...
2026-07-26T10:06:52.7367901Z Selecting previously unselected package libexception-class-perl.
2026-07-26T10:06:52.7503514Z Preparing to unpack .../077-libexception-class-perl_1.45-1_all.deb ...
2026-07-26T10:06:52.7518607Z Unpacking libexception-class-perl (1.45-1) ...
2026-07-26T10:06:52.7782212Z Selecting previously unselected package libiterator-perl.
2026-07-26T10:06:52.7917990Z Preparing to unpack .../078-libiterator-perl_0.03+ds1-2_all.deb ...
2026-07-26T10:06:52.7930600Z Unpacking libiterator-perl (0.03+ds1-2) ...
2026-07-26T10:06:52.8169764Z Selecting previously unselected package libiterator-util-perl.
2026-07-26T10:06:52.8305602Z Preparing to unpack .../079-libiterator-util-perl_0.02+ds1-2_all.deb ...
2026-07-26T10:06:52.8315062Z Unpacking libiterator-util-perl (0.02+ds1-2) ...
2026-07-26T10:06:52.8553855Z Selecting previously unselected package libdata-dpath-perl.
2026-07-26T10:06:52.8690131Z Preparing to unpack .../080-libdata-dpath-perl_0.60-1_all.deb ...
2026-07-26T10:06:52.8703054Z Unpacking libdata-dpath-perl (0.60-1) ...
2026-07-26T10:06:52.8988303Z Selecting previously unselected package libdata-dump-perl.
2026-07-26T10:06:52.9124878Z Preparing to unpack .../081-libdata-dump-perl_1.25-1_all.deb ...
2026-07-26T10:06:52.9134459Z Unpacking libdata-dump-perl (1.25-1) ...
2026-07-26T10:06:52.9498773Z Selecting previously unselected package libdata-messagepack-perl.
2026-07-26T10:06:52.9637507Z Preparing to unpack .../082-libdata-messagepack-perl_1.02-3_amd64v3.deb ...
2026-07-26T10:06:52.9653723Z Unpacking libdata-messagepack-perl (1.02-3) ...
2026-07-26T10:06:52.9902891Z Selecting previously unselected package libnet-domain-tld-perl.
2026-07-26T10:06:53.0038780Z Preparing to unpack .../083-libnet-domain-tld-perl_1.75-4_all.deb ...
2026-07-26T10:06:53.0054645Z Unpacking libnet-domain-tld-perl (1.75-4) ...
2026-07-26T10:06:53.0295589Z Selecting previously unselected package libdata-validate-domain-perl.
2026-07-26T10:06:53.0431103Z Preparing to unpack .../084-libdata-validate-domain-perl_0.15-1_all.deb ...
2026-07-26T10:06:53.0440671Z Unpacking libdata-validate-domain-perl (0.15-1) ...
2026-07-26T10:06:53.0666601Z Selecting previously unselected package libnet-ipv6addr-perl.
2026-07-26T10:06:53.0802942Z Preparing to unpack .../085-libnet-ipv6addr-perl_1.02-1_all.deb ...
2026-07-26T10:06:53.0817001Z Unpacking libnet-ipv6addr-perl (1.02-1) ...
2026-07-26T10:06:53.1073643Z Selecting previously unselected package libnet-netmask-perl.
2026-07-26T10:06:53.1214421Z Preparing to unpack .../086-libnet-netmask-perl_2.0003-1build1_all.deb ...
2026-07-26T10:06:53.1223337Z Unpacking libnet-netmask-perl (2.0003-1build1) ...
2026-07-26T10:06:53.1469859Z Selecting previously unselected package libnetaddr-ip-perl.
2026-07-26T10:06:53.1609404Z Preparing to unpack .../087-libnetaddr-ip-perl_4.079+dfsg-2build5_amd64v3.deb ...
2026-07-26T10:06:53.1622545Z Unpacking libnetaddr-ip-perl (4.079+dfsg-2build5) ...
2026-07-26T10:06:53.1957146Z Selecting previously unselected package libdata-validate-ip-perl.
2026-07-26T10:06:53.2094735Z Preparing to unpack .../088-libdata-validate-ip-perl_0.31-1_all.deb ...
2026-07-26T10:06:53.2109091Z Unpacking libdata-validate-ip-perl (0.31-1) ...
2026-07-26T10:06:53.2357360Z Selecting previously unselected package libdata-validate-uri-perl.
2026-07-26T10:06:53.2494109Z Preparing to unpack .../089-libdata-validate-uri-perl_0.07-3_all.deb ...
2026-07-26T10:06:53.2502351Z Unpacking libdata-validate-uri-perl (0.07-3) ...
2026-07-26T10:06:53.2753047Z Selecting previously unselected package libdistro-info-perl.
2026-07-26T10:06:53.2891295Z Preparing to unpack .../090-libdistro-info-perl_1.15_all.deb ...
2026-07-26T10:06:53.2902167Z Unpacking libdistro-info-perl (1.15) ...
2026-07-26T10:06:53.3140812Z Selecting previously unselected package libemail-address-xs-perl.
2026-07-26T10:06:53.3279779Z Preparing to unpack .../091-libemail-address-xs-perl_1.05-1build5_amd64v3.deb ...
2026-07-26T10:06:53.3290285Z Unpacking libemail-address-xs-perl (1.05-1build5) ...
2026-07-26T10:06:53.3539250Z Selecting previously unselected package libexporter-tiny-perl.
2026-07-26T10:06:53.3676939Z Preparing to unpack .../092-libexporter-tiny-perl_1.006003-1_all.deb ...
2026-07-26T10:06:53.3686646Z Unpacking libexporter-tiny-perl (1.006003-1) ...
2026-07-26T10:06:53.3955137Z Selecting previously unselected package libipc-system-simple-perl.
2026-07-26T10:06:53.4092432Z Preparing to unpack .../093-libipc-system-simple-perl_1.30-2_all.deb ...
2026-07-26T10:06:53.4101588Z Unpacking libipc-system-simple-perl (1.30-2) ...
2026-07-26T10:06:53.4346819Z Selecting previously unselected package libfile-basedir-perl.
2026-07-26T10:06:53.4482500Z Preparing to unpack .../094-libfile-basedir-perl_0.09-2_all.deb ...
2026-07-26T10:06:53.4497345Z Unpacking libfile-basedir-perl (0.09-2) ...
2026-07-26T10:06:53.4750268Z Selecting previously unselected package libnumber-compare-perl.
2026-07-26T10:06:53.4885978Z Preparing to unpack .../095-libnumber-compare-perl_0.03-3_all.deb ...
2026-07-26T10:06:53.4898796Z Unpacking libnumber-compare-perl (0.03-3) ...
2026-07-26T10:06:53.5146067Z Selecting previously unselected package libtext-glob-perl.
2026-07-26T10:06:53.5282981Z Preparing to unpack .../096-libtext-glob-perl_0.11-3_all.deb ...
2026-07-26T10:06:53.5297634Z Unpacking libtext-glob-perl (0.11-3) ...
2026-07-26T10:06:53.5543567Z Selecting previously unselected package libfile-find-rule-perl.
2026-07-26T10:06:53.5680753Z Preparing to unpack .../097-libfile-find-rule-perl_0.35-1build1_all.deb ...
2026-07-26T10:06:53.5690519Z Unpacking libfile-find-rule-perl (0.35-1build1) ...
2026-07-26T10:06:53.5934289Z Selecting previously unselected package libfile-libmagic-perl.
2026-07-26T10:06:53.6070754Z Preparing to unpack .../098-libfile-libmagic-perl_1.23-2build2_amd64.deb ...
2026-07-26T10:06:53.6079809Z Unpacking libfile-libmagic-perl (1.23-2build2) ...
2026-07-26T10:06:53.6321317Z Selecting previously unselected package libfile-sharedir-perl.
2026-07-26T10:06:53.6457841Z Preparing to unpack .../099-libfile-sharedir-perl_1.118-3_all.deb ...
2026-07-26T10:06:53.6470819Z Unpacking libfile-sharedir-perl (1.118-3) ...
2026-07-26T10:06:53.6708733Z Selecting previously unselected package libfont-afm-perl.
2026-07-26T10:06:53.6845791Z Preparing to unpack .../100-libfont-afm-perl_1.20-4_all.deb ...
2026-07-26T10:06:53.6855971Z Unpacking libfont-afm-perl (1.20-4) ...
2026-07-26T10:06:53.7108932Z Selecting previously unselected package libfont-ttf-perl.
2026-07-26T10:06:53.7245695Z Preparing to unpack .../101-libfont-ttf-perl_1.06-2_all.deb ...
2026-07-26T10:06:53.7257214Z Unpacking libfont-ttf-perl (1.06-2) ...
2026-07-26T10:06:53.7746252Z Selecting previously unselected package libfreezethaw-perl.
2026-07-26T10:06:53.7884204Z Preparing to unpack .../102-libfreezethaw-perl_0.5001-3_all.deb ...
2026-07-26T10:06:53.7896136Z Unpacking libfreezethaw-perl (0.5001-3) ...
2026-07-26T10:06:53.8140943Z Selecting previously unselected package libhtml-form-perl.
2026-07-26T10:06:53.8276725Z Preparing to unpack .../103-libhtml-form-perl_6.13-1build1_all.deb ...
2026-07-26T10:06:53.8284973Z Unpacking libhtml-form-perl (6.13-1build1) ...
2026-07-26T10:06:53.8538299Z Selecting previously unselected package libhtml-format-perl.
2026-07-26T10:06:53.8677059Z Preparing to unpack .../104-libhtml-format-perl_2.16-2_all.deb ...
2026-07-26T10:06:53.8686009Z Unpacking libhtml-format-perl (2.16-2) ...
2026-07-26T10:06:53.8926998Z Selecting previously unselected package libhtml-html5-entities-perl.
2026-07-26T10:06:53.9066239Z Preparing to unpack .../105-libhtml-html5-entities-perl_0.004-3_all.deb ...
2026-07-26T10:06:53.9074570Z Unpacking libhtml-html5-entities-perl (0.004-3) ...
2026-07-26T10:06:53.9312702Z Selecting previously unselected package libhtml-tokeparser-simple-perl.
2026-07-26T10:06:53.9451139Z Preparing to unpack .../106-libhtml-tokeparser-simple-perl_3.16-4_all.deb ...
2026-07-26T10:06:53.9464899Z Unpacking libhtml-tokeparser-simple-perl (3.16-4) ...
2026-07-26T10:06:53.9716495Z Selecting previously unselected package libhttp-daemon-perl.
2026-07-26T10:06:53.9854770Z Preparing to unpack .../107-libhttp-daemon-perl_6.16-1ubuntu0.26.04.1_all.deb ...
2026-07-26T10:06:53.9869299Z Unpacking libhttp-daemon-perl (6.16-1ubuntu0.26.04.1) ...
2026-07-26T10:06:54.0187163Z Selecting previously unselected package libindirect-perl.
2026-07-26T10:06:54.0325298Z Preparing to unpack .../108-libindirect-perl_0.39-2build5_amd64v3.deb ...
2026-07-26T10:06:54.0336670Z Unpacking libindirect-perl (0.39-2build5) ...
2026-07-26T10:06:54.0580291Z Selecting previously unselected package libio-interactive-perl.
2026-07-26T10:06:54.0719960Z Preparing to unpack .../109-libio-interactive-perl_1.027-1_all.deb ...
2026-07-26T10:06:54.0731041Z Unpacking libio-interactive-perl (1.027-1) ...
2026-07-26T10:06:54.0970447Z Selecting previously unselected package libjson-maybexs-perl.
2026-07-26T10:06:54.1109254Z Preparing to unpack .../110-libjson-maybexs-perl_1.004008-1_all.deb ...
2026-07-26T10:06:54.1120812Z Unpacking libjson-maybexs-perl (1.004008-1) ...
2026-07-26T10:06:54.1410377Z Selecting previously unselected package liblist-compare-perl.
2026-07-26T10:06:54.1546232Z Preparing to unpack .../111-liblist-compare-perl_0.55-2_all.deb ...
2026-07-26T10:06:54.1557026Z Unpacking liblist-compare-perl (0.55-2) ...
2026-07-26T10:06:54.1830531Z Selecting previously unselected package liblist-someutils-perl.
2026-07-26T10:06:54.1965994Z Preparing to unpack .../112-liblist-someutils-perl_0.59-1_all.deb ...
2026-07-26T10:06:54.1978266Z Unpacking liblist-someutils-perl (0.59-1) ...
2026-07-26T10:06:54.2221266Z Selecting previously unselected package liblist-someutils-xs-perl:amd64.
2026-07-26T10:06:54.2360243Z Preparing to unpack .../113-liblist-someutils-xs-perl_0.58-3build5_amd64v3.deb ...
2026-07-26T10:06:54.2373697Z Unpacking liblist-someutils-xs-perl:amd64 (0.58-3build5) ...
2026-07-26T10:06:54.2621863Z Selecting previously unselected package liblist-utilsby-perl.
2026-07-26T10:06:54.2761379Z Preparing to unpack .../114-liblist-utilsby-perl_0.12-2_all.deb ...
2026-07-26T10:06:54.2769965Z Unpacking liblist-utilsby-perl (0.12-2) ...
2026-07-26T10:06:54.3015509Z Selecting previously unselected package liblog-any-perl.
2026-07-26T10:06:54.3153800Z Preparing to unpack .../115-liblog-any-perl_1.718-1build1_all.deb ...
2026-07-26T10:06:54.3165592Z Unpacking liblog-any-perl (1.718-1build1) ...
2026-07-26T10:06:54.3513722Z Selecting previously unselected package liblog-any-adapter-screen-perl.
2026-07-26T10:06:54.3652217Z Preparing to unpack .../116-liblog-any-adapter-screen-perl_0.141-2_all.deb ...
2026-07-26T10:06:54.3664275Z Unpacking liblog-any-adapter-screen-perl (0.141-2) ...
2026-07-26T10:06:54.3908302Z Selecting previously unselected package libnet-smtp-ssl-perl.
2026-07-26T10:06:54.4045633Z Preparing to unpack .../117-libnet-smtp-ssl-perl_1.04-2_all.deb ...
2026-07-26T10:06:54.4056624Z Unpacking libnet-smtp-ssl-perl (1.04-2) ...
2026-07-26T10:06:54.4293464Z Selecting previously unselected package libmailtools-perl.
2026-07-26T10:06:54.4432529Z Preparing to unpack .../118-libmailtools-perl_2.22-1_all.deb ...
2026-07-26T10:06:54.4447252Z Unpacking libmailtools-perl (2.22-1) ...
2026-07-26T10:06:54.4783670Z Selecting previously unselected package libmarkdown2:amd64.
2026-07-26T10:06:54.4922375Z Preparing to unpack .../119-libmarkdown2_2.2.7-2.1build1_amd64v3.deb ...
2026-07-26T10:06:54.4934585Z Unpacking libmarkdown2:amd64 (2.2.7-2.1build1) ...
2026-07-26T10:06:54.5184217Z Selecting previously unselected package libmath-base85-perl.
2026-07-26T10:06:54.5321577Z Preparing to unpack .../120-libmath-base85-perl_0.5+dfsg-2_all.deb ...
2026-07-26T10:06:54.5340335Z Unpacking libmath-base85-perl (0.5+dfsg-2) ...
2026-07-26T10:06:54.5572594Z Selecting previously unselected package libmldbm-perl.
2026-07-26T10:06:54.5709754Z Preparing to unpack .../121-libmldbm-perl_2.05-4_all.deb ...
2026-07-26T10:06:54.5719934Z Unpacking libmldbm-perl (2.05-4) ...
2026-07-26T10:06:54.5982297Z Selecting previously unselected package libstrictures-perl.
2026-07-26T10:06:54.6120234Z Preparing to unpack .../122-libstrictures-perl_2.000006-1build1_all.deb ...
2026-07-26T10:06:54.6130020Z Unpacking libstrictures-perl (2.000006-1build1) ...
2026-07-26T10:06:54.6363534Z Selecting previously unselected package libmoox-aliases-perl.
2026-07-26T10:06:54.6500279Z Preparing to unpack .../123-libmoox-aliases-perl_0.001006-2_all.deb ...
2026-07-26T10:06:54.6510435Z Unpacking libmoox-aliases-perl (0.001006-2) ...
2026-07-26T10:06:54.6763335Z Selecting previously unselected package libmouse-perl:amd64.
2026-07-26T10:06:54.6898711Z Preparing to unpack .../124-libmouse-perl_2.6.1-1_amd64v3.deb ...
2026-07-26T10:06:54.6907944Z Unpacking libmouse-perl:amd64 (2.6.1-1) ...
2026-07-26T10:06:54.7238497Z Selecting previously unselected package libpackage-stash-perl.
2026-07-26T10:06:54.7376537Z Preparing to unpack .../125-libpackage-stash-perl_0.40-1_all.deb ...
2026-07-26T10:06:54.7391275Z Unpacking libpackage-stash-perl (0.40-1) ...
2026-07-26T10:06:54.7632696Z Selecting previously unselected package libsub-identify-perl.
2026-07-26T10:06:54.7771769Z Preparing to unpack .../126-libsub-identify-perl_0.14-4_amd64v3.deb ...
2026-07-26T10:06:54.7781899Z Unpacking libsub-identify-perl (0.14-4) ...
2026-07-26T10:06:54.8026548Z Selecting previously unselected package libsub-name-perl:amd64.
2026-07-26T10:06:54.8165333Z Preparing to unpack .../127-libsub-name-perl_0.28-1_amd64v3.deb ...
2026-07-26T10:06:54.8177344Z Unpacking libsub-name-perl:amd64 (0.28-1) ...
2026-07-26T10:06:54.8405487Z Selecting previously unselected package libnamespace-clean-perl.
2026-07-26T10:06:54.8543199Z Preparing to unpack .../128-libnamespace-clean-perl_0.27-2_all.deb ...
2026-07-26T10:06:54.8556864Z Unpacking libnamespace-clean-perl (0.27-2) ...
2026-07-26T10:06:54.8793859Z Selecting previously unselected package libxs-parse-keyword-perl.
2026-07-26T10:06:54.8931986Z Preparing to unpack .../129-libxs-parse-keyword-perl_0.49-1_amd64v3.deb ...
2026-07-26T10:06:54.8946162Z Unpacking libxs-parse-keyword-perl (0.49-1) ...
2026-07-26T10:06:54.9211988Z Selecting previously unselected package libxs-parse-sublike-perl:amd64.
2026-07-26T10:06:54.9349941Z Preparing to unpack .../130-libxs-parse-sublike-perl_0.41-1_amd64v3.deb ...
2026-07-26T10:06:54.9360339Z Unpacking libxs-parse-sublike-perl:amd64 (0.41-1) ...
2026-07-26T10:06:54.9613108Z Selecting previously unselected package libobject-pad-perl.
2026-07-26T10:06:54.9750356Z Preparing to unpack .../131-libobject-pad-perl_0.823-2_amd64v3.deb ...
2026-07-26T10:06:54.9759283Z Unpacking libobject-pad-perl (0.823-2) ...
2026-07-26T10:06:55.0031917Z Selecting previously unselected package libpackage-stash-xs-perl:amd64.
2026-07-26T10:06:55.0169369Z Preparing to unpack .../132-libpackage-stash-xs-perl_0.30-1build5_amd64v3.deb ...
2026-07-26T10:06:55.0179334Z Unpacking libpackage-stash-xs-perl:amd64 (0.30-1build5) ...
2026-07-26T10:06:55.0422266Z Selecting previously unselected package libpaper-utils.
2026-07-26T10:06:55.0561312Z Preparing to unpack .../133-libpaper-utils_2.2.5-0.3maysync1_amd64v3.deb ...
2026-07-26T10:06:55.0581255Z Unpacking libpaper-utils (2.2.5-0.3maysync1) ...
2026-07-26T10:06:55.0837386Z Selecting previously unselected package libpath-iterator-rule-perl.
2026-07-26T10:06:55.0975277Z Preparing to unpack .../134-libpath-iterator-rule-perl_1.015-2_all.deb ...
2026-07-26T10:06:55.0991731Z Unpacking libpath-iterator-rule-perl (1.015-2) ...
2026-07-26T10:06:55.1249870Z Selecting previously unselected package libpath-tiny-perl.
2026-07-26T10:06:55.1387662Z Preparing to unpack .../135-libpath-tiny-perl_0.148-1_all.deb ...
2026-07-26T10:06:55.1396677Z Unpacking libpath-tiny-perl (0.148-1) ...
2026-07-26T10:06:55.1646934Z Selecting previously unselected package libperlio-gzip-perl.
2026-07-26T10:06:55.1784844Z Preparing to unpack .../136-libperlio-gzip-perl_0.20-1build5_amd64v3.deb ...
2026-07-26T10:06:55.1796166Z Unpacking libperlio-gzip-perl (0.20-1build5) ...
2026-07-26T10:06:55.2050754Z Selecting previously unselected package libperlio-utf8-strict-perl.
2026-07-26T10:06:55.2190005Z Preparing to unpack .../137-libperlio-utf8-strict-perl_0.010-1build4_amd64v3.deb ...
2026-07-26T10:06:55.2200939Z Unpacking libperlio-utf8-strict-perl (0.010-1build4) ...
2026-07-26T10:06:55.2443432Z Selecting previously unselected package libpod-parser-perl.
2026-07-26T10:06:55.2581082Z Preparing to unpack .../138-libpod-parser-perl_1.67-1_all.deb ...
2026-07-26T10:06:55.2745324Z Adding 'diversion of /usr/bin/podselect to /usr/bin/podselect.bundled by libpod-parser-perl'
2026-07-26T10:06:55.2881690Z Adding 'diversion of /usr/share/man/man1/podselect.1.gz to /usr/share/man/man1/podselect.bundled.1.gz by libpod-parser-perl'
2026-07-26T10:06:55.2907180Z Unpacking libpod-parser-perl (1.67-1) ...
2026-07-26T10:06:55.3179199Z Selecting previously unselected package libpod-constants-perl.
2026-07-26T10:06:55.3317574Z Preparing to unpack .../139-libpod-constants-perl_0.19-2_all.deb ...
2026-07-26T10:06:55.3327144Z Unpacking libpod-constants-perl (0.19-2) ...
2026-07-26T10:06:55.3576839Z Selecting previously unselected package libqpdf30:amd64.
2026-07-26T10:06:55.3714024Z Preparing to unpack .../140-libqpdf30_12.3.2-1_amd64v3.deb ...
2026-07-26T10:06:55.3724844Z Unpacking libqpdf30:amd64 (12.3.2-1) ...
2026-07-26T10:06:55.4098988Z Selecting previously unselected package libre2-11:amd64.
2026-07-26T10:06:55.4239825Z Preparing to unpack .../141-libre2-11_20250805-1build3_amd64v3.deb ...
2026-07-26T10:06:55.4249147Z Unpacking libre2-11:amd64 (20250805-1build3) ...
2026-07-26T10:06:55.4541746Z Selecting previously unselected package libre-engine-re2-perl:amd64.
2026-07-26T10:06:55.4678497Z Preparing to unpack .../142-libre-engine-re2-perl_0.18+ds-3build1_amd64v3.deb ...
2026-07-26T10:06:55.4693400Z Unpacking libre-engine-re2-perl:amd64 (0.18+ds-3build1) ...
2026-07-26T10:06:55.4954722Z Selecting previously unselected package libregexp-pattern-license-perl.
2026-07-26T10:06:55.5091408Z Preparing to unpack .../143-libregexp-pattern-license-perl_3.11.2-1_all.deb ...
2026-07-26T10:06:55.5104832Z Unpacking libregexp-pattern-license-perl (3.11.2-1) ...
2026-07-26T10:06:55.5374820Z Selecting previously unselected package libregexp-pattern-perl.
2026-07-26T10:06:55.5511559Z Preparing to unpack .../144-libregexp-pattern-perl_0.2.14-3_all.deb ...
2026-07-26T10:06:55.5530560Z Unpacking libregexp-pattern-perl (0.2.14-3) ...
2026-07-26T10:06:55.5762109Z Selecting previously unselected package libregexp-wildcards-perl.
2026-07-26T10:06:55.5899777Z Preparing to unpack .../145-libregexp-wildcards-perl_1.05-3_all.deb ...
2026-07-26T10:06:55.5910615Z Unpacking libregexp-wildcards-perl (1.05-3) ...
2026-07-26T10:06:55.6155274Z Selecting previously unselected package libsereal-decoder-perl.
2026-07-26T10:06:55.6291279Z Preparing to unpack .../146-libsereal-decoder-perl_5.004+ds-1build5_amd64v3.deb ...
2026-07-26T10:06:55.6305042Z Unpacking libsereal-decoder-perl (5.004+ds-1build5) ...
2026-07-26T10:06:55.6555919Z Selecting previously unselected package libsereal-encoder-perl.
2026-07-26T10:06:55.6691712Z Preparing to unpack .../147-libsereal-encoder-perl_5.004+ds-1build4_amd64v3.deb ...
2026-07-26T10:06:55.6701400Z Unpacking libsereal-encoder-perl (5.004+ds-1build4) ...
2026-07-26T10:06:55.6961724Z Selecting previously unselected package libset-intspan-perl.
2026-07-26T10:06:55.7096072Z Preparing to unpack .../148-libset-intspan-perl_1.19-3_all.deb ...
2026-07-26T10:06:55.7110481Z Unpacking libset-intspan-perl (1.19-3) ...
2026-07-26T10:06:55.7345078Z Selecting previously unselected package libsocket6-perl.
2026-07-26T10:06:55.7479833Z Preparing to unpack .../149-libsocket6-perl_0.29-3build4_amd64v3.deb ...
2026-07-26T10:06:55.7490454Z Unpacking libsocket6-perl (0.29-3build4) ...
2026-07-26T10:06:55.7731181Z Selecting previously unselected package libsort-versions-perl.
2026-07-26T10:06:55.7867694Z Preparing to unpack .../150-libsort-versions-perl_1.62-3_all.deb ...
2026-07-26T10:06:55.7880461Z Unpacking libsort-versions-perl (1.62-3) ...
2026-07-26T10:06:55.8114384Z Selecting previously unselected package libstring-copyright-perl.
2026-07-26T10:06:55.8249604Z Preparing to unpack .../151-libstring-copyright-perl_0.003014-1_all.deb ...
2026-07-26T10:06:55.8261570Z Unpacking libstring-copyright-perl (0.003014-1) ...
2026-07-26T10:06:55.8502193Z Selecting previously unselected package libstring-escape-perl.
2026-07-26T10:06:55.8637441Z Preparing to unpack .../152-libstring-escape-perl_2010.002-3_all.deb ...
2026-07-26T10:06:55.8649268Z Unpacking libstring-escape-perl (2010.002-3) ...
2026-07-26T10:06:55.8895440Z Selecting previously unselected package libstring-license-perl.
2026-07-26T10:06:55.9030529Z Preparing to unpack .../153-libstring-license-perl_0.0.11-1ubuntu1_all.deb ...
2026-07-26T10:06:55.9040944Z Unpacking libstring-license-perl (0.0.11-1ubuntu1) ...
2026-07-26T10:06:55.9285898Z Selecting previously unselected package libstring-shellquote-perl.
2026-07-26T10:06:55.9421822Z Preparing to unpack .../154-libstring-shellquote-perl_1.04-3_all.deb ...
2026-07-26T10:06:55.9431530Z Unpacking libstring-shellquote-perl (1.04-3) ...
2026-07-26T10:06:55.9689372Z Selecting previously unselected package libsyntax-keyword-try-perl.
2026-07-26T10:06:55.9824916Z Preparing to unpack .../155-libsyntax-keyword-try-perl_0.31-1_amd64v3.deb ...
2026-07-26T10:06:55.9840806Z Unpacking libsyntax-keyword-try-perl (0.31-1) ...
2026-07-26T10:06:56.0131213Z Selecting previously unselected package libtext-levenshteinxs-perl.
2026-07-26T10:06:56.0266686Z Preparing to unpack .../156-libtext-levenshteinxs-perl_0.03-5build5_amd64v3.deb ...
2026-07-26T10:06:56.0276973Z Unpacking libtext-levenshteinxs-perl (0.03-5build5) ...
2026-07-26T10:06:56.0514724Z Selecting previously unselected package libtext-markdown-discount-perl.
2026-07-26T10:06:56.0651447Z Preparing to unpack .../157-libtext-markdown-discount-perl_0.18-1_amd64v3.deb ...
2026-07-26T10:06:56.0661967Z Unpacking libtext-markdown-discount-perl (0.18-1) ...
2026-07-26T10:06:56.0901861Z Selecting previously unselected package libtext-xslate-perl:amd64.
2026-07-26T10:06:56.1039483Z Preparing to unpack .../158-libtext-xslate-perl_3.5.9-2build1_amd64v3.deb ...
2026-07-26T10:06:56.1056481Z Unpacking libtext-xslate-perl:amd64 (3.5.9-2build1) ...
2026-07-26T10:06:56.1452867Z Selecting previously unselected package libtime-duration-perl.
2026-07-26T10:06:56.1589442Z Preparing to unpack .../159-libtime-duration-perl_1.21-2_all.deb ...
2026-07-26T10:06:56.1600532Z Unpacking libtime-duration-perl (1.21-2) ...
2026-07-26T10:06:56.1881232Z Selecting previously unselected package libtime-moment-perl.
2026-07-26T10:06:56.2018327Z Preparing to unpack .../160-libtime-moment-perl_0.46-1_amd64v3.deb ...
2026-07-26T10:06:56.2030131Z Unpacking libtime-moment-perl (0.46-1) ...
2026-07-26T10:06:56.2303742Z Selecting previously unselected package libunicode-utf8-perl.
2026-07-26T10:06:56.2439175Z Preparing to unpack .../161-libunicode-utf8-perl_0.63-1_amd64v3.deb ...
2026-07-26T10:06:56.2449318Z Unpacking libunicode-utf8-perl (0.63-1) ...
2026-07-26T10:06:56.2691512Z Selecting previously unselected package libwww-mechanize-perl.
2026-07-26T10:06:56.2827863Z Preparing to unpack .../162-libwww-mechanize-perl_2.20-1ubuntu1_all.deb ...
2026-07-26T10:06:56.2836548Z Unpacking libwww-mechanize-perl (2.20-1ubuntu1) ...
2026-07-26T10:06:56.3123788Z Selecting previously unselected package licensecheck.
2026-07-26T10:06:56.3261967Z Preparing to unpack .../163-licensecheck_3.3.9-1ubuntu2_all.deb ...
2026-07-26T10:06:56.3270830Z Unpacking licensecheck (3.3.9-1ubuntu2) ...
2026-07-26T10:06:56.3529518Z Selecting previously unselected package libdevel-size-perl.
2026-07-26T10:06:56.3666580Z Preparing to unpack .../164-libdevel-size-perl_0.86-1_amd64v3.deb ...
2026-07-26T10:06:56.3677512Z Unpacking libdevel-size-perl (0.86-1) ...
2026-07-26T10:06:56.3932391Z Selecting previously unselected package libipc-run3-perl.
2026-07-26T10:06:56.4068870Z Preparing to unpack .../165-libipc-run3-perl_0.049-1_all.deb ...
2026-07-26T10:06:56.4081082Z Unpacking libipc-run3-perl (0.049-1) ...
2026-07-26T10:06:56.4506865Z Selecting previously unselected package lzip.
2026-07-26T10:06:56.4646518Z Preparing to unpack .../166-lzip_1.26~rc1-2_amd64v3.deb ...
2026-07-26T10:06:56.4656884Z Unpacking lzip (1.26~rc1-2) ...
2026-07-26T10:06:56.4918761Z Selecting previously unselected package lzop.
2026-07-26T10:06:56.5056370Z Preparing to unpack .../167-lzop_1.04-2build4_amd64v3.deb ...
2026-07-26T10:06:56.5068660Z Unpacking lzop (1.04-2build4) ...
2026-07-26T10:06:56.5335310Z Selecting previously unselected package t1utils.
2026-07-26T10:06:56.5473362Z Preparing to unpack .../168-t1utils_1.41-4build4_amd64v3.deb ...
2026-07-26T10:06:56.5485710Z Unpacking t1utils (1.41-4build4) ...
2026-07-26T10:06:56.5808587Z Selecting previously unselected package lintian.
2026-07-26T10:06:56.5945416Z Preparing to unpack .../169-lintian_2.129.0ubuntu2.1_all.deb ...
2026-07-26T10:06:56.6041999Z Unpacking lintian (2.129.0ubuntu2.1) ...
2026-07-26T10:06:56.9793369Z Selecting previously unselected package python3-nacl.
2026-07-26T10:06:56.9941775Z Preparing to unpack .../170-python3-nacl_1.5.0-8_amd64v3.deb ...
2026-07-26T10:06:56.9953044Z Unpacking python3-nacl (1.5.0-8) ...
2026-07-26T10:06:57.0257797Z Selecting previously unselected package python3-paramiko.
2026-07-26T10:06:57.0398765Z Preparing to unpack .../171-python3-paramiko_4.0.0-1ubuntu2_all.deb ...
2026-07-26T10:06:57.0410864Z Unpacking python3-paramiko (4.0.0-1ubuntu2) ...
2026-07-26T10:06:57.0743217Z Selecting previously unselected package python3-unidiff.
2026-07-26T10:06:57.0881596Z Preparing to unpack .../172-python3-unidiff_0.7.5-2build1_all.deb ...
2026-07-26T10:06:57.0891807Z Unpacking python3-unidiff (0.7.5-2build1) ...
2026-07-26T10:06:57.1155713Z Selecting previously unselected package qpdf.
2026-07-26T10:06:57.1297483Z Preparing to unpack .../173-qpdf_12.3.2-1_amd64v3.deb ...
2026-07-26T10:06:57.1306305Z Unpacking qpdf (12.3.2-1) ...
2026-07-26T10:06:57.1591405Z Selecting previously unselected package libauthen-sasl-perl.
2026-07-26T10:06:57.1730461Z Preparing to unpack .../174-libauthen-sasl-perl_2.2000-1_all.deb ...
2026-07-26T10:06:57.1740233Z Unpacking libauthen-sasl-perl (2.2000-1) ...
2026-07-26T10:06:57.2219563Z Setting up libconfig-inifiles-perl (3.000003-4ubuntu0.1) ...
2026-07-26T10:06:57.2269780Z Setting up libapt-pkg-perl (0.1.43) ...
2026-07-26T10:06:57.2295944Z Setting up libstring-escape-perl (2010.002-3) ...
2026-07-26T10:06:57.2320751Z Setting up libberkeleydb-perl:amd64 (0.66-2) ...
2026-07-26T10:06:57.2345525Z Setting up wdiff (1.2.2-9build1) ...
2026-07-26T10:06:57.2377900Z Setting up libhttp-negotiate-perl (6.01-2) ...
2026-07-26T10:06:57.2403950Z Setting up libfile-which-perl (1.27-2) ...
2026-07-26T10:06:57.2435938Z Setting up gettext (0.23.2-1) ...
2026-07-26T10:06:57.2464717Z Setting up libunicode-utf8-perl (0.63-1) ...
2026-07-26T10:06:57.2488849Z Setting up libset-intspan-perl (1.19-3) ...
2026-07-26T10:06:57.2517795Z Setting up libmouse-perl:amd64 (2.6.1-1) ...
2026-07-26T10:06:57.2547682Z Setting up libfile-listing-perl (6.16-1) ...
2026-07-26T10:06:57.2583337Z Setting up fonts-noto-mono (20201225-2build1) ...
2026-07-26T10:06:57.2623942Z Setting up gdebi-core (0.9.5.8) ...
2026-07-26T10:06:57.3858047Z Setting up libregexp-pattern-perl (0.2.14-3) ...
2026-07-26T10:06:57.3885171Z Setting up libdata-messagepack-perl (1.02-3) ...
2026-07-26T10:06:57.3915014Z Setting up libclass-inspector-perl (1.36-3) ...
2026-07-26T10:06:57.3951726Z Setting up libfont-afm-perl (1.20-4) ...
2026-07-26T10:06:57.3980984Z Setting up libdynaloader-functions-perl (0.004-2) ...
2026-07-26T10:06:57.4019891Z Setting up libtext-glob-perl (0.11-3) ...
2026-07-26T10:06:57.4048006Z Setting up libclass-method-modifiers-perl (2.15-1) ...
2026-07-26T10:06:57.4077891Z Setting up liblist-compare-perl (0.55-2) ...
2026-07-26T10:06:57.4110970Z Setting up libhttp-cookies-perl (6.11-1) ...
2026-07-26T10:06:57.4140897Z Setting up libarchive-zip-perl (1.68-1) ...
2026-07-26T10:06:57.4177660Z Setting up libsub-identify-perl (0.14-4) ...
2026-07-26T10:06:57.4201502Z Setting up libdistro-info-perl (1.15) ...
2026-07-26T10:06:57.4227716Z Setting up libcpanel-json-xs-perl:amd64 (4.40-1) ...
2026-07-26T10:06:57.4261084Z Setting up liblog-any-perl (1.718-1build1) ...
2026-07-26T10:06:57.4301205Z Setting up libijs-0.35:amd64 (0.35-16) ...
2026-07-26T10:06:57.4339850Z Setting up libhtml-tree-perl (5.07-3) ...
2026-07-26T10:06:57.4370304Z Setting up libdevel-size-perl (0.86-1) ...
2026-07-26T10:06:57.4401907Z Setting up libgs-common (10.06.0~dfsg-3ubuntu1) ...
2026-07-26T10:06:57.4439032Z Setting up libregexp-pattern-license-perl (3.11.2-1) ...
2026-07-26T10:06:57.4494629Z Setting up libyaml-libyaml-perl (0.904.0+ds-1) ...
2026-07-26T10:06:57.4527646Z Setting up libcrypt-urandom-perl (0.55-1) ...
2026-07-26T10:06:57.4565910Z Setting up libio-interactive-perl (1.027-1) ...
2026-07-26T10:06:57.4601102Z Setting up libtry-tiny-perl (0.32-1) ...
2026-07-26T10:06:57.4636648Z Setting up perl-openssl-defaults:amd64 (7build4) ...
2026-07-26T10:06:57.4673834Z Setting up libmldbm-perl (2.05-4) ...
2026-07-26T10:06:57.4705165Z Setting up libnet-http-perl (6.24-1build1) ...
2026-07-26T10:06:57.4740458Z Setting up libtime-moment-perl (0.46-1) ...
2026-07-26T10:06:57.4771374Z Setting up libhtml-format-perl (2.16-2) ...
2026-07-26T10:06:57.4803381Z Setting up libmath-base85-perl (0.5+dfsg-2) ...
2026-07-26T10:06:57.4840719Z Setting up python3-xdg (0.28-3) ...
2026-07-26T10:06:57.6204472Z Setting up libconfig-tiny-perl (2.30-1) ...
2026-07-26T10:06:57.6241834Z Setting up libsereal-encoder-perl (5.004+ds-1build4) ...
2026-07-26T10:06:57.6272423Z Setting up liblist-utilsby-perl (0.12-2) ...
2026-07-26T10:06:57.6299521Z Setting up libstring-shellquote-perl (1.04-3) ...
2026-07-26T10:06:57.6327758Z Setting up libnet-netmask-perl (2.0003-1build1) ...
2026-07-26T10:06:57.6354717Z Setting up libsub-install-perl (0.929-1) ...
2026-07-26T10:06:57.6388724Z Setting up libindirect-perl (0.39-2build5) ...
2026-07-26T10:06:57.6413640Z Setting up poppler-data (0.4.12-1build1) ...
2026-07-26T10:06:57.6587646Z Setting up libnumber-compare-perl (0.03-3) ...
2026-07-26T10:06:57.6620529Z Setting up intltool-debian (0.35.0+20060710.6build1) ...
2026-07-26T10:06:57.6651501Z Setting up libfreezethaw-perl (0.5001-3) ...
2026-07-26T10:06:57.6710448Z Setting up patchutils (0.4.3-1ubuntu1) ...
2026-07-26T10:06:57.6741323Z Setting up libjson-maybexs-perl (1.004008-1) ...
2026-07-26T10:06:57.6777099Z Setting up libio-string-perl (1.08-4) ...
2026-07-26T10:06:57.6805664Z Setting up libnetaddr-ip-perl (4.079+dfsg-2build5) ...
2026-07-26T10:06:57.6841663Z Setting up libpackage-stash-xs-perl:amd64 (0.30-1build5) ...
2026-07-26T10:06:57.6872063Z Setting up libclass-data-inheritable-perl (0.10-1) ...
2026-07-26T10:06:57.6906791Z Setting up python3-gpg (2.0.0-2build1) ...
2026-07-26T10:06:57.8345870Z Setting up libdata-dump-perl (1.25-1) ...
2026-07-26T10:06:57.8372979Z Setting up libfile-find-rule-perl (0.35-1build1) ...
2026-07-26T10:06:57.8405413Z Setting up libjbig2dec0:amd64 (0.20-1ubuntu0.26.04.1) ...
2026-07-26T10:06:57.8440903Z Setting up libipc-system-simple-perl (1.30-2) ...
2026-07-26T10:06:57.8480882Z Setting up libnet-domain-tld-perl (1.75-4) ...
2026-07-26T10:06:57.8509288Z Setting up libperlio-utf8-strict-perl (0.010-1build4) ...
2026-07-26T10:06:57.8535050Z Setting up libsocket6-perl (0.29-3build4) ...
2026-07-26T10:06:57.8566167Z Setting up lzip (1.26~rc1-2) ...
2026-07-26T10:06:57.8633945Z update-alternatives: using /usr/bin/lzip.lzip to provide /usr/bin/lzip (lzip) in auto mode
2026-07-26T10:06:57.8685152Z update-alternatives: using /usr/bin/lzip.lzip to provide /usr/bin/lzip-compressor (lzip-compressor) in auto mode
2026-07-26T10:06:57.8729786Z update-alternatives: using /usr/bin/lzip.lzip to provide /usr/bin/lzip-decompressor (lzip-decompressor) in auto mode
2026-07-26T10:06:57.8759339Z Setting up xfonts-encodings (1:1.0.5-0ubuntu3) ...
2026-07-26T10:06:57.8791888Z Setting up t1utils (1.41-4build4) ...
2026-07-26T10:06:57.8836926Z Setting up diffstat (1.68-1) ...
2026-07-26T10:06:57.8875796Z Setting up libvariable-magic-perl (0.64-1build1) ...
2026-07-26T10:06:57.8902644Z Setting up libidn12:amd64 (1.43-2ubuntu0.26.04.1) ...
2026-07-26T10:06:57.8986159Z Setting up libpod-parser-perl (1.67-1) ...
2026-07-26T10:06:57.9014859Z Setting up libb-hooks-op-check-perl:amd64 (0.22-3build2) ...
2026-07-26T10:06:57.9040811Z Setting up libfile-libmagic-perl (1.23-2build2) ...
2026-07-26T10:06:57.9083296Z Setting up libparams-util-perl (1.102-3build1) ...
2026-07-26T10:06:57.9115900Z Setting up libtime-duration-perl (1.21-2) ...
2026-07-26T10:06:57.9155298Z Setting up libtext-xslate-perl:amd64 (3.5.9-2build1) ...
2026-07-26T10:06:57.9181841Z Setting up libsub-exporter-progressive-perl (0.001013-3) ...
2026-07-26T10:06:57.9320538Z Setting up libarray-intspan-perl (2.004-2) ...
2026-07-26T10:06:57.9354861Z Setting up libcapture-tiny-perl (0.50-1) ...
2026-07-26T10:06:57.9388721Z Setting up libsub-name-perl:amd64 (0.28-1) ...
2026-07-26T10:06:57.9444686Z Setting up libwww-robotrules-perl (6.02-1build1) ...
2026-07-26T10:06:57.9474154Z Setting up libdata-validate-domain-perl (0.15-1) ...
2026-07-26T10:06:57.9500497Z Setting up libhttp-daemon-perl (6.16-1ubuntu0.26.04.1) ...
2026-07-26T10:06:57.9526032Z Setting up libpath-tiny-perl (0.148-1) ...
2026-07-26T10:06:57.9560515Z Setting up lzop (1.04-2build4) ...
2026-07-26T10:06:57.9588563Z Setting up liblog-any-adapter-screen-perl (0.141-2) ...
2026-07-26T10:06:57.9617214Z Setting up librole-tiny-perl (2.002004-1) ...
2026-07-26T10:06:57.9646328Z Setting up libipc-run3-perl (0.049-1) ...
2026-07-26T10:06:57.9681167Z Setting up libregexp-wildcards-perl (1.05-3) ...
2026-07-26T10:06:57.9715887Z Setting up libfile-sharedir-perl (1.118-3) ...
2026-07-26T10:06:57.9741205Z Setting up libaliased-perl (0.34-3) ...
2026-07-26T10:06:57.9779001Z Setting up libabsl20260107:amd64 (20260107.0-4) ...
2026-07-26T10:06:57.9801908Z Setting up python3-unidiff (0.7.5-2build1) ...
2026-07-26T10:06:58.0909537Z Setting up libstrictures-perl (2.000006-1build1) ...
2026-07-26T10:06:58.0932171Z Setting up libsub-quote-perl (2.006009-1ubuntu1) ...
2026-07-26T10:06:58.0960673Z Setting up libdevel-stacktrace-perl (2.0500-1) ...
2026-07-26T10:06:58.1005656Z Setting up libclass-xsaccessor-perl (1.19-4build6) ...
2026-07-26T10:06:58.1034853Z Setting up fonts-droid-fallback (1:8.1.0r7-1~1.gbp36536bbuild1) ...
2026-07-26T10:06:58.1090831Z Setting up libpaper2:amd64 (2.2.5-0.3maysync1) ...
2026-07-26T10:06:58.2048781Z Setting up libsort-versions-perl (1.62-3) ...
2026-07-26T10:06:58.2080632Z Setting up libexporter-tiny-perl (1.006003-1) ...
2026-07-26T10:06:58.2112357Z Setting up libfile-dirlist-perl (0.05-3) ...
2026-07-26T10:06:58.2150909Z Setting up libqpdf30:amd64 (12.3.2-1) ...
2026-07-26T10:06:58.2179671Z Setting up libfont-ttf-perl (1.06-2) ...
2026-07-26T10:06:58.2218902Z Setting up libfile-homedir-perl (1.006-2) ...
2026-07-26T10:06:58.2311095Z Setting up libtext-levenshteinxs-perl (0.03-5build5) ...
2026-07-26T10:06:58.2349226Z Setting up libperlio-gzip-perl (0.20-1build5) ...
2026-07-26T10:06:58.2387088Z Setting up libhtml-html5-entities-perl (0.004-3) ...
2026-07-26T10:06:58.2416698Z Setting up libsereal-decoder-perl (5.004+ds-1build5) ...
2026-07-26T10:06:58.2447389Z Setting up libmarkdown2:amd64 (2.2.7-2.1build1) ...
2026-07-26T10:06:58.2473971Z Setting up libnet-ipv6addr-perl (1.02-1) ...
2026-07-26T10:06:58.2501297Z Setting up libfile-touch-perl (0.12-2) ...
2026-07-26T10:06:58.2539206Z Setting up python3-nacl (1.5.0-8) ...
2026-07-26T10:06:58.3876114Z Setting up dctrl-tools (2.24-3build4) ...
2026-07-26T10:06:58.3970263Z Setting up libdata-validate-ip-perl (0.31-1) ...
2026-07-26T10:06:58.3999157Z Setting up libhtml-form-perl (6.13-1build1) ...
2026-07-26T10:06:58.4036427Z Setting up libemail-address-xs-perl (1.05-1build5) ...
2026-07-26T10:06:58.4064557Z Setting up libnet-ssleay-perl:amd64 (1.94-3) ...
2026-07-26T10:06:58.4100981Z Setting up libre2-11:amd64 (20250805-1build3) ...
2026-07-26T10:06:58.4134682Z Setting up libfile-basedir-perl (0.09-2) ...
2026-07-26T10:06:58.4163678Z Setting up libauthen-sasl-perl (2.2000-1) ...
2026-07-26T10:06:58.4201310Z Setting up libpod-constants-perl (0.19-2) ...
2026-07-26T10:06:58.4228669Z Setting up libpath-iterator-rule-perl (1.015-2) ...
2026-07-26T10:06:58.4274452Z Setting up libtext-markdown-discount-perl (0.18-1) ...
2026-07-26T10:06:58.4307164Z Setting up libexception-class-perl (1.45-1) ...
2026-07-26T10:06:58.4337344Z Setting up libpaper-utils (2.2.5-0.3maysync1) ...
2026-07-26T10:06:58.4384200Z Setting up xfonts-utils (1:7.7+7build1) ...
2026-07-26T10:06:58.4457795Z Setting up libdevel-callchecker-perl:amd64 (0.009-3) ...
2026-07-26T10:06:58.4523832Z Setting up dput (1.2.4ubuntu4) ...
2026-07-26T10:06:58.5943528Z Setting up libxs-parse-sublike-perl:amd64 (0.41-1) ...
2026-07-26T10:06:58.5983967Z Setting up libdata-validate-uri-perl (0.07-3) ...
2026-07-26T10:06:58.6012064Z Setting up libxs-parse-keyword-perl (0.49-1) ...
2026-07-26T10:06:58.6054693Z Setting up libstring-copyright-perl (0.003014-1) ...
2026-07-26T10:06:58.6092995Z Setting up qpdf (12.3.2-1) ...
2026-07-26T10:06:58.6126179Z Setting up libdata-optlist-perl (0.114-1) ...
2026-07-26T10:06:58.6158007Z Setting up libsyntax-keyword-try-perl (0.31-1) ...
2026-07-26T10:06:58.6196941Z Setting up libre-engine-re2-perl:amd64 (0.18+ds-3build1) ...
2026-07-26T10:06:58.6230375Z Setting up python3-paramiko (4.0.0-1ubuntu2) ...
2026-07-26T10:06:58.8162690Z Setting up libio-socket-ssl-perl (2.098-1) ...
2026-07-26T10:06:58.8208925Z Setting up libsub-exporter-perl (0.990-1) ...
2026-07-26T10:06:58.8245328Z Setting up libiterator-perl (0.03+ds1-2) ...
2026-07-26T10:06:58.8283940Z Setting up libiterator-util-perl (0.02+ds1-2) ...
2026-07-26T10:06:58.8321638Z Setting up libparams-classify-perl:amd64 (0.015-2build6) ...
2026-07-26T10:06:58.8360173Z Setting up fonts-urw-base35 (20200910-8build1) ...
2026-07-26T10:06:59.0340064Z Setting up libobject-pad-perl (0.823-2) ...
2026-07-26T10:06:59.0372963Z Setting up libnet-smtp-ssl-perl (1.04-2) ...
2026-07-26T10:06:59.0398514Z Setting up libmodule-runtime-perl (0.018-1) ...
2026-07-26T10:06:59.0424126Z Setting up libmailtools-perl (2.22-1) ...
2026-07-26T10:06:59.0455018Z Setting up libconst-fast-perl (0.014-2) ...
2026-07-26T10:06:59.0478670Z Setting up libdata-dpath-perl (0.60-1) ...
2026-07-26T10:06:59.0505782Z Setting up libgs10-common (10.06.0~dfsg-3ubuntu1) ...
2026-07-26T10:06:59.0545377Z Setting up libmodule-implementation-perl (0.09-2) ...
2026-07-26T10:06:59.0572330Z Setting up libpackage-stash-perl (0.40-1) ...
2026-07-26T10:06:59.0599619Z Setting up libimport-into-perl (1.002005-2) ...
2026-07-26T10:06:59.0630623Z Setting up libmoo-perl (2.005005-1) ...
2026-07-26T10:06:59.0654163Z Setting up liblist-someutils-perl (0.59-1) ...
2026-07-26T10:06:59.0682343Z Setting up liblist-someutils-xs-perl:amd64 (0.58-3build5) ...
2026-07-26T10:06:59.0751090Z Setting up libmoox-aliases-perl (0.001006-2) ...
2026-07-26T10:06:59.0782052Z Setting up libb-hooks-endofscope-perl (0.28-2) ...
2026-07-26T10:06:59.0914337Z Setting up libgs10:amd64 (10.06.0~dfsg-3ubuntu1) ...
2026-07-26T10:06:59.0937190Z Setting up ghostscript (10.06.0~dfsg-3ubuntu1) ...
2026-07-26T10:06:59.1059535Z Setting up libnamespace-clean-perl (0.27-2) ...
2026-07-26T10:06:59.1087634Z Setting up libstring-license-perl (0.0.11-1ubuntu1) ...
2026-07-26T10:06:59.1114637Z Setting up licensecheck (3.3.9-1ubuntu2) ...
2026-07-26T10:06:59.1227986Z Setting up liblwp-protocol-https-perl (6.14-1) ...
2026-07-26T10:06:59.1261001Z Setting up libwww-perl (6.81-1ubuntu0.1) ...
2026-07-26T10:06:59.1300614Z Setting up libhtml-tokeparser-simple-perl (3.16-4) ...
2026-07-26T10:06:59.1331229Z Setting up libwww-mechanize-perl (2.20-1ubuntu1) ...
2026-07-26T10:06:59.1363934Z Setting up devscripts (2.26.7) ...
2026-07-26T10:06:59.2770644Z Setting up lintian (2.129.0ubuntu2.1) ...
2026-07-26T10:06:59.2865989Z Processing triggers for man-db (2.13.1-1build1) ...
2026-07-26T10:06:59.2886253Z Not building database; man-db/auto-update is not 'true'.
2026-07-26T10:06:59.2905940Z Processing triggers for install-info (7.2-5ubuntu2) ...
2026-07-26T10:06:59.4109750Z Processing triggers for fontconfig (2.17.1-3ubuntu1) ...
2026-07-26T10:06:59.7403562Z Processing triggers for libc-bin (2.43-2ubuntu2) ...
2026-07-26T10:07:00.3271003Z 
2026-07-26T10:07:00.3271589Z Running kernel seems to be up-to-date.
2026-07-26T10:07:00.3271954Z 
2026-07-26T10:07:00.3272182Z Restarting services...
2026-07-26T10:07:00.3358607Z 
2026-07-26T10:07:00.3359192Z Service restarts being deferred:
2026-07-26T10:07:00.3359790Z  systemctl restart hosted-compute-agent.service
2026-07-26T10:07:00.3360186Z 
2026-07-26T10:07:00.3360353Z No containers need to be restarted.
2026-07-26T10:07:00.3361280Z 
2026-07-26T10:07:00.3361506Z No user sessions are running outdated binaries.
2026-07-26T10:07:00.3361871Z 
2026-07-26T10:07:00.3362220Z No VM guests are running outdated hypervisor (qemu) binaries on this host.
2026-07-26T10:07:01.2419290Z ##[endgroup]
2026-07-26T10:07:01.2419825Z ##[group]Installing R
2026-07-26T10:07:01.2432591Z [command]/usr/bin/sudo gdebi --non-interactive /home/runner/work/_temp/r-4.6.1_1_amd64.deb
2026-07-26T10:07:01.3283210Z 
2026-07-26T10:07:01.3360663Z Reading package lists... 0%
2026-07-26T10:07:01.3361023Z 
2026-07-26T10:07:01.3414999Z Reading package lists... 100%
2026-07-26T10:07:01.3415356Z 
2026-07-26T10:07:01.3415364Z 
2026-07-26T10:07:01.3415534Z Reading package lists... Done
2026-07-26T10:07:01.3415836Z 
2026-07-26T10:07:01.3416006Z Building dependency tree... 0%
2026-07-26T10:07:01.3416306Z 
2026-07-26T10:07:01.3819811Z Building dependency tree... 0%
2026-07-26T10:07:01.3820266Z 
2026-07-26T10:07:01.3820491Z Building dependency tree... 50%
2026-07-26T10:07:01.3820902Z 
2026-07-26T10:07:01.5066410Z Building dependency tree... 50%
2026-07-26T10:07:01.5066859Z 
2026-07-26T10:07:01.5066878Z 
2026-07-26T10:07:01.5067043Z Building dependency tree... Done
2026-07-26T10:07:01.5067308Z 
2026-07-26T10:07:01.5067448Z Reading state information... 0%
2026-07-26T10:07:01.5067812Z  
2026-07-26T10:07:01.5068402Z Reading state information... 0%
2026-07-26T10:07:01.6405950Z  
2026-07-26T10:07:01.6406250Z 
2026-07-26T10:07:01.6406473Z Reading state information... Done
2026-07-26T10:07:01.6406883Z 
2026-07-26T10:07:01.6407096Z Reading state information... 0%
2026-07-26T10:07:01.6433763Z   
2026-07-26T10:07:01.6434251Z Reading state information... 1%
2026-07-26T10:07:01.6461586Z   
2026-07-26T10:07:01.6462072Z Reading state information... 3%
2026-07-26T10:07:01.6490143Z   
2026-07-26T10:07:01.6490559Z Reading state information... 5%
2026-07-26T10:07:01.6515748Z   
2026-07-26T10:07:01.6516100Z Reading state information... 7%
2026-07-26T10:07:01.6541121Z   
2026-07-26T10:07:01.6541576Z Reading state information... 9%
2026-07-26T10:07:01.6568279Z   
2026-07-26T10:07:01.6568813Z Reading state information... 11%
2026-07-26T10:07:01.6596478Z  
2026-07-26T10:07:01.6596830Z Reading state information... 13%
2026-07-26T10:07:01.6622382Z  
2026-07-26T10:07:01.6622783Z Reading state information... 15%
2026-07-26T10:07:01.6648292Z  
2026-07-26T10:07:01.6648863Z Reading state information... 17%
2026-07-26T10:07:01.6676714Z  
2026-07-26T10:07:01.6677072Z Reading state information... 19%
2026-07-26T10:07:01.6703822Z  
2026-07-26T10:07:01.6704168Z Reading state information... 21%
2026-07-26T10:07:01.6730293Z  
2026-07-26T10:07:01.6730682Z Reading state information... 23%
2026-07-26T10:07:01.6760176Z  
2026-07-26T10:07:01.6760564Z Reading state information... 25%
2026-07-26T10:07:01.6790308Z  
2026-07-26T10:07:01.6790693Z Reading state information... 27%
2026-07-26T10:07:01.6821347Z  
2026-07-26T10:07:01.6821947Z Reading state information... 29%
2026-07-26T10:07:01.6853039Z  
2026-07-26T10:07:01.6853512Z Reading state information... 31%
2026-07-26T10:07:01.6881682Z  
2026-07-26T10:07:01.6882224Z Reading state information... 33%
2026-07-26T10:07:01.6907869Z  
2026-07-26T10:07:01.6908414Z Reading state information... 35%
2026-07-26T10:07:01.6935237Z  
2026-07-26T10:07:01.6935581Z Reading state information... 37%
2026-07-26T10:07:01.6965012Z  
2026-07-26T10:07:01.6965402Z Reading state information... 39%
2026-07-26T10:07:01.6994993Z  
2026-07-26T10:07:01.6995380Z Reading state information... 41%
2026-07-26T10:07:01.7023935Z  
2026-07-26T10:07:01.7024379Z Reading state information... 43%
2026-07-26T10:07:01.7054282Z  
2026-07-26T10:07:01.7054683Z Reading state information... 45%
2026-07-26T10:07:01.7083308Z  
2026-07-26T10:07:01.7083651Z Reading state information... 47%
2026-07-26T10:07:01.7114552Z  
2026-07-26T10:07:01.7114942Z Reading state information... 49%
2026-07-26T10:07:01.7143262Z  
2026-07-26T10:07:01.7143648Z Reading state information... 51%
2026-07-26T10:07:01.7172909Z  
2026-07-26T10:07:01.7173757Z Reading state information... 53%
2026-07-26T10:07:01.7202693Z  
2026-07-26T10:07:01.7203079Z Reading state information... 55%
2026-07-26T10:07:01.7232084Z  
2026-07-26T10:07:01.7232467Z Reading state information... 57%
2026-07-26T10:07:01.7262514Z  
2026-07-26T10:07:01.7262900Z Reading state information... 59%
2026-07-26T10:07:01.7292543Z  
2026-07-26T10:07:01.7292929Z Reading state information... 61%
2026-07-26T10:07:01.7325082Z  
2026-07-26T10:07:01.7325507Z Reading state information... 63%
2026-07-26T10:07:01.7352456Z  
2026-07-26T10:07:01.7352842Z Reading state information... 65%
2026-07-26T10:07:01.7382629Z  
2026-07-26T10:07:01.7383013Z Reading state information... 67%
2026-07-26T10:07:01.7412695Z  
2026-07-26T10:07:01.7413091Z Reading state information... 69%
2026-07-26T10:07:01.7438177Z  
2026-07-26T10:07:01.7438758Z Reading state information... 71%
2026-07-26T10:07:01.7466363Z  
2026-07-26T10:07:01.7466735Z Reading state information... 73%
2026-07-26T10:07:01.7499285Z  
2026-07-26T10:07:01.7500195Z Reading state information... 75%
2026-07-26T10:07:01.7527499Z  
2026-07-26T10:07:01.7527877Z Reading state information... 77%
2026-07-26T10:07:01.7555790Z  
2026-07-26T10:07:01.7556163Z Reading state information... 79%
2026-07-26T10:07:01.7585918Z  
2026-07-26T10:07:01.7586316Z Reading state information... 81%
2026-07-26T10:07:01.7615608Z  
2026-07-26T10:07:01.7615995Z Reading state information... 83%
2026-07-26T10:07:01.7645539Z  
2026-07-26T10:07:01.7645932Z Reading state information... 85%
2026-07-26T10:07:01.7673207Z  
2026-07-26T10:07:01.7673599Z Reading state information... 87%
2026-07-26T10:07:01.7701193Z  
2026-07-26T10:07:01.7701622Z Reading state information... 89%
2026-07-26T10:07:01.7728839Z  
2026-07-26T10:07:01.7729187Z Reading state information... 91%
2026-07-26T10:07:01.7758290Z  
2026-07-26T10:07:01.7758775Z Reading state information... 93%
2026-07-26T10:07:01.7788016Z  
2026-07-26T10:07:01.7788556Z Reading state information... 95%
2026-07-26T10:07:01.7819479Z  
2026-07-26T10:07:01.7820003Z Reading state information... 97%
2026-07-26T10:07:01.7847435Z  
2026-07-26T10:07:01.7847779Z Reading state information... 99%
2026-07-26T10:07:02.5592809Z  Selecting previously unselected package bzip2-doc.
2026-07-26T10:07:02.5653349Z (Reading database ... 
2026-07-26T10:07:02.5653819Z (Reading database ... 5%
2026-07-26T10:07:02.5654231Z (Reading database ... 10%
2026-07-26T10:07:02.5654648Z (Reading database ... 15%
2026-07-26T10:07:02.5655045Z (Reading database ... 20%
2026-07-26T10:07:02.5655440Z (Reading database ... 25%
2026-07-26T10:07:02.5655833Z (Reading database ... 30%
2026-07-26T10:07:02.5656238Z (Reading database ... 35%
2026-07-26T10:07:02.5656637Z (Reading database ... 40%
2026-07-26T10:07:02.5657033Z (Reading database ... 45%
2026-07-26T10:07:02.5671951Z (Reading database ... 50%
2026-07-26T10:07:02.5814093Z (Reading database ... 55%
2026-07-26T10:07:02.5844791Z (Reading database ... 60%
2026-07-26T10:07:02.5895923Z (Reading database ... 65%
2026-07-26T10:07:02.5925098Z (Reading database ... 70%
2026-07-26T10:07:02.5962949Z (Reading database ... 75%
2026-07-26T10:07:02.6143831Z (Reading database ... 80%
2026-07-26T10:07:02.6231299Z (Reading database ... 85%
2026-07-26T10:07:02.6421955Z (Reading database ... 90%
2026-07-26T10:07:02.6446464Z (Reading database ... 95%
2026-07-26T10:07:02.6446857Z (Reading database ... 100%
2026-07-26T10:07:02.6447410Z (Reading database ... 217908 files and directories currently installed.)
2026-07-26T10:07:02.6488554Z Preparing to unpack .../0-bzip2-doc_1.0.8-6build2_all.deb ...
2026-07-26T10:07:02.6502687Z Unpacking bzip2-doc (1.0.8-6build2) ...
2026-07-26T10:07:02.6828424Z Selecting previously unselected package libbz2-dev:amd64.
2026-07-26T10:07:02.6969304Z Preparing to unpack .../1-libbz2-dev_1.0.8-6build2_amd64v3.deb ...
2026-07-26T10:07:02.6980281Z Unpacking libbz2-dev:amd64 (1.0.8-6build2) ...
2026-07-26T10:07:02.7235012Z Selecting previously unselected package libdeflate-dev:amd64.
2026-07-26T10:07:02.7375337Z Preparing to unpack .../2-libdeflate-dev_1.23-2ubuntu1_amd64v3.deb ...
2026-07-26T10:07:02.7390200Z Unpacking libdeflate-dev:amd64 (1.23-2ubuntu1) ...
2026-07-26T10:07:02.7767458Z Selecting previously unselected package libopenblas0-pthread:amd64.
2026-07-26T10:07:02.7912921Z Preparing to unpack .../3-libopenblas0-pthread_0.3.32+ds-5_amd64v3.deb ...
2026-07-26T10:07:02.7951574Z Unpacking libopenblas0-pthread:amd64 (0.3.32+ds-5) ...
2026-07-26T10:07:02.9465411Z Selecting previously unselected package libopenblas0:amd64.
2026-07-26T10:07:02.9607386Z Preparing to unpack .../4-libopenblas0_0.3.32+ds-5_amd64v3.deb ...
2026-07-26T10:07:02.9616249Z Unpacking libopenblas0:amd64 (0.3.32+ds-5) ...
2026-07-26T10:07:02.9887593Z Selecting previously unselected package libopenblas-pthread-dev:amd64.
2026-07-26T10:07:03.0027606Z Preparing to unpack .../5-libopenblas-pthread-dev_0.3.32+ds-5_amd64v3.deb ...
2026-07-26T10:07:03.0035669Z Unpacking libopenblas-pthread-dev:amd64 (0.3.32+ds-5) ...
2026-07-26T10:07:03.1970239Z Selecting previously unselected package libopenblas-dev:amd64.
2026-07-26T10:07:03.2110265Z Preparing to unpack .../6-libopenblas-dev_0.3.32+ds-5_amd64v3.deb ...
2026-07-26T10:07:03.2122837Z Unpacking libopenblas-dev:amd64 (0.3.32+ds-5) ...
2026-07-26T10:07:03.2352013Z Selecting previously unselected package libtirpc-dev:amd64.
2026-07-26T10:07:03.2492275Z Preparing to unpack .../7-libtirpc-dev_1.3.7-0.1_amd64v3.deb ...
2026-07-26T10:07:03.2501790Z Unpacking libtirpc-dev:amd64 (1.3.7-0.1) ...
2026-07-26T10:07:03.3069624Z Setting up bzip2-doc (1.0.8-6build2) ...
2026-07-26T10:07:03.3099424Z Setting up libopenblas0-pthread:amd64 (0.3.32+ds-5) ...
2026-07-26T10:07:03.3161188Z update-alternatives: using /usr/lib/x86_64-linux-gnu/openblas-pthread/libblas.so.3 to provide /usr/lib/x86_64-linux-gnu/libblas.so.3 (libblas.so.3-x86_64-linux-gnu) in auto mode
2026-07-26T10:07:03.3205747Z update-alternatives: using /usr/lib/x86_64-linux-gnu/openblas-pthread/liblapack.so.3 to provide /usr/lib/x86_64-linux-gnu/liblapack.so.3 (liblapack.so.3-x86_64-linux-gnu) in auto mode
2026-07-26T10:07:03.3247892Z update-alternatives: using /usr/lib/x86_64-linux-gnu/openblas-pthread/libopenblas.so.0 to provide /usr/lib/x86_64-linux-gnu/libopenblas.so.0 (libopenblas.so.0-x86_64-linux-gnu) in auto mode
2026-07-26T10:07:03.3266663Z Setting up libtirpc-dev:amd64 (1.3.7-0.1) ...
2026-07-26T10:07:03.3288390Z Setting up libopenblas0:amd64 (0.3.32+ds-5) ...
2026-07-26T10:07:03.3312140Z Setting up libdeflate-dev:amd64 (1.23-2ubuntu1) ...
2026-07-26T10:07:03.3338526Z Setting up libbz2-dev:amd64 (1.0.8-6build2) ...
2026-07-26T10:07:03.3363078Z Setting up libopenblas-pthread-dev:amd64 (0.3.32+ds-5) ...
2026-07-26T10:07:03.3452153Z update-alternatives: using /usr/lib/x86_64-linux-gnu/openblas-pthread/libblas.so to provide /usr/lib/x86_64-linux-gnu/libblas.so (libblas.so-x86_64-linux-gnu) in auto mode
2026-07-26T10:07:03.3498593Z update-alternatives: using /usr/lib/x86_64-linux-gnu/openblas-pthread/liblapack.so to provide /usr/lib/x86_64-linux-gnu/liblapack.so (liblapack.so-x86_64-linux-gnu) in auto mode
2026-07-26T10:07:03.3556326Z update-alternatives: using /usr/lib/x86_64-linux-gnu/openblas-pthread/libopenblas.so to provide /usr/lib/x86_64-linux-gnu/libopenblas.so (libopenblas.so-x86_64-linux-gnu) in auto mode
2026-07-26T10:07:03.3585407Z Setting up libopenblas-dev:amd64 (0.3.32+ds-5) ...
2026-07-26T10:07:03.3613994Z Processing triggers for libc-bin (2.43-2ubuntu2) ...
2026-07-26T10:07:03.3774404Z Processing triggers for man-db (2.13.1-1build1) ...
2026-07-26T10:07:03.3795228Z Not building database; man-db/auto-update is not 'true'.
2026-07-26T10:07:03.3807639Z Processing triggers for install-info (7.2-5ubuntu2) ...
2026-07-26T10:07:04.1106995Z 
2026-07-26T10:07:04.1107588Z Running kernel seems to be up-to-date.
2026-07-26T10:07:04.1107901Z 
2026-07-26T10:07:04.1108521Z Restarting services...
2026-07-26T10:07:04.1191333Z 
2026-07-26T10:07:04.1191805Z Service restarts being deferred:
2026-07-26T10:07:04.1192367Z  systemctl restart hosted-compute-agent.service
2026-07-26T10:07:04.1192792Z 
2026-07-26T10:07:04.1193779Z No containers need to be restarted.
2026-07-26T10:07:04.1194143Z 
2026-07-26T10:07:04.1194519Z No user sessions are running outdated binaries.
2026-07-26T10:07:04.1194860Z 
2026-07-26T10:07:04.1195078Z No VM guests are running outdated hypervisor (qemu) binaries on this host.
2026-07-26T10:07:05.0836077Z Selecting previously unselected package r-4.6.1.
2026-07-26T10:07:05.1646339Z (Reading database ... 218059 files and directories currently installed.)
2026-07-26T10:07:05.1686654Z Preparing to unpack .../work/_temp/r-4.6.1_1_amd64.deb ...
2026-07-26T10:07:05.1697619Z Unpacking r-4.6.1 (1) ...
2026-07-26T10:07:05.8392229Z Setting up r-4.6.1 (1) ...
2026-07-26T10:07:05.8573671Z 
2026-07-26T10:07:05.8573730Z 
2026-07-26T10:07:05.8574089Z Reading state information... Done
2026-07-26T10:07:05.8574440Z 
2026-07-26T10:07:05.8574741Z Get:1 file:/etc/apt/apt-mirrors.txt Mirrorlist [144 B]                          
2026-07-26T10:07:05.8575077Z 
2026-07-26T10:07:05.8575796Z Get:2 http://azure.archive.ubuntu.com/ubuntu resolute/main amd64v3 bzip2-doc all 1.0.8-6build2 [499 kB]
2026-07-26T10:07:05.8576318Z 
2026-07-26T10:07:05.8577178Z Get:3 http://azure.archive.ubuntu.com/ubuntu resolute/main amd64v3 libbz2-dev amd64 1.0.8-6build2 [37.2 kB]
2026-07-26T10:07:05.8577878Z 
2026-07-26T10:07:05.8578597Z Get:4 http://azure.archive.ubuntu.com/ubuntu resolute/main amd64v3 libdeflate-dev amd64 1.23-2ubuntu1 [55.8 kB]
2026-07-26T10:07:05.8579046Z 
2026-07-26T10:07:05.8579425Z Get:5 http://azure.archive.ubuntu.com/ubuntu resolute/universe amd64v3 libopenblas0-pthread amd64 0.3.32+ds-5 [5155 kB]
2026-07-26T10:07:05.8579885Z 
2026-07-26T10:07:05.8580199Z Get:6 http://azure.archive.ubuntu.com/ubuntu resolute/universe amd64v3 libopenblas0 amd64 0.3.32+ds-5 [6508 B]
2026-07-26T10:07:05.8580617Z 
2026-07-26T10:07:05.8581079Z Get:7 http://azure.archive.ubuntu.com/ubuntu resolute/universe amd64v3 libopenblas-pthread-dev amd64 0.3.32+ds-5 [4902 kB]
2026-07-26T10:07:05.8581571Z 
2026-07-26T10:07:05.8581915Z Get:8 http://azure.archive.ubuntu.com/ubuntu resolute/universe amd64v3 libopenblas-dev amd64 0.3.32+ds-5 [22.2 kB]
2026-07-26T10:07:05.8582345Z 
2026-07-26T10:07:05.8582639Z Get:9 http://azure.archive.ubuntu.com/ubuntu resolute/main amd64v3 libtirpc-dev amd64 1.3.7-0.1 [195 kB]
2026-07-26T10:07:05.8583027Z 
2026-07-26T10:07:05.8583197Z Fetched 10.9 MB in 0s (0 B/s)                                                   
2026-07-26T10:07:05.8845998Z ##[endgroup]
2026-07-26T10:07:05.8857406Z [command]/usr/bin/sudo ln -sf /opt/R/4.6.1/bin/R /usr/local/bin/R
2026-07-26T10:07:05.8992495Z [command]/usr/bin/sudo ln -sf /opt/R/4.6.1/bin/Rscript /usr/local/bin/Rscript
2026-07-26T10:07:05.9146648Z [command]/usr/bin/lsb_release --short --codename
2026-07-26T10:07:05.9301923Z resolute
2026-07-26T10:07:05.9437536Z ##[group]Run set -x
2026-07-26T10:07:05.9437774Z [36;1mset -x[0m
2026-07-26T10:07:05.9438609Z [36;1mpackages=$( ( grep Config/gha/extra-packages DESCRIPTION || true ) | cut -d " " -f 2-)[0m
2026-07-26T10:07:05.9439133Z [36;1mecho packages=$packages >> $GITHUB_OUTPUT[0m
2026-07-26T10:07:05.9486692Z shell: /usr/bin/bash --noprofile --norc -e -o pipefail {0}
2026-07-26T10:07:05.9487037Z env:
2026-07-26T10:07:05.9487233Z   _R_CHECK_PKG_SIZES_: FALSE
2026-07-26T10:07:05.9487529Z   DUCKDB_CLI: /home/runner/work/_temp/duckdb-cli/duckdb
2026-07-26T10:07:05.9487859Z   R_REMOTES_NO_ERRORS_FROM_WARNINGS: true
2026-07-26T10:07:05.9488460Z   R_KEEP_PKG_SOURCE: yes
2026-07-26T10:07:05.9488705Z   _R_CHECK_SYSTEM_CLOCK_: FALSE
2026-07-26T10:07:05.9488966Z   _R_CHECK_FUTURE_FILE_TIMESTAMPS_: false
2026-07-26T10:07:05.9489232Z   RGL_USE_NULL: true
2026-07-26T10:07:05.9489474Z   _R_CHECK_CRAN_INCOMING_CHECK_FILE_URIS_: true
2026-07-26T10:07:05.9489790Z   _R_CHECK_CRAN_INCOMING_NOTE_GNU_MAKE_: true
2026-07-26T10:07:05.9490139Z   _R_CHECK_PACKAGE_DEPENDS_IGNORE_MISSING_ENHANCES_: true
2026-07-26T10:07:05.9490462Z   _R_CHECK_CODE_CLASS_IS_STRING_: true
2026-07-26T10:07:05.9490734Z   _R_CHECK_CODOC_VARIABLES_IN_USAGES_: true
2026-07-26T10:07:05.9491016Z   _R_CHECK_CONNECTIONS_LEFT_OPEN_: true
2026-07-26T10:07:05.9491476Z   _R_CHECK_DATALIST_: true
2026-07-26T10:07:05.9491705Z   _R_CHECK_NEWS_IN_PLAIN_TEXT_: true
2026-07-26T10:07:05.9491989Z   _R_CHECK_PACKAGES_USED_CRAN_INCOMING_NOTES_: true
2026-07-26T10:07:05.9492293Z   _R_CHECK_RD_CONTENTS_KEYWORDS_: true
2026-07-26T10:07:05.9492545Z   _R_CHECK_R_DEPENDS_: warn
2026-07-26T10:07:05.9492799Z   _R_CHECK_S3_METHODS_SHOW_POSSIBLE_ISSUES_: true
2026-07-26T10:07:05.9493089Z   _R_CHECK_THINGS_IN_TEMP_DIR_: true
2026-07-26T10:07:05.9493342Z   _R_CHECK_UNDOC_USE_ALL_NAMES_: true
2026-07-26T10:07:05.9493600Z   _R_CHECK_URLS_SHOW_301_STATUS_: true
2026-07-26T10:07:05.9493849Z   _R_CXX_USE_NO_REMAP_: true
2026-07-26T10:07:05.9494113Z   _R_CHECK_CRAN_INCOMING_SKIP_LARGE_VERSION_: true
2026-07-26T10:07:05.9494407Z   _R_CHECK_FORCE_SUGGESTS_: false
2026-07-26T10:07:05.9494653Z   _R_CHECK_THINGS_IN_OTHER_DIRS_: true
2026-07-26T10:07:05.9494898Z   _R_CHECK_BASHISMS_: true
2026-07-26T10:07:05.9495135Z   _R_CHECK_CRAN_INCOMING_USE_ASPELL_: true
2026-07-26T10:07:05.9495570Z   R_LIBS_USER: /home/runner/work/_temp/Library
2026-07-26T10:07:05.9495845Z   TZ: UTC
2026-07-26T10:07:05.9496020Z   NOT_CRAN: true
2026-07-26T10:07:05.9496337Z   RSPM: https://packagemanager.posit.co/cran/__linux__/resolute/latest
2026-07-26T10:07:05.9496899Z   RENV_CONFIG_REPOS_OVERRIDE: https://packagemanager.posit.co/cran/__linux__/resolute/latest
2026-07-26T10:07:05.9497341Z ##[endgroup]
2026-07-26T10:07:05.9574684Z ++ grep Config/gha/extra-packages DESCRIPTION
2026-07-26T10:07:05.9575362Z ++ cut -d ' ' -f 2-
2026-07-26T10:07:05.9589705Z ++ true
2026-07-26T10:07:05.9604667Z + packages=
2026-07-26T10:07:05.9605047Z + echo packages=
2026-07-26T10:07:05.9808907Z ##[group]Run r-lib/actions/setup-r-dependencies@v2
2026-07-26T10:07:05.9809253Z with:
2026-07-26T10:07:05.9809442Z   pak-version: stable
2026-07-26T10:07:05.9809676Z   needs: build, check, website, roxygen2
2026-07-26T10:07:05.9809956Z   packages: deps::., any::sessioninfo
2026-07-26T10:07:05.9810371Z   extra-packages: any::rcmdcheck r-lib/roxygen2 any::decor r-lib/pkgdown deps::.  
2026-07-26T10:07:05.9810800Z   cache-version: rcc-smoke-2
2026-07-26T10:07:05.9811027Z   cache: true
2026-07-26T10:07:05.9811226Z   working-directory: .
2026-07-26T10:07:05.9811445Z   dependencies: "all"
2026-07-26T10:07:05.9811649Z   upgrade: FALSE
2026-07-26T10:07:05.9811853Z   lockfile-create-lib: NULL
2026-07-26T10:07:05.9812088Z   pandoc-version: 3.8.3
2026-07-26T10:07:05.9812304Z   install-quarto: auto
2026-07-26T10:07:05.9812516Z   quarto-version: release
2026-07-26T10:07:05.9812728Z env:
2026-07-26T10:07:05.9812913Z   _R_CHECK_PKG_SIZES_: FALSE
2026-07-26T10:07:05.9813194Z   DUCKDB_CLI: /home/runner/work/_temp/duckdb-cli/duckdb
2026-07-26T10:07:05.9813537Z   R_REMOTES_NO_ERRORS_FROM_WARNINGS: true
2026-07-26T10:07:05.9813808Z   R_KEEP_PKG_SOURCE: yes
2026-07-26T10:07:05.9814038Z   _R_CHECK_SYSTEM_CLOCK_: FALSE
2026-07-26T10:07:05.9814292Z   _R_CHECK_FUTURE_FILE_TIMESTAMPS_: false
2026-07-26T10:07:05.9814554Z   RGL_USE_NULL: true
2026-07-26T10:07:05.9814800Z   _R_CHECK_CRAN_INCOMING_CHECK_FILE_URIS_: true
2026-07-26T10:07:05.9815109Z   _R_CHECK_CRAN_INCOMING_NOTE_GNU_MAKE_: true
2026-07-26T10:07:05.9815440Z   _R_CHECK_PACKAGE_DEPENDS_IGNORE_MISSING_ENHANCES_: true
2026-07-26T10:07:05.9815764Z   _R_CHECK_CODE_CLASS_IS_STRING_: true
2026-07-26T10:07:05.9816038Z   _R_CHECK_CODOC_VARIABLES_IN_USAGES_: true
2026-07-26T10:07:05.9816318Z   _R_CHECK_CONNECTIONS_LEFT_OPEN_: true
2026-07-26T10:07:05.9816574Z   _R_CHECK_DATALIST_: true
2026-07-26T10:07:05.9816803Z   _R_CHECK_NEWS_IN_PLAIN_TEXT_: true
2026-07-26T10:07:05.9817085Z   _R_CHECK_PACKAGES_USED_CRAN_INCOMING_NOTES_: true
2026-07-26T10:07:05.9817390Z   _R_CHECK_RD_CONTENTS_KEYWORDS_: true
2026-07-26T10:07:05.9817640Z   _R_CHECK_R_DEPENDS_: warn
2026-07-26T10:07:05.9817895Z   _R_CHECK_S3_METHODS_SHOW_POSSIBLE_ISSUES_: true
2026-07-26T10:07:05.9818460Z   _R_CHECK_THINGS_IN_TEMP_DIR_: true
2026-07-26T10:07:05.9818724Z   _R_CHECK_UNDOC_USE_ALL_NAMES_: true
2026-07-26T10:07:05.9819014Z   _R_CHECK_URLS_SHOW_301_STATUS_: true
2026-07-26T10:07:05.9819528Z   _R_CXX_USE_NO_REMAP_: true
2026-07-26T10:07:05.9819798Z   _R_CHECK_CRAN_INCOMING_SKIP_LARGE_VERSION_: true
2026-07-26T10:07:05.9820098Z   _R_CHECK_FORCE_SUGGESTS_: false
2026-07-26T10:07:05.9820347Z   _R_CHECK_THINGS_IN_OTHER_DIRS_: true
2026-07-26T10:07:05.9820597Z   _R_CHECK_BASHISMS_: true
2026-07-26T10:07:05.9820838Z   _R_CHECK_CRAN_INCOMING_USE_ASPELL_: true
2026-07-26T10:07:05.9821132Z   R_LIBS_USER: /home/runner/work/_temp/Library
2026-07-26T10:07:05.9821399Z   TZ: UTC
2026-07-26T10:07:05.9821574Z   NOT_CRAN: true
2026-07-26T10:07:05.9821889Z   RSPM: https://packagemanager.posit.co/cran/__linux__/resolute/latest
2026-07-26T10:07:05.9822440Z   RENV_CONFIG_REPOS_OVERRIDE: https://packagemanager.posit.co/cran/__linux__/resolute/latest
2026-07-26T10:07:05.9825162Z   GITHUB_PAT: ***
2026-07-26T10:07:05.9825377Z ##[endgroup]
2026-07-26T10:07:05.9849182Z ##[group]Run # Set site library path
2026-07-26T10:07:05.9862393Z [36;1m# Set site library path[0m
2026-07-26T10:07:05.9862927Z [36;1mcat("::group::Set site library path\n")[0m
2026-07-26T10:07:05.9863357Z [36;1mlibpak <- Sys.getenv("R_LIB_FOR_PAK")[0m
2026-07-26T10:07:05.9863641Z [36;1mif (libpak != "") {[0m
2026-07-26T10:07:05.9863945Z [36;1m  message("R_LIB_FOR_PAK is already set to ", libpak)[0m
2026-07-26T10:07:05.9864267Z [36;1m}[0m
2026-07-26T10:07:05.9864486Z [36;1mif (Sys.getenv("RENV_PROJECT") != "") {[0m
2026-07-26T10:07:05.9864864Z [36;1m  message("renv project detected, no need to set R_LIBS_SITE")[0m
2026-07-26T10:07:05.9865222Z [36;1m  if (libpak == "") {[0m
2026-07-26T10:07:05.9865651Z [36;1m    cat(sprintf("R_LIB_FOR_PAK=%s\n", .libPaths()[1]), file = Sys.getenv("GITHUB_ENV"), append = TRUE)[0m
2026-07-26T10:07:05.9866170Z [36;1m    message("Setting R_LIB_FOR_PAK to ", .libPaths()[1])[0m
2026-07-26T10:07:05.9866494Z [36;1m  }[0m
2026-07-26T10:07:05.9866677Z [36;1m  q("no")[0m
2026-07-26T10:07:05.9866863Z [36;1m}[0m
2026-07-26T10:07:05.9867062Z [36;1mlib <- Sys.getenv("R_LIBS_SITE")[0m
2026-07-26T10:07:05.9867341Z [36;1mif (lib == "") {[0m
2026-07-26T10:07:05.9867627Z [36;1m  lib <- file.path(dirname(.Library), "site-library")[0m
2026-07-26T10:07:05.9868285Z [36;1m  cat(sprintf("R_LIBS_SITE=%s\n", lib), file = Sys.getenv("GITHUB_ENV"), append = TRUE)[0m
2026-07-26T10:07:05.9868738Z [36;1m  message("Setting R_LIBS_SITE to ", lib)[0m
2026-07-26T10:07:05.9869034Z [36;1m  if (libpak == "") {[0m
2026-07-26T10:07:05.9869429Z [36;1m    cat(sprintf("R_LIB_FOR_PAK=%s\n", lib), file = Sys.getenv("GITHUB_ENV"), append = TRUE)[0m
2026-07-26T10:07:05.9869889Z [36;1m    message("Setting R_LIB_FOR_PAK to ", lib)[0m
2026-07-26T10:07:05.9870175Z [36;1m  }[0m
2026-07-26T10:07:05.9870354Z [36;1m} else {[0m
2026-07-26T10:07:05.9870600Z [36;1m  message("R_LIBS_SITE is already set to ", lib)[0m
2026-07-26T10:07:05.9870907Z [36;1m  if (libpak == "") {[0m
2026-07-26T10:07:05.9871203Z [36;1m    plib <- strsplit(lib, .Platform$path.sep)[[1]][[1]][0m
2026-07-26T10:07:05.9871696Z [36;1m    cat(sprintf("R_LIB_FOR_PAK=%s\n", plib), file = Sys.getenv("GITHUB_ENV"), append = TRUE)[0m
2026-07-26T10:07:05.9872164Z [36;1m    message("Setting R_LIB_FOR_PAK to ", plib)[0m
2026-07-26T10:07:05.9872472Z [36;1m  }[0m
2026-07-26T10:07:05.9872652Z [36;1m}[0m
2026-07-26T10:07:05.9872842Z [36;1mif (nchar("ok") == 0) {[0m
2026-07-26T10:07:05.9873247Z [36;1m  message("R_LIBS_USER GH env var is unset, setting now: ", Sys.getenv("R_LIBS_USER"))[0m
2026-07-26T10:07:05.9873884Z [36;1m  cat(sprintf("R_LIBS_USER=%s\n", Sys.getenv("R_LIBS_USER")), file = Sys.getenv("GITHUB_ENV"), append = TRUE)[0m
2026-07-26T10:07:05.9874354Z [36;1m} else {[0m
2026-07-26T10:07:05.9874678Z [36;1m  message("R_LIBS_USER GH env var is already set: ", Sys.getenv("R_LIBS_USER"))[0m
2026-07-26T10:07:05.9875067Z [36;1m}[0m
2026-07-26T10:07:05.9875386Z [36;1mdir.create(Sys.getenv("R_LIBS_SITE"), recursive = TRUE, showWarnings = FALSE)[0m
2026-07-26T10:07:05.9875911Z [36;1mdir.create(Sys.getenv("R_LIBS_USER"), recursive = TRUE, showWarnings = FALSE)[0m
2026-07-26T10:07:05.9876444Z [36;1mcat("::endgroup::\n")[0m
2026-07-26T10:07:05.9882154Z shell: /usr/local/bin/Rscript {0}
2026-07-26T10:07:05.9882412Z env:
2026-07-26T10:07:05.9882600Z   _R_CHECK_PKG_SIZES_: FALSE
2026-07-26T10:07:05.9882894Z   DUCKDB_CLI: /home/runner/work/_temp/duckdb-cli/duckdb
2026-07-26T10:07:05.9883222Z   R_REMOTES_NO_ERRORS_FROM_WARNINGS: true
2026-07-26T10:07:05.9883490Z   R_KEEP_PKG_SOURCE: yes
2026-07-26T10:07:05.9883723Z   _R_CHECK_SYSTEM_CLOCK_: FALSE
2026-07-26T10:07:05.9883973Z   _R_CHECK_FUTURE_FILE_TIMESTAMPS_: false
2026-07-26T10:07:05.9884234Z   RGL_USE_NULL: true
2026-07-26T10:07:05.9884470Z   _R_CHECK_CRAN_INCOMING_CHECK_FILE_URIS_: true
2026-07-26T10:07:05.9884776Z   _R_CHECK_CRAN_INCOMING_NOTE_GNU_MAKE_: true
2026-07-26T10:07:05.9885107Z   _R_CHECK_PACKAGE_DEPENDS_IGNORE_MISSING_ENHANCES_: true
2026-07-26T10:07:05.9885429Z   _R_CHECK_CODE_CLASS_IS_STRING_: true
2026-07-26T10:07:05.9885699Z   _R_CHECK_CODOC_VARIABLES_IN_USAGES_: true
2026-07-26T10:07:05.9886124Z   _R_CHECK_CONNECTIONS_LEFT_OPEN_: true
2026-07-26T10:07:05.9886391Z   _R_CHECK_DATALIST_: true
2026-07-26T10:07:05.9886623Z   _R_CHECK_NEWS_IN_PLAIN_TEXT_: true
2026-07-26T10:07:05.9886908Z   _R_CHECK_PACKAGES_USED_CRAN_INCOMING_NOTES_: true
2026-07-26T10:07:05.9887210Z   _R_CHECK_RD_CONTENTS_KEYWORDS_: true
2026-07-26T10:07:05.9887462Z   _R_CHECK_R_DEPENDS_: warn
2026-07-26T10:07:05.9887740Z   _R_CHECK_S3_METHODS_SHOW_POSSIBLE_ISSUES_: true
2026-07-26T10:07:05.9888293Z   _R_CHECK_THINGS_IN_TEMP_DIR_: true
2026-07-26T10:07:05.9888546Z   _R_CHECK_UNDOC_USE_ALL_NAMES_: true
2026-07-26T10:07:05.9888800Z   _R_CHECK_URLS_SHOW_301_STATUS_: true
2026-07-26T10:07:05.9889051Z   _R_CXX_USE_NO_REMAP_: true
2026-07-26T10:07:05.9889331Z   _R_CHECK_CRAN_INCOMING_SKIP_LARGE_VERSION_: true
2026-07-26T10:07:05.9889629Z   _R_CHECK_FORCE_SUGGESTS_: false
2026-07-26T10:07:05.9889880Z   _R_CHECK_THINGS_IN_OTHER_DIRS_: true
2026-07-26T10:07:05.9890130Z   _R_CHECK_BASHISMS_: true
2026-07-26T10:07:05.9890377Z   _R_CHECK_CRAN_INCOMING_USE_ASPELL_: true
2026-07-26T10:07:05.9890668Z   R_LIBS_USER: /home/runner/work/_temp/Library
2026-07-26T10:07:05.9890942Z   TZ: UTC
2026-07-26T10:07:05.9891114Z   NOT_CRAN: true
2026-07-26T10:07:05.9891429Z   RSPM: https://packagemanager.posit.co/cran/__linux__/resolute/latest
2026-07-26T10:07:05.9892008Z   RENV_CONFIG_REPOS_OVERRIDE: https://packagemanager.posit.co/cran/__linux__/resolute/latest
2026-07-26T10:07:05.9894670Z   GITHUB_PAT: ***
2026-07-26T10:07:05.9894874Z ##[endgroup]
2026-07-26T10:07:06.4006960Z ##[group]Set site library path
2026-07-26T10:07:06.4016194Z R_LIBS_SITE is already set to /opt/R/4.6.1/lib/R/site-library
2026-07-26T10:07:06.4019745Z Setting R_LIB_FOR_PAK to /opt/R/4.6.1/lib/R/site-library
2026-07-26T10:07:06.4021640Z R_LIBS_USER GH env var is already set: /home/runner/work/_temp/Library
2026-07-26T10:07:06.4024274Z ##[endgroup]
2026-07-26T10:07:06.4340069Z ##[group]Run # Install pak
2026-07-26T10:07:06.4340331Z [36;1m# Install pak[0m
2026-07-26T10:07:06.4340593Z [36;1mecho "::group::Install pak"[0m
2026-07-26T10:07:06.4341041Z [36;1mif which sudo >/dev/null; then SUDO="sudo -E --preserve-env=PATH env"; else SUDO=""; fi[0m
2026-07-26T10:07:06.4341677Z [36;1m$SUDO R -q -e 'dir.create(Sys.getenv("R_LIB_FOR_PAK"), recursive = TRUE, showWarnings = FALSE)'[0m
2026-07-26T10:07:06.4342915Z [36;1m$SUDO R -q -e 'if ("stable" == "repo") { install.packages("pak", lib = Sys.getenv("R_LIB_FOR_PAK")) } else { install.packages("pak", lib = Sys.getenv("R_LIB_FOR_PAK"), repos = sprintf("https://r-lib.github.io/p/pak/%s/%s/%s/%s", "stable", .Platform$pkgType, R.Version()$os, R.Version()$arch)) }'[0m
2026-07-26T10:07:06.4343963Z [36;1mecho "::endgroup::"[0m
2026-07-26T10:07:06.4390943Z shell: /usr/bin/bash --noprofile --norc -e -o pipefail {0}
2026-07-26T10:07:06.4391289Z env:
2026-07-26T10:07:06.4391488Z   _R_CHECK_PKG_SIZES_: FALSE
2026-07-26T10:07:06.4391787Z   DUCKDB_CLI: /home/runner/work/_temp/duckdb-cli/duckdb
2026-07-26T10:07:06.4392303Z   R_REMOTES_NO_ERRORS_FROM_WARNINGS: true
2026-07-26T10:07:06.4392580Z   R_KEEP_PKG_SOURCE: yes
2026-07-26T10:07:06.4392808Z   _R_CHECK_SYSTEM_CLOCK_: FALSE
2026-07-26T10:07:06.4393058Z   _R_CHECK_FUTURE_FILE_TIMESTAMPS_: false
2026-07-26T10:07:06.4393320Z   RGL_USE_NULL: true
2026-07-26T10:07:06.4393561Z   _R_CHECK_CRAN_INCOMING_CHECK_FILE_URIS_: true
2026-07-26T10:07:06.4393872Z   _R_CHECK_CRAN_INCOMING_NOTE_GNU_MAKE_: true
2026-07-26T10:07:06.4394202Z   _R_CHECK_PACKAGE_DEPENDS_IGNORE_MISSING_ENHANCES_: true
2026-07-26T10:07:06.4394520Z   _R_CHECK_CODE_CLASS_IS_STRING_: true
2026-07-26T10:07:06.4394792Z   _R_CHECK_CODOC_VARIABLES_IN_USAGES_: true
2026-07-26T10:07:06.4395069Z   _R_CHECK_CONNECTIONS_LEFT_OPEN_: true
2026-07-26T10:07:06.4395332Z   _R_CHECK_DATALIST_: true
2026-07-26T10:07:06.4395558Z   _R_CHECK_NEWS_IN_PLAIN_TEXT_: true
2026-07-26T10:07:06.4395849Z   _R_CHECK_PACKAGES_USED_CRAN_INCOMING_NOTES_: true
2026-07-26T10:07:06.4396154Z   _R_CHECK_RD_CONTENTS_KEYWORDS_: true
2026-07-26T10:07:06.4396547Z   _R_CHECK_R_DEPENDS_: warn
2026-07-26T10:07:06.4396810Z   _R_CHECK_S3_METHODS_SHOW_POSSIBLE_ISSUES_: true
2026-07-26T10:07:06.4397103Z   _R_CHECK_THINGS_IN_TEMP_DIR_: true
2026-07-26T10:07:06.4397358Z   _R_CHECK_UNDOC_USE_ALL_NAMES_: true
2026-07-26T10:07:06.4397614Z   _R_CHECK_URLS_SHOW_301_STATUS_: true
2026-07-26T10:07:06.4397867Z   _R_CXX_USE_NO_REMAP_: true
2026-07-26T10:07:06.4398391Z   _R_CHECK_CRAN_INCOMING_SKIP_LARGE_VERSION_: true
2026-07-26T10:07:06.4398696Z   _R_CHECK_FORCE_SUGGESTS_: false
2026-07-26T10:07:06.4398949Z   _R_CHECK_THINGS_IN_OTHER_DIRS_: true
2026-07-26T10:07:06.4399201Z   _R_CHECK_BASHISMS_: true
2026-07-26T10:07:06.4399439Z   _R_CHECK_CRAN_INCOMING_USE_ASPELL_: true
2026-07-26T10:07:06.4399726Z   R_LIBS_USER: /home/runner/work/_temp/Library
2026-07-26T10:07:06.4399989Z   TZ: UTC
2026-07-26T10:07:06.4400160Z   NOT_CRAN: true
2026-07-26T10:07:06.4400474Z   RSPM: https://packagemanager.posit.co/cran/__linux__/resolute/latest
2026-07-26T10:07:06.4401027Z   RENV_CONFIG_REPOS_OVERRIDE: https://packagemanager.posit.co/cran/__linux__/resolute/latest
2026-07-26T10:07:06.4401505Z   R_LIB_FOR_PAK: /opt/R/4.6.1/lib/R/site-library
2026-07-26T10:07:06.4404037Z   GITHUB_PAT: ***
2026-07-26T10:07:06.4404250Z ##[endgroup]
2026-07-26T10:07:06.4471933Z ##[group]Install pak
2026-07-26T10:07:06.4498430Z sudo: preserving the entire environment is not supported, '-E' is ignored
2026-07-26T10:07:06.6374247Z > dir.create(Sys.getenv("R_LIB_FOR_PAK"), recursive = TRUE, showWarnings = FALSE)
2026-07-26T10:07:06.6389324Z Error in dir.create(Sys.getenv("R_LIB_FOR_PAK"), recursive = TRUE, showWarnings = FALSE) : 
2026-07-26T10:07:06.6389927Z   zero-length 'path' argument
2026-07-26T10:07:06.6390226Z Execution halted
2026-07-26T10:07:06.6451154Z ##[error]Process completed with exit code 1.
2026-07-26T10:07:06.6615307Z ##[group]Run # Check status of this workflow
2026-07-26T10:07:06.6615698Z [36;1m# Check status of this workflow[0m
2026-07-26T10:07:06.6616006Z [36;1mif [ "failure" == "success" ]; then[0m
2026-07-26T10:07:06.6616309Z [36;1m  state="success"[0m
2026-07-26T10:07:06.6616537Z [36;1melse[0m
2026-07-26T10:07:06.6616734Z [36;1m  state="failure"[0m
2026-07-26T10:07:06.6616952Z [36;1mfi[0m
2026-07-26T10:07:06.6617136Z [36;1m[0m
2026-07-26T10:07:06.6617311Z [36;1msha=[0m
2026-07-26T10:07:06.6617518Z [36;1mif [ -z "${sha}" ]; then[0m
2026-07-26T10:07:06.6617829Z [36;1m  sha=2b4109fed08de2d40c95c1d6d250af717f50c6ad[0m
2026-07-26T10:07:06.6618439Z [36;1mfi[0m
2026-07-26T10:07:06.6618647Z [36;1mif [ -z "${sha}" ]; then[0m
2026-07-26T10:07:06.6618954Z [36;1m  sha=f539179f39b657bd12f247723ef8d60c30c045fd[0m
2026-07-26T10:07:06.6619247Z [36;1mfi[0m
2026-07-26T10:07:06.6619452Z [36;1m  sha=$(git rev-parse ${sha})[0m
2026-07-26T10:07:06.6619709Z [36;1m[0m
2026-07-26T10:07:06.6619923Z [36;1mhtml_url=$(gh api \[0m
2026-07-26T10:07:06.6620252Z [36;1m  -H "Accept: application/vnd.github+json" \[0m
2026-07-26T10:07:06.6620604Z [36;1m  -H "X-GitHub-Api-Version: 2022-11-28" \[0m
2026-07-26T10:07:06.6621194Z [36;1m  repos/krlmlr/duckdb-r/actions/runs/30197659211 | jq -r .html_url)[0m
2026-07-26T10:07:06.6621569Z [36;1m[0m
2026-07-26T10:07:06.6621778Z [36;1mdescription="rcc / rcc-smoke"[0m
2026-07-26T10:07:06.6622037Z [36;1m[0m
2026-07-26T10:07:06.6622214Z [36;1mgh api \[0m
2026-07-26T10:07:06.6622431Z [36;1m  --method POST \[0m
2026-07-26T10:07:06.6622722Z [36;1m  -H "Accept: application/vnd.github+json" \[0m
2026-07-26T10:07:06.6623062Z [36;1m  -H "X-GitHub-Api-Version: 2022-11-28" \[0m
2026-07-26T10:07:06.6623389Z [36;1m  repos/krlmlr/duckdb-r/statuses/${sha} \[0m
2026-07-26T10:07:06.6623875Z [36;1m  -f "state=${state}" -f "target_url=${html_url}" -f "description=${description}" -f "context=rcc"[0m
2026-07-26T10:07:06.6670546Z shell: /usr/bin/bash --noprofile --norc -e -o pipefail {0}
2026-07-26T10:07:06.6670899Z env:
2026-07-26T10:07:06.6671100Z   _R_CHECK_PKG_SIZES_: FALSE
2026-07-26T10:07:06.6671409Z   DUCKDB_CLI: /home/runner/work/_temp/duckdb-cli/duckdb
2026-07-26T10:07:06.6671751Z   R_REMOTES_NO_ERRORS_FROM_WARNINGS: true
2026-07-26T10:07:06.6672037Z   R_KEEP_PKG_SOURCE: yes
2026-07-26T10:07:06.6672274Z   _R_CHECK_SYSTEM_CLOCK_: FALSE
2026-07-26T10:07:06.6672539Z   _R_CHECK_FUTURE_FILE_TIMESTAMPS_: false
2026-07-26T10:07:06.6672810Z   RGL_USE_NULL: true
2026-07-26T10:07:06.6673055Z   _R_CHECK_CRAN_INCOMING_CHECK_FILE_URIS_: true
2026-07-26T10:07:06.6673371Z   _R_CHECK_CRAN_INCOMING_NOTE_GNU_MAKE_: true
2026-07-26T10:07:06.6673721Z   _R_CHECK_PACKAGE_DEPENDS_IGNORE_MISSING_ENHANCES_: true
2026-07-26T10:07:06.6674047Z   _R_CHECK_CODE_CLASS_IS_STRING_: true
2026-07-26T10:07:06.6674325Z   _R_CHECK_CODOC_VARIABLES_IN_USAGES_: true
2026-07-26T10:07:06.6674610Z   _R_CHECK_CONNECTIONS_LEFT_OPEN_: true
2026-07-26T10:07:06.6674878Z   _R_CHECK_DATALIST_: true
2026-07-26T10:07:06.6675123Z   _R_CHECK_NEWS_IN_PLAIN_TEXT_: true
2026-07-26T10:07:06.6675417Z   _R_CHECK_PACKAGES_USED_CRAN_INCOMING_NOTES_: true
2026-07-26T10:07:06.6675726Z   _R_CHECK_RD_CONTENTS_KEYWORDS_: true
2026-07-26T10:07:06.6675992Z   _R_CHECK_R_DEPENDS_: warn
2026-07-26T10:07:06.6676255Z   _R_CHECK_S3_METHODS_SHOW_POSSIBLE_ISSUES_: true
2026-07-26T10:07:06.6676555Z   _R_CHECK_THINGS_IN_TEMP_DIR_: true
2026-07-26T10:07:06.6676822Z   _R_CHECK_UNDOC_USE_ALL_NAMES_: true
2026-07-26T10:07:06.6677083Z   _R_CHECK_URLS_SHOW_301_STATUS_: true
2026-07-26T10:07:06.6677340Z   _R_CXX_USE_NO_REMAP_: true
2026-07-26T10:07:06.6677610Z   _R_CHECK_CRAN_INCOMING_SKIP_LARGE_VERSION_: true
2026-07-26T10:07:06.6677910Z   _R_CHECK_FORCE_SUGGESTS_: false
2026-07-26T10:07:06.6678365Z   _R_CHECK_THINGS_IN_OTHER_DIRS_: true
2026-07-26T10:07:06.6678625Z   _R_CHECK_BASHISMS_: true
2026-07-26T10:07:06.6678872Z   _R_CHECK_CRAN_INCOMING_USE_ASPELL_: true
2026-07-26T10:07:06.6679361Z   R_LIBS_USER: /home/runner/work/_temp/Library
2026-07-26T10:07:06.6679648Z   TZ: UTC
2026-07-26T10:07:06.6679830Z   NOT_CRAN: true
2026-07-26T10:07:06.6680167Z   RSPM: https://packagemanager.posit.co/cran/__linux__/resolute/latest
2026-07-26T10:07:06.6680757Z   RENV_CONFIG_REPOS_OVERRIDE: https://packagemanager.posit.co/cran/__linux__/resolute/latest
2026-07-26T10:07:06.6681248Z   R_LIB_FOR_PAK: /opt/R/4.6.1/lib/R/site-library
2026-07-26T10:07:06.6683761Z   GH_TOKEN: ***
2026-07-26T10:07:06.6683986Z ##[endgroup]
2026-07-26T10:07:07.6485268Z {"url":"https://api.github.com/repos/krlmlr/duckdb-r/statuses/2b4109fed08de2d40c95c1d6d250af717f50c6ad","avatar_url":"https://avatars.githubusercontent.com/in/15368?v=4","id":51100398019,"node_id":"SC_kwDOKNSgSc8AAAAL5dIxww","state":"failure","description":"rcc / rcc-smoke","target_url":"https://github.com/krlmlr/duckdb-r/actions/runs/30197659211","context":"rcc","created_at":"2026-07-26T10:07:07Z","updated_at":"2026-07-26T10:07:07Z","creator":{"login":"github-actions[bot]","id":41898282,"node_id":"MDM6Qm90NDE4OTgyODI=","avatar_url":"https://avatars.githubusercontent.com/in/15368?v=4","gravatar_id":"","url":"https://api.github.com/users/github-actions%5Bbot%5D","html_url":"https://github.com/apps/github-actions","followers_url":"https://api.github.com/users/github-actions%5Bbot%5D/followers","following_url":"https://api.github.com/users/github-actions%5Bbot%5D/following{/other_user}","gists_url":"https://api.github.com/users/github-actions%5Bbot%5D/gists{/gist_id}","starred_url":"https://api.github.com/users/github-actions%5Bbot%5D/starred{/owner}{/repo}","subscriptions_url":"https://api.github.com/users/github-actions%5Bbot%5D/subscriptions","organizations_url":"https://api.github.com/users/github-actions%5Bbot%5D/orgs","repos_url":"https://api.github.com/users/github-actions%5Bbot%5D/repos","events_url":"https://api.github.com/users/github-actions%5Bbot%5D/events{/privacy}","received_events_url":"https://api.github.com/users/github-actions%5Bbot%5D/received_events","type":"Bot","user_view_type":"public","site_admin":false}}
2026-07-26T10:07:07.6649518Z Post job cleanup.
2026-07-26T10:07:07.6822245Z Post job cleanup.
2026-07-26T10:07:07.6883998Z Post job cleanup.
2026-07-26T10:07:07.7769085Z [command]/usr/bin/git version
2026-07-26T10:07:07.7849099Z git version 2.53.0
2026-07-26T10:07:07.7908021Z Temporarily overriding HOME='/home/runner/work/_temp/728bb5a6-a4e1-4fc2-94d6-cf19091dfe99' before making global git config changes
2026-07-26T10:07:07.7911651Z Adding repository directory to the temporary git global config as a safe directory
2026-07-26T10:07:07.7918874Z [command]/usr/bin/git config --global --add safe.directory /home/runner/work/duckdb-r/duckdb-r
2026-07-26T10:07:07.7992614Z Removing SSH command configuration
2026-07-26T10:07:07.7993672Z [command]/usr/bin/git config --local --name-only --get-regexp core\.sshCommand
2026-07-26T10:07:07.8044151Z [command]/usr/bin/git submodule foreach --recursive sh -c "git config --local --name-only --get-regexp 'core\.sshCommand' && git config --local --unset-all 'core.sshCommand' || :"
2026-07-26T10:07:07.8469928Z Removing HTTP extra header
2026-07-26T10:07:07.8471383Z [command]/usr/bin/git config --local --name-only --get-regexp http\.https\:\/\/github\.com\/\.extraheader
2026-07-26T10:07:07.8529640Z [command]/usr/bin/git submodule foreach --recursive sh -c "git config --local --name-only --get-regexp 'http\.https\:\/\/github\.com\/\.extraheader' && git config --local --unset-all 'http.https://github.com/.extraheader' || :"
2026-07-26T10:07:07.8875045Z Removing includeIf entries pointing to credentials config files
2026-07-26T10:07:07.8875948Z [command]/usr/bin/git config --local --name-only --get-regexp ^includeIf\.gitdir:
2026-07-26T10:07:07.8902662Z includeif.gitdir:/home/runner/work/duckdb-r/duckdb-r/.git.path
2026-07-26T10:07:07.8903651Z includeif.gitdir:/home/runner/work/duckdb-r/duckdb-r/.git/worktrees/*.path
2026-07-26T10:07:07.8904796Z includeif.gitdir:/github/workspace/.git.path
2026-07-26T10:07:07.8905831Z includeif.gitdir:/github/workspace/.git/worktrees/*.path
2026-07-26T10:07:07.8916725Z [command]/usr/bin/git config --local --get-all includeif.gitdir:/home/runner/work/duckdb-r/duckdb-r/.git.path
2026-07-26T10:07:07.8942944Z /home/runner/work/_temp/git-credentials-c88c1067-0f43-4f7f-aeb1-36f76b836ebb.config
2026-07-26T10:07:07.8964736Z [command]/usr/bin/git config --local --unset includeif.gitdir:/home/runner/work/duckdb-r/duckdb-r/.git.path /home/runner/work/_temp/git-credentials-c88c1067-0f43-4f7f-aeb1-36f76b836ebb.config
2026-07-26T10:07:07.8994922Z [command]/usr/bin/git config --local --get-all includeif.gitdir:/home/runner/work/duckdb-r/duckdb-r/.git/worktrees/*.path
2026-07-26T10:07:07.9019950Z /home/runner/work/_temp/git-credentials-c88c1067-0f43-4f7f-aeb1-36f76b836ebb.config
2026-07-26T10:07:07.9033942Z [command]/usr/bin/git config --local --unset includeif.gitdir:/home/runner/work/duckdb-r/duckdb-r/.git/worktrees/*.path /home/runner/work/_temp/git-credentials-c88c1067-0f43-4f7f-aeb1-36f76b836ebb.config
2026-07-26T10:07:07.9069707Z [command]/usr/bin/git config --local --get-all includeif.gitdir:/github/workspace/.git.path
2026-07-26T10:07:07.9093335Z /github/runner_temp/git-credentials-c88c1067-0f43-4f7f-aeb1-36f76b836ebb.config
2026-07-26T10:07:07.9104460Z [command]/usr/bin/git config --local --unset includeif.gitdir:/github/workspace/.git.path /github/runner_temp/git-credentials-c88c1067-0f43-4f7f-aeb1-36f76b836ebb.config
2026-07-26T10:07:07.9140921Z [command]/usr/bin/git config --local --get-all includeif.gitdir:/github/workspace/.git/worktrees/*.path
2026-07-26T10:07:07.9163788Z /github/runner_temp/git-credentials-c88c1067-0f43-4f7f-aeb1-36f76b836ebb.config
2026-07-26T10:07:07.9176598Z [command]/usr/bin/git config --local --unset includeif.gitdir:/github/workspace/.git/worktrees/*.path /github/runner_temp/git-credentials-c88c1067-0f43-4f7f-aeb1-36f76b836ebb.config
2026-07-26T10:07:07.9216812Z [command]/usr/bin/git submodule foreach --recursive git config --local --show-origin --name-only --get-regexp remote.origin.url
2026-07-26T10:07:07.9489372Z Removing credentials config '/home/runner/work/_temp/git-credentials-c88c1067-0f43-4f7f-aeb1-36f76b836ebb.config'
2026-07-26T10:07:07.9634232Z Evaluate and set job outputs
2026-07-26T10:07:07.9639657Z Cleaning up orphan processes
2026-07-26T10:06:15.9320000Z Requested labels: ubuntu-26.04
2026-07-26T10:06:15.9320000Z Job defined at: krlmlr/duckdb-r/.github/workflows/R-CMD-check.yaml@refs/heads/main-rewind-dev
2026-07-26T10:06:15.9320000Z Waiting for a runner to pick up this job...
2026-07-26T10:06:15.9320000Z Evaluating rcc-smoke.if
2026-07-26T10:06:15.9320000Z Evaluating: success()
2026-07-26T10:06:15.9320000Z Result: true
2026-07-26T10:06:16.4200000Z Job is waiting for a hosted runner to come online.
2026-07-26T10:06:16.4210000Z Job is about to start running on the hosted runner: GitHub Actions 1000202834