2026-07-03T19:06:13.5954767Z   _R_CXX_USE_NO_REMAP_: true
2026-07-03T19:06:13.5955002Z   _R_CHECK_CRAN_INCOMING_SKIP_LARGE_VERSION_: true
2026-07-03T19:06:13.5955252Z   _R_CHECK_FORCE_SUGGESTS_: false
2026-07-03T19:06:13.5955644Z   _R_CHECK_THINGS_IN_OTHER_DIRS_: true
2026-07-03T19:06:13.5955863Z   _R_CHECK_BASHISMS_: true
2026-07-03T19:06:13.5956069Z   _R_CHECK_CRAN_INCOMING_USE_ASPELL_: true
2026-07-03T19:06:13.5956296Z ##[endgroup]
2026-07-03T19:06:13.6703251Z ##[group]Download pandoc
2026-07-03T19:06:14.1228511Z [command]/usr/bin/tar xz --warning=no-unknown-keyword --overwrite -C /home/runner/work/_temp/fae20778-3770-42b6-b326-952fa97113c5 -f /home/runner/work/_temp/1ed88780-930c-4a44-8beb-c3f639a1e02f
2026-07-03T19:06:15.6861666Z ##[group]Run r-lib/actions/setup-r@v2
2026-07-03T19:06:15.6861892Z with:
2026-07-03T19:06:15.6862049Z   r-version: release
2026-07-03T19:06:15.6862227Z   install-r: true
2026-07-03T19:06:15.6862406Z   use-public-rspm: true
2026-07-03T19:06:15.6862588Z   Ncpus: 1
2026-07-03T19:06:15.6862757Z   remove-openmp-macos: true
2026-07-03T19:06:15.6862966Z   windows-path-include-rtools: true
2026-07-03T19:06:15.6863197Z   windows-path-include-mingw: true
2026-07-03T19:06:15.6863410Z   update-rtools: false
2026-07-03T19:06:15.6863609Z   working-directory: .
2026-07-03T19:06:15.6863779Z env:
2026-07-03T19:06:15.6863939Z   _R_CHECK_PKG_SIZES_: FALSE
2026-07-03T19:06:15.6864146Z   R_REMOTES_NO_ERRORS_FROM_WARNINGS: true
2026-07-03T19:06:15.6864370Z   R_KEEP_PKG_SOURCE: yes
2026-07-03T19:06:15.6864761Z   _R_CHECK_SYSTEM_CLOCK_: false
2026-07-03T19:06:15.6865071Z   _R_CHECK_FUTURE_FILE_TIMESTAMPS_: false
2026-07-03T19:06:15.6865334Z   RGL_USE_NULL: true
2026-07-03T19:06:15.6865532Z   _R_CHECK_CRAN_INCOMING_CHECK_FILE_URIS_: true
2026-07-03T19:06:15.6865783Z   _R_CHECK_CRAN_INCOMING_NOTE_GNU_MAKE_: true
2026-07-03T19:06:15.6866052Z   _R_CHECK_PACKAGE_DEPENDS_IGNORE_MISSING_ENHANCES_: true
2026-07-03T19:06:15.6866317Z   _R_CHECK_CODE_CLASS_IS_STRING_: true
2026-07-03T19:06:15.6866543Z   _R_CHECK_CODOC_VARIABLES_IN_USAGES_: true
2026-07-03T19:06:15.6866778Z   _R_CHECK_CONNECTIONS_LEFT_OPEN_: true
2026-07-03T19:06:15.6866993Z   _R_CHECK_DATALIST_: true
2026-07-03T19:06:15.6867189Z   _R_CHECK_NEWS_IN_PLAIN_TEXT_: true
2026-07-03T19:06:15.6867560Z   _R_CHECK_PACKAGES_USED_CRAN_INCOMING_NOTES_: true
2026-07-03T19:06:15.6867815Z   _R_CHECK_RD_CONTENTS_KEYWORDS_: true
2026-07-03T19:06:15.6868038Z   _R_CHECK_R_DEPENDS_: warn
2026-07-03T19:06:15.6868261Z   _R_CHECK_S3_METHODS_SHOW_POSSIBLE_ISSUES_: true
2026-07-03T19:06:15.6868512Z   _R_CHECK_THINGS_IN_TEMP_DIR_: true
2026-07-03T19:06:15.6868739Z   _R_CHECK_UNDOC_USE_ALL_NAMES_: true
2026-07-03T19:06:15.6868965Z   _R_CHECK_URLS_SHOW_301_STATUS_: true
2026-07-03T19:06:15.6869183Z   _R_CXX_USE_NO_REMAP_: true
2026-07-03T19:06:15.6869408Z   _R_CHECK_CRAN_INCOMING_SKIP_LARGE_VERSION_: true
2026-07-03T19:06:15.6869654Z   _R_CHECK_FORCE_SUGGESTS_: false
2026-07-03T19:06:15.6869867Z   _R_CHECK_THINGS_IN_OTHER_DIRS_: true
2026-07-03T19:06:15.6870076Z   _R_CHECK_BASHISMS_: true
2026-07-03T19:06:15.6870277Z   _R_CHECK_CRAN_INCOMING_USE_ASPELL_: true
2026-07-03T19:06:15.6870492Z ##[endgroup]
2026-07-03T19:06:16.0506078Z ##[group]Downloading R
2026-07-03T19:06:16.4783706Z ##[endgroup]
2026-07-03T19:06:16.4784660Z ##[group]Updating system package data
2026-07-03T19:06:16.4803715Z [command]/usr/bin/sudo DEBIAN_FRONTEND=noninteractive apt-get update -y
2026-07-03T19:06:16.5275554Z Get:1 file:/etc/apt/apt-mirrors.txt Mirrorlist [144 B]
2026-07-03T19:06:16.5905916Z Hit:6 https://packages.microsoft.com/repos/azure-cli noble InRelease
2026-07-03T19:06:16.5906715Z Hit:7 https://packages.microsoft.com/ubuntu/24.04/prod noble InRelease
2026-07-03T19:06:16.6567412Z Hit:2 http://azure.archive.ubuntu.com/ubuntu noble InRelease
2026-07-03T19:06:16.6587654Z Hit:3 http://azure.archive.ubuntu.com/ubuntu noble-updates InRelease
2026-07-03T19:06:16.6608039Z Hit:4 http://azure.archive.ubuntu.com/ubuntu noble-backports InRelease
2026-07-03T19:06:16.6617355Z Hit:5 http://azure.archive.ubuntu.com/ubuntu noble-security InRelease
2026-07-03T19:06:16.8508152Z Hit:8 https://dl.google.com/linux/chrome-stable/deb stable InRelease
2026-07-03T19:06:17.5250835Z Reading package lists...
2026-07-03T19:06:17.5337891Z ##[endgroup]
2026-07-03T19:06:17.5338613Z ##[group]Installing R system requirements
2026-07-03T19:06:17.5359596Z [command]/usr/bin/sudo DEBIAN_FRONTEND=noninteractive apt-get install -y gdebi-core qpdf devscripts ghostscript
2026-07-03T19:06:17.5532743Z Reading package lists...
2026-07-03T19:06:17.6513348Z Building dependency tree...
2026-07-03T19:06:17.6518394Z Reading state information...
2026-07-03T19:06:17.7836635Z The following additional packages will be installed:
2026-07-03T19:06:17.7837418Z   dctrl-tools diffstat dput fonts-droid-fallback fonts-noto-mono
2026-07-03T19:06:17.7838383Z   fonts-urw-base35 gettext intltool-debian libaliased-perl libapt-pkg-perl
2026-07-03T19:06:17.7839339Z   libarchive-zip-perl libarray-intspan-perl libauthen-sasl-perl
2026-07-03T19:06:17.7840228Z   libb-hooks-endofscope-perl libb-hooks-op-check-perl libberkeleydb-perl
2026-07-03T19:06:17.7841029Z   libcapture-tiny-perl libclass-data-inheritable-perl
2026-07-03T19:06:17.7841866Z   libclass-method-modifiers-perl libclass-xsaccessor-perl libconfig-tiny-perl
2026-07-03T19:06:17.7842721Z   libconst-fast-perl libcpanel-json-xs-perl libdata-dpath-perl
2026-07-03T19:06:17.7843479Z   libdata-dump-perl libdata-messagepack-perl libdata-optlist-perl
2026-07-03T19:06:17.7844209Z   libdata-validate-domain-perl libdata-validate-ip-perl
2026-07-03T19:06:17.7845562Z   libdata-validate-uri-perl libdevel-callchecker-perl libdevel-size-perl
2026-07-03T19:06:17.7846132Z   libdevel-stacktrace-perl libdistro-info-perl libdynaloader-functions-perl
2026-07-03T19:06:17.7846608Z   libemail-address-xs-perl libexception-class-perl libexporter-tiny-perl
2026-07-03T19:06:17.7847016Z   libfile-basedir-perl libfile-chdir-perl libfile-dirlist-perl
2026-07-03T19:06:17.7847412Z   libfile-find-rule-perl libfile-homedir-perl libfile-listing-perl
2026-07-03T19:06:17.7847828Z   libfile-touch-perl libfile-which-perl libfont-afm-perl libfont-ttf-perl
2026-07-03T19:06:17.7848230Z   libfreezethaw-perl libgit-wrapper-perl libgs-common libgs10 libgs10-common
2026-07-03T19:06:17.7848626Z   libhtml-form-perl libhtml-format-perl libhtml-html5-entities-perl
2026-07-03T19:06:17.7849001Z   libhtml-tokeparser-simple-perl libhtml-tree-perl libhttp-cookies-perl
2026-07-03T19:06:17.7849377Z   libhttp-daemon-perl libhttp-negotiate-perl libidn12 libijs-0.35
2026-07-03T19:06:17.7849764Z   libimport-into-perl libindirect-perl libio-interactive-perl libio-pty-perl
2026-07-03T19:06:17.7850299Z   libio-socket-ssl-perl libio-string-perl libipc-run-perl libipc-run3-perl
2026-07-03T19:06:17.7851076Z   libipc-system-simple-perl libiterator-perl libiterator-util-perl
2026-07-03T19:06:17.7851602Z   libjbig2dec0 libjson-maybexs-perl liblist-compare-perl
2026-07-03T19:06:17.7852140Z   liblist-someutils-perl liblist-someutils-xs-perl liblist-utilsby-perl
2026-07-03T19:06:17.7852750Z   liblog-any-adapter-screen-perl liblog-any-perl liblwp-protocol-https-perl
2026-07-03T19:06:17.7853422Z   libmailtools-perl libmarkdown2 libmath-base85-perl libmldbm-perl
2026-07-03T19:06:17.7854009Z   libmodule-implementation-perl libmodule-runtime-perl libmoo-perl
2026-07-03T19:06:17.7854381Z   libmoox-aliases-perl libmouse-perl libnamespace-clean-perl
2026-07-03T19:06:17.7854869Z   libnet-domain-tld-perl libnet-http-perl libnet-ipv6addr-perl
2026-07-03T19:06:17.7855255Z   libnet-netmask-perl libnet-smtp-ssl-perl libnet-ssleay-perl
2026-07-03T19:06:17.7855592Z   libnetaddr-ip-perl libnumber-compare-perl libobject-pad-perl
2026-07-03T19:06:17.7855967Z   libpackage-stash-perl libpackage-stash-xs-perl libpaper-utils libpaper1
2026-07-03T19:06:17.7856363Z   libparams-classify-perl libparams-util-perl libpath-iterator-rule-perl
2026-07-03T19:06:17.7856740Z   libpath-tiny-perl libperlio-gzip-perl libperlio-utf8-strict-perl
2026-07-03T19:06:17.7857132Z   libpod-constants-perl libpod-parser-perl libqpdf29t64 libre-engine-re2-perl
2026-07-03T19:06:17.7857512Z   libregexp-pattern-license-perl libregexp-pattern-perl
2026-07-03T19:06:17.7857851Z   libregexp-wildcards-perl librole-tiny-perl libsereal-decoder-perl
2026-07-03T19:06:17.7858443Z   libsereal-encoder-perl libset-intspan-perl libsocket6-perl
2026-07-03T19:06:17.7858794Z   libsort-versions-perl libstrictures-perl libstring-copyright-perl
2026-07-03T19:06:17.7859168Z   libstring-escape-perl libstring-license-perl libstring-shellquote-perl
2026-07-03T19:06:17.7859574Z   libsub-exporter-perl libsub-exporter-progressive-perl libsub-identify-perl
2026-07-03T19:06:17.7860019Z   libsub-install-perl libsub-name-perl libsub-quote-perl
2026-07-03T19:06:17.7860369Z   libsyntax-keyword-try-perl libtext-glob-perl libtext-levenshteinxs-perl
2026-07-03T19:06:17.7860769Z   libtext-markdown-discount-perl libtext-xslate-perl libtime-duration-perl
2026-07-03T19:06:17.7861139Z   libtime-moment-perl libtry-tiny-perl libunicode-utf8-perl
2026-07-03T19:06:17.7861462Z   libvariable-magic-perl libwww-mechanize-perl libwww-perl
2026-07-03T19:06:17.7861825Z   libwww-robotrules-perl libxs-parse-keyword-perl libxs-parse-sublike-perl
2026-07-03T19:06:17.7862203Z   libyaml-libyaml-perl licensecheck lintian lzip lzop patchutils
2026-07-03T19:06:17.7862594Z   perl-openssl-defaults poppler-data python3-gpg python3-nacl python3-paramiko
2026-07-03T19:06:17.7862998Z   python3-unidiff python3-xdg t1utils wdiff xfonts-encodings xfonts-utils
2026-07-03T19:06:17.7863318Z Suggested packages:
2026-07-03T19:06:17.7863566Z   debtags adequate at autopkgtest bls-standalone bsd-mailx | mailx
2026-07-03T19:06:17.7863944Z   build-essential check-all-the-things cvs-buildpackage debhelper diffoscope
2026-07-03T19:06:17.7864342Z   disorderfs dose-extra duck elpa-devscripts faketime gnuplot how-can-i-help
2026-07-03T19:06:17.7864857Z   libdbd-pg-perl libfile-desktopentry-perl libterm-size-perl libyaml-syck-perl
2026-07-03T19:06:17.7865266Z   mmdebstrap mutt piuparts pristine-lfs quilt ratt reprotest svn-buildpackage
2026-07-03T19:06:17.7865648Z   w3m debian-keyring equivs libgitlab-api-v4-perl libsoap-lite-perl
2026-07-03T19:06:17.7865992Z   pristine-tar mini-dinstall fonts-noto fonts-freefont-otf
2026-07-03T19:06:17.7866349Z   | fonts-freefont-ttf fonts-texgyre autopoint gettext-doc libasprintf-dev
2026-07-03T19:06:17.7866731Z   libgettextpo-dev texlive-binaries libdigest-hmac-perl libgssapi-perl
2026-07-03T19:06:17.7867092Z   libxml-parser-perl libcrypt-ssleay-perl libscalar-number-perl
2026-07-03T19:06:17.7867452Z   libbareword-filehandles-perl libmultidimensional-perl libxstring-perl
2026-07-03T19:06:17.7867854Z   libauthen-ntlm-perl binutils-multiarch libtext-template-perl poppler-utils
2026-07-03T19:06:17.7868243Z   fonts-japanese-mincho | fonts-ipafont-mincho fonts-japanese-gothic
2026-07-03T19:06:17.7868613Z   | fonts-ipafont-gothic fonts-arphic-ukai fonts-arphic-uming fonts-nanum
2026-07-03T19:06:17.7868995Z   python-nacl-doc python3-gssapi python3-invoke python-pyxdg-doc qpdf-doc
2026-07-03T19:06:17.7869292Z   wdiff-doc
2026-07-03T19:06:17.8280774Z The following NEW packages will be installed:
2026-07-03T19:06:17.8282158Z   dctrl-tools devscripts diffstat dput fonts-droid-fallback fonts-noto-mono
2026-07-03T19:06:17.8282790Z   fonts-urw-base35 gdebi-core gettext ghostscript intltool-debian
2026-07-03T19:06:17.8283384Z   libaliased-perl libapt-pkg-perl libarchive-zip-perl libarray-intspan-perl
2026-07-03T19:06:17.8284010Z   libauthen-sasl-perl libb-hooks-endofscope-perl libb-hooks-op-check-perl
2026-07-03T19:06:17.8284727Z   libberkeleydb-perl libcapture-tiny-perl libclass-data-inheritable-perl
2026-07-03T19:06:17.8285388Z   libclass-method-modifiers-perl libclass-xsaccessor-perl libconfig-tiny-perl
2026-07-03T19:06:17.8286035Z   libconst-fast-perl libcpanel-json-xs-perl libdata-dpath-perl
2026-07-03T19:06:17.8286550Z   libdata-dump-perl libdata-messagepack-perl libdata-optlist-perl
2026-07-03T19:06:17.8287051Z   libdata-validate-domain-perl libdata-validate-ip-perl
2026-07-03T19:06:17.8287574Z   libdata-validate-uri-perl libdevel-callchecker-perl libdevel-size-perl
2026-07-03T19:06:17.8288176Z   libdevel-stacktrace-perl libdistro-info-perl libdynaloader-functions-perl
2026-07-03T19:06:17.8288791Z   libemail-address-xs-perl libexception-class-perl libexporter-tiny-perl
2026-07-03T19:06:17.8289552Z   libfile-basedir-perl libfile-chdir-perl libfile-dirlist-perl
2026-07-03T19:06:17.8290079Z   libfile-find-rule-perl libfile-homedir-perl libfile-listing-perl
2026-07-03T19:06:17.8290649Z   libfile-touch-perl libfile-which-perl libfont-afm-perl libfont-ttf-perl
2026-07-03T19:06:17.8291283Z   libfreezethaw-perl libgit-wrapper-perl libgs-common libgs10 libgs10-common
2026-07-03T19:06:17.8291674Z   libhtml-form-perl libhtml-format-perl libhtml-html5-entities-perl
2026-07-03T19:06:17.8292058Z   libhtml-tokeparser-simple-perl libhtml-tree-perl libhttp-cookies-perl
2026-07-03T19:06:17.8292435Z   libhttp-daemon-perl libhttp-negotiate-perl libidn12 libijs-0.35
2026-07-03T19:06:17.8292812Z   libimport-into-perl libindirect-perl libio-interactive-perl libio-pty-perl
2026-07-03T19:06:17.8293219Z   libio-socket-ssl-perl libio-string-perl libipc-run-perl libipc-run3-perl
2026-07-03T19:06:17.8293603Z   libipc-system-simple-perl libiterator-perl libiterator-util-perl
2026-07-03T19:06:17.8293944Z   libjbig2dec0 libjson-maybexs-perl liblist-compare-perl
2026-07-03T19:06:17.8294290Z   liblist-someutils-perl liblist-someutils-xs-perl liblist-utilsby-perl
2026-07-03T19:06:17.8294835Z   liblog-any-adapter-screen-perl liblog-any-perl liblwp-protocol-https-perl
2026-07-03T19:06:17.8295228Z   libmailtools-perl libmarkdown2 libmath-base85-perl libmldbm-perl
2026-07-03T19:06:17.8295599Z   libmodule-implementation-perl libmodule-runtime-perl libmoo-perl
2026-07-03T19:06:17.8295969Z   libmoox-aliases-perl libmouse-perl libnamespace-clean-perl
2026-07-03T19:06:17.8296303Z   libnet-domain-tld-perl libnet-http-perl libnet-ipv6addr-perl
2026-07-03T19:06:17.8296638Z   libnet-netmask-perl libnet-smtp-ssl-perl libnet-ssleay-perl
2026-07-03T19:06:17.8296977Z   libnetaddr-ip-perl libnumber-compare-perl libobject-pad-perl
2026-07-03T19:06:17.8297349Z   libpackage-stash-perl libpackage-stash-xs-perl libpaper-utils libpaper1
2026-07-03T19:06:17.8297745Z   libparams-classify-perl libparams-util-perl libpath-iterator-rule-perl
2026-07-03T19:06:17.8298119Z   libpath-tiny-perl libperlio-gzip-perl libperlio-utf8-strict-perl
2026-07-03T19:06:17.8298608Z   libpod-constants-perl libpod-parser-perl libqpdf29t64 libre-engine-re2-perl
2026-07-03T19:06:17.8298990Z   libregexp-pattern-license-perl libregexp-pattern-perl
2026-07-03T19:06:17.8299329Z   libregexp-wildcards-perl librole-tiny-perl libsereal-decoder-perl
2026-07-03T19:06:17.8299675Z   libsereal-encoder-perl libset-intspan-perl libsocket6-perl
2026-07-03T19:06:17.8300024Z   libsort-versions-perl libstrictures-perl libstring-copyright-perl
2026-07-03T19:06:17.8300406Z   libstring-escape-perl libstring-license-perl libstring-shellquote-perl
2026-07-03T19:06:17.8300813Z   libsub-exporter-perl libsub-exporter-progressive-perl libsub-identify-perl
2026-07-03T19:06:17.8301182Z   libsub-install-perl libsub-name-perl libsub-quote-perl
2026-07-03T19:06:17.8301525Z   libsyntax-keyword-try-perl libtext-glob-perl libtext-levenshteinxs-perl
2026-07-03T19:06:17.8301931Z   libtext-markdown-discount-perl libtext-xslate-perl libtime-duration-perl
2026-07-03T19:06:17.8302303Z   libtime-moment-perl libtry-tiny-perl libunicode-utf8-perl
2026-07-03T19:06:17.8302621Z   libvariable-magic-perl libwww-mechanize-perl libwww-perl
2026-07-03T19:06:17.8302984Z   libwww-robotrules-perl libxs-parse-keyword-perl libxs-parse-sublike-perl
2026-07-03T19:06:17.8303360Z   libyaml-libyaml-perl licensecheck lintian lzip lzop patchutils
2026-07-03T19:06:17.8303742Z   perl-openssl-defaults poppler-data python3-gpg python3-nacl python3-paramiko
2026-07-03T19:06:17.8304155Z   python3-unidiff python3-xdg qpdf t1utils wdiff xfonts-encodings xfonts-utils
2026-07-03T19:06:17.8442869Z 0 upgraded, 172 newly installed, 0 to remove and 31 not upgraded.
2026-07-03T19:06:17.8443390Z Need to get 30.9 MB of archives.
2026-07-03T19:06:17.8443733Z After this operation, 105 MB of additional disk space will be used.
2026-07-03T19:06:17.8444131Z Get:1 file:/etc/apt/apt-mirrors.txt Mirrorlist [144 B]
2026-07-03T19:06:18.0097913Z Get:2 http://azure.archive.ubuntu.com/ubuntu noble/main amd64 fonts-droid-fallback all 1:6.0.1r16-1.1build1 [1805 kB]
2026-07-03T19:06:18.0542593Z Get:3 http://azure.archive.ubuntu.com/ubuntu noble/main amd64 poppler-data all 0.4.12-1 [2060 kB]
2026-07-03T19:06:18.0987003Z Get:4 http://azure.archive.ubuntu.com/ubuntu noble/main amd64 dctrl-tools amd64 2.24-3build3 [106 kB]
2026-07-03T19:06:18.1287133Z Get:5 http://azure.archive.ubuntu.com/ubuntu noble/main amd64 libfile-dirlist-perl all 0.05-3 [7286 B]
2026-07-03T19:06:18.1583711Z Get:6 http://azure.archive.ubuntu.com/ubuntu noble/main amd64 libfile-which-perl all 1.27-2 [12.5 kB]
2026-07-03T19:06:18.1877347Z Get:7 http://azure.archive.ubuntu.com/ubuntu noble/main amd64 libfile-homedir-perl all 1.006-2 [37.0 kB]
2026-07-03T19:06:18.2178188Z Get:8 http://azure.archive.ubuntu.com/ubuntu noble/main amd64 libfile-touch-perl all 0.12-2 [7498 B]
2026-07-03T19:06:18.2471497Z Get:9 http://azure.archive.ubuntu.com/ubuntu noble/main amd64 libio-pty-perl amd64 1:1.20-1build2 [31.2 kB]
2026-07-03T19:06:18.2767566Z Get:10 http://azure.archive.ubuntu.com/ubuntu noble/main amd64 libipc-run-perl all 20231003.0-1 [92.1 kB]
2026-07-03T19:06:18.3068899Z Get:11 http://azure.archive.ubuntu.com/ubuntu noble/main amd64 libclass-method-modifiers-perl all 2.15-1 [16.1 kB]
2026-07-03T19:06:18.3361996Z Get:12 http://azure.archive.ubuntu.com/ubuntu noble/main amd64 libclass-xsaccessor-perl amd64 1.19-4build4 [33.1 kB]
2026-07-03T19:06:18.3659214Z Get:13 http://azure.archive.ubuntu.com/ubuntu noble/main amd64 libb-hooks-op-check-perl amd64 0.22-3build1 [9518 B]
2026-07-03T19:06:18.3978519Z Get:14 http://azure.archive.ubuntu.com/ubuntu noble/main amd64 libdynaloader-functions-perl all 0.003-3 [12.1 kB]
2026-07-03T19:06:18.4304900Z Get:15 http://azure.archive.ubuntu.com/ubuntu noble/main amd64 libdevel-callchecker-perl amd64 0.008-2build3 [13.2 kB]
2026-07-03T19:06:18.4624253Z Get:16 http://azure.archive.ubuntu.com/ubuntu noble/main amd64 libparams-classify-perl amd64 0.015-2build5 [20.1 kB]
2026-07-03T19:06:18.4948311Z Get:17 http://azure.archive.ubuntu.com/ubuntu noble/main amd64 libmodule-runtime-perl all 0.016-2 [16.4 kB]
2026-07-03T19:06:18.5268534Z Get:18 http://azure.archive.ubuntu.com/ubuntu noble/main amd64 libimport-into-perl all 1.002005-2 [10.7 kB]
2026-07-03T19:06:18.5990502Z Get:19 http://azure.archive.ubuntu.com/ubuntu noble/main amd64 librole-tiny-perl all 2.002004-1 [16.3 kB]
2026-07-03T19:06:18.6283229Z Get:20 http://azure.archive.ubuntu.com/ubuntu noble/main amd64 libsub-quote-perl all 2.006008-1ubuntu1 [20.7 kB]
2026-07-03T19:06:18.6574827Z Get:21 http://azure.archive.ubuntu.com/ubuntu noble/main amd64 libmoo-perl all 2.005005-1 [47.4 kB]
2026-07-03T19:06:18.6865178Z Get:22 http://azure.archive.ubuntu.com/ubuntu noble/main amd64 libfile-listing-perl all 6.16-1 [11.3 kB]
2026-07-03T19:06:18.7161679Z Get:23 http://azure.archive.ubuntu.com/ubuntu noble/main amd64 libhtml-tree-perl all 5.07-3 [200 kB]
2026-07-03T19:06:18.7462111Z Get:24 http://azure.archive.ubuntu.com/ubuntu noble/main amd64 libhttp-cookies-perl all 6.11-1 [18.2 kB]
2026-07-03T19:06:18.7754382Z Get:25 http://azure.archive.ubuntu.com/ubuntu noble/main amd64 libhttp-negotiate-perl all 6.01-2 [12.4 kB]
2026-07-03T19:06:18.8041796Z Get:26 http://azure.archive.ubuntu.com/ubuntu noble/main amd64 perl-openssl-defaults amd64 7build3 [6626 B]
2026-07-03T19:06:18.8331451Z Get:27 http://azure.archive.ubuntu.com/ubuntu noble/main amd64 libnet-ssleay-perl amd64 1.94-1build4 [316 kB]
2026-07-03T19:06:18.8675903Z Get:28 http://azure.archive.ubuntu.com/ubuntu noble/main amd64 libio-socket-ssl-perl all 2.085-1 [195 kB]
2026-07-03T19:06:18.9011550Z Get:29 http://azure.archive.ubuntu.com/ubuntu noble/main amd64 libnet-http-perl all 6.23-1 [22.3 kB]
2026-07-03T19:06:18.9331989Z Get:30 http://azure.archive.ubuntu.com/ubuntu noble/main amd64 liblwp-protocol-https-perl all 6.13-1 [9006 B]
2026-07-03T19:06:18.9648950Z Get:31 http://azure.archive.ubuntu.com/ubuntu noble/main amd64 libtry-tiny-perl all 0.31-2 [20.8 kB]
2026-07-03T19:06:18.9970143Z Get:32 http://azure.archive.ubuntu.com/ubuntu noble/main amd64 libwww-robotrules-perl all 6.02-1 [12.6 kB]
2026-07-03T19:06:19.0284813Z Get:33 http://azure.archive.ubuntu.com/ubuntu noble-updates/main amd64 libwww-perl all 6.76-1ubuntu0.1 [139 kB]
2026-07-03T19:06:19.0612921Z Get:34 http://azure.archive.ubuntu.com/ubuntu noble/main amd64 patchutils amd64 0.4.2-1build3 [77.0 kB]
2026-07-03T19:06:19.0959084Z Get:35 http://azure.archive.ubuntu.com/ubuntu noble/main amd64 wdiff amd64 1.2.2-6build1 [29.1 kB]
2026-07-03T19:06:19.1276177Z Get:36 http://azure.archive.ubuntu.com/ubuntu noble-updates/main amd64 devscripts all 2.23.7ubuntu0.2 [1048 kB]
2026-07-03T19:06:19.1838976Z Get:37 http://azure.archive.ubuntu.com/ubuntu noble/main amd64 diffstat amd64 1.66-1build1 [29.7 kB]
2026-07-03T19:06:19.2555568Z Get:38 http://azure.archive.ubuntu.com/ubuntu noble/main amd64 python3-gpg amd64 1.18.0-4.1ubuntu4 [209 kB]
2026-07-03T19:06:19.2903073Z Get:39 http://azure.archive.ubuntu.com/ubuntu noble/main amd64 python3-xdg all 0.28-2 [38.3 kB]
2026-07-03T19:06:19.3200775Z Get:40 http://azure.archive.ubuntu.com/ubuntu noble/main amd64 dput all 1.1.3ubuntu3 [46.5 kB]
2026-07-03T19:06:19.3525081Z Get:41 http://azure.archive.ubuntu.com/ubuntu noble/main amd64 fonts-noto-mono all 20201225-2 [435 kB]
2026-07-03T19:06:19.3947903Z Get:42 http://azure.archive.ubuntu.com/ubuntu noble/main amd64 xfonts-encodings all 1:1.0.5-0ubuntu2 [578 kB]
2026-07-03T19:06:19.4415276Z Get:43 http://azure.archive.ubuntu.com/ubuntu noble/main amd64 xfonts-utils amd64 1:7.7+6build3 [94.4 kB]
2026-07-03T19:06:19.4770535Z Get:44 http://azure.archive.ubuntu.com/ubuntu noble/main amd64 fonts-urw-base35 all 20200910-8 [11.0 MB]
2026-07-03T19:06:19.5922276Z Get:45 http://azure.archive.ubuntu.com/ubuntu noble/universe amd64 gdebi-core all 0.9.5.7+nmu7 [132 kB]
2026-07-03T19:06:19.6221371Z Get:46 http://azure.archive.ubuntu.com/ubuntu noble/main amd64 gettext amd64 0.21-14ubuntu2 [864 kB]
2026-07-03T19:06:19.6574831Z Get:47 http://azure.archive.ubuntu.com/ubuntu noble-updates/main amd64 libgs-common all 10.02.1~dfsg1-0ubuntu7.8 [176 kB]
2026-07-03T19:06:19.7908646Z Get:48 http://azure.archive.ubuntu.com/ubuntu noble-updates/main amd64 libgs10-common all 10.02.1~dfsg1-0ubuntu7.8 [488 kB]
2026-07-03T19:06:19.8751325Z Get:49 http://azure.archive.ubuntu.com/ubuntu noble/main amd64 libidn12 amd64 1.42-1build1 [55.9 kB]
2026-07-03T19:06:19.9055638Z Get:50 http://azure.archive.ubuntu.com/ubuntu noble/main amd64 libijs-0.35 amd64 0.35-15.1build1 [15.3 kB]
2026-07-03T19:06:19.9350213Z Get:51 http://azure.archive.ubuntu.com/ubuntu noble/main amd64 libjbig2dec0 amd64 0.20-1build3 [65.0 kB]
2026-07-03T19:06:19.9660642Z Get:52 http://azure.archive.ubuntu.com/ubuntu noble/main amd64 libpaper1 amd64 1.1.29build1 [13.4 kB]
2026-07-03T19:06:19.9957937Z Get:53 http://azure.archive.ubuntu.com/ubuntu noble-updates/main amd64 libgs10 amd64 10.02.1~dfsg1-0ubuntu7.8 [3897 kB]
2026-07-03T19:06:20.1175095Z Get:54 http://azure.archive.ubuntu.com/ubuntu noble-updates/main amd64 ghostscript amd64 10.02.1~dfsg1-0ubuntu7.8 [43.4 kB]
2026-07-03T19:06:20.1474047Z Get:55 http://azure.archive.ubuntu.com/ubuntu noble/main amd64 intltool-debian all 0.35.0+20060710.6 [23.2 kB]
2026-07-03T19:06:20.2215519Z Get:56 http://azure.archive.ubuntu.com/ubuntu noble/main amd64 libaliased-perl all 0.34-3 [12.8 kB]
2026-07-03T19:06:20.2529847Z Get:57 http://azure.archive.ubuntu.com/ubuntu noble/main amd64 libapt-pkg-perl amd64 0.1.40build7 [68.4 kB]
2026-07-03T19:06:20.2865282Z Get:58 http://azure.archive.ubuntu.com/ubuntu noble/main amd64 libarchive-zip-perl all 1.68-1 [90.2 kB]
2026-07-03T19:06:20.3168362Z Get:59 http://azure.archive.ubuntu.com/ubuntu noble/main amd64 libarray-intspan-perl all 2.004-2 [25.0 kB]
2026-07-03T19:06:20.3533846Z Get:60 http://azure.archive.ubuntu.com/ubuntu noble/main amd64 libmodule-implementation-perl all 0.09-2 [12.0 kB]
2026-07-03T19:06:20.3873850Z Get:61 http://azure.archive.ubuntu.com/ubuntu noble/main amd64 libsub-exporter-progressive-perl all 0.001013-3 [6718 B]
2026-07-03T19:06:20.4218641Z Get:62 http://azure.archive.ubuntu.com/ubuntu noble/main amd64 libvariable-magic-perl amd64 0.63-1build3 [35.1 kB]
2026-07-03T19:06:20.4536568Z Get:63 http://azure.archive.ubuntu.com/ubuntu noble/main amd64 libb-hooks-endofscope-perl all 0.28-1 [15.8 kB]
2026-07-03T19:06:20.4853987Z Get:64 http://azure.archive.ubuntu.com/ubuntu noble/main amd64 libberkeleydb-perl amd64 0.64-2build4 [120 kB]
2026-07-03T19:06:20.5275032Z Get:65 http://azure.archive.ubuntu.com/ubuntu noble/main amd64 libcapture-tiny-perl all 0.48-2 [20.2 kB]
2026-07-03T19:06:20.5574758Z Get:66 http://azure.archive.ubuntu.com/ubuntu noble/main amd64 libclass-data-inheritable-perl all 0.08-3 [8084 B]
2026-07-03T19:06:20.5906299Z Get:67 http://azure.archive.ubuntu.com/ubuntu noble/main amd64 libconfig-tiny-perl all 2.30-1 [14.7 kB]
2026-07-03T19:06:20.6235421Z Get:68 http://azure.archive.ubuntu.com/ubuntu noble/main amd64 libparams-util-perl amd64 1.102-2build3 [21.2 kB]
2026-07-03T19:06:20.6535305Z Get:69 http://azure.archive.ubuntu.com/ubuntu noble/main amd64 libsub-install-perl all 0.929-1 [9764 B]
2026-07-03T19:06:20.6830197Z Get:70 http://azure.archive.ubuntu.com/ubuntu noble/main amd64 libdata-optlist-perl all 0.114-1 [9708 B]
2026-07-03T19:06:20.7131183Z Get:71 http://azure.archive.ubuntu.com/ubuntu noble/main amd64 libsub-exporter-perl all 0.990-1 [49.0 kB]
2026-07-03T19:06:20.7425072Z Get:72 http://azure.archive.ubuntu.com/ubuntu noble/main amd64 libconst-fast-perl all 0.014-2 [8034 B]
2026-07-03T19:06:20.7720148Z Get:73 http://azure.archive.ubuntu.com/ubuntu noble-updates/main amd64 libcpanel-json-xs-perl amd64 4.37-1ubuntu0.1 [114 kB]
2026-07-03T19:06:20.8433165Z Get:74 http://azure.archive.ubuntu.com/ubuntu noble/main amd64 libdevel-stacktrace-perl all 2.0500-1 [22.1 kB]
2026-07-03T19:06:20.8725007Z Get:75 http://azure.archive.ubuntu.com/ubuntu noble/main amd64 libexception-class-perl all 1.45-1 [28.6 kB]
2026-07-03T19:06:20.9016685Z Get:76 http://azure.archive.ubuntu.com/ubuntu noble/main amd64 libiterator-perl all 0.03+ds1-2 [18.8 kB]
2026-07-03T19:06:20.9311936Z Get:77 http://azure.archive.ubuntu.com/ubuntu noble/main amd64 libiterator-util-perl all 0.02+ds1-2 [14.1 kB]
2026-07-03T19:06:20.9598710Z Get:78 http://azure.archive.ubuntu.com/ubuntu noble/main amd64 libdata-dpath-perl all 0.59-1 [39.2 kB]
2026-07-03T19:06:20.9895562Z Get:79 http://azure.archive.ubuntu.com/ubuntu noble/main amd64 libdata-dump-perl all 1.25-1 [25.9 kB]
2026-07-03T19:06:21.0183120Z Get:80 http://azure.archive.ubuntu.com/ubuntu noble/main amd64 libdata-messagepack-perl amd64 1.02-1build4 [31.1 kB]
2026-07-03T19:06:21.0473851Z Get:81 http://azure.archive.ubuntu.com/ubuntu noble/main amd64 libnet-domain-tld-perl all 1.75-3 [29.4 kB]
2026-07-03T19:06:21.0773222Z Get:82 http://azure.archive.ubuntu.com/ubuntu noble/main amd64 libdata-validate-domain-perl all 0.10-1.1 [9992 B]
2026-07-03T19:06:21.1085778Z Get:83 http://azure.archive.ubuntu.com/ubuntu noble/main amd64 libnet-ipv6addr-perl all 1.02-1 [21.0 kB]
2026-07-03T19:06:21.1403053Z Get:84 http://azure.archive.ubuntu.com/ubuntu noble/main amd64 libnet-netmask-perl all 2.0002-2 [24.8 kB]
2026-07-03T19:06:21.1703274Z Get:85 http://azure.archive.ubuntu.com/ubuntu noble/main amd64 libnetaddr-ip-perl amd64 4.079+dfsg-2build4 [79.9 kB]
2026-07-03T19:06:21.2015746Z Get:86 http://azure.archive.ubuntu.com/ubuntu noble/main amd64 libdata-validate-ip-perl all 0.31-1 [17.2 kB]
2026-07-03T19:06:21.2313306Z Get:87 http://azure.archive.ubuntu.com/ubuntu noble/main amd64 libdata-validate-uri-perl all 0.07-3 [10.8 kB]
2026-07-03T19:06:21.2623163Z Get:88 http://azure.archive.ubuntu.com/ubuntu noble/main amd64 libdistro-info-perl all 1.7build1 [5616 B]
2026-07-03T19:06:21.2919306Z Get:89 http://azure.archive.ubuntu.com/ubuntu noble/main amd64 libemail-address-xs-perl amd64 1.05-1build4 [29.1 kB]
2026-07-03T19:06:21.3213076Z Get:90 http://azure.archive.ubuntu.com/ubuntu noble/main amd64 libexporter-tiny-perl all 1.006002-1 [36.8 kB]
2026-07-03T19:06:21.3980111Z Get:91 http://azure.archive.ubuntu.com/ubuntu noble/main amd64 libipc-system-simple-perl all 1.30-2 [22.3 kB]
2026-07-03T19:06:21.4300881Z Get:92 http://azure.archive.ubuntu.com/ubuntu noble/main amd64 libfile-basedir-perl all 0.09-2 [14.4 kB]
2026-07-03T19:06:21.4592444Z Get:93 http://azure.archive.ubuntu.com/ubuntu noble/main amd64 libfile-chdir-perl all 0.1008-1.1 [10.6 kB]
2026-07-03T19:06:21.4882410Z Get:94 http://azure.archive.ubuntu.com/ubuntu noble/main amd64 libnumber-compare-perl all 0.03-3 [5974 B]
2026-07-03T19:06:21.5170220Z Get:95 http://azure.archive.ubuntu.com/ubuntu noble/main amd64 libtext-glob-perl all 0.11-3 [6780 B]
2026-07-03T19:06:21.5458002Z Get:96 http://azure.archive.ubuntu.com/ubuntu noble-updates/main amd64 libfile-find-rule-perl all 0.34-3ubuntu0.24.04.1 [23.8 kB]
2026-07-03T19:06:21.5762765Z Get:97 http://azure.archive.ubuntu.com/ubuntu noble/main amd64 libfont-afm-perl all 1.20-4 [13.0 kB]
2026-07-03T19:06:21.6102724Z Get:98 http://azure.archive.ubuntu.com/ubuntu noble/main amd64 libio-string-perl all 1.08-4 [11.1 kB]
2026-07-03T19:06:21.6419198Z Get:99 http://azure.archive.ubuntu.com/ubuntu noble/main amd64 libfont-ttf-perl all 1.06-2 [323 kB]
2026-07-03T19:06:21.6793259Z Get:100 http://azure.archive.ubuntu.com/ubuntu noble/main amd64 libfreezethaw-perl all 0.5001-3 [14.6 kB]
2026-07-03T19:06:21.7086993Z Get:101 http://azure.archive.ubuntu.com/ubuntu noble/main amd64 libsort-versions-perl all 1.62-3 [7378 B]
2026-07-03T19:06:21.7385138Z Get:102 http://azure.archive.ubuntu.com/ubuntu noble/main amd64 libgit-wrapper-perl all 0.048-2 [29.5 kB]
2026-07-03T19:06:21.7708339Z Get:103 http://azure.archive.ubuntu.com/ubuntu noble/main amd64 libhtml-form-perl all 6.11-1 [32.1 kB]
2026-07-03T19:06:21.8016310Z Get:104 http://azure.archive.ubuntu.com/ubuntu noble/main amd64 libhtml-format-perl all 2.16-2 [36.9 kB]
2026-07-03T19:06:21.8314036Z Get:105 http://azure.archive.ubuntu.com/ubuntu noble/main amd64 libhtml-html5-entities-perl all 0.004-3 [21.6 kB]
2026-07-03T19:06:21.8612326Z Get:106 http://azure.archive.ubuntu.com/ubuntu noble/main amd64 libhtml-tokeparser-simple-perl all 3.16-4 [38.0 kB]
2026-07-03T19:06:21.8917235Z Get:107 http://azure.archive.ubuntu.com/ubuntu noble-updates/main amd64 libhttp-daemon-perl all 6.16-1ubuntu0.24.04.1 [22.8 kB]
2026-07-03T19:06:21.9218457Z Get:108 http://azure.archive.ubuntu.com/ubuntu noble/main amd64 libindirect-perl amd64 0.39-2build4 [22.1 kB]
2026-07-03T19:06:21.9528576Z Get:109 http://azure.archive.ubuntu.com/ubuntu noble/main amd64 libio-interactive-perl all 1.025-1 [10.4 kB]
2026-07-03T19:06:21.9846328Z Get:110 http://azure.archive.ubuntu.com/ubuntu noble/main amd64 libjson-maybexs-perl all 1.004005-1 [11.3 kB]
2026-07-03T19:06:22.0143248Z Get:111 http://azure.archive.ubuntu.com/ubuntu noble/main amd64 liblist-compare-perl all 0.55-2 [62.9 kB]
2026-07-03T19:06:22.0447964Z Get:112 http://azure.archive.ubuntu.com/ubuntu noble/main amd64 liblist-someutils-perl all 0.59-1 [30.4 kB]
2026-07-03T19:06:22.0750075Z Get:113 http://azure.archive.ubuntu.com/ubuntu noble/main amd64 liblist-someutils-xs-perl amd64 0.58-3build4 [35.0 kB]
2026-07-03T19:06:22.1056204Z Get:114 http://azure.archive.ubuntu.com/ubuntu noble/main amd64 liblist-utilsby-perl all 0.12-2 [14.9 kB]
2026-07-03T19:06:22.1349892Z Get:115 http://azure.archive.ubuntu.com/ubuntu noble/main amd64 liblog-any-perl all 1.717-1 [73.2 kB]
2026-07-03T19:06:22.1661130Z Get:116 http://azure.archive.ubuntu.com/ubuntu noble/main amd64 liblog-any-adapter-screen-perl all 0.140-2 [12.4 kB]
2026-07-03T19:06:22.1979754Z Get:117 http://azure.archive.ubuntu.com/ubuntu noble/main amd64 libnet-smtp-ssl-perl all 1.04-2 [6218 B]
2026-07-03T19:06:22.2278368Z Get:118 http://azure.archive.ubuntu.com/ubuntu noble/main amd64 libmailtools-perl all 2.21-2 [80.4 kB]
2026-07-03T19:06:22.2658855Z Get:119 http://azure.archive.ubuntu.com/ubuntu noble/main amd64 libmarkdown2 amd64 2.2.7-2build1 [37.5 kB]
2026-07-03T19:06:22.3393998Z Get:120 http://azure.archive.ubuntu.com/ubuntu noble/main amd64 libmath-base85-perl all 0.5+dfsg-2 [6124 B]
2026-07-03T19:06:22.3693229Z Get:121 http://azure.archive.ubuntu.com/ubuntu noble/main amd64 libmldbm-perl all 2.05-4 [16.0 kB]
2026-07-03T19:06:22.3991849Z Get:122 http://azure.archive.ubuntu.com/ubuntu noble/main amd64 libstrictures-perl all 2.000006-1 [16.3 kB]
2026-07-03T19:06:22.4288233Z Get:123 http://azure.archive.ubuntu.com/ubuntu noble/main amd64 libmoox-aliases-perl all 0.001006-2 [6796 B]
2026-07-03T19:06:22.4585573Z Get:124 http://azure.archive.ubuntu.com/ubuntu noble/main amd64 libmouse-perl amd64 2.5.10-1build8 [133 kB]
2026-07-03T19:06:22.4921488Z Get:125 http://azure.archive.ubuntu.com/ubuntu noble/main amd64 libpackage-stash-perl all 0.40-1 [19.5 kB]
2026-07-03T19:06:22.5218908Z Get:126 http://azure.archive.ubuntu.com/ubuntu noble/main amd64 libsub-identify-perl amd64 0.14-3build3 [9786 B]
2026-07-03T19:06:22.5522295Z Get:127 http://azure.archive.ubuntu.com/ubuntu noble/main amd64 libsub-name-perl amd64 0.27-1build3 [10.8 kB]
2026-07-03T19:06:22.5843907Z Get:128 http://azure.archive.ubuntu.com/ubuntu noble/main amd64 libnamespace-clean-perl all 0.27-2 [14.0 kB]
2026-07-03T19:06:22.6157506Z Get:129 http://azure.archive.ubuntu.com/ubuntu noble/main amd64 libxs-parse-keyword-perl amd64 0.39-1build3 [54.7 kB]
2026-07-03T19:06:22.6468478Z Get:130 http://azure.archive.ubuntu.com/ubuntu noble/main amd64 libxs-parse-sublike-perl amd64 0.21-2build3 [39.9 kB]
2026-07-03T19:06:22.6795999Z Get:131 http://azure.archive.ubuntu.com/ubuntu noble/main amd64 libobject-pad-perl amd64 0.808-1build3 [108 kB]
2026-07-03T19:06:22.7122801Z Get:132 http://azure.archive.ubuntu.com/ubuntu noble/main amd64 libpackage-stash-xs-perl amd64 0.30-1build4 [18.7 kB]
2026-07-03T19:06:22.7419099Z Get:133 http://azure.archive.ubuntu.com/ubuntu noble/main amd64 libpaper-utils amd64 1.1.29build1 [8650 B]
2026-07-03T19:06:22.7715099Z Get:134 http://azure.archive.ubuntu.com/ubuntu noble/main amd64 libpath-iterator-rule-perl all 1.015-2 [39.9 kB]
2026-07-03T19:06:22.8012581Z Get:135 http://azure.archive.ubuntu.com/ubuntu noble/main amd64 libpath-tiny-perl all 0.144-1 [47.7 kB]
2026-07-03T19:06:22.8316330Z Get:136 http://azure.archive.ubuntu.com/ubuntu noble/main amd64 libperlio-gzip-perl amd64 0.20-1build4 [14.6 kB]
2026-07-03T19:06:22.8618633Z Get:137 http://azure.archive.ubuntu.com/ubuntu noble/main amd64 libperlio-utf8-strict-perl amd64 0.010-1build3 [11.1 kB]
2026-07-03T19:06:22.9392484Z Get:138 http://azure.archive.ubuntu.com/ubuntu noble/main amd64 libpod-parser-perl all 1.67-1 [80.6 kB]
2026-07-03T19:06:22.9714678Z Get:139 http://azure.archive.ubuntu.com/ubuntu noble/main amd64 libpod-constants-perl all 0.19-2 [16.3 kB]
2026-07-03T19:06:23.0016224Z Get:140 http://azure.archive.ubuntu.com/ubuntu noble-updates/main amd64 libqpdf29t64 amd64 11.9.0-1.1ubuntu0.1 [798 kB]
2026-07-03T19:06:23.0638063Z Get:141 http://azure.archive.ubuntu.com/ubuntu noble/main amd64 libre-engine-re2-perl amd64 0.18+ds-1build3 [18.6 kB]
2026-07-03T19:06:23.0941901Z Get:142 http://azure.archive.ubuntu.com/ubuntu noble/main amd64 libregexp-pattern-license-perl all 3.11.0-1 [85.8 kB]
2026-07-03T19:06:23.1297256Z Get:143 http://azure.archive.ubuntu.com/ubuntu noble/main amd64 libregexp-pattern-perl all 0.2.14-2 [17.6 kB]
2026-07-03T19:06:23.1598444Z Get:144 http://azure.archive.ubuntu.com/ubuntu noble/main amd64 libregexp-wildcards-perl all 1.05-3 [12.9 kB]
2026-07-03T19:06:23.1903948Z Get:145 http://azure.archive.ubuntu.com/ubuntu noble/main amd64 libsereal-decoder-perl amd64 5.004+ds-1build3 [99.5 kB]
2026-07-03T19:06:23.2231313Z Get:146 http://azure.archive.ubuntu.com/ubuntu noble/main amd64 libsereal-encoder-perl amd64 5.004+ds-1build3 [103 kB]
2026-07-03T19:06:23.2551712Z Get:147 http://azure.archive.ubuntu.com/ubuntu noble/main amd64 libset-intspan-perl all 1.19-3 [24.8 kB]
2026-07-03T19:06:23.2849649Z Get:148 http://azure.archive.ubuntu.com/ubuntu noble/main amd64 libsocket6-perl amd64 0.29-3build3 [17.5 kB]
2026-07-03T19:06:23.3153778Z Get:149 http://azure.archive.ubuntu.com/ubuntu noble/main amd64 libstring-copyright-perl all 0.003014-1 [20.5 kB]
2026-07-03T19:06:23.3452346Z Get:150 http://azure.archive.ubuntu.com/ubuntu noble/main amd64 libstring-escape-perl all 2010.002-3 [16.1 kB]
2026-07-03T19:06:23.3744851Z Get:151 http://azure.archive.ubuntu.com/ubuntu noble/main amd64 libstring-license-perl all 0.0.9-2ubuntu1 [35.0 kB]
2026-07-03T19:06:23.4055973Z Get:152 http://azure.archive.ubuntu.com/ubuntu noble/main amd64 libstring-shellquote-perl all 1.04-3 [11.3 kB]
2026-07-03T19:06:23.4353058Z Get:153 http://azure.archive.ubuntu.com/ubuntu noble/main amd64 libsyntax-keyword-try-perl amd64 0.29-1build3 [24.3 kB]
2026-07-03T19:06:23.4651684Z Get:154 http://azure.archive.ubuntu.com/ubuntu noble/main amd64 libtext-levenshteinxs-perl amd64 0.03-5build4 [7966 B]
2026-07-03T19:06:23.5361652Z Get:155 http://azure.archive.ubuntu.com/ubuntu noble/main amd64 libtext-markdown-discount-perl amd64 0.16-1build3 [12.1 kB]
2026-07-03T19:06:23.5655213Z Get:156 http://azure.archive.ubuntu.com/ubuntu noble/main amd64 libtext-xslate-perl amd64 3.5.9-1build5 [161 kB]
2026-07-03T19:06:23.5996249Z Get:157 http://azure.archive.ubuntu.com/ubuntu noble/main amd64 libtime-duration-perl all 1.21-2 [12.3 kB]
2026-07-03T19:06:23.6292709Z Get:158 http://azure.archive.ubuntu.com/ubuntu noble/main amd64 libtime-moment-perl amd64 0.44-2build4 [70.9 kB]
2026-07-03T19:06:23.6622178Z Get:159 http://azure.archive.ubuntu.com/ubuntu noble/main amd64 libunicode-utf8-perl amd64 0.62-2build3 [18.1 kB]
2026-07-03T19:06:23.6917174Z Get:160 http://azure.archive.ubuntu.com/ubuntu noble/main amd64 libwww-mechanize-perl all 2.18-1ubuntu1 [93.1 kB]
2026-07-03T19:06:23.7233803Z Get:161 http://azure.archive.ubuntu.com/ubuntu noble-updates/main amd64 libyaml-libyaml-perl amd64 0.89+ds-1ubuntu0.24.04.1 [30.7 kB]
2026-07-03T19:06:23.7533811Z Get:162 http://azure.archive.ubuntu.com/ubuntu noble/main amd64 licensecheck all 3.3.9-1ubuntu1 [37.7 kB]
2026-07-03T19:06:23.7839506Z Get:163 http://azure.archive.ubuntu.com/ubuntu noble/main amd64 libdevel-size-perl amd64 0.83-2build4 [19.6 kB]
2026-07-03T19:06:23.8139448Z Get:164 http://azure.archive.ubuntu.com/ubuntu noble/main amd64 libipc-run3-perl all 0.049-1 [28.8 kB]
2026-07-03T19:06:23.8445599Z Get:165 http://azure.archive.ubuntu.com/ubuntu noble/main amd64 lzip amd64 1.24.1-1build1 [83.1 kB]
2026-07-03T19:06:23.8765738Z Get:166 http://azure.archive.ubuntu.com/ubuntu noble/main amd64 lzop amd64 1.04-2build3 [82.2 kB]
2026-07-03T19:06:23.9100584Z Get:167 http://azure.archive.ubuntu.com/ubuntu noble/main amd64 t1utils amd64 1.41-4build3 [61.3 kB]
2026-07-03T19:06:23.9409527Z Get:168 http://azure.archive.ubuntu.com/ubuntu noble-updates/main amd64 lintian all 2.117.0ubuntu1.5 [1063 kB]
2026-07-03T19:06:23.9988842Z Get:169 http://azure.archive.ubuntu.com/ubuntu noble/main amd64 python3-nacl amd64 1.5.0-4build1 [57.9 kB]
2026-07-03T19:06:24.0294027Z Get:170 http://azure.archive.ubuntu.com/ubuntu noble-updates/main amd64 python3-paramiko all 2.12.0-2ubuntu4.1 [137 kB]
2026-07-03T19:06:24.0623168Z Get:171 http://azure.archive.ubuntu.com/ubuntu noble/main amd64 python3-unidiff all 0.7.3-1 [11.0 kB]
2026-07-03T19:06:24.0919700Z Get:172 http://azure.archive.ubuntu.com/ubuntu noble-updates/universe amd64 qpdf amd64 11.9.0-1.1ubuntu0.1 [86.6 kB]
2026-07-03T19:06:24.1752450Z Get:173 http://azure.archive.ubuntu.com/ubuntu noble/main amd64 libauthen-sasl-perl all 2.1700-1 [42.9 kB]
2026-07-03T19:06:24.4549836Z Preconfiguring packages ...
2026-07-03T19:06:24.5086205Z Fetched 30.9 MB in 6s (4868 kB/s)
2026-07-03T19:06:24.5264085Z Selecting previously unselected package fonts-droid-fallback.
2026-07-03T19:06:24.5291097Z (Reading database ... 
2026-07-03T19:06:24.5291468Z (Reading database ... 5%
2026-07-03T19:06:24.5291981Z (Reading database ... 10%
2026-07-03T19:06:24.5292334Z (Reading database ... 15%
2026-07-03T19:06:24.5292677Z (Reading database ... 20%
2026-07-03T19:06:24.5293019Z (Reading database ... 25%
2026-07-03T19:06:24.5293455Z (Reading database ... 30%
2026-07-03T19:06:24.5293754Z (Reading database ... 35%
2026-07-03T19:06:24.5294030Z (Reading database ... 40%
2026-07-03T19:06:24.5294267Z (Reading database ... 45%
2026-07-03T19:06:24.5294733Z (Reading database ... 50%
2026-07-03T19:06:24.5305924Z (Reading database ... 55%
2026-07-03T19:06:24.5389161Z (Reading database ... 60%
2026-07-03T19:06:24.5408288Z (Reading database ... 65%
2026-07-03T19:06:24.5422109Z (Reading database ... 70%
2026-07-03T19:06:24.5435781Z (Reading database ... 75%
2026-07-03T19:06:24.5461215Z (Reading database ... 80%
2026-07-03T19:06:24.5563018Z (Reading database ... 85%
2026-07-03T19:06:24.5626614Z (Reading database ... 90%
2026-07-03T19:06:24.5800190Z (Reading database ... 95%
2026-07-03T19:06:24.5800551Z (Reading database ... 100%
2026-07-03T19:06:24.5800968Z (Reading database ... 202678 files and directories currently installed.)
2026-07-03T19:06:24.5831531Z Preparing to unpack .../000-fonts-droid-fallback_1%3a6.0.1r16-1.1build1_all.deb ...
2026-07-03T19:06:24.6071928Z Unpacking fonts-droid-fallback (1:6.0.1r16-1.1build1) ...
2026-07-03T19:06:24.7508063Z Selecting previously unselected package poppler-data.
2026-07-03T19:06:24.7596413Z Preparing to unpack .../001-poppler-data_0.4.12-1_all.deb ...
2026-07-03T19:06:24.7607770Z Unpacking poppler-data (0.4.12-1) ...
2026-07-03T19:06:24.8751805Z Selecting previously unselected package dctrl-tools.
2026-07-03T19:06:24.8847371Z Preparing to unpack .../002-dctrl-tools_2.24-3build3_amd64.deb ...
2026-07-03T19:06:24.8896468Z Unpacking dctrl-tools (2.24-3build3) ...
2026-07-03T19:06:24.9538855Z Selecting previously unselected package libfile-dirlist-perl.
2026-07-03T19:06:24.9627661Z Preparing to unpack .../003-libfile-dirlist-perl_0.05-3_all.deb ...
2026-07-03T19:06:24.9639689Z Unpacking libfile-dirlist-perl (0.05-3) ...
2026-07-03T19:06:24.9901021Z Selecting previously unselected package libfile-which-perl.
2026-07-03T19:06:24.9987780Z Preparing to unpack .../004-libfile-which-perl_1.27-2_all.deb ...
2026-07-03T19:06:24.9998671Z Unpacking libfile-which-perl (1.27-2) ...
2026-07-03T19:06:25.0202840Z Selecting previously unselected package libfile-homedir-perl.
2026-07-03T19:06:25.0289500Z Preparing to unpack .../005-libfile-homedir-perl_1.006-2_all.deb ...
2026-07-03T19:06:25.0299403Z Unpacking libfile-homedir-perl (1.006-2) ...
2026-07-03T19:06:25.0495930Z Selecting previously unselected package libfile-touch-perl.
2026-07-03T19:06:25.0581322Z Preparing to unpack .../006-libfile-touch-perl_0.12-2_all.deb ...
2026-07-03T19:06:25.0593759Z Unpacking libfile-touch-perl (0.12-2) ...
2026-07-03T19:06:25.0750065Z Selecting previously unselected package libio-pty-perl.
2026-07-03T19:06:25.0835549Z Preparing to unpack .../007-libio-pty-perl_1%3a1.20-1build2_amd64.deb ...
2026-07-03T19:06:25.0848940Z Unpacking libio-pty-perl (1:1.20-1build2) ...
2026-07-03T19:06:25.1053908Z Selecting previously unselected package libipc-run-perl.
2026-07-03T19:06:25.1140338Z Preparing to unpack .../008-libipc-run-perl_20231003.0-1_all.deb ...
2026-07-03T19:06:25.1151597Z Unpacking libipc-run-perl (20231003.0-1) ...
2026-07-03T19:06:25.1336584Z Selecting previously unselected package libclass-method-modifiers-perl.
2026-07-03T19:06:25.1426052Z Preparing to unpack .../009-libclass-method-modifiers-perl_2.15-1_all.deb ...
2026-07-03T19:06:25.1440481Z Unpacking libclass-method-modifiers-perl (2.15-1) ...
2026-07-03T19:06:25.1593115Z Selecting previously unselected package libclass-xsaccessor-perl.
2026-07-03T19:06:25.1679401Z Preparing to unpack .../010-libclass-xsaccessor-perl_1.19-4build4_amd64.deb ...
2026-07-03T19:06:25.1691164Z Unpacking libclass-xsaccessor-perl (1.19-4build4) ...
2026-07-03T19:06:25.1850498Z Selecting previously unselected package libb-hooks-op-check-perl:amd64.
2026-07-03T19:06:25.1936660Z Preparing to unpack .../011-libb-hooks-op-check-perl_0.22-3build1_amd64.deb ...
2026-07-03T19:06:25.1947992Z Unpacking libb-hooks-op-check-perl:amd64 (0.22-3build1) ...
2026-07-03T19:06:25.2100039Z Selecting previously unselected package libdynaloader-functions-perl.
2026-07-03T19:06:25.2186334Z Preparing to unpack .../012-libdynaloader-functions-perl_0.003-3_all.deb ...
2026-07-03T19:06:25.2196135Z Unpacking libdynaloader-functions-perl (0.003-3) ...
2026-07-03T19:06:25.2342429Z Selecting previously unselected package libdevel-callchecker-perl:amd64.
2026-07-03T19:06:25.2428599Z Preparing to unpack .../013-libdevel-callchecker-perl_0.008-2build3_amd64.deb ...
2026-07-03T19:06:25.2466495Z Unpacking libdevel-callchecker-perl:amd64 (0.008-2build3) ...
2026-07-03T19:06:25.2616924Z Selecting previously unselected package libparams-classify-perl:amd64.
2026-07-03T19:06:25.2707894Z Preparing to unpack .../014-libparams-classify-perl_0.015-2build5_amd64.deb ...
2026-07-03T19:06:25.2733633Z Unpacking libparams-classify-perl:amd64 (0.015-2build5) ...
2026-07-03T19:06:25.2886976Z Selecting previously unselected package libmodule-runtime-perl.
2026-07-03T19:06:25.2973302Z Preparing to unpack .../015-libmodule-runtime-perl_0.016-2_all.deb ...
2026-07-03T19:06:25.2983486Z Unpacking libmodule-runtime-perl (0.016-2) ...
2026-07-03T19:06:25.3126000Z Selecting previously unselected package libimport-into-perl.
2026-07-03T19:06:25.3212106Z Preparing to unpack .../016-libimport-into-perl_1.002005-2_all.deb ...
2026-07-03T19:06:25.3222848Z Unpacking libimport-into-perl (1.002005-2) ...
2026-07-03T19:06:25.3366974Z Selecting previously unselected package librole-tiny-perl.
2026-07-03T19:06:25.3452316Z Preparing to unpack .../017-librole-tiny-perl_2.002004-1_all.deb ...
2026-07-03T19:06:25.3464124Z Unpacking librole-tiny-perl (2.002004-1) ...
2026-07-03T19:06:25.3626716Z Selecting previously unselected package libsub-quote-perl.
2026-07-03T19:06:25.3711996Z Preparing to unpack .../018-libsub-quote-perl_2.006008-1ubuntu1_all.deb ...
2026-07-03T19:06:25.3722767Z Unpacking libsub-quote-perl (2.006008-1ubuntu1) ...
2026-07-03T19:06:25.3869921Z Selecting previously unselected package libmoo-perl.
2026-07-03T19:06:25.3958426Z Preparing to unpack .../019-libmoo-perl_2.005005-1_all.deb ...
2026-07-03T19:06:25.3977797Z Unpacking libmoo-perl (2.005005-1) ...
2026-07-03T19:06:25.4153031Z Selecting previously unselected package libfile-listing-perl.
2026-07-03T19:06:25.4245326Z Preparing to unpack .../020-libfile-listing-perl_6.16-1_all.deb ...
2026-07-03T19:06:25.4259726Z Unpacking libfile-listing-perl (6.16-1) ...
2026-07-03T19:06:25.4412521Z Selecting previously unselected package libhtml-tree-perl.
2026-07-03T19:06:25.4509015Z Preparing to unpack .../021-libhtml-tree-perl_5.07-3_all.deb ...
2026-07-03T19:06:25.4520928Z Unpacking libhtml-tree-perl (5.07-3) ...
2026-07-03T19:06:25.4855158Z Selecting previously unselected package libhttp-cookies-perl.
2026-07-03T19:06:25.4950579Z Preparing to unpack .../022-libhttp-cookies-perl_6.11-1_all.deb ...
2026-07-03T19:06:25.4962031Z Unpacking libhttp-cookies-perl (6.11-1) ...
2026-07-03T19:06:25.5119816Z Selecting previously unselected package libhttp-negotiate-perl.
2026-07-03T19:06:25.5208216Z Preparing to unpack .../023-libhttp-negotiate-perl_6.01-2_all.deb ...
2026-07-03T19:06:25.5218744Z Unpacking libhttp-negotiate-perl (6.01-2) ...
2026-07-03T19:06:25.5373178Z Selecting previously unselected package perl-openssl-defaults:amd64.
2026-07-03T19:06:25.5459033Z Preparing to unpack .../024-perl-openssl-defaults_7build3_amd64.deb ...
2026-07-03T19:06:25.5470874Z Unpacking perl-openssl-defaults:amd64 (7build3) ...
2026-07-03T19:06:25.5674089Z Selecting previously unselected package libnet-ssleay-perl:amd64.
2026-07-03T19:06:25.5759903Z Preparing to unpack .../025-libnet-ssleay-perl_1.94-1build4_amd64.deb ...
2026-07-03T19:06:25.5771141Z Unpacking libnet-ssleay-perl:amd64 (1.94-1build4) ...
2026-07-03T19:06:25.6100756Z Selecting previously unselected package libio-socket-ssl-perl.
2026-07-03T19:06:25.6188875Z Preparing to unpack .../026-libio-socket-ssl-perl_2.085-1_all.deb ...
2026-07-03T19:06:25.6199534Z Unpacking libio-socket-ssl-perl (2.085-1) ...
2026-07-03T19:06:25.6375370Z Selecting previously unselected package libnet-http-perl.
2026-07-03T19:06:25.6462308Z Preparing to unpack .../027-libnet-http-perl_6.23-1_all.deb ...
2026-07-03T19:06:25.6472384Z Unpacking libnet-http-perl (6.23-1) ...
2026-07-03T19:06:25.6628705Z Selecting previously unselected package liblwp-protocol-https-perl.
2026-07-03T19:06:25.6718612Z Preparing to unpack .../028-liblwp-protocol-https-perl_6.13-1_all.deb ...
2026-07-03T19:06:25.6729422Z Unpacking liblwp-protocol-https-perl (6.13-1) ...
2026-07-03T19:06:25.6909258Z Selecting previously unselected package libtry-tiny-perl.
2026-07-03T19:06:25.6997014Z Preparing to unpack .../029-libtry-tiny-perl_0.31-2_all.deb ...
2026-07-03T19:06:25.7007190Z Unpacking libtry-tiny-perl (0.31-2) ...
2026-07-03T19:06:25.7153517Z Selecting previously unselected package libwww-robotrules-perl.
2026-07-03T19:06:25.7240761Z Preparing to unpack .../030-libwww-robotrules-perl_6.02-1_all.deb ...
2026-07-03T19:06:25.7249942Z Unpacking libwww-robotrules-perl (6.02-1) ...
2026-07-03T19:06:25.7406195Z Selecting previously unselected package libwww-perl.
2026-07-03T19:06:25.7492330Z Preparing to unpack .../031-libwww-perl_6.76-1ubuntu0.1_all.deb ...
2026-07-03T19:06:25.7505186Z Unpacking libwww-perl (6.76-1ubuntu0.1) ...
2026-07-03T19:06:25.7732057Z Selecting previously unselected package patchutils.
2026-07-03T19:06:25.7820961Z Preparing to unpack .../032-patchutils_0.4.2-1build3_amd64.deb ...
2026-07-03T19:06:25.7833031Z Unpacking patchutils (0.4.2-1build3) ...
2026-07-03T19:06:25.8097347Z Selecting previously unselected package wdiff.
2026-07-03T19:06:25.8195263Z Preparing to unpack .../033-wdiff_1.2.2-6build1_amd64.deb ...
2026-07-03T19:06:25.8207336Z Unpacking wdiff (1.2.2-6build1) ...
2026-07-03T19:06:25.8452931Z Selecting previously unselected package devscripts.
2026-07-03T19:06:25.8550931Z Preparing to unpack .../034-devscripts_2.23.7ubuntu0.2_all.deb ...
2026-07-03T19:06:25.8699715Z Unpacking devscripts (2.23.7ubuntu0.2) ...
2026-07-03T19:06:25.9718058Z Selecting previously unselected package diffstat.
2026-07-03T19:06:25.9804570Z Preparing to unpack .../035-diffstat_1.66-1build1_amd64.deb ...
2026-07-03T19:06:25.9814363Z Unpacking diffstat (1.66-1build1) ...
2026-07-03T19:06:25.9974019Z Selecting previously unselected package python3-gpg.
2026-07-03T19:06:26.0063904Z Preparing to unpack .../036-python3-gpg_1.18.0-4.1ubuntu4_amd64.deb ...
2026-07-03T19:06:26.0076645Z Unpacking python3-gpg (1.18.0-4.1ubuntu4) ...
2026-07-03T19:06:26.0354227Z Selecting previously unselected package python3-xdg.
2026-07-03T19:06:26.0444346Z Preparing to unpack .../037-python3-xdg_0.28-2_all.deb ...
2026-07-03T19:06:26.0457222Z Unpacking python3-xdg (0.28-2) ...
2026-07-03T19:06:26.0659555Z Selecting previously unselected package dput.
2026-07-03T19:06:26.0746707Z Preparing to unpack .../038-dput_1.1.3ubuntu3_all.deb ...
2026-07-03T19:06:26.0795524Z Unpacking dput (1.1.3ubuntu3) ...
2026-07-03T19:06:26.1039615Z Selecting previously unselected package fonts-noto-mono.
2026-07-03T19:06:26.1132456Z Preparing to unpack .../039-fonts-noto-mono_20201225-2_all.deb ...
2026-07-03T19:06:26.1151354Z Unpacking fonts-noto-mono (20201225-2) ...
2026-07-03T19:06:26.1381711Z Selecting previously unselected package xfonts-encodings.
2026-07-03T19:06:26.1470877Z Preparing to unpack .../040-xfonts-encodings_1%3a1.0.5-0ubuntu2_all.deb ...
2026-07-03T19:06:26.1482651Z Unpacking xfonts-encodings (1:1.0.5-0ubuntu2) ...
2026-07-03T19:06:26.1692587Z Selecting previously unselected package xfonts-utils.
2026-07-03T19:06:26.1781110Z Preparing to unpack .../041-xfonts-utils_1%3a7.7+6build3_amd64.deb ...
2026-07-03T19:06:26.1794051Z Unpacking xfonts-utils (1:7.7+6build3) ...
2026-07-03T19:06:26.2107602Z Selecting previously unselected package fonts-urw-base35.
2026-07-03T19:06:26.2196735Z Preparing to unpack .../042-fonts-urw-base35_20200910-8_all.deb ...
2026-07-03T19:06:26.2642941Z Unpacking fonts-urw-base35 (20200910-8) ...
2026-07-03T19:06:26.3876038Z Selecting previously unselected package gdebi-core.
2026-07-03T19:06:26.3969653Z Preparing to unpack .../043-gdebi-core_0.9.5.7+nmu7_all.deb ...
2026-07-03T19:06:26.3984422Z Unpacking gdebi-core (0.9.5.7+nmu7) ...
2026-07-03T19:06:26.5442270Z Selecting previously unselected package gettext.
2026-07-03T19:06:26.5534750Z Preparing to unpack .../044-gettext_0.21-14ubuntu2_amd64.deb ...
2026-07-03T19:06:26.5563174Z Unpacking gettext (0.21-14ubuntu2) ...
2026-07-03T19:06:26.5996773Z Selecting previously unselected package libgs-common.
2026-07-03T19:06:26.6087740Z Preparing to unpack .../045-libgs-common_10.02.1~dfsg1-0ubuntu7.8_all.deb ...
2026-07-03T19:06:26.6098177Z Unpacking libgs-common (10.02.1~dfsg1-0ubuntu7.8) ...
2026-07-03T19:06:26.6257246Z Selecting previously unselected package libgs10-common.
2026-07-03T19:06:26.6344166Z Preparing to unpack .../046-libgs10-common_10.02.1~dfsg1-0ubuntu7.8_all.deb ...
2026-07-03T19:06:26.6351952Z Unpacking libgs10-common (10.02.1~dfsg1-0ubuntu7.8) ...
2026-07-03T19:06:26.6971634Z Selecting previously unselected package libidn12:amd64.
2026-07-03T19:06:26.7059610Z Preparing to unpack .../047-libidn12_1.42-1build1_amd64.deb ...
2026-07-03T19:06:26.7070652Z Unpacking libidn12:amd64 (1.42-1build1) ...
2026-07-03T19:06:26.7219139Z Selecting previously unselected package libijs-0.35:amd64.
2026-07-03T19:06:26.7308033Z Preparing to unpack .../048-libijs-0.35_0.35-15.1build1_amd64.deb ...
2026-07-03T19:06:26.7321740Z Unpacking libijs-0.35:amd64 (0.35-15.1build1) ...
2026-07-03T19:06:26.7498215Z Selecting previously unselected package libjbig2dec0:amd64.
2026-07-03T19:06:26.7594814Z Preparing to unpack .../049-libjbig2dec0_0.20-1build3_amd64.deb ...
2026-07-03T19:06:26.7614003Z Unpacking libjbig2dec0:amd64 (0.20-1build3) ...
2026-07-03T19:06:26.7788848Z Selecting previously unselected package libpaper1:amd64.
2026-07-03T19:06:26.7877794Z Preparing to unpack .../050-libpaper1_1.1.29build1_amd64.deb ...
2026-07-03T19:06:26.7886585Z Unpacking libpaper1:amd64 (1.1.29build1) ...
2026-07-03T19:06:26.8498024Z Selecting previously unselected package libgs10:amd64.
2026-07-03T19:06:26.8587282Z Preparing to unpack .../051-libgs10_10.02.1~dfsg1-0ubuntu7.8_amd64.deb ...
2026-07-03T19:06:26.8595525Z Unpacking libgs10:amd64 (10.02.1~dfsg1-0ubuntu7.8) ...
2026-07-03T19:06:27.0421320Z Selecting previously unselected package ghostscript.
2026-07-03T19:06:27.0516026Z Preparing to unpack .../052-ghostscript_10.02.1~dfsg1-0ubuntu7.8_amd64.deb ...
2026-07-03T19:06:27.0527145Z Unpacking ghostscript (10.02.1~dfsg1-0ubuntu7.8) ...
2026-07-03T19:06:27.0809764Z Selecting previously unselected package intltool-debian.
2026-07-03T19:06:27.0897900Z Preparing to unpack .../053-intltool-debian_0.35.0+20060710.6_all.deb ...
2026-07-03T19:06:27.0911501Z Unpacking intltool-debian (0.35.0+20060710.6) ...
2026-07-03T19:06:27.1053729Z Selecting previously unselected package libaliased-perl.
2026-07-03T19:06:27.1143017Z Preparing to unpack .../054-libaliased-perl_0.34-3_all.deb ...
2026-07-03T19:06:27.1151139Z Unpacking libaliased-perl (0.34-3) ...
2026-07-03T19:06:27.1286670Z Selecting previously unselected package libapt-pkg-perl.
2026-07-03T19:06:27.1374321Z Preparing to unpack .../055-libapt-pkg-perl_0.1.40build7_amd64.deb ...
2026-07-03T19:06:27.1385757Z Unpacking libapt-pkg-perl (0.1.40build7) ...
2026-07-03T19:06:27.1549598Z Selecting previously unselected package libarchive-zip-perl.
2026-07-03T19:06:27.1637764Z Preparing to unpack .../056-libarchive-zip-perl_1.68-1_all.deb ...
2026-07-03T19:06:27.1646022Z Unpacking libarchive-zip-perl (1.68-1) ...
2026-07-03T19:06:27.1854188Z Selecting previously unselected package libarray-intspan-perl.
2026-07-03T19:06:27.1958054Z Preparing to unpack .../057-libarray-intspan-perl_2.004-2_all.deb ...
2026-07-03T19:06:27.1966874Z Unpacking libarray-intspan-perl (2.004-2) ...
2026-07-03T19:06:27.2116489Z Selecting previously unselected package libmodule-implementation-perl.
2026-07-03T19:06:27.2205197Z Preparing to unpack .../058-libmodule-implementation-perl_0.09-2_all.deb ...
2026-07-03T19:06:27.2213765Z Unpacking libmodule-implementation-perl (0.09-2) ...
2026-07-03T19:06:27.2352223Z Selecting previously unselected package libsub-exporter-progressive-perl.
2026-07-03T19:06:27.2440659Z Preparing to unpack .../059-libsub-exporter-progressive-perl_0.001013-3_all.deb ...
2026-07-03T19:06:27.2449086Z Unpacking libsub-exporter-progressive-perl (0.001013-3) ...
2026-07-03T19:06:27.2600531Z Selecting previously unselected package libvariable-magic-perl.
2026-07-03T19:06:27.2700815Z Preparing to unpack .../060-libvariable-magic-perl_0.63-1build3_amd64.deb ...
2026-07-03T19:06:27.2710880Z Unpacking libvariable-magic-perl (0.63-1build3) ...
2026-07-03T19:06:27.2963010Z Selecting previously unselected package libb-hooks-endofscope-perl.
2026-07-03T19:06:27.3050003Z Preparing to unpack .../061-libb-hooks-endofscope-perl_0.28-1_all.deb ...
2026-07-03T19:06:27.3058594Z Unpacking libb-hooks-endofscope-perl (0.28-1) ...
2026-07-03T19:06:27.3201662Z Selecting previously unselected package libberkeleydb-perl:amd64.
2026-07-03T19:06:27.3289392Z Preparing to unpack .../062-libberkeleydb-perl_0.64-2build4_amd64.deb ...
2026-07-03T19:06:27.3300912Z Unpacking libberkeleydb-perl:amd64 (0.64-2build4) ...
2026-07-03T19:06:27.3478362Z Selecting previously unselected package libcapture-tiny-perl.
2026-07-03T19:06:27.3565517Z Preparing to unpack .../063-libcapture-tiny-perl_0.48-2_all.deb ...
2026-07-03T19:06:27.3584389Z Unpacking libcapture-tiny-perl (0.48-2) ...
2026-07-03T19:06:27.3723651Z Selecting previously unselected package libclass-data-inheritable-perl.
2026-07-03T19:06:27.3812206Z Preparing to unpack .../064-libclass-data-inheritable-perl_0.08-3_all.deb ...
2026-07-03T19:06:27.3822974Z Unpacking libclass-data-inheritable-perl (0.08-3) ...
2026-07-03T19:06:27.3967415Z Selecting previously unselected package libconfig-tiny-perl.
2026-07-03T19:06:27.4066585Z Preparing to unpack .../065-libconfig-tiny-perl_2.30-1_all.deb ...
2026-07-03T19:06:27.4081124Z Unpacking libconfig-tiny-perl (2.30-1) ...
2026-07-03T19:06:27.4236512Z Selecting previously unselected package libparams-util-perl.
2026-07-03T19:06:27.4338484Z Preparing to unpack .../066-libparams-util-perl_1.102-2build3_amd64.deb ...
2026-07-03T19:06:27.4356485Z Unpacking libparams-util-perl (1.102-2build3) ...
2026-07-03T19:06:27.4518353Z Selecting previously unselected package libsub-install-perl.
2026-07-03T19:06:27.4619140Z Preparing to unpack .../067-libsub-install-perl_0.929-1_all.deb ...
2026-07-03T19:06:27.4627436Z Unpacking libsub-install-perl (0.929-1) ...
2026-07-03T19:06:27.4775722Z Selecting previously unselected package libdata-optlist-perl.
2026-07-03T19:06:27.4874088Z Preparing to unpack .../068-libdata-optlist-perl_0.114-1_all.deb ...
2026-07-03T19:06:27.4883522Z Unpacking libdata-optlist-perl (0.114-1) ...
2026-07-03T19:06:27.5035630Z Selecting previously unselected package libsub-exporter-perl.
2026-07-03T19:06:27.5131282Z Preparing to unpack .../069-libsub-exporter-perl_0.990-1_all.deb ...
2026-07-03T19:06:27.5139636Z Unpacking libsub-exporter-perl (0.990-1) ...
2026-07-03T19:06:27.5298478Z Selecting previously unselected package libconst-fast-perl.
2026-07-03T19:06:27.5388676Z Preparing to unpack .../070-libconst-fast-perl_0.014-2_all.deb ...
2026-07-03T19:06:27.5403697Z Unpacking libconst-fast-perl (0.014-2) ...
2026-07-03T19:06:27.5552879Z Selecting previously unselected package libcpanel-json-xs-perl:amd64.
2026-07-03T19:06:27.5639975Z Preparing to unpack .../071-libcpanel-json-xs-perl_4.37-1ubuntu0.1_amd64.deb ...
2026-07-03T19:06:27.5652160Z Unpacking libcpanel-json-xs-perl:amd64 (4.37-1ubuntu0.1) ...
2026-07-03T19:06:27.5817887Z Selecting previously unselected package libdevel-stacktrace-perl.
2026-07-03T19:06:27.5904693Z Preparing to unpack .../072-libdevel-stacktrace-perl_2.0500-1_all.deb ...
2026-07-03T19:06:27.5913876Z Unpacking libdevel-stacktrace-perl (2.0500-1) ...
2026-07-03T19:06:27.6055626Z Selecting previously unselected package libexception-class-perl.
2026-07-03T19:06:27.6142178Z Preparing to unpack .../073-libexception-class-perl_1.45-1_all.deb ...
2026-07-03T19:06:27.6150227Z Unpacking libexception-class-perl (1.45-1) ...
2026-07-03T19:06:27.6303801Z Selecting previously unselected package libiterator-perl.
2026-07-03T19:06:27.6390742Z Preparing to unpack .../074-libiterator-perl_0.03+ds1-2_all.deb ...
2026-07-03T19:06:27.6399176Z Unpacking libiterator-perl (0.03+ds1-2) ...
2026-07-03T19:06:27.6538172Z Selecting previously unselected package libiterator-util-perl.
2026-07-03T19:06:27.6626679Z Preparing to unpack .../075-libiterator-util-perl_0.02+ds1-2_all.deb ...
2026-07-03T19:06:27.6635791Z Unpacking libiterator-util-perl (0.02+ds1-2) ...
2026-07-03T19:06:27.6830839Z Selecting previously unselected package libdata-dpath-perl.
2026-07-03T19:06:27.6922025Z Preparing to unpack .../076-libdata-dpath-perl_0.59-1_all.deb ...
2026-07-03T19:06:27.6930477Z Unpacking libdata-dpath-perl (0.59-1) ...
2026-07-03T19:06:27.7099483Z Selecting previously unselected package libdata-dump-perl.
2026-07-03T19:06:27.7198319Z Preparing to unpack .../077-libdata-dump-perl_1.25-1_all.deb ...
2026-07-03T19:06:27.7214754Z Unpacking libdata-dump-perl (1.25-1) ...
2026-07-03T19:06:27.7372978Z Selecting previously unselected package libdata-messagepack-perl.
2026-07-03T19:06:27.7472426Z Preparing to unpack .../078-libdata-messagepack-perl_1.02-1build4_amd64.deb ...
2026-07-03T19:06:27.7481847Z Unpacking libdata-messagepack-perl (1.02-1build4) ...
2026-07-03T19:06:27.7649186Z Selecting previously unselected package libnet-domain-tld-perl.
2026-07-03T19:06:27.7750335Z Preparing to unpack .../079-libnet-domain-tld-perl_1.75-3_all.deb ...
2026-07-03T19:06:27.7761681Z Unpacking libnet-domain-tld-perl (1.75-3) ...
2026-07-03T19:06:27.7939998Z Selecting previously unselected package libdata-validate-domain-perl.
2026-07-03T19:06:27.8041845Z Preparing to unpack .../080-libdata-validate-domain-perl_0.10-1.1_all.deb ...
2026-07-03T19:06:27.8054081Z Unpacking libdata-validate-domain-perl (0.10-1.1) ...
2026-07-03T19:06:27.8219547Z Selecting previously unselected package libnet-ipv6addr-perl.
2026-07-03T19:06:27.8313115Z Preparing to unpack .../081-libnet-ipv6addr-perl_1.02-1_all.deb ...
2026-07-03T19:06:27.8326250Z Unpacking libnet-ipv6addr-perl (1.02-1) ...
2026-07-03T19:06:27.8558998Z Selecting previously unselected package libnet-netmask-perl.
2026-07-03T19:06:27.8656788Z Preparing to unpack .../082-libnet-netmask-perl_2.0002-2_all.deb ...
2026-07-03T19:06:27.8667822Z Unpacking libnet-netmask-perl (2.0002-2) ...
2026-07-03T19:06:27.8825964Z Selecting previously unselected package libnetaddr-ip-perl.
2026-07-03T19:06:27.8913332Z Preparing to unpack .../083-libnetaddr-ip-perl_4.079+dfsg-2build4_amd64.deb ...
2026-07-03T19:06:27.8922942Z Unpacking libnetaddr-ip-perl (4.079+dfsg-2build4) ...
2026-07-03T19:06:27.9152110Z Selecting previously unselected package libdata-validate-ip-perl.
2026-07-03T19:06:27.9242351Z Preparing to unpack .../084-libdata-validate-ip-perl_0.31-1_all.deb ...
2026-07-03T19:06:27.9253965Z Unpacking libdata-validate-ip-perl (0.31-1) ...
2026-07-03T19:06:27.9399199Z Selecting previously unselected package libdata-validate-uri-perl.
2026-07-03T19:06:27.9487619Z Preparing to unpack .../085-libdata-validate-uri-perl_0.07-3_all.deb ...
2026-07-03T19:06:27.9499652Z Unpacking libdata-validate-uri-perl (0.07-3) ...
2026-07-03T19:06:27.9654291Z Selecting previously unselected package libdistro-info-perl.
2026-07-03T19:06:27.9741800Z Preparing to unpack .../086-libdistro-info-perl_1.7build1_all.deb ...
2026-07-03T19:06:27.9833248Z Unpacking libdistro-info-perl (1.7build1) ...
2026-07-03T19:06:27.9972981Z Selecting previously unselected package libemail-address-xs-perl.
2026-07-03T19:06:28.0061433Z Preparing to unpack .../087-libemail-address-xs-perl_1.05-1build4_amd64.deb ...
2026-07-03T19:06:28.0073207Z Unpacking libemail-address-xs-perl (1.05-1build4) ...
2026-07-03T19:06:28.0266509Z Selecting previously unselected package libexporter-tiny-perl.
2026-07-03T19:06:28.0353551Z Preparing to unpack .../088-libexporter-tiny-perl_1.006002-1_all.deb ...
2026-07-03T19:06:28.0362964Z Unpacking libexporter-tiny-perl (1.006002-1) ...
2026-07-03T19:06:28.0526012Z Selecting previously unselected package libipc-system-simple-perl.
2026-07-03T19:06:28.0613276Z Preparing to unpack .../089-libipc-system-simple-perl_1.30-2_all.deb ...
2026-07-03T19:06:28.0638048Z Unpacking libipc-system-simple-perl (1.30-2) ...
2026-07-03T19:06:28.0783007Z Selecting previously unselected package libfile-basedir-perl.
2026-07-03T19:06:28.0870304Z Preparing to unpack .../090-libfile-basedir-perl_0.09-2_all.deb ...
2026-07-03T19:06:28.0879834Z Unpacking libfile-basedir-perl (0.09-2) ...
2026-07-03T19:06:28.1040484Z Selecting previously unselected package libfile-chdir-perl.
2026-07-03T19:06:28.1143564Z Preparing to unpack .../091-libfile-chdir-perl_0.1008-1.1_all.deb ...
2026-07-03T19:06:28.1157776Z Unpacking libfile-chdir-perl (0.1008-1.1) ...
2026-07-03T19:06:28.1329165Z Selecting previously unselected package libnumber-compare-perl.
2026-07-03T19:06:28.1430924Z Preparing to unpack .../092-libnumber-compare-perl_0.03-3_all.deb ...
2026-07-03T19:06:28.1443247Z Unpacking libnumber-compare-perl (0.03-3) ...
2026-07-03T19:06:28.1596226Z Selecting previously unselected package libtext-glob-perl.
2026-07-03T19:06:28.1684093Z Preparing to unpack .../093-libtext-glob-perl_0.11-3_all.deb ...
2026-07-03T19:06:28.1700043Z Unpacking libtext-glob-perl (0.11-3) ...
2026-07-03T19:06:28.1851250Z Selecting previously unselected package libfile-find-rule-perl.
2026-07-03T19:06:28.1943239Z Preparing to unpack .../094-libfile-find-rule-perl_0.34-3ubuntu0.24.04.1_all.deb ...
2026-07-03T19:06:28.1960376Z Unpacking libfile-find-rule-perl (0.34-3ubuntu0.24.04.1) ...
2026-07-03T19:06:28.2130618Z Selecting previously unselected package libfont-afm-perl.
2026-07-03T19:06:28.2234266Z Preparing to unpack .../095-libfont-afm-perl_1.20-4_all.deb ...
2026-07-03T19:06:28.2247088Z Unpacking libfont-afm-perl (1.20-4) ...
2026-07-03T19:06:28.2405569Z Selecting previously unselected package libio-string-perl.
2026-07-03T19:06:28.2498588Z Preparing to unpack .../096-libio-string-perl_1.08-4_all.deb ...
2026-07-03T19:06:28.2513613Z Unpacking libio-string-perl (1.08-4) ...
2026-07-03T19:06:28.2650678Z Selecting previously unselected package libfont-ttf-perl.
2026-07-03T19:06:28.2741535Z Preparing to unpack .../097-libfont-ttf-perl_1.06-2_all.deb ...
2026-07-03T19:06:28.2752725Z Unpacking libfont-ttf-perl (1.06-2) ...
2026-07-03T19:06:28.3249627Z Selecting previously unselected package libfreezethaw-perl.
2026-07-03T19:06:28.3335543Z Preparing to unpack .../098-libfreezethaw-perl_0.5001-3_all.deb ...
2026-07-03T19:06:28.3345038Z Unpacking libfreezethaw-perl (0.5001-3) ...
2026-07-03T19:06:28.3575535Z Selecting previously unselected package libsort-versions-perl.
2026-07-03T19:06:28.3663588Z Preparing to unpack .../099-libsort-versions-perl_1.62-3_all.deb ...
2026-07-03T19:06:28.3673822Z Unpacking libsort-versions-perl (1.62-3) ...
2026-07-03T19:06:28.3817710Z Selecting previously unselected package libgit-wrapper-perl.
2026-07-03T19:06:28.3904887Z Preparing to unpack .../100-libgit-wrapper-perl_0.048-2_all.deb ...
2026-07-03T19:06:28.3916450Z Unpacking libgit-wrapper-perl (0.048-2) ...
2026-07-03T19:06:28.4072987Z Selecting previously unselected package libhtml-form-perl.
2026-07-03T19:06:28.4162059Z Preparing to unpack .../101-libhtml-form-perl_6.11-1_all.deb ...
2026-07-03T19:06:28.4175785Z Unpacking libhtml-form-perl (6.11-1) ...
2026-07-03T19:06:28.4372446Z Selecting previously unselected package libhtml-format-perl.
2026-07-03T19:06:28.4466335Z Preparing to unpack .../102-libhtml-format-perl_2.16-2_all.deb ...
2026-07-03T19:06:28.4478794Z Unpacking libhtml-format-perl (2.16-2) ...
2026-07-03T19:06:28.4631270Z Selecting previously unselected package libhtml-html5-entities-perl.
2026-07-03T19:06:28.4722548Z Preparing to unpack .../103-libhtml-html5-entities-perl_0.004-3_all.deb ...
2026-07-03T19:06:28.4734417Z Unpacking libhtml-html5-entities-perl (0.004-3) ...
2026-07-03T19:06:28.4880694Z Selecting previously unselected package libhtml-tokeparser-simple-perl.
2026-07-03T19:06:28.4973503Z Preparing to unpack .../104-libhtml-tokeparser-simple-perl_3.16-4_all.deb ...
2026-07-03T19:06:28.4985524Z Unpacking libhtml-tokeparser-simple-perl (3.16-4) ...
2026-07-03T19:06:28.5164983Z Selecting previously unselected package libhttp-daemon-perl.
2026-07-03T19:06:28.5253771Z Preparing to unpack .../105-libhttp-daemon-perl_6.16-1ubuntu0.24.04.1_all.deb ...
2026-07-03T19:06:28.5263513Z Unpacking libhttp-daemon-perl (6.16-1ubuntu0.24.04.1) ...
2026-07-03T19:06:28.5408383Z Selecting previously unselected package libindirect-perl.
2026-07-03T19:06:28.5496913Z Preparing to unpack .../106-libindirect-perl_0.39-2build4_amd64.deb ...
2026-07-03T19:06:28.5507979Z Unpacking libindirect-perl (0.39-2build4) ...
2026-07-03T19:06:28.5651479Z Selecting previously unselected package libio-interactive-perl.
2026-07-03T19:06:28.5740002Z Preparing to unpack .../107-libio-interactive-perl_1.025-1_all.deb ...
2026-07-03T19:06:28.5758324Z Unpacking libio-interactive-perl (1.025-1) ...
2026-07-03T19:06:28.5898115Z Selecting previously unselected package libjson-maybexs-perl.
2026-07-03T19:06:28.5985421Z Preparing to unpack .../108-libjson-maybexs-perl_1.004005-1_all.deb ...
2026-07-03T19:06:28.5995854Z Unpacking libjson-maybexs-perl (1.004005-1) ...
2026-07-03T19:06:28.6176285Z Selecting previously unselected package liblist-compare-perl.
2026-07-03T19:06:28.6264405Z Preparing to unpack .../109-liblist-compare-perl_0.55-2_all.deb ...
2026-07-03T19:06:28.6276492Z Unpacking liblist-compare-perl (0.55-2) ...
2026-07-03T19:06:28.6429236Z Selecting previously unselected package liblist-someutils-perl.
2026-07-03T19:06:28.6518885Z Preparing to unpack .../110-liblist-someutils-perl_0.59-1_all.deb ...
2026-07-03T19:06:28.6534315Z Unpacking liblist-someutils-perl (0.59-1) ...
2026-07-03T19:06:28.6691393Z Selecting previously unselected package liblist-someutils-xs-perl:amd64.
2026-07-03T19:06:28.6781611Z Preparing to unpack .../111-liblist-someutils-xs-perl_0.58-3build4_amd64.deb ...
2026-07-03T19:06:28.6793912Z Unpacking liblist-someutils-xs-perl:amd64 (0.58-3build4) ...
2026-07-03T19:06:28.6946153Z Selecting previously unselected package liblist-utilsby-perl.
2026-07-03T19:06:28.7035594Z Preparing to unpack .../112-liblist-utilsby-perl_0.12-2_all.deb ...
2026-07-03T19:06:28.7047913Z Unpacking liblist-utilsby-perl (0.12-2) ...
2026-07-03T19:06:28.7196480Z Selecting previously unselected package liblog-any-perl.
2026-07-03T19:06:28.7285073Z Preparing to unpack .../113-liblog-any-perl_1.717-1_all.deb ...
2026-07-03T19:06:28.7295222Z Unpacking liblog-any-perl (1.717-1) ...
2026-07-03T19:06:28.7487207Z Selecting previously unselected package liblog-any-adapter-screen-perl.
2026-07-03T19:06:28.7578587Z Preparing to unpack .../114-liblog-any-adapter-screen-perl_0.140-2_all.deb ...
2026-07-03T19:06:28.7590370Z Unpacking liblog-any-adapter-screen-perl (0.140-2) ...
2026-07-03T19:06:28.7742516Z Selecting previously unselected package libnet-smtp-ssl-perl.
2026-07-03T19:06:28.7831173Z Preparing to unpack .../115-libnet-smtp-ssl-perl_1.04-2_all.deb ...
2026-07-03T19:06:28.7845083Z Unpacking libnet-smtp-ssl-perl (1.04-2) ...
2026-07-03T19:06:28.7982296Z Selecting previously unselected package libmailtools-perl.
2026-07-03T19:06:28.8071856Z Preparing to unpack .../116-libmailtools-perl_2.21-2_all.deb ...
2026-07-03T19:06:28.8082553Z Unpacking libmailtools-perl (2.21-2) ...
2026-07-03T19:06:28.8369343Z Selecting previously unselected package libmarkdown2:amd64.
2026-07-03T19:06:28.8456958Z Preparing to unpack .../117-libmarkdown2_2.2.7-2build1_amd64.deb ...
2026-07-03T19:06:28.8467164Z Unpacking libmarkdown2:amd64 (2.2.7-2build1) ...
2026-07-03T19:06:28.8612316Z Selecting previously unselected package libmath-base85-perl.
2026-07-03T19:06:28.8698949Z Preparing to unpack .../118-libmath-base85-perl_0.5+dfsg-2_all.deb ...
2026-07-03T19:06:28.8708473Z Unpacking libmath-base85-perl (0.5+dfsg-2) ...
2026-07-03T19:06:28.8847633Z Selecting previously unselected package libmldbm-perl.
2026-07-03T19:06:28.8940907Z Preparing to unpack .../119-libmldbm-perl_2.05-4_all.deb ...
2026-07-03T19:06:28.8953122Z Unpacking libmldbm-perl (2.05-4) ...
2026-07-03T19:06:28.9115639Z Selecting previously unselected package libstrictures-perl.
2026-07-03T19:06:28.9205957Z Preparing to unpack .../120-libstrictures-perl_2.000006-1_all.deb ...
2026-07-03T19:06:28.9223568Z Unpacking libstrictures-perl (2.000006-1) ...
2026-07-03T19:06:28.9879100Z Selecting previously unselected package libmoox-aliases-perl.
2026-07-03T19:06:28.9965568Z Preparing to unpack .../121-libmoox-aliases-perl_0.001006-2_all.deb ...
2026-07-03T19:06:29.0172022Z Unpacking libmoox-aliases-perl (0.001006-2) ...
2026-07-03T19:06:29.0805352Z Selecting previously unselected package libmouse-perl.
2026-07-03T19:06:29.0885958Z Preparing to unpack .../122-libmouse-perl_2.5.10-1build8_amd64.deb ...
2026-07-03T19:06:29.0897377Z Unpacking libmouse-perl (2.5.10-1build8) ...
2026-07-03T19:06:29.2479327Z Selecting previously unselected package libpackage-stash-perl.
2026-07-03T19:06:29.2568037Z Preparing to unpack .../123-libpackage-stash-perl_0.40-1_all.deb ...
2026-07-03T19:06:29.2580433Z Unpacking libpackage-stash-perl (0.40-1) ...
2026-07-03T19:06:29.2726065Z Selecting previously unselected package libsub-identify-perl.
2026-07-03T19:06:29.2814125Z Preparing to unpack .../124-libsub-identify-perl_0.14-3build3_amd64.deb ...
2026-07-03T19:06:29.2826211Z Unpacking libsub-identify-perl (0.14-3build3) ...
2026-07-03T19:06:29.2967766Z Selecting previously unselected package libsub-name-perl:amd64.
2026-07-03T19:06:29.3054999Z Preparing to unpack .../125-libsub-name-perl_0.27-1build3_amd64.deb ...
2026-07-03T19:06:29.3063157Z Unpacking libsub-name-perl:amd64 (0.27-1build3) ...
2026-07-03T19:06:29.3201493Z Selecting previously unselected package libnamespace-clean-perl.
2026-07-03T19:06:29.3289538Z Preparing to unpack .../126-libnamespace-clean-perl_0.27-2_all.deb ...
2026-07-03T19:06:29.3313641Z Unpacking libnamespace-clean-perl (0.27-2) ...
2026-07-03T19:06:29.3454586Z Selecting previously unselected package libxs-parse-keyword-perl.
2026-07-03T19:06:29.3542492Z Preparing to unpack .../127-libxs-parse-keyword-perl_0.39-1build3_amd64.deb ...
2026-07-03T19:06:29.3553205Z Unpacking libxs-parse-keyword-perl (0.39-1build3) ...
2026-07-03T19:06:29.3710454Z Selecting previously unselected package libxs-parse-sublike-perl:amd64.
2026-07-03T19:06:29.3797765Z Preparing to unpack .../128-libxs-parse-sublike-perl_0.21-2build3_amd64.deb ...
2026-07-03T19:06:29.3807086Z Unpacking libxs-parse-sublike-perl:amd64 (0.21-2build3) ...
2026-07-03T19:06:29.3957618Z Selecting previously unselected package libobject-pad-perl.
2026-07-03T19:06:29.4049726Z Preparing to unpack .../129-libobject-pad-perl_0.808-1build3_amd64.deb ...
2026-07-03T19:06:29.4060711Z Unpacking libobject-pad-perl (0.808-1build3) ...
2026-07-03T19:06:29.4236661Z Selecting previously unselected package libpackage-stash-xs-perl:amd64.
2026-07-03T19:06:29.4333633Z Preparing to unpack .../130-libpackage-stash-xs-perl_0.30-1build4_amd64.deb ...
2026-07-03T19:06:29.4351609Z Unpacking libpackage-stash-xs-perl:amd64 (0.30-1build4) ...
2026-07-03T19:06:29.4505044Z Selecting previously unselected package libpaper-utils.
2026-07-03T19:06:29.4604164Z Preparing to unpack .../131-libpaper-utils_1.1.29build1_amd64.deb ...
2026-07-03T19:06:29.4617774Z Unpacking libpaper-utils (1.1.29build1) ...
2026-07-03T19:06:29.4767812Z Selecting previously unselected package libpath-iterator-rule-perl.
2026-07-03T19:06:29.4864643Z Preparing to unpack .../132-libpath-iterator-rule-perl_1.015-2_all.deb ...
2026-07-03T19:06:29.4873078Z Unpacking libpath-iterator-rule-perl (1.015-2) ...
2026-07-03T19:06:29.5034230Z Selecting previously unselected package libpath-tiny-perl.
2026-07-03T19:06:29.5132266Z Preparing to unpack .../133-libpath-tiny-perl_0.144-1_all.deb ...
2026-07-03T19:06:29.5145607Z Unpacking libpath-tiny-perl (0.144-1) ...
2026-07-03T19:06:29.5289269Z Selecting previously unselected package libperlio-gzip-perl.
2026-07-03T19:06:29.5380090Z Preparing to unpack .../134-libperlio-gzip-perl_0.20-1build4_amd64.deb ...
2026-07-03T19:06:29.5396122Z Unpacking libperlio-gzip-perl (0.20-1build4) ...
2026-07-03T19:06:29.5545354Z Selecting previously unselected package libperlio-utf8-strict-perl.
2026-07-03T19:06:29.5635158Z Preparing to unpack .../135-libperlio-utf8-strict-perl_0.010-1build3_amd64.deb ...
2026-07-03T19:06:29.5646020Z Unpacking libperlio-utf8-strict-perl (0.010-1build3) ...
2026-07-03T19:06:29.5794140Z Selecting previously unselected package libpod-parser-perl.
2026-07-03T19:06:29.5885380Z Preparing to unpack .../136-libpod-parser-perl_1.67-1_all.deb ...
2026-07-03T19:06:29.6007594Z Adding 'diversion of /usr/bin/podselect to /usr/bin/podselect.bundled by libpod-parser-perl'
2026-07-03T19:06:29.6110528Z Adding 'diversion of /usr/share/man/man1/podselect.1.gz to /usr/share/man/man1/podselect.bundled.1.gz by libpod-parser-perl'
2026-07-03T19:06:29.6124360Z Unpacking libpod-parser-perl (1.67-1) ...
2026-07-03T19:06:29.6283143Z Selecting previously unselected package libpod-constants-perl.
2026-07-03T19:06:29.6373570Z Preparing to unpack .../137-libpod-constants-perl_0.19-2_all.deb ...
2026-07-03T19:06:29.6384387Z Unpacking libpod-constants-perl (0.19-2) ...
2026-07-03T19:06:29.6544313Z Selecting previously unselected package libqpdf29t64:amd64.
2026-07-03T19:06:29.6633354Z Preparing to unpack .../138-libqpdf29t64_11.9.0-1.1ubuntu0.1_amd64.deb ...
2026-07-03T19:06:29.6644649Z Unpacking libqpdf29t64:amd64 (11.9.0-1.1ubuntu0.1) ...
2026-07-03T19:06:29.6903900Z Selecting previously unselected package libre-engine-re2-perl:amd64.
2026-07-03T19:06:29.6991886Z Preparing to unpack .../139-libre-engine-re2-perl_0.18+ds-1build3_amd64.deb ...
2026-07-03T19:06:29.7005250Z Unpacking libre-engine-re2-perl:amd64 (0.18+ds-1build3) ...
2026-07-03T19:06:29.7148221Z Selecting previously unselected package libregexp-pattern-license-perl.
2026-07-03T19:06:29.7235464Z Preparing to unpack .../140-libregexp-pattern-license-perl_3.11.0-1_all.deb ...
2026-07-03T19:06:29.7244228Z Unpacking libregexp-pattern-license-perl (3.11.0-1) ...
2026-07-03T19:06:29.7399068Z Selecting previously unselected package libregexp-pattern-perl.
2026-07-03T19:06:29.7490205Z Preparing to unpack .../141-libregexp-pattern-perl_0.2.14-2_all.deb ...
2026-07-03T19:06:29.7504677Z Unpacking libregexp-pattern-perl (0.2.14-2) ...
2026-07-03T19:06:29.7648934Z Selecting previously unselected package libregexp-wildcards-perl.
2026-07-03T19:06:29.7736226Z Preparing to unpack .../142-libregexp-wildcards-perl_1.05-3_all.deb ...
2026-07-03T19:06:29.7744468Z Unpacking libregexp-wildcards-perl (1.05-3) ...
2026-07-03T19:06:29.7880711Z Selecting previously unselected package libsereal-decoder-perl.
2026-07-03T19:06:29.7968958Z Preparing to unpack .../143-libsereal-decoder-perl_5.004+ds-1build3_amd64.deb ...
2026-07-03T19:06:29.7983234Z Unpacking libsereal-decoder-perl (5.004+ds-1build3) ...
2026-07-03T19:06:29.8139641Z Selecting previously unselected package libsereal-encoder-perl.
2026-07-03T19:06:29.8227843Z Preparing to unpack .../144-libsereal-encoder-perl_5.004+ds-1build3_amd64.deb ...
2026-07-03T19:06:29.8237791Z Unpacking libsereal-encoder-perl (5.004+ds-1build3) ...
2026-07-03T19:06:29.8436068Z Selecting previously unselected package libset-intspan-perl.
2026-07-03T19:06:29.8525974Z Preparing to unpack .../145-libset-intspan-perl_1.19-3_all.deb ...
2026-07-03T19:06:29.8536345Z Unpacking libset-intspan-perl (1.19-3) ...
2026-07-03T19:06:29.8678284Z Selecting previously unselected package libsocket6-perl.
2026-07-03T19:06:29.8765572Z Preparing to unpack .../146-libsocket6-perl_0.29-3build3_amd64.deb ...
2026-07-03T19:06:29.8774144Z Unpacking libsocket6-perl (0.29-3build3) ...
2026-07-03T19:06:29.8913885Z Selecting previously unselected package libstring-copyright-perl.
2026-07-03T19:06:29.9007948Z Preparing to unpack .../147-libstring-copyright-perl_0.003014-1_all.deb ...
2026-07-03T19:06:29.9018334Z Unpacking libstring-copyright-perl (0.003014-1) ...
2026-07-03T19:06:29.9164909Z Selecting previously unselected package libstring-escape-perl.
2026-07-03T19:06:29.9256816Z Preparing to unpack .../148-libstring-escape-perl_2010.002-3_all.deb ...
2026-07-03T19:06:29.9266517Z Unpacking libstring-escape-perl (2010.002-3) ...
2026-07-03T19:06:29.9406354Z Selecting previously unselected package libstring-license-perl.
2026-07-03T19:06:29.9494277Z Preparing to unpack .../149-libstring-license-perl_0.0.9-2ubuntu1_all.deb ...
2026-07-03T19:06:29.9504097Z Unpacking libstring-license-perl (0.0.9-2ubuntu1) ...
2026-07-03T19:06:29.9652601Z Selecting previously unselected package libstring-shellquote-perl.
2026-07-03T19:06:29.9740133Z Preparing to unpack .../150-libstring-shellquote-perl_1.04-3_all.deb ...
2026-07-03T19:06:29.9754317Z Unpacking libstring-shellquote-perl (1.04-3) ...
2026-07-03T19:06:29.9898349Z Selecting previously unselected package libsyntax-keyword-try-perl.
2026-07-03T19:06:29.9986474Z Preparing to unpack .../151-libsyntax-keyword-try-perl_0.29-1build3_amd64.deb ...
2026-07-03T19:06:29.9996143Z Unpacking libsyntax-keyword-try-perl (0.29-1build3) ...
2026-07-03T19:06:30.0152526Z Selecting previously unselected package libtext-levenshteinxs-perl.
2026-07-03T19:06:30.0247282Z Preparing to unpack .../152-libtext-levenshteinxs-perl_0.03-5build4_amd64.deb ...
2026-07-03T19:06:30.0258508Z Unpacking libtext-levenshteinxs-perl (0.03-5build4) ...
2026-07-03T19:06:30.0396524Z Selecting previously unselected package libtext-markdown-discount-perl.
2026-07-03T19:06:30.0494767Z Preparing to unpack .../153-libtext-markdown-discount-perl_0.16-1build3_amd64.deb ...
2026-07-03T19:06:30.0530681Z Unpacking libtext-markdown-discount-perl (0.16-1build3) ...
2026-07-03T19:06:30.0696505Z Selecting previously unselected package libtext-xslate-perl:amd64.
2026-07-03T19:06:30.0786093Z Preparing to unpack .../154-libtext-xslate-perl_3.5.9-1build5_amd64.deb ...
2026-07-03T19:06:30.0799848Z Unpacking libtext-xslate-perl:amd64 (3.5.9-1build5) ...
2026-07-03T19:06:30.1051170Z Selecting previously unselected package libtime-duration-perl.
2026-07-03T19:06:30.1142447Z Preparing to unpack .../155-libtime-duration-perl_1.21-2_all.deb ...
2026-07-03T19:06:30.1159416Z Unpacking libtime-duration-perl (1.21-2) ...
2026-07-03T19:06:30.1296179Z Selecting previously unselected package libtime-moment-perl.
2026-07-03T19:06:30.1386020Z Preparing to unpack .../156-libtime-moment-perl_0.44-2build4_amd64.deb ...
2026-07-03T19:06:30.1396712Z Unpacking libtime-moment-perl (0.44-2build4) ...
2026-07-03T19:06:30.1583775Z Selecting previously unselected package libunicode-utf8-perl.
2026-07-03T19:06:30.1673126Z Preparing to unpack .../157-libunicode-utf8-perl_0.62-2build3_amd64.deb ...
2026-07-03T19:06:30.1682072Z Unpacking libunicode-utf8-perl (0.62-2build3) ...
2026-07-03T19:06:30.1823295Z Selecting previously unselected package libwww-mechanize-perl.
2026-07-03T19:06:30.1910344Z Preparing to unpack .../158-libwww-mechanize-perl_2.18-1ubuntu1_all.deb ...
2026-07-03T19:06:30.1921204Z Unpacking libwww-mechanize-perl (2.18-1ubuntu1) ...
2026-07-03T19:06:30.2081305Z Selecting previously unselected package libyaml-libyaml-perl.
2026-07-03T19:06:30.2171211Z Preparing to unpack .../159-libyaml-libyaml-perl_0.89+ds-1ubuntu0.24.04.1_amd64.deb ...
2026-07-03T19:06:30.2183033Z Unpacking libyaml-libyaml-perl (0.89+ds-1ubuntu0.24.04.1) ...
2026-07-03T19:06:30.2331581Z Selecting previously unselected package licensecheck.
2026-07-03T19:06:30.2417882Z Preparing to unpack .../160-licensecheck_3.3.9-1ubuntu1_all.deb ...
2026-07-03T19:06:30.2427616Z Unpacking licensecheck (3.3.9-1ubuntu1) ...
2026-07-03T19:06:30.2571692Z Selecting previously unselected package libdevel-size-perl.
2026-07-03T19:06:30.2659857Z Preparing to unpack .../161-libdevel-size-perl_0.83-2build4_amd64.deb ...
2026-07-03T19:06:30.2669027Z Unpacking libdevel-size-perl (0.83-2build4) ...
2026-07-03T19:06:30.2815858Z Selecting previously unselected package libipc-run3-perl.
2026-07-03T19:06:30.2904035Z Preparing to unpack .../162-libipc-run3-perl_0.049-1_all.deb ...
2026-07-03T19:06:30.2916097Z Unpacking libipc-run3-perl (0.049-1) ...
2026-07-03T19:06:30.3073014Z Selecting previously unselected package lzip.
2026-07-03T19:06:30.3161178Z Preparing to unpack .../163-lzip_1.24.1-1build1_amd64.deb ...
2026-07-03T19:06:30.3168939Z Unpacking lzip (1.24.1-1build1) ...
2026-07-03T19:06:30.3316517Z Selecting previously unselected package lzop.
2026-07-03T19:06:30.3405700Z Preparing to unpack .../164-lzop_1.04-2build3_amd64.deb ...
2026-07-03T19:06:30.3431134Z Unpacking lzop (1.04-2build3) ...
2026-07-03T19:06:30.3587069Z Selecting previously unselected package t1utils.
2026-07-03T19:06:30.3675632Z Preparing to unpack .../165-t1utils_1.41-4build3_amd64.deb ...
2026-07-03T19:06:30.3691968Z Unpacking t1utils (1.41-4build3) ...
2026-07-03T19:06:30.3940267Z Selecting previously unselected package lintian.
2026-07-03T19:06:30.4045077Z Preparing to unpack .../166-lintian_2.117.0ubuntu1.5_all.deb ...
2026-07-03T19:06:30.4096761Z Unpacking lintian (2.117.0ubuntu1.5) ...
2026-07-03T19:06:30.9079415Z Selecting previously unselected package python3-nacl.
2026-07-03T19:06:30.9184914Z Preparing to unpack .../167-python3-nacl_1.5.0-4build1_amd64.deb ...
2026-07-03T19:06:30.9195333Z Unpacking python3-nacl (1.5.0-4build1) ...
2026-07-03T19:06:30.9395037Z Selecting previously unselected package python3-paramiko.
2026-07-03T19:06:30.9502893Z Preparing to unpack .../168-python3-paramiko_2.12.0-2ubuntu4.1_all.deb ...
2026-07-03T19:06:30.9519253Z Unpacking python3-paramiko (2.12.0-2ubuntu4.1) ...
2026-07-03T19:06:30.9753859Z Selecting previously unselected package python3-unidiff.
2026-07-03T19:06:30.9855261Z Preparing to unpack .../169-python3-unidiff_0.7.3-1_all.deb ...
2026-07-03T19:06:30.9870267Z Unpacking python3-unidiff (0.7.3-1) ...
2026-07-03T19:06:31.0035163Z Selecting previously unselected package qpdf.
2026-07-03T19:06:31.0139613Z Preparing to unpack .../170-qpdf_11.9.0-1.1ubuntu0.1_amd64.deb ...
2026-07-03T19:06:31.0156281Z Unpacking qpdf (11.9.0-1.1ubuntu0.1) ...
2026-07-03T19:06:31.0324368Z Selecting previously unselected package libauthen-sasl-perl.
2026-07-03T19:06:31.0424976Z Preparing to unpack .../171-libauthen-sasl-perl_2.1700-1_all.deb ...
2026-07-03T19:06:31.0434243Z Unpacking libauthen-sasl-perl (2.1700-1) ...
2026-07-03T19:06:31.0777626Z Setting up libapt-pkg-perl (0.1.40build7) ...
2026-07-03T19:06:31.0806662Z Setting up libstring-escape-perl (2010.002-3) ...
2026-07-03T19:06:31.0826934Z Setting up libberkeleydb-perl:amd64 (0.64-2build4) ...
2026-07-03T19:06:31.0849092Z Setting up wdiff (1.2.2-6build1) ...
2026-07-03T19:06:31.0871213Z Setting up libpaper1:amd64 (1.1.29build1) ...
2026-07-03T19:06:31.1923232Z 
2026-07-03T19:06:31.1923712Z Creating config file /etc/papersize with new version
2026-07-03T19:06:31.2374293Z Setting up libhttp-negotiate-perl (6.01-2) ...
2026-07-03T19:06:31.2403458Z Setting up libfile-which-perl (1.27-2) ...
2026-07-03T19:06:31.2428827Z Setting up gettext (0.21-14ubuntu2) ...
2026-07-03T19:06:31.2454692Z Setting up libunicode-utf8-perl (0.62-2build3) ...
2026-07-03T19:06:31.2478049Z Setting up libset-intspan-perl (1.19-3) ...
2026-07-03T19:06:31.2500362Z Setting up libmouse-perl (2.5.10-1build8) ...
2026-07-03T19:06:31.2522287Z Setting up libfile-listing-perl (6.16-1) ...
2026-07-03T19:06:31.2544091Z Setting up fonts-noto-mono (20201225-2) ...
2026-07-03T19:06:31.2573021Z Setting up gdebi-core (0.9.5.7+nmu7) ...
2026-07-03T19:06:31.3542694Z /usr/share/gdebi/GDebi/GDebiCli.py:159: SyntaxWarning: invalid escape sequence '\S'
2026-07-03T19:06:31.3543363Z   c = findall("[[(](\S+)/\S+[])]", msg)[0].lower()
2026-07-03T19:06:31.3654998Z Setting up libregexp-pattern-perl (0.2.14-2) ...
2026-07-03T19:06:31.3677824Z Setting up libdata-messagepack-perl (1.02-1build4) ...
2026-07-03T19:06:31.3700975Z Setting up libfont-afm-perl (1.20-4) ...
2026-07-03T19:06:31.3722120Z Setting up libdynaloader-functions-perl (0.003-3) ...
2026-07-03T19:06:31.3742807Z Setting up libtext-glob-perl (0.11-3) ...
2026-07-03T19:06:31.3764189Z Setting up libclass-method-modifiers-perl (2.15-1) ...
2026-07-03T19:06:31.3785071Z Setting up liblist-compare-perl (0.55-2) ...
2026-07-03T19:06:31.3807411Z Setting up libio-pty-perl (1:1.20-1build2) ...
2026-07-03T19:06:31.3829855Z Setting up libhttp-cookies-perl (6.11-1) ...
2026-07-03T19:06:31.3856566Z Setting up libarchive-zip-perl (1.68-1) ...
2026-07-03T19:06:31.3879965Z Setting up libsub-identify-perl (0.14-3build3) ...
2026-07-03T19:06:31.3905745Z Setting up libdistro-info-perl (1.7build1) ...
2026-07-03T19:06:31.3927579Z Setting up libcpanel-json-xs-perl:amd64 (4.37-1ubuntu0.1) ...
2026-07-03T19:06:31.3952117Z Setting up liblog-any-perl (1.717-1) ...
2026-07-03T19:06:31.3974225Z Setting up libijs-0.35:amd64 (0.35-15.1build1) ...
2026-07-03T19:06:31.3996073Z Setting up libauthen-sasl-perl (2.1700-1) ...
2026-07-03T19:06:31.4111602Z Setting up libhtml-tree-perl (5.07-3) ...
2026-07-03T19:06:31.4135753Z Setting up libdevel-size-perl (0.83-2build4) ...
2026-07-03T19:06:31.4160738Z Setting up libgs-common (10.02.1~dfsg1-0ubuntu7.8) ...
2026-07-03T19:06:31.4188297Z Setting up libregexp-pattern-license-perl (3.11.0-1) ...
2026-07-03T19:06:31.4214854Z Setting up libyaml-libyaml-perl (0.89+ds-1ubuntu0.24.04.1) ...
2026-07-03T19:06:31.4242924Z Setting up libio-interactive-perl (1.025-1) ...
2026-07-03T19:06:31.4270004Z Setting up libtry-tiny-perl (0.31-2) ...
2026-07-03T19:06:31.4293344Z Setting up perl-openssl-defaults:amd64 (7build3) ...
2026-07-03T19:06:31.4314465Z Setting up libmldbm-perl (2.05-4) ...
2026-07-03T19:06:31.4337510Z Setting up libqpdf29t64:amd64 (11.9.0-1.1ubuntu0.1) ...
2026-07-03T19:06:31.4360873Z Setting up libnet-http-perl (6.23-1) ...
2026-07-03T19:06:31.4382534Z Setting up libtime-moment-perl (0.44-2build4) ...
2026-07-03T19:06:31.4404823Z Setting up libhtml-format-perl (2.16-2) ...
2026-07-03T19:06:31.4429325Z Setting up libpaper-utils (1.1.29build1) ...
2026-07-03T19:06:31.4452908Z Setting up libmath-base85-perl (0.5+dfsg-2) ...
2026-07-03T19:06:31.4475384Z Setting up python3-xdg (0.28-2) ...
2026-07-03T19:06:31.5599737Z Setting up libconfig-tiny-perl (2.30-1) ...
2026-07-03T19:06:31.5626570Z Setting up libsereal-encoder-perl (5.004+ds-1build3) ...
2026-07-03T19:06:31.5651093Z Setting up liblist-utilsby-perl (0.12-2) ...
2026-07-03T19:06:31.5675627Z Setting up libstring-shellquote-perl (1.04-3) ...
2026-07-03T19:06:31.5702608Z Setting up libnet-netmask-perl (2.0002-2) ...
2026-07-03T19:06:31.5728877Z Setting up libsub-install-perl (0.929-1) ...
2026-07-03T19:06:31.5758687Z Setting up libindirect-perl (0.39-2build4) ...
2026-07-03T19:06:31.5784825Z Setting up poppler-data (0.4.12-1) ...
2026-07-03T19:06:31.5880294Z Setting up libxs-parse-sublike-perl:amd64 (0.21-2build3) ...
2026-07-03T19:06:31.5904415Z Setting up libnumber-compare-perl (0.03-3) ...
2026-07-03T19:06:31.5926883Z Setting up intltool-debian (0.35.0+20060710.6) ...
2026-07-03T19:06:31.5952760Z Setting up libfreezethaw-perl (0.5001-3) ...
2026-07-03T19:06:31.5980059Z Setting up patchutils (0.4.2-1build3) ...
2026-07-03T19:06:31.6006363Z Setting up libjson-maybexs-perl (1.004005-1) ...
2026-07-03T19:06:31.6030696Z Setting up libio-string-perl (1.08-4) ...
2026-07-03T19:06:31.6056133Z Setting up libnetaddr-ip-perl (4.079+dfsg-2build4) ...
2026-07-03T19:06:31.6083918Z Setting up libpackage-stash-xs-perl:amd64 (0.30-1build4) ...
2026-07-03T19:06:31.6109015Z Setting up libclass-data-inheritable-perl (0.08-3) ...
2026-07-03T19:06:31.6137033Z Setting up libxs-parse-keyword-perl (0.39-1build3) ...
2026-07-03T19:06:31.6158333Z Setting up python3-gpg (1.18.0-4.1ubuntu4) ...
2026-07-03T19:06:31.7212377Z Setting up libdata-dump-perl (1.25-1) ...
2026-07-03T19:06:31.7234792Z Setting up libfile-find-rule-perl (0.34-3ubuntu0.24.04.1) ...
2026-07-03T19:06:31.7261377Z Setting up libjbig2dec0:amd64 (0.20-1build3) ...
2026-07-03T19:06:31.7283171Z Setting up libipc-system-simple-perl (1.30-2) ...
2026-07-03T19:06:31.7305057Z Setting up libnet-domain-tld-perl (1.75-3) ...
2026-07-03T19:06:31.7334895Z Setting up libperlio-utf8-strict-perl (0.010-1build3) ...
2026-07-03T19:06:31.7362624Z Setting up libsocket6-perl (0.29-3build3) ...
2026-07-03T19:06:31.7392405Z Setting up lzip (1.24.1-1build1) ...
2026-07-03T19:06:31.7444432Z update-alternatives: using /usr/bin/lzip.lzip to provide /usr/bin/lzip (lzip) in auto mode
2026-07-03T19:06:31.7478440Z update-alternatives: using /usr/bin/lzip.lzip to provide /usr/bin/lzip-compressor (lzip-compressor) in auto mode
2026-07-03T19:06:31.7510686Z update-alternatives: using /usr/bin/lzip.lzip to provide /usr/bin/lzip-decompressor (lzip-decompressor) in auto mode
2026-07-03T19:06:31.7533710Z Setting up qpdf (11.9.0-1.1ubuntu0.1) ...
2026-07-03T19:06:31.7579314Z Setting up xfonts-encodings (1:1.0.5-0ubuntu2) ...
2026-07-03T19:06:31.7601736Z Setting up t1utils (1.41-4build3) ...
2026-07-03T19:06:31.7628746Z Setting up diffstat (1.66-1build1) ...
2026-07-03T19:06:31.7656050Z Setting up libvariable-magic-perl (0.63-1build3) ...
2026-07-03T19:06:31.7681699Z Setting up libidn12:amd64 (1.42-1build1) ...
2026-07-03T19:06:31.7708960Z Setting up libpod-parser-perl (1.67-1) ...
2026-07-03T19:06:31.7735565Z Setting up libb-hooks-op-check-perl:amd64 (0.22-3build1) ...
2026-07-03T19:06:31.7944066Z Setting up libipc-run-perl (20231003.0-1) ...
2026-07-03T19:06:31.7969538Z Setting up libparams-util-perl (1.102-2build3) ...
2026-07-03T19:06:31.7997963Z Setting up libtime-duration-perl (1.21-2) ...
2026-07-03T19:06:31.8020824Z Setting up libtext-xslate-perl:amd64 (3.5.9-1build5) ...
2026-07-03T19:06:31.8048203Z Setting up libsub-exporter-progressive-perl (0.001013-3) ...
2026-07-03T19:06:31.8073969Z Setting up libarray-intspan-perl (2.004-2) ...
2026-07-03T19:06:31.8097024Z Setting up libcapture-tiny-perl (0.48-2) ...
2026-07-03T19:06:31.8123919Z Setting up libsub-name-perl:amd64 (0.27-1build3) ...
2026-07-03T19:06:31.8146937Z Setting up libwww-robotrules-perl (6.02-1) ...
2026-07-03T19:06:31.8173332Z Setting up libsyntax-keyword-try-perl (0.29-1build3) ...
2026-07-03T19:06:31.8200797Z Setting up libdata-validate-domain-perl (0.10-1.1) ...
2026-07-03T19:06:31.8222614Z Setting up libhttp-daemon-perl (6.16-1ubuntu0.24.04.1) ...
2026-07-03T19:06:31.8245991Z Setting up libfile-chdir-perl (0.1008-1.1) ...
2026-07-03T19:06:31.8272944Z Setting up libpath-tiny-perl (0.144-1) ...
2026-07-03T19:06:31.8298123Z Setting up lzop (1.04-2build3) ...
2026-07-03T19:06:31.8325971Z Setting up liblog-any-adapter-screen-perl (0.140-2) ...
2026-07-03T19:06:31.8349227Z Setting up librole-tiny-perl (2.002004-1) ...
2026-07-03T19:06:31.8375554Z Setting up libipc-run3-perl (0.049-1) ...
2026-07-03T19:06:31.8398616Z Setting up libregexp-wildcards-perl (1.05-3) ...
2026-07-03T19:06:31.8423754Z Setting up libaliased-perl (0.34-3) ...
2026-07-03T19:06:31.8450310Z Setting up python3-unidiff (0.7.3-1) ...
2026-07-03T19:06:31.9276688Z Setting up libstrictures-perl (2.000006-1) ...
2026-07-03T19:06:31.9300446Z Setting up libsub-quote-perl (2.006008-1ubuntu1) ...
2026-07-03T19:06:31.9323506Z Setting up libdevel-stacktrace-perl (2.0500-1) ...
2026-07-03T19:06:31.9348084Z Setting up libclass-xsaccessor-perl (1.19-4build4) ...
2026-07-03T19:06:31.9375262Z Setting up fonts-droid-fallback (1:6.0.1r16-1.1build1) ...
2026-07-03T19:06:31.9533866Z Setting up libsort-versions-perl (1.62-3) ...
2026-07-03T19:06:31.9557405Z Setting up libexporter-tiny-perl (1.006002-1) ...
2026-07-03T19:06:31.9580057Z Setting up libre-engine-re2-perl:amd64 (0.18+ds-1build3) ...
2026-07-03T19:06:31.9607349Z Setting up libfile-dirlist-perl (0.05-3) ...
2026-07-03T19:06:31.9629080Z Setting up libfont-ttf-perl (1.06-2) ...
2026-07-03T19:06:31.9653852Z Setting up libfile-homedir-perl (1.006-2) ...
2026-07-03T19:06:31.9678138Z Setting up libtext-levenshteinxs-perl (0.03-5build4) ...
2026-07-03T19:06:31.9708080Z Setting up libperlio-gzip-perl (0.20-1build4) ...
2026-07-03T19:06:31.9737197Z Setting up libhtml-html5-entities-perl (0.004-3) ...
2026-07-03T19:06:31.9759385Z Setting up libsereal-decoder-perl (5.004+ds-1build3) ...
2026-07-03T19:06:31.9784699Z Setting up libmarkdown2:amd64 (2.2.7-2build1) ...
2026-07-03T19:06:31.9808916Z Setting up libnet-ipv6addr-perl (1.02-1) ...
2026-07-03T19:06:31.9829804Z Setting up libfile-touch-perl (0.12-2) ...
2026-07-03T19:06:31.9860318Z Setting up python3-nacl (1.5.0-4build1) ...
2026-07-03T19:06:32.0845664Z Setting up dctrl-tools (2.24-3build3) ...
2026-07-03T19:06:32.0913938Z Setting up libdata-validate-ip-perl (0.31-1) ...
2026-07-03T19:06:32.0938175Z Setting up libhtml-form-perl (6.11-1) ...
2026-07-03T19:06:32.0971642Z Setting up libemail-address-xs-perl (1.05-1build4) ...
2026-07-03T19:06:32.0998409Z Setting up libnet-ssleay-perl:amd64 (1.94-1build4) ...
2026-07-03T19:06:32.1023657Z Setting up libfile-basedir-perl (0.09-2) ...
2026-07-03T19:06:32.1048292Z Setting up libpod-constants-perl (0.19-2) ...
2026-07-03T19:06:32.1076172Z Setting up libpath-iterator-rule-perl (1.015-2) ...
2026-07-03T19:06:32.1109894Z Setting up libtext-markdown-discount-perl (0.16-1build3) ...
2026-07-03T19:06:32.1134921Z Setting up libexception-class-perl (1.45-1) ...
2026-07-03T19:06:32.1160203Z Setting up xfonts-utils (1:7.7+6build3) ...
2026-07-03T19:06:32.1210886Z Setting up libdevel-callchecker-perl:amd64 (0.008-2build3) ...
2026-07-03T19:06:32.1233052Z Setting up dput (1.1.3ubuntu3) ...
2026-07-03T19:06:32.2217592Z Setting up libobject-pad-perl (0.808-1build3) ...
2026-07-03T19:06:32.2241344Z Setting up libdata-validate-uri-perl (0.07-3) ...
2026-07-03T19:06:32.2273110Z Setting up libstring-copyright-perl (0.003014-1) ...
2026-07-03T19:06:32.2296432Z Setting up libdata-optlist-perl (0.114-1) ...
2026-07-03T19:06:32.2327470Z Setting up libgit-wrapper-perl (0.048-2) ...
2026-07-03T19:06:32.2356575Z Setting up python3-paramiko (2.12.0-2ubuntu4.1) ...
2026-07-03T19:06:32.3884993Z Setting up libio-socket-ssl-perl (2.085-1) ...
2026-07-03T19:06:32.3907741Z Setting up libsub-exporter-perl (0.990-1) ...
2026-07-03T19:06:32.3935206Z Setting up libiterator-perl (0.03+ds1-2) ...
2026-07-03T19:06:32.3959692Z Setting up libiterator-util-perl (0.02+ds1-2) ...
2026-07-03T19:06:32.3989228Z Setting up libparams-classify-perl:amd64 (0.015-2build5) ...
2026-07-03T19:06:32.4016352Z Setting up fonts-urw-base35 (20200910-8) ...
2026-07-03T19:06:32.5125032Z Setting up libnet-smtp-ssl-perl (1.04-2) ...
2026-07-03T19:06:32.5150289Z Setting up libmodule-runtime-perl (0.016-2) ...
2026-07-03T19:06:32.5173813Z Setting up libmailtools-perl (2.21-2) ...
2026-07-03T19:06:32.5201727Z Setting up libconst-fast-perl (0.014-2) ...
2026-07-03T19:06:32.5227142Z Setting up libdata-dpath-perl (0.59-1) ...
2026-07-03T19:06:32.5255227Z Setting up libgs10-common (10.02.1~dfsg1-0ubuntu7.8) ...
2026-07-03T19:06:32.5283778Z Setting up libmodule-implementation-perl (0.09-2) ...
2026-07-03T19:06:32.5307135Z Setting up libpackage-stash-perl (0.40-1) ...
2026-07-03T19:06:32.5337063Z Setting up libimport-into-perl (1.002005-2) ...
2026-07-03T19:06:32.5363388Z Setting up libmoo-perl (2.005005-1) ...
2026-07-03T19:06:32.5388630Z Setting up liblist-someutils-perl (0.59-1) ...
2026-07-03T19:06:32.5418487Z Setting up liblist-someutils-xs-perl:amd64 (0.58-3build4) ...
2026-07-03T19:06:32.5440650Z Setting up libmoox-aliases-perl (0.001006-2) ...
2026-07-03T19:06:32.5467131Z Setting up libb-hooks-endofscope-perl (0.28-1) ...
2026-07-03T19:06:32.5495317Z Setting up libgs10:amd64 (10.02.1~dfsg1-0ubuntu7.8) ...
2026-07-03T19:06:32.5516926Z Setting up ghostscript (10.02.1~dfsg1-0ubuntu7.8) ...
2026-07-03T19:06:32.5571989Z Setting up libnamespace-clean-perl (0.27-2) ...
2026-07-03T19:06:32.5665444Z Setting up libstring-license-perl (0.0.9-2ubuntu1) ...
2026-07-03T19:06:32.5761020Z Setting up licensecheck (3.3.9-1ubuntu1) ...
2026-07-03T19:06:32.5814710Z Setting up liblwp-protocol-https-perl (6.13-1) ...
2026-07-03T19:06:32.5844157Z Setting up libwww-perl (6.76-1ubuntu0.1) ...
2026-07-03T19:06:32.5884462Z Setting up libhtml-tokeparser-simple-perl (3.16-4) ...
2026-07-03T19:06:32.5913885Z Setting up libwww-mechanize-perl (2.18-1ubuntu1) ...
2026-07-03T19:06:32.5944054Z Setting up devscripts (2.23.7ubuntu0.2) ...
2026-07-03T19:06:32.6899209Z Setting up lintian (2.117.0ubuntu1.5) ...
2026-07-03T19:06:32.6963093Z Processing triggers for man-db (2.12.0-4build2) ...
2026-07-03T19:06:32.6979050Z Not building database; man-db/auto-update is not 'true'.
2026-07-03T19:06:32.6990955Z Processing triggers for install-info (7.1-3build2) ...
2026-07-03T19:06:32.9035885Z Processing triggers for fontconfig (2.15.0-1.1ubuntu2) ...
2026-07-03T19:06:33.2269304Z Processing triggers for libc-bin (2.39-0ubuntu8.7) ...
2026-07-03T19:06:45.3891448Z 
2026-07-03T19:06:45.3892613Z Running kernel seems to be up-to-date.
2026-07-03T19:06:45.3892906Z 
2026-07-03T19:06:45.3893322Z No services need to be restarted.
2026-07-03T19:06:45.3893506Z 
2026-07-03T19:06:45.3893812Z No containers need to be restarted.
2026-07-03T19:06:45.3894001Z 
2026-07-03T19:06:45.3894206Z No user sessions are running outdated binaries.
2026-07-03T19:06:45.3894442Z 
2026-07-03T19:06:45.3895097Z No VM guests are running outdated hypervisor (qemu) binaries on this host.
2026-07-03T19:06:46.1589164Z ##[endgroup]
2026-07-03T19:06:46.1589964Z ##[group]Installing R
2026-07-03T19:06:46.1600085Z [command]/usr/bin/sudo gdebi --non-interactive /home/runner/work/_temp/r-4.6.1_1_amd64.deb
2026-07-03T19:06:46.1813353Z /usr/bin/gdebi:113: SyntaxWarning: invalid escape sequence '\S'
2026-07-03T19:06:46.1814130Z   c = findall("[[(](\S+)/\S+[])]", msg)[0].lower()
2026-07-03T19:06:46.2280451Z 
2026-07-03T19:06:46.2368451Z Reading package lists... 0%
2026-07-03T19:06:46.2368837Z 
2026-07-03T19:06:46.2398513Z Reading package lists... 100%
2026-07-03T19:06:46.2398998Z 
2026-07-03T19:06:46.2399003Z 
2026-07-03T19:06:46.2399144Z Reading package lists... Done
2026-07-03T19:06:46.2399333Z 
2026-07-03T19:06:46.2399445Z Building dependency tree... 0%
2026-07-03T19:06:46.2399621Z 
2026-07-03T19:06:46.2578502Z Building dependency tree... 0%
2026-07-03T19:06:46.2578773Z 
2026-07-03T19:06:46.2578990Z Building dependency tree... 50%
2026-07-03T19:06:46.2579257Z 
2026-07-03T19:06:46.3373396Z Building dependency tree... 50%
2026-07-03T19:06:46.3373832Z 
2026-07-03T19:06:46.3373944Z 
2026-07-03T19:06:46.3374723Z Building dependency tree... Done
2026-07-03T19:06:46.3375143Z 
2026-07-03T19:06:46.3375313Z Reading state information... 0%
2026-07-03T19:06:46.3375892Z  
2026-07-03T19:06:46.3376284Z Reading state information... 0%
2026-07-03T19:06:46.4241463Z  
2026-07-03T19:06:46.4241755Z 
2026-07-03T19:06:46.4241945Z Reading state information... Done
2026-07-03T19:06:46.4242314Z 
2026-07-03T19:06:46.4242475Z Reading state information... 0%
2026-07-03T19:06:46.4269617Z   
2026-07-03T19:06:46.4269987Z Reading state information... 1%
2026-07-03T19:06:46.4295673Z   
2026-07-03T19:06:46.4296222Z Reading state information... 3%
2026-07-03T19:06:46.4321139Z   
2026-07-03T19:06:46.4321575Z Reading state information... 5%
2026-07-03T19:06:46.4343215Z   
2026-07-03T19:06:46.4343516Z Reading state information... 7%
2026-07-03T19:06:46.4366345Z   
2026-07-03T19:06:46.4366803Z Reading state information... 9%
2026-07-03T19:06:46.4388985Z   
2026-07-03T19:06:46.4389400Z Reading state information... 11%
2026-07-03T19:06:46.4411671Z  
2026-07-03T19:06:46.4412102Z Reading state information... 13%
2026-07-03T19:06:46.4433816Z  
2026-07-03T19:06:46.4434104Z Reading state information... 15%
2026-07-03T19:06:46.4457981Z  
2026-07-03T19:06:46.4458401Z Reading state information... 17%
2026-07-03T19:06:46.4482902Z  
2026-07-03T19:06:46.4483354Z Reading state information... 19%
2026-07-03T19:06:46.4508793Z  
2026-07-03T19:06:46.4509052Z Reading state information... 21%
2026-07-03T19:06:46.4531864Z  
2026-07-03T19:06:46.4532184Z Reading state information... 23%
2026-07-03T19:06:46.4560010Z  
2026-07-03T19:06:46.4560368Z Reading state information... 25%
2026-07-03T19:06:46.4585839Z  
2026-07-03T19:06:46.4586206Z Reading state information... 27%
2026-07-03T19:06:46.4612062Z  
2026-07-03T19:06:46.4612547Z Reading state information... 29%
2026-07-03T19:06:46.4637149Z  
2026-07-03T19:06:46.4637476Z Reading state information... 31%
2026-07-03T19:06:46.4660156Z  
2026-07-03T19:06:46.4660711Z Reading state information... 33%
2026-07-03T19:06:46.4683686Z  
2026-07-03T19:06:46.4684134Z Reading state information... 35%
2026-07-03T19:06:46.4710061Z  
2026-07-03T19:06:46.4710575Z Reading state information... 37%
2026-07-03T19:06:46.4735256Z  
2026-07-03T19:06:46.4735757Z Reading state information... 39%
2026-07-03T19:06:46.4759616Z  
2026-07-03T19:06:46.4760104Z Reading state information... 41%
2026-07-03T19:06:46.4782010Z  
2026-07-03T19:06:46.4782412Z Reading state information... 43%
2026-07-03T19:06:46.4804382Z  
2026-07-03T19:06:46.4804861Z Reading state information... 45%
2026-07-03T19:06:46.4829482Z  
2026-07-03T19:06:46.4829772Z Reading state information... 47%
2026-07-03T19:06:46.4851173Z  
2026-07-03T19:06:46.4851611Z Reading state information... 49%
2026-07-03T19:06:46.4872684Z  
2026-07-03T19:06:46.4873122Z Reading state information... 51%
2026-07-03T19:06:46.4895816Z  
2026-07-03T19:06:46.4896309Z Reading state information... 53%
2026-07-03T19:06:46.4919622Z  
2026-07-03T19:06:46.4920098Z Reading state information... 55%
2026-07-03T19:06:46.4945785Z  
2026-07-03T19:06:46.4946208Z Reading state information... 57%
2026-07-03T19:06:46.4971686Z  
2026-07-03T19:06:46.4972130Z Reading state information... 59%
2026-07-03T19:06:46.4993102Z  
2026-07-03T19:06:46.4993531Z Reading state information... 61%
2026-07-03T19:06:46.5013849Z  
2026-07-03T19:06:46.5014183Z Reading state information... 63%
2026-07-03T19:06:46.5035619Z  
2026-07-03T19:06:46.5035990Z Reading state information... 65%
2026-07-03T19:06:46.5056636Z  
2026-07-03T19:06:46.5057050Z Reading state information... 67%
2026-07-03T19:06:46.5077736Z  
2026-07-03T19:06:46.5078098Z Reading state information... 69%
2026-07-03T19:06:46.5102330Z  
2026-07-03T19:06:46.5102718Z Reading state information... 71%
2026-07-03T19:06:46.5125712Z  
2026-07-03T19:06:46.5126099Z Reading state information... 73%
2026-07-03T19:06:46.5145032Z  
2026-07-03T19:06:46.5145468Z Reading state information... 75%
2026-07-03T19:06:46.5167751Z  
2026-07-03T19:06:46.5168156Z Reading state information... 77%
2026-07-03T19:06:46.5194182Z  
2026-07-03T19:06:46.5195065Z Reading state information... 79%
2026-07-03T19:06:46.5215497Z  
2026-07-03T19:06:46.5215965Z Reading state information... 81%
2026-07-03T19:06:46.5238300Z  
2026-07-03T19:06:46.5238682Z Reading state information... 83%
2026-07-03T19:06:46.5260509Z  
2026-07-03T19:06:46.5260936Z Reading state information... 85%
2026-07-03T19:06:46.5282934Z  
2026-07-03T19:06:46.5283318Z Reading state information... 87%
2026-07-03T19:06:46.5303051Z  
2026-07-03T19:06:46.5303536Z Reading state information... 89%
2026-07-03T19:06:46.5325083Z  
2026-07-03T19:06:46.5325362Z Reading state information... 91%
2026-07-03T19:06:46.5347979Z  
2026-07-03T19:06:46.5348408Z Reading state information... 93%
2026-07-03T19:06:46.5371733Z  
2026-07-03T19:06:46.5372176Z Reading state information... 95%
2026-07-03T19:06:46.5395963Z  
2026-07-03T19:06:46.5396397Z Reading state information... 97%
2026-07-03T19:06:46.5418355Z  
2026-07-03T19:06:46.5418727Z Reading state information... 99%
2026-07-03T19:06:47.3652784Z  Selecting previously unselected package bzip2-doc.
2026-07-03T19:06:47.3685147Z (Reading database ... 
2026-07-03T19:06:47.3685661Z (Reading database ... 5%
2026-07-03T19:06:47.3686132Z (Reading database ... 10%
2026-07-03T19:06:47.3687705Z (Reading database ... 15%
2026-07-03T19:06:47.3688193Z (Reading database ... 20%
2026-07-03T19:06:47.3688657Z (Reading database ... 25%
2026-07-03T19:06:47.3689005Z (Reading database ... 30%
2026-07-03T19:06:47.3689359Z (Reading database ... 35%
2026-07-03T19:06:47.3689749Z (Reading database ... 40%
2026-07-03T19:06:47.3690155Z (Reading database ... 45%
2026-07-03T19:06:47.3690566Z (Reading database ... 50%
2026-07-03T19:06:47.3761385Z (Reading database ... 55%
2026-07-03T19:06:47.3791876Z (Reading database ... 60%
2026-07-03T19:06:47.3809905Z (Reading database ... 65%
2026-07-03T19:06:47.3823553Z (Reading database ... 70%
2026-07-03T19:06:47.3850792Z (Reading database ... 75%
2026-07-03T19:06:47.3866876Z (Reading database ... 80%
2026-07-03T19:06:47.3995780Z (Reading database ... 85%
2026-07-03T19:06:47.4206376Z (Reading database ... 90%
2026-07-03T19:06:47.4239053Z (Reading database ... 95%
2026-07-03T19:06:47.4239453Z (Reading database ... 100%
2026-07-03T19:06:47.4240106Z (Reading database ... 209849 files and directories currently installed.)
2026-07-03T19:06:47.4275175Z Preparing to unpack .../0-bzip2-doc_1.0.8-5.1build0.1_all.deb ...
2026-07-03T19:06:47.4286625Z Unpacking bzip2-doc (1.0.8-5.1build0.1) ...
2026-07-03T19:06:47.4466162Z Selecting previously unselected package libbz2-dev:amd64.
2026-07-03T19:06:47.4570877Z Preparing to unpack .../1-libbz2-dev_1.0.8-5.1build0.1_amd64.deb ...
2026-07-03T19:06:47.4579685Z Unpacking libbz2-dev:amd64 (1.0.8-5.1build0.1) ...
2026-07-03T19:06:47.4733181Z Selecting previously unselected package libdeflate-dev:amd64.
2026-07-03T19:06:47.4834642Z Preparing to unpack .../2-libdeflate-dev_1.19-1build1.1_amd64.deb ...
2026-07-03T19:06:47.4842344Z Unpacking libdeflate-dev:amd64 (1.19-1build1.1) ...
2026-07-03T19:06:47.5174429Z Selecting previously unselected package libopenblas0-pthread:amd64.
2026-07-03T19:06:47.5265249Z Preparing to unpack .../3-libopenblas0-pthread_0.3.26+ds-1ubuntu0.1_amd64.deb ...
2026-07-03T19:06:47.5284660Z Unpacking libopenblas0-pthread:amd64 (0.3.26+ds-1ubuntu0.1) ...
2026-07-03T19:06:47.8257733Z Selecting previously unselected package libopenblas0:amd64.
2026-07-03T19:06:47.8350093Z Preparing to unpack .../4-libopenblas0_0.3.26+ds-1ubuntu0.1_amd64.deb ...
2026-07-03T19:06:47.8366885Z Unpacking libopenblas0:amd64 (0.3.26+ds-1ubuntu0.1) ...
2026-07-03T19:06:47.8523688Z Selecting previously unselected package libopenblas-pthread-dev:amd64.
2026-07-03T19:06:47.8613724Z Preparing to unpack .../5-libopenblas-pthread-dev_0.3.26+ds-1ubuntu0.1_amd64.deb ...
2026-07-03T19:06:47.8624926Z Unpacking libopenblas-pthread-dev:amd64 (0.3.26+ds-1ubuntu0.1) ...
2026-07-03T19:06:48.3113813Z Selecting previously unselected package libopenblas-dev:amd64.
2026-07-03T19:06:48.3223427Z Preparing to unpack .../6-libopenblas-dev_0.3.26+ds-1ubuntu0.1_amd64.deb ...
2026-07-03T19:06:48.3237148Z Unpacking libopenblas-dev:amd64 (0.3.26+ds-1ubuntu0.1) ...
2026-07-03T19:06:48.3514967Z Selecting previously unselected package liblzma-dev:amd64.
2026-07-03T19:06:48.3623411Z Preparing to unpack .../7-liblzma-dev_5.6.1+really5.4.5-1ubuntu0.3_amd64.deb ...
2026-07-03T19:06:48.3635552Z Unpacking liblzma-dev:amd64 (5.6.1+really5.4.5-1ubuntu0.3) ...
2026-07-03T19:06:48.3841577Z Selecting previously unselected package libtirpc-dev:amd64.
2026-07-03T19:06:48.3932795Z Preparing to unpack .../8-libtirpc-dev_1.3.4+ds-1.1build1_amd64.deb ...
2026-07-03T19:06:48.3943880Z Unpacking libtirpc-dev:amd64 (1.3.4+ds-1.1build1) ...
2026-07-03T19:06:48.4332440Z Setting up bzip2-doc (1.0.8-5.1build0.1) ...
2026-07-03T19:06:48.4362663Z Setting up libopenblas0-pthread:amd64 (0.3.26+ds-1ubuntu0.1) ...
2026-07-03T19:06:48.4417453Z update-alternatives: using /usr/lib/x86_64-linux-gnu/openblas-pthread/libblas.so.3 to provide /usr/lib/x86_64-linux-gnu/libblas.so.3 (libblas.so.3-x86_64-linux-gnu) in auto mode
2026-07-03T19:06:48.4450740Z update-alternatives: using /usr/lib/x86_64-linux-gnu/openblas-pthread/liblapack.so.3 to provide /usr/lib/x86_64-linux-gnu/liblapack.so.3 (liblapack.so.3-x86_64-linux-gnu) in auto mode
2026-07-03T19:06:48.4485573Z update-alternatives: using /usr/lib/x86_64-linux-gnu/openblas-pthread/libopenblas.so.0 to provide /usr/lib/x86_64-linux-gnu/libopenblas.so.0 (libopenblas.so.0-x86_64-linux-gnu) in auto mode
2026-07-03T19:06:48.4500958Z Setting up libtirpc-dev:amd64 (1.3.4+ds-1.1build1) ...
2026-07-03T19:06:48.4522428Z Setting up liblzma-dev:amd64 (5.6.1+really5.4.5-1ubuntu0.3) ...
2026-07-03T19:06:48.4545012Z Setting up libopenblas0:amd64 (0.3.26+ds-1ubuntu0.1) ...
2026-07-03T19:06:48.4567429Z Setting up libdeflate-dev:amd64 (1.19-1build1.1) ...
2026-07-03T19:06:48.4587834Z Setting up libbz2-dev:amd64 (1.0.8-5.1build0.1) ...
2026-07-03T19:06:48.4608357Z Setting up libopenblas-pthread-dev:amd64 (0.3.26+ds-1ubuntu0.1) ...
2026-07-03T19:06:48.4654456Z update-alternatives: using /usr/lib/x86_64-linux-gnu/openblas-pthread/libblas.so to provide /usr/lib/x86_64-linux-gnu/libblas.so (libblas.so-x86_64-linux-gnu) in auto mode
2026-07-03T19:06:48.4688911Z update-alternatives: using /usr/lib/x86_64-linux-gnu/openblas-pthread/liblapack.so to provide /usr/lib/x86_64-linux-gnu/liblapack.so (liblapack.so-x86_64-linux-gnu) in auto mode
2026-07-03T19:06:48.4721958Z update-alternatives: using /usr/lib/x86_64-linux-gnu/openblas-pthread/libopenblas.so to provide /usr/lib/x86_64-linux-gnu/libopenblas.so (libopenblas.so-x86_64-linux-gnu) in auto mode
2026-07-03T19:06:48.4752753Z Setting up libopenblas-dev:amd64 (0.3.26+ds-1ubuntu0.1) ...
2026-07-03T19:06:48.4786014Z Processing triggers for libc-bin (2.39-0ubuntu8.7) ...
2026-07-03T19:06:48.4903771Z Processing triggers for man-db (2.12.0-4build2) ...
2026-07-03T19:06:48.4918897Z Not building database; man-db/auto-update is not 'true'.
2026-07-03T19:06:48.4931880Z Processing triggers for install-info (7.1-3build2) ...
2026-07-03T19:06:49.0125595Z 
2026-07-03T19:06:49.0126281Z Running kernel seems to be up-to-date.
2026-07-03T19:06:49.0126667Z 
2026-07-03T19:06:49.0126835Z No services need to be restarted.
2026-07-03T19:06:49.0127187Z 
2026-07-03T19:06:49.0127341Z No containers need to be restarted.
2026-07-03T19:06:49.0127613Z 
2026-07-03T19:06:49.0127783Z No user sessions are running outdated binaries.
2026-07-03T19:06:49.0128087Z 
2026-07-03T19:06:49.0128466Z No VM guests are running outdated hypervisor (qemu) binaries on this host.
2026-07-03T19:06:49.6967617Z Selecting previously unselected package r-4.6.1.
2026-07-03T19:06:49.7516163Z (Reading database ... 210039 files and directories currently installed.)
2026-07-03T19:06:49.7547249Z Preparing to unpack .../work/_temp/r-4.6.1_1_amd64.deb ...
2026-07-03T19:06:49.7557848Z Unpacking r-4.6.1 (1) ...
2026-07-03T19:06:50.7633902Z Setting up r-4.6.1 (1) ...
2026-07-03T19:06:50.7756346Z 
2026-07-03T19:06:50.7756477Z 
2026-07-03T19:06:50.7756907Z Reading state information... Done
2026-07-03T19:06:50.7757293Z 
2026-07-03T19:06:50.7757629Z Get:1 file:/etc/apt/apt-mirrors.txt Mirrorlist [144 B]                          
2026-07-03T19:06:50.7758120Z 
2026-07-03T19:06:50.7758428Z Get:2 http://azure.archive.ubuntu.com/ubuntu noble-updates/main amd64 bzip2-doc all 1.0.8-5.1build0.1 [499 kB]
2026-07-03T19:06:50.7758938Z 
2026-07-03T19:06:50.7759296Z Get:3 http://azure.archive.ubuntu.com/ubuntu noble-updates/main amd64 libbz2-dev amd64 1.0.8-5.1build0.1 [33.6 kB]
2026-07-03T19:06:50.7759719Z 
2026-07-03T19:06:50.7760046Z Get:4 http://azure.archive.ubuntu.com/ubuntu noble-updates/main amd64 libdeflate-dev amd64 1.19-1build1.1 [50.9 kB]
2026-07-03T19:06:50.7760374Z 
2026-07-03T19:06:50.7760791Z Get:5 http://azure.archive.ubuntu.com/ubuntu noble-updates/universe amd64 libopenblas0-pthread amd64 0.3.26+ds-1ubuntu0.1 [7183 kB]
2026-07-03T19:06:50.7761184Z 
2026-07-03T19:06:50.7761551Z Get:6 http://azure.archive.ubuntu.com/ubuntu noble-updates/universe amd64 libopenblas0 amd64 0.3.26+ds-1ubuntu0.1 [6190 B]
2026-07-03T19:06:50.7761918Z 
2026-07-03T19:06:50.7762257Z Get:7 http://azure.archive.ubuntu.com/ubuntu noble-updates/universe amd64 libopenblas-pthread-dev amd64 0.3.26+ds-1ubuntu0.1 [4899 kB]
2026-07-03T19:06:50.7762706Z 
2026-07-03T19:06:50.7763006Z Get:8 http://azure.archive.ubuntu.com/ubuntu noble-updates/universe amd64 libopenblas-dev amd64 0.3.26+ds-1ubuntu0.1 [19.6 kB]
2026-07-03T19:06:50.7763411Z 
2026-07-03T19:06:50.7763711Z Get:9 http://azure.archive.ubuntu.com/ubuntu noble-updates/main amd64 liblzma-dev amd64 5.6.1+really5.4.5-1ubuntu0.3 [176 kB]
2026-07-03T19:06:50.7764104Z 
2026-07-03T19:06:50.7764377Z Get:10 http://azure.archive.ubuntu.com/ubuntu noble/main amd64 libtirpc-dev amd64 1.3.4+ds-1.1build1 [193 kB]
2026-07-03T19:06:50.7765015Z 
2026-07-03T19:06:50.7765173Z Fetched 13.1 MB in 0s (0 B/s)                                                   
2026-07-03T19:06:50.7952883Z ##[endgroup]
2026-07-03T19:06:50.7962198Z [command]/usr/bin/sudo ln -sf /opt/R/4.6.1/bin/R /usr/local/bin/R
2026-07-03T19:06:50.8042003Z [command]/usr/bin/sudo ln -sf /opt/R/4.6.1/bin/Rscript /usr/local/bin/Rscript
2026-07-03T19:06:50.8156554Z [command]/usr/bin/lsb_release --short --codename
2026-07-03T19:06:50.8200307Z noble
2026-07-03T19:06:50.8288896Z ##[group]Run set -x
2026-07-03T19:06:50.8289219Z [36;1mset -x[0m
2026-07-03T19:06:50.8289617Z [36;1mpackages=$( ( grep Config/gha/extra-packages DESCRIPTION || true ) | cut -d " " -f 2-)[0m
2026-07-03T19:06:50.8290071Z [36;1mecho packages=$packages >> $GITHUB_OUTPUT[0m
2026-07-03T19:06:50.8308772Z shell: /usr/bin/bash --noprofile --norc -e -o pipefail {0}
2026-07-03T19:06:50.8309115Z env:
2026-07-03T19:06:50.8309350Z   _R_CHECK_PKG_SIZES_: FALSE
2026-07-03T19:06:50.8309651Z   R_REMOTES_NO_ERRORS_FROM_WARNINGS: true
2026-07-03T19:06:50.8309969Z   R_KEEP_PKG_SOURCE: yes
2026-07-03T19:06:50.8310236Z   _R_CHECK_SYSTEM_CLOCK_: FALSE
2026-07-03T19:06:50.8310608Z   _R_CHECK_FUTURE_FILE_TIMESTAMPS_: false
2026-07-03T19:06:50.8310896Z   RGL_USE_NULL: true
2026-07-03T19:06:50.8311174Z   _R_CHECK_CRAN_INCOMING_CHECK_FILE_URIS_: true
2026-07-03T19:06:50.8311513Z   _R_CHECK_CRAN_INCOMING_NOTE_GNU_MAKE_: true
2026-07-03T19:06:50.8311840Z   _R_CHECK_PACKAGE_DEPENDS_IGNORE_MISSING_ENHANCES_: true
2026-07-03T19:06:50.8312214Z   _R_CHECK_CODE_CLASS_IS_STRING_: true
2026-07-03T19:06:50.8312508Z   _R_CHECK_CODOC_VARIABLES_IN_USAGES_: true
2026-07-03T19:06:50.8312825Z   _R_CHECK_CONNECTIONS_LEFT_OPEN_: true
2026-07-03T19:06:50.8313145Z   _R_CHECK_DATALIST_: true
2026-07-03T19:06:50.8313411Z   _R_CHECK_NEWS_IN_PLAIN_TEXT_: true
2026-07-03T19:06:50.8313755Z   _R_CHECK_PACKAGES_USED_CRAN_INCOMING_NOTES_: true
2026-07-03T19:06:50.8314066Z   _R_CHECK_RD_CONTENTS_KEYWORDS_: true
2026-07-03T19:06:50.8314339Z   _R_CHECK_R_DEPENDS_: warn
2026-07-03T19:06:50.8314879Z   _R_CHECK_S3_METHODS_SHOW_POSSIBLE_ISSUES_: true
2026-07-03T19:06:50.8315186Z   _R_CHECK_THINGS_IN_TEMP_DIR_: true
2026-07-03T19:06:50.8315488Z   _R_CHECK_UNDOC_USE_ALL_NAMES_: true
2026-07-03T19:06:50.8315765Z   _R_CHECK_URLS_SHOW_301_STATUS_: true
2026-07-03T19:06:50.8316029Z   _R_CXX_USE_NO_REMAP_: true
2026-07-03T19:06:50.8316351Z   _R_CHECK_CRAN_INCOMING_SKIP_LARGE_VERSION_: true
2026-07-03T19:06:50.8316653Z   _R_CHECK_FORCE_SUGGESTS_: false
2026-07-03T19:06:50.8316930Z   _R_CHECK_THINGS_IN_OTHER_DIRS_: true
2026-07-03T19:06:50.8317209Z   _R_CHECK_BASHISMS_: true
2026-07-03T19:06:50.8317472Z   _R_CHECK_CRAN_INCOMING_USE_ASPELL_: true
2026-07-03T19:06:50.8317804Z   R_LIBS_USER: /home/runner/work/_temp/Library
2026-07-03T19:06:50.8318100Z   TZ: UTC
2026-07-03T19:06:50.8318320Z   NOT_CRAN: true
2026-07-03T19:06:50.8318678Z   RSPM: https://packagemanager.posit.co/cran/__linux__/noble/latest
2026-07-03T19:06:50.8319177Z   RENV_CONFIG_REPOS_OVERRIDE: https://packagemanager.posit.co/cran/__linux__/noble/latest
2026-07-03T19:06:50.8319599Z ##[endgroup]
2026-07-03T19:06:50.8360918Z ++ grep Config/gha/extra-packages DESCRIPTION
2026-07-03T19:06:50.8361504Z ++ cut -d ' ' -f 2-
2026-07-03T19:06:50.8374116Z + packages='arrow=?ignore-before-r=4.2.0'
2026-07-03T19:06:50.8374839Z + echo 'packages=arrow=?ignore-before-r=4.2.0'
2026-07-03T19:06:50.8549686Z ##[group]Run r-lib/actions/setup-r-dependencies@v2
2026-07-03T19:06:50.8549995Z with:
2026-07-03T19:06:50.8550273Z   pak-version: stable
2026-07-03T19:06:50.8550533Z   needs: build, check, website
2026-07-03T19:06:50.8550811Z   packages: deps::., any::sessioninfo
2026-07-03T19:06:50.8551288Z   extra-packages: any::rcmdcheck r-lib/roxygen2 any::decor r-lib/pkgdown deps::.  arrow=?ignore-before-r=4.2.0
2026-07-03T19:06:50.8551770Z   cache-version: rcc-smoke-2
2026-07-03T19:06:50.8552066Z   cache: true
2026-07-03T19:06:50.8552299Z   working-directory: .
2026-07-03T19:06:50.8552537Z   dependencies: "all"
2026-07-03T19:06:50.8552804Z   upgrade: FALSE
2026-07-03T19:06:50.8553050Z   lockfile-create-lib: NULL
2026-07-03T19:06:50.8553340Z   pandoc-version: 3.8.3
2026-07-03T19:06:50.8553609Z   install-quarto: auto
2026-07-03T19:06:50.8553859Z   quarto-version: release
2026-07-03T19:06:50.8554121Z env:
2026-07-03T19:06:50.8554352Z   _R_CHECK_PKG_SIZES_: FALSE
2026-07-03T19:06:50.8554761Z   R_REMOTES_NO_ERRORS_FROM_WARNINGS: true
2026-07-03T19:06:50.8555106Z   R_KEEP_PKG_SOURCE: yes
2026-07-03T19:06:50.8555364Z   _R_CHECK_SYSTEM_CLOCK_: FALSE
2026-07-03T19:06:50.8555643Z   _R_CHECK_FUTURE_FILE_TIMESTAMPS_: false
2026-07-03T19:06:50.8555937Z   RGL_USE_NULL: true
2026-07-03T19:06:50.8556206Z   _R_CHECK_CRAN_INCOMING_CHECK_FILE_URIS_: true
2026-07-03T19:06:50.8556558Z   _R_CHECK_CRAN_INCOMING_NOTE_GNU_MAKE_: true
2026-07-03T19:06:50.8556985Z   _R_CHECK_PACKAGE_DEPENDS_IGNORE_MISSING_ENHANCES_: true
2026-07-03T19:06:50.8557309Z   _R_CHECK_CODE_CLASS_IS_STRING_: true
2026-07-03T19:06:50.8557638Z   _R_CHECK_CODOC_VARIABLES_IN_USAGES_: true
2026-07-03T19:06:50.8557962Z   _R_CHECK_CONNECTIONS_LEFT_OPEN_: true
2026-07-03T19:06:50.8558244Z   _R_CHECK_DATALIST_: true
2026-07-03T19:06:50.8558590Z   _R_CHECK_NEWS_IN_PLAIN_TEXT_: true
2026-07-03T19:06:50.8558898Z   _R_CHECK_PACKAGES_USED_CRAN_INCOMING_NOTES_: true
2026-07-03T19:06:50.8559220Z   _R_CHECK_RD_CONTENTS_KEYWORDS_: true
2026-07-03T19:06:50.8559520Z   _R_CHECK_R_DEPENDS_: warn
2026-07-03T19:06:50.8559799Z   _R_CHECK_S3_METHODS_SHOW_POSSIBLE_ISSUES_: true
2026-07-03T19:06:50.8560136Z   _R_CHECK_THINGS_IN_TEMP_DIR_: true
2026-07-03T19:06:50.8560423Z   _R_CHECK_UNDOC_USE_ALL_NAMES_: true
2026-07-03T19:06:50.8560707Z   _R_CHECK_URLS_SHOW_301_STATUS_: true
2026-07-03T19:06:50.8561015Z   _R_CXX_USE_NO_REMAP_: true
2026-07-03T19:06:50.8561299Z   _R_CHECK_CRAN_INCOMING_SKIP_LARGE_VERSION_: true
2026-07-03T19:06:50.8561619Z   _R_CHECK_FORCE_SUGGESTS_: false
2026-07-03T19:06:50.8561897Z   _R_CHECK_THINGS_IN_OTHER_DIRS_: true
2026-07-03T19:06:50.8562166Z   _R_CHECK_BASHISMS_: true
2026-07-03T19:06:50.8562456Z   _R_CHECK_CRAN_INCOMING_USE_ASPELL_: true
2026-07-03T19:06:50.8562781Z   R_LIBS_USER: /home/runner/work/_temp/Library
2026-07-03T19:06:50.8563079Z   TZ: UTC
2026-07-03T19:06:50.8563314Z   NOT_CRAN: true
2026-07-03T19:06:50.8563641Z   RSPM: https://packagemanager.posit.co/cran/__linux__/noble/latest
2026-07-03T19:06:50.8564136Z   RENV_CONFIG_REPOS_OVERRIDE: https://packagemanager.posit.co/cran/__linux__/noble/latest
2026-07-03T19:06:50.8566654Z   GITHUB_PAT: ***
2026-07-03T19:06:50.8566894Z ##[endgroup]
2026-07-03T19:06:50.8770763Z ##[group]Run # Set site library path
2026-07-03T19:06:50.8771092Z [36;1m# Set site library path[0m
2026-07-03T19:06:50.8771343Z [36;1mcat("::group::Set site library path\n")[0m
2026-07-03T19:06:50.8771619Z [36;1mlibpak <- Sys.getenv("R_LIB_FOR_PAK")[0m
2026-07-03T19:06:50.8771877Z [36;1mif (libpak != "") {[0m
2026-07-03T19:06:50.8772155Z [36;1m  message("R_LIB_FOR_PAK is already set to ", libpak)[0m
2026-07-03T19:06:50.8772472Z [36;1m}[0m
2026-07-03T19:06:50.8772706Z [36;1mif (Sys.getenv("RENV_PROJECT") != "") {[0m
2026-07-03T19:06:50.8773152Z [36;1m  message("renv project detected, no need to set R_LIBS_SITE")[0m
2026-07-03T19:06:50.8773484Z [36;1m  if (libpak == "") {[0m
2026-07-03T19:06:50.8773840Z [36;1m    cat(sprintf("R_LIB_FOR_PAK=%s\n", .libPaths()[1]), file = Sys.getenv("GITHUB_ENV"), append = TRUE)[0m
2026-07-03T19:06:50.8774258Z [36;1m    message("Setting R_LIB_FOR_PAK to ", .libPaths()[1])[0m
2026-07-03T19:06:50.8774697Z [36;1m  }[0m
2026-07-03T19:06:50.8774940Z [36;1m  q("no")[0m
2026-07-03T19:06:50.8775175Z [36;1m}[0m
2026-07-03T19:06:50.8775374Z [36;1mlib <- Sys.getenv("R_LIBS_SITE")[0m
2026-07-03T19:06:50.8775628Z [36;1mif (lib == "") {[0m
2026-07-03T19:06:50.8775875Z [36;1m  lib <- file.path(dirname(.Library), "site-library")[0m
2026-07-03T19:06:50.8776269Z [36;1m  cat(sprintf("R_LIBS_SITE=%s\n", lib), file = Sys.getenv("GITHUB_ENV"), append = TRUE)[0m
2026-07-03T19:06:50.8776626Z [36;1m  message("Setting R_LIBS_SITE to ", lib)[0m
2026-07-03T19:06:50.8776898Z [36;1m  if (libpak == "") {[0m
2026-07-03T19:06:50.8777214Z [36;1m    cat(sprintf("R_LIB_FOR_PAK=%s\n", lib), file = Sys.getenv("GITHUB_ENV"), append = TRUE)[0m
2026-07-03T19:06:50.8777589Z [36;1m    message("Setting R_LIB_FOR_PAK to ", lib)[0m
2026-07-03T19:06:50.8777825Z [36;1m  }[0m
2026-07-03T19:06:50.8777988Z [36;1m} else {[0m
2026-07-03T19:06:50.8778201Z [36;1m  message("R_LIBS_SITE is already set to ", lib)[0m
2026-07-03T19:06:50.8778453Z [36;1m  if (libpak == "") {[0m
2026-07-03T19:06:50.8778703Z [36;1m    plib <- strsplit(lib, .Platform$path.sep)[[1]][[1]][0m
2026-07-03T19:06:50.8779081Z [36;1m    cat(sprintf("R_LIB_FOR_PAK=%s\n", plib), file = Sys.getenv("GITHUB_ENV"), append = TRUE)[0m
2026-07-03T19:06:50.8779451Z [36;1m    message("Setting R_LIB_FOR_PAK to ", plib)[0m
2026-07-03T19:06:50.8779796Z [36;1m  }[0m
2026-07-03T19:06:50.8779964Z [36;1m}[0m
2026-07-03T19:06:50.8780139Z [36;1mif (nchar("ok") == 0) {[0m
2026-07-03T19:06:50.8780462Z [36;1m  message("R_LIBS_USER GH env var is unset, setting now: ", Sys.getenv("R_LIBS_USER"))[0m
2026-07-03T19:06:50.8780961Z [36;1m  cat(sprintf("R_LIBS_USER=%s\n", Sys.getenv("R_LIBS_USER")), file = Sys.getenv("GITHUB_ENV"), append = TRUE)[0m
2026-07-03T19:06:50.8781403Z [36;1m} else {[0m
2026-07-03T19:06:50.8781671Z [36;1m  message("R_LIBS_USER GH env var is already set: ", Sys.getenv("R_LIBS_USER"))[0m
2026-07-03T19:06:50.8781981Z [36;1m}[0m
2026-07-03T19:06:50.8782248Z [36;1mdir.create(Sys.getenv("R_LIBS_SITE"), recursive = TRUE, showWarnings = FALSE)[0m
2026-07-03T19:06:50.8782662Z [36;1mdir.create(Sys.getenv("R_LIBS_USER"), recursive = TRUE, showWarnings = FALSE)[0m
2026-07-03T19:06:50.8782978Z [36;1mcat("::endgroup::\n")[0m
2026-07-03T19:06:50.8811020Z shell: /usr/local/bin/Rscript {0}
2026-07-03T19:06:50.8811262Z env:
2026-07-03T19:06:50.8811442Z   _R_CHECK_PKG_SIZES_: FALSE
2026-07-03T19:06:50.8811656Z   R_REMOTES_NO_ERRORS_FROM_WARNINGS: true
2026-07-03T19:06:50.8811877Z   R_KEEP_PKG_SOURCE: yes
2026-07-03T19:06:50.8812071Z   _R_CHECK_SYSTEM_CLOCK_: FALSE
2026-07-03T19:06:50.8812277Z   _R_CHECK_FUTURE_FILE_TIMESTAMPS_: false
2026-07-03T19:06:50.8812488Z   RGL_USE_NULL: true
2026-07-03T19:06:50.8812681Z   _R_CHECK_CRAN_INCOMING_CHECK_FILE_URIS_: true
2026-07-03T19:06:50.8812924Z   _R_CHECK_CRAN_INCOMING_NOTE_GNU_MAKE_: true
2026-07-03T19:06:50.8813181Z   _R_CHECK_PACKAGE_DEPENDS_IGNORE_MISSING_ENHANCES_: true
2026-07-03T19:06:50.8813434Z   _R_CHECK_CODE_CLASS_IS_STRING_: true
2026-07-03T19:06:50.8813652Z   _R_CHECK_CODOC_VARIABLES_IN_USAGES_: true
2026-07-03T19:06:50.8813878Z   _R_CHECK_CONNECTIONS_LEFT_OPEN_: true
2026-07-03T19:06:50.8814088Z   _R_CHECK_DATALIST_: true
2026-07-03T19:06:50.8814273Z   _R_CHECK_NEWS_IN_PLAIN_TEXT_: true
2026-07-03T19:06:50.8814639Z   _R_CHECK_PACKAGES_USED_CRAN_INCOMING_NOTES_: true
2026-07-03T19:06:50.8815066Z   _R_CHECK_RD_CONTENTS_KEYWORDS_: true
2026-07-03T19:06:50.8815272Z   _R_CHECK_R_DEPENDS_: warn
2026-07-03T19:06:50.8815480Z   _R_CHECK_S3_METHODS_SHOW_POSSIBLE_ISSUES_: true
2026-07-03T19:06:50.8815710Z   _R_CHECK_THINGS_IN_TEMP_DIR_: true
2026-07-03T19:06:50.8815918Z   _R_CHECK_UNDOC_USE_ALL_NAMES_: true
2026-07-03T19:06:50.8816127Z   _R_CHECK_URLS_SHOW_301_STATUS_: true
2026-07-03T19:06:50.8816331Z   _R_CXX_USE_NO_REMAP_: true
2026-07-03T19:06:50.8816541Z   _R_CHECK_CRAN_INCOMING_SKIP_LARGE_VERSION_: true
2026-07-03T19:06:50.8816773Z   _R_CHECK_FORCE_SUGGESTS_: false
2026-07-03T19:06:50.8816975Z   _R_CHECK_THINGS_IN_OTHER_DIRS_: true
2026-07-03T19:06:50.8817174Z   _R_CHECK_BASHISMS_: true
2026-07-03T19:06:50.8817369Z   _R_CHECK_CRAN_INCOMING_USE_ASPELL_: true
2026-07-03T19:06:50.8817600Z   R_LIBS_USER: /home/runner/work/_temp/Library
2026-07-03T19:06:50.8817809Z   TZ: UTC
2026-07-03T19:06:50.8817949Z   NOT_CRAN: true
2026-07-03T19:06:50.8818202Z   RSPM: https://packagemanager.posit.co/cran/__linux__/noble/latest
2026-07-03T19:06:50.8818608Z   RENV_CONFIG_REPOS_OVERRIDE: https://packagemanager.posit.co/cran/__linux__/noble/latest
2026-07-03T19:06:50.8820658Z   GITHUB_PAT: ***
2026-07-03T19:06:50.8820823Z ##[endgroup]
2026-07-03T19:06:51.0279086Z ##[group]Set site library path
2026-07-03T19:06:51.0285843Z R_LIBS_SITE is already set to /opt/R/4.6.1/lib/R/site-library
2026-07-03T19:06:51.0287812Z Setting R_LIB_FOR_PAK to /opt/R/4.6.1/lib/R/site-library
2026-07-03T19:06:51.0289100Z R_LIBS_USER GH env var is already set: /home/runner/work/_temp/Library
2026-07-03T19:06:51.0290721Z ##[endgroup]
2026-07-03T19:06:51.0350993Z ##[group]Run # Install pak
2026-07-03T19:06:51.0351356Z [36;1m# Install pak[0m
2026-07-03T19:06:51.0351663Z [36;1mecho "::group::Install pak"[0m
2026-07-03T19:06:51.0352190Z [36;1mif which sudo >/dev/null; then SUDO="sudo -E --preserve-env=PATH env"; else SUDO=""; fi[0m
2026-07-03T19:06:51.0353144Z [36;1m$SUDO R -q -e 'dir.create(Sys.getenv("R_LIB_FOR_PAK"), recursive = TRUE, showWarnings = FALSE)'[0m
2026-07-03T19:06:51.0354849Z [36;1m$SUDO R -q -e 'if ("stable" == "repo") { install.packages("pak", lib = Sys.getenv("R_LIB_FOR_PAK")) } else { install.packages("pak", lib = Sys.getenv("R_LIB_FOR_PAK"), repos = sprintf("https://r-lib.github.io/p/pak/%s/%s/%s/%s", "stable", .Platform$pkgType, R.Version()$os, R.Version()$arch)) }'[0m
2026-07-03T19:06:51.0356311Z [36;1mecho "::endgroup::"[0m
2026-07-03T19:06:51.0379526Z shell: /usr/bin/bash --noprofile --norc -e -o pipefail {0}
2026-07-03T19:06:51.0379966Z env:
2026-07-03T19:06:51.0380231Z   _R_CHECK_PKG_SIZES_: FALSE
2026-07-03T19:06:51.0380576Z   R_REMOTES_NO_ERRORS_FROM_WARNINGS: true
2026-07-03T19:06:51.0380946Z   R_KEEP_PKG_SOURCE: yes
2026-07-03T19:06:51.0381244Z   _R_CHECK_SYSTEM_CLOCK_: FALSE
2026-07-03T19:06:51.0381592Z   _R_CHECK_FUTURE_FILE_TIMESTAMPS_: false
2026-07-03T19:06:51.0381944Z   RGL_USE_NULL: true
2026-07-03T19:06:51.0382264Z   _R_CHECK_CRAN_INCOMING_CHECK_FILE_URIS_: true
2026-07-03T19:06:51.0382688Z   _R_CHECK_CRAN_INCOMING_NOTE_GNU_MAKE_: true
2026-07-03T19:06:51.0383135Z   _R_CHECK_PACKAGE_DEPENDS_IGNORE_MISSING_ENHANCES_: true
2026-07-03T19:06:51.0383559Z   _R_CHECK_CODE_CLASS_IS_STRING_: true
2026-07-03T19:06:51.0383917Z   _R_CHECK_CODOC_VARIABLES_IN_USAGES_: true
2026-07-03T19:06:51.0384297Z   _R_CHECK_CONNECTIONS_LEFT_OPEN_: true
2026-07-03T19:06:51.0384926Z   _R_CHECK_DATALIST_: true
2026-07-03T19:06:51.0385210Z   _R_CHECK_NEWS_IN_PLAIN_TEXT_: true
2026-07-03T19:06:51.0385601Z   _R_CHECK_PACKAGES_USED_CRAN_INCOMING_NOTES_: true
2026-07-03T19:06:51.0386012Z   _R_CHECK_RD_CONTENTS_KEYWORDS_: true
2026-07-03T19:06:51.0386366Z   _R_CHECK_R_DEPENDS_: warn
2026-07-03T19:06:51.0386698Z   _R_CHECK_S3_METHODS_SHOW_POSSIBLE_ISSUES_: true
2026-07-03T19:06:51.0387048Z   _R_CHECK_THINGS_IN_TEMP_DIR_: true
2026-07-03T19:06:51.0387345Z   _R_CHECK_UNDOC_USE_ALL_NAMES_: true
2026-07-03T19:06:51.0387651Z   _R_CHECK_URLS_SHOW_301_STATUS_: true
2026-07-03T19:06:51.0387964Z   _R_CXX_USE_NO_REMAP_: true
2026-07-03T19:06:51.0388298Z   _R_CHECK_CRAN_INCOMING_SKIP_LARGE_VERSION_: true
2026-07-03T19:06:51.0388666Z   _R_CHECK_FORCE_SUGGESTS_: false
2026-07-03T19:06:51.0388975Z   _R_CHECK_THINGS_IN_OTHER_DIRS_: true
2026-07-03T19:06:51.0389289Z   _R_CHECK_BASHISMS_: true
2026-07-03T19:06:51.0389579Z   _R_CHECK_CRAN_INCOMING_USE_ASPELL_: true
2026-07-03T19:06:51.0389925Z   R_LIBS_USER: /home/runner/work/_temp/Library
2026-07-03T19:06:51.0390281Z   TZ: UTC
2026-07-03T19:06:51.0390497Z   NOT_CRAN: true
2026-07-03T19:06:51.0390875Z   RSPM: https://packagemanager.posit.co/cran/__linux__/noble/latest
2026-07-03T19:06:51.0391507Z   RENV_CONFIG_REPOS_OVERRIDE: https://packagemanager.posit.co/cran/__linux__/noble/latest
2026-07-03T19:06:51.0392063Z   R_LIB_FOR_PAK: /opt/R/4.6.1/lib/R/site-library
2026-07-03T19:06:51.0395430Z   GITHUB_PAT: ***
2026-07-03T19:06:51.0395728Z ##[endgroup]
2026-07-03T19:06:51.0438720Z ##[group]Install pak
2026-07-03T19:06:51.1897884Z > dir.create(Sys.getenv("R_LIB_FOR_PAK"), recursive = TRUE, showWarnings = FALSE)
2026-07-03T19:06:51.1898658Z > 
2026-07-03T19:06:51.3336434Z > if ("stable" == "repo") { install.packages("pak", lib = Sys.getenv("R_LIB_FOR_PAK")) } else { install.packages("pak", lib = Sys.getenv("R_LIB_FOR_PAK"), repos = sprintf("https://r-lib.github.io/p/pak/%s/%s/%s/%s", "stable", .Platform$pkgType, R.Version()$os, R.Version()$arch)) }
2026-07-03T19:06:51.5091258Z trying URL 'https://r-lib.github.io/p/pak/stable/source/linux-gnu/x86_64/src/contrib/../../../../../linux/x86_64/pak_0.10.0_R-4-6_x86_64-linux.tar.gz'
2026-07-03T19:06:51.5794989Z Content type 'application/gzip' length 9586473 bytes (9.1 MB)
2026-07-03T19:06:52.0335861Z ==================================================
2026-07-03T19:06:52.0336338Z downloaded 9.1 MB
2026-07-03T19:06:52.0336508Z 
2026-07-03T19:06:52.6759502Z * installing *binary* package ‘pak’ ...
2026-07-03T19:06:52.6936506Z * DONE (pak)
2026-07-03T19:06:52.7033659Z 
2026-07-03T19:06:52.7034194Z The downloaded source packages are in
2026-07-03T19:06:52.7035332Z 	‘/tmp/Rtmpm8hv0S/downloaded_packages’
2026-07-03T19:06:52.7035641Z > 
2026-07-03T19:06:52.7105827Z ##[endgroup]
2026-07-03T19:06:52.7123005Z ##[group]Run # Repo status
2026-07-03T19:06:52.7123236Z [36;1m# Repo status[0m
2026-07-03T19:06:52.7123441Z [36;1mcat("::group::Repo status\n")[0m
2026-07-03T19:06:52.7123673Z [36;1moptions(width = 1000)[0m
2026-07-03T19:06:52.7123986Z [36;1mpak::repo_status()[0m
2026-07-03T19:06:52.7124184Z [36;1mcat("::endgroup::\n")[0m
2026-07-03T19:06:52.7127709Z shell: /usr/local/bin/Rscript {0}
2026-07-03T19:06:52.7127919Z env:
2026-07-03T19:06:52.7128086Z   _R_CHECK_PKG_SIZES_: FALSE
2026-07-03T19:06:52.7128298Z   R_REMOTES_NO_ERRORS_FROM_WARNINGS: true
2026-07-03T19:06:52.7128523Z   R_KEEP_PKG_SOURCE: yes
2026-07-03T19:06:52.7128720Z   _R_CHECK_SYSTEM_CLOCK_: FALSE
2026-07-03T19:06:52.7128934Z   _R_CHECK_FUTURE_FILE_TIMESTAMPS_: false
2026-07-03T19:06:52.7129152Z   RGL_USE_NULL: true
2026-07-03T19:06:52.7129351Z   _R_CHECK_CRAN_INCOMING_CHECK_FILE_URIS_: true
2026-07-03T19:06:52.7129618Z   _R_CHECK_CRAN_INCOMING_NOTE_GNU_MAKE_: true
2026-07-03T19:06:52.7129890Z   _R_CHECK_PACKAGE_DEPENDS_IGNORE_MISSING_ENHANCES_: true
2026-07-03T19:06:52.7130159Z   _R_CHECK_CODE_CLASS_IS_STRING_: true
2026-07-03T19:06:52.7130384Z   _R_CHECK_CODOC_VARIABLES_IN_USAGES_: true
2026-07-03T19:06:52.7130621Z   _R_CHECK_CONNECTIONS_LEFT_OPEN_: true
2026-07-03T19:06:52.7130839Z   _R_CHECK_DATALIST_: true
2026-07-03T19:06:52.7131030Z   _R_CHECK_NEWS_IN_PLAIN_TEXT_: true
2026-07-03T19:06:52.7131265Z   _R_CHECK_PACKAGES_USED_CRAN_INCOMING_NOTES_: true
2026-07-03T19:06:52.7131509Z   _R_CHECK_RD_CONTENTS_KEYWORDS_: true
2026-07-03T19:06:52.7131721Z   _R_CHECK_R_DEPENDS_: warn
2026-07-03T19:06:52.7131936Z   _R_CHECK_S3_METHODS_SHOW_POSSIBLE_ISSUES_: true
2026-07-03T19:06:52.7132179Z   _R_CHECK_THINGS_IN_TEMP_DIR_: true
2026-07-03T19:06:52.7132396Z   _R_CHECK_UNDOC_USE_ALL_NAMES_: true
2026-07-03T19:06:52.7132611Z   _R_CHECK_URLS_SHOW_301_STATUS_: true
2026-07-03T19:06:52.7132821Z   _R_CXX_USE_NO_REMAP_: true
2026-07-03T19:06:52.7133041Z   _R_CHECK_CRAN_INCOMING_SKIP_LARGE_VERSION_: true
2026-07-03T19:06:52.7133284Z   _R_CHECK_FORCE_SUGGESTS_: false
2026-07-03T19:06:52.7133492Z   _R_CHECK_THINGS_IN_OTHER_DIRS_: true
2026-07-03T19:06:52.7133700Z   _R_CHECK_BASHISMS_: true
2026-07-03T19:06:52.7133901Z   _R_CHECK_CRAN_INCOMING_USE_ASPELL_: true
2026-07-03T19:06:52.7134142Z   R_LIBS_USER: /home/runner/work/_temp/Library
2026-07-03T19:06:52.7134364Z   TZ: UTC
2026-07-03T19:06:52.7135297Z   NOT_CRAN: true
2026-07-03T19:06:52.7135574Z   RSPM: https://packagemanager.posit.co/cran/__linux__/noble/latest
2026-07-03T19:06:52.7135994Z   RENV_CONFIG_REPOS_OVERRIDE: https://packagemanager.posit.co/cran/__linux__/noble/latest
2026-07-03T19:06:52.7136365Z   R_LIB_FOR_PAK: /opt/R/4.6.1/lib/R/site-library
2026-07-03T19:06:52.7138472Z   GITHUB_PAT: ***
2026-07-03T19:06:52.7138663Z ##[endgroup]
2026-07-03T19:06:52.8575386Z ##[group]Repo status
2026-07-03T19:06:53.7480848Z            name                                                         url     type bioc_version platform        path r_version   ok     ping error
2026-07-03T19:06:53.7481955Z 1          RSPM https://packagemanager.posit.co/cran/__linux__/noble/latest cranlike         <NA>   source src/contrib       4.6 TRUE 0.250031  NULL
2026-07-03T19:06:53.7482729Z 2          CRAN                                    https://cran.rstudio.com     cran         <NA>   source src/contrib       4.6 TRUE 0.071036  NULL
2026-07-03T19:06:53.7483447Z 3      BioCsoft                 https://bioconductor.org/packages/3.23/bioc     bioc         3.23   source src/contrib       4.6 TRUE 0.158514  NULL
2026-07-03T19:06:53.7484231Z 4       BioCann      https://bioconductor.org/packages/3.23/data/annotation     bioc         3.23   source src/contrib       4.6 TRUE 0.153078  NULL
2026-07-03T19:06:53.7485496Z 5       BioCexp      https://bioconductor.org/packages/3.23/data/experiment     bioc         3.23   source src/contrib       4.6 TRUE 0.175797  NULL
2026-07-03T19:06:53.7486964Z 6 BioCworkflows            https://bioconductor.org/packages/3.23/workflows     bioc         3.23   source src/contrib       4.6 TRUE 0.175780  NULL
2026-07-03T19:06:53.7488193Z 7     BioCbooks                https://bioconductor.org/packages/3.23/books     bioc         3.23   source src/contrib       4.6 TRUE 0.205455  NULL
2026-07-03T19:06:53.7489346Z ##[endgroup]
2026-07-03T19:06:53.7608635Z ##[group]Run # Dependency resolution
2026-07-03T19:06:53.7608991Z [36;1m# Dependency resolution[0m
2026-07-03T19:06:53.7609279Z [36;1mcat("::group::Dependency resolution\n")[0m
2026-07-03T19:06:53.7609803Z [36;1mcat("os-version=", sessionInfo()$running, "\n", file = Sys.getenv("GITHUB_OUTPUT"), sep = "", append = TRUE)[0m
2026-07-03T19:06:53.7610485Z [36;1mcat("r-arch=", R.Version()$arch, "\n", file = Sys.getenv("GITHUB_OUTPUT"), sep = "", append = TRUE)[0m
2026-07-03T19:06:53.7610934Z [36;1mr_version <-[0m
2026-07-03T19:06:53.7611203Z [36;1m  if (grepl("development", R.version.string)) {[0m
2026-07-03T19:06:53.7611529Z [36;1m    pdf(tempfile())[0m
2026-07-03T19:06:53.7612041Z [36;1m    ge_ver <- attr(recordPlot(), "engineVersion")[0m
2026-07-03T19:06:53.7612358Z [36;1m    dev.off()[0m
2026-07-03T19:06:53.7612740Z [36;1m    paste0("R version ", getRversion(), " (ge:", ge_ver, "; iid:", .Internal(internalsID()), ")")[0m
2026-07-03T19:06:53.7613188Z [36;1m  } else {[0m
2026-07-03T19:06:53.7613406Z [36;1m    R.version.string[0m
2026-07-03T19:06:53.7613636Z [36;1m  }[0m
2026-07-03T19:06:53.7614009Z [36;1mcat("r-version=", r_version, "\n", file = Sys.getenv("GITHUB_OUTPUT"), sep = "", append = TRUE)[0m
2026-07-03T19:06:53.7614925Z [36;1mneeds <- sprintf("Config/Needs/%s", strsplit("build, check, website", "[[:space:],]+")[[1]])[0m
2026-07-03T19:06:53.7615531Z [36;1mif (length(needs) == 0L) needs <- NULL[0m
2026-07-03T19:06:53.7615913Z [36;1mdeps <- strsplit("deps::., any::sessioninfo", "[[:space:],]+")[[1]][0m
2026-07-03T19:06:53.7616657Z [36;1mextra_deps <- strsplit("any::rcmdcheck r-lib/roxygen2 any::decor r-lib/pkgdown deps::.  arrow=?ignore-before-r=4.2.0", "[[:space:],]+")[[1]][0m
2026-07-03T19:06:53.7617271Z [36;1mdir.create(".github", showWarnings=FALSE)[0m
2026-07-03T19:06:53.7617593Z [36;1mSys.setenv("PKGCACHE_HTTP_VERSION" = "2")[0m
2026-07-03T19:06:53.7617935Z [36;1mlibrary(pak, lib.loc = Sys.getenv("R_LIB_FOR_PAK"))[0m
2026-07-03T19:06:53.7618264Z [36;1mpak::lockfile_create([0m
2026-07-03T19:06:53.7618508Z [36;1m  c(deps, extra_deps),[0m
2026-07-03T19:06:53.7618761Z [36;1m  lockfile = ".github/pkg.lock",[0m
2026-07-03T19:06:53.7619032Z [36;1m  upgrade = (FALSE),[0m
2026-07-03T19:06:53.7619284Z [36;1m  dependencies = c(needs, ("all")),[0m
2026-07-03T19:06:53.7619552Z [36;1m  lib = NULL[0m
2026-07-03T19:06:53.7619756Z [36;1m)[0m
2026-07-03T19:06:53.7619953Z [36;1mcat("::endgroup::\n")[0m
2026-07-03T19:06:53.7620199Z [36;1mcat("::group::Show Lockfile\n")[0m
2026-07-03T19:06:53.7620488Z [36;1mwriteLines(readLines(".github/pkg.lock"))[0m
2026-07-03T19:06:53.7620746Z [36;1mcat("::endgroup::\n")[0m
2026-07-03T19:06:53.7624902Z shell: /usr/local/bin/Rscript {0}
2026-07-03T19:06:53.7625127Z env:
2026-07-03T19:06:53.7625310Z   _R_CHECK_PKG_SIZES_: FALSE
2026-07-03T19:06:53.7625527Z   R_REMOTES_NO_ERRORS_FROM_WARNINGS: true
2026-07-03T19:06:53.7625770Z   R_KEEP_PKG_SOURCE: yes
2026-07-03T19:06:53.7625981Z   _R_CHECK_SYSTEM_CLOCK_: FALSE
2026-07-03T19:06:53.7626192Z   _R_CHECK_FUTURE_FILE_TIMESTAMPS_: false
2026-07-03T19:06:53.7626408Z   RGL_USE_NULL: true
2026-07-03T19:06:53.7626612Z   _R_CHECK_CRAN_INCOMING_CHECK_FILE_URIS_: true
2026-07-03T19:06:53.7626866Z   _R_CHECK_CRAN_INCOMING_NOTE_GNU_MAKE_: true
2026-07-03T19:06:53.7627141Z   _R_CHECK_PACKAGE_DEPENDS_IGNORE_MISSING_ENHANCES_: true
2026-07-03T19:06:53.7627406Z   _R_CHECK_CODE_CLASS_IS_STRING_: true
2026-07-03T19:06:53.7627637Z   _R_CHECK_CODOC_VARIABLES_IN_USAGES_: true
2026-07-03T19:06:53.7627871Z   _R_CHECK_CONNECTIONS_LEFT_OPEN_: true
2026-07-03T19:06:53.7628093Z   _R_CHECK_DATALIST_: true
2026-07-03T19:06:53.7628405Z   _R_CHECK_NEWS_IN_PLAIN_TEXT_: true
2026-07-03T19:06:53.7628648Z   _R_CHECK_PACKAGES_USED_CRAN_INCOMING_NOTES_: true
2026-07-03T19:06:53.7628899Z   _R_CHECK_RD_CONTENTS_KEYWORDS_: true
2026-07-03T19:06:53.7629117Z   _R_CHECK_R_DEPENDS_: warn
2026-07-03T19:06:53.7629336Z   _R_CHECK_S3_METHODS_SHOW_POSSIBLE_ISSUES_: true
2026-07-03T19:06:53.7629673Z   _R_CHECK_THINGS_IN_TEMP_DIR_: true
2026-07-03T19:06:53.7629894Z   _R_CHECK_UNDOC_USE_ALL_NAMES_: true
2026-07-03T19:06:53.7630115Z   _R_CHECK_URLS_SHOW_301_STATUS_: true
2026-07-03T19:06:53.7630331Z   _R_CXX_USE_NO_REMAP_: true
2026-07-03T19:06:53.7630553Z   _R_CHECK_CRAN_INCOMING_SKIP_LARGE_VERSION_: true
2026-07-03T19:06:53.7630798Z   _R_CHECK_FORCE_SUGGESTS_: false
2026-07-03T19:06:53.7631011Z   _R_CHECK_THINGS_IN_OTHER_DIRS_: true
2026-07-03T19:06:53.7631226Z   _R_CHECK_BASHISMS_: true
2026-07-03T19:06:53.7631431Z   _R_CHECK_CRAN_INCOMING_USE_ASPELL_: true
2026-07-03T19:06:53.7631673Z   R_LIBS_USER: /home/runner/work/_temp/Library
2026-07-03T19:06:53.7631902Z   TZ: UTC
2026-07-03T19:06:53.7632066Z   NOT_CRAN: true
2026-07-03T19:06:53.7632335Z   RSPM: https://packagemanager.posit.co/cran/__linux__/noble/latest
2026-07-03T19:06:53.7632759Z   RENV_CONFIG_REPOS_OVERRIDE: https://packagemanager.posit.co/cran/__linux__/noble/latest
2026-07-03T19:06:53.7633137Z   R_LIB_FOR_PAK: /opt/R/4.6.1/lib/R/site-library
2026-07-03T19:06:53.7635247Z   GITHUB_PAT: ***
2026-07-03T19:06:53.7635436Z ##[endgroup]
2026-07-03T19:06:53.9047635Z ##[group]Dependency resolution
2026-07-03T19:06:54.4789360Z ℹ Creating lockfile '.github/pkg.lock'
2026-07-03T19:06:54.7895406Z 
2026-07-03T19:06:55.4525373Z ✔ Updated metadata database: 6.20 MB in 10 files.
2026-07-03T19:06:55.4530451Z 
2026-07-03T19:06:55.4690814Z ℹ Creating lockfile '.github/pkg.lock'
2026-07-03T19:06:55.4691370Z ℹ Updating metadata database
2026-07-03T19:07:01.4723700Z ✔ Updating metadata database ... done
2026-07-03T19:07:01.4728556Z 
2026-07-03T19:07:03.4136150Z ℹ Creating lockfile '.github/pkg.lock'
2026-07-03T19:07:03.4136625Z ✔ Created lockfile '.github/pkg.lock' [8.9s]
2026-07-03T19:07:03.4140027Z 
2026-07-03T19:07:03.4761155Z ##[endgroup]
2026-07-03T19:07:03.4761693Z ##[group]Show Lockfile
2026-07-03T19:07:03.4785433Z {
2026-07-03T19:07:03.4810531Z   "lockfile_version": 1,
2026-07-03T19:07:03.4817826Z   "os": "Ubuntu 24.04.4 LTS",
2026-07-03T19:07:03.4818297Z   "r_version": "R version 4.6.1 (2026-06-24)",
2026-07-03T19:07:03.4818743Z   "platform": "x86_64-pc-linux-gnu",
2026-07-03T19:07:03.4819358Z   "packages": [
2026-07-03T19:07:03.4819671Z     {
2026-07-03T19:07:03.4820061Z       "ref": "deps::.",
2026-07-03T19:07:03.4820493Z       "package": "duckdb.dev-deps",
2026-07-03T19:07:03.4820902Z       "version": "1.5.99.9001.528",
2026-07-03T19:07:03.4821307Z       "type": "deps",
2026-07-03T19:07:03.4821679Z       "direct": true,
2026-07-03T19:07:03.4822010Z       "binary": false,
2026-07-03T19:07:03.4822394Z       "dependencies": ["DBI"],
2026-07-03T19:07:03.4822686Z       "vignettes": false,
2026-07-03T19:07:03.4823026Z       "metadata": {
2026-07-03T19:07:03.4823449Z         "RemotePkgRef": "deps::.",
2026-07-03T19:07:03.4823892Z         "RemoteType": "deps"
2026-07-03T19:07:03.4824241Z       },
2026-07-03T19:07:03.4825609Z       "sources": [],
2026-07-03T19:07:03.4826136Z       "target": "src/contrib/duckdb.dev-deps_1.5.99.9001.528.tar.gz",
2026-07-03T19:07:03.4826539Z       "platform": "source",
2026-07-03T19:07:03.4826790Z       "rversion": "*",
2026-07-03T19:07:03.4827027Z       "directpkg": true,
2026-07-03T19:07:03.4827303Z       "license": "MIT + file LICENSE",
2026-07-03T19:07:03.4827948Z       "dep_types": ["Depends", "Imports", "LinkingTo", "Suggests", "Enhances", "Config/Needs/build", "Config/Needs/check", "Config/Needs/website"],
2026-07-03T19:07:03.4828480Z       "params": [],
2026-07-03T19:07:03.4828707Z       "install_args": "",
2026-07-03T19:07:03.4828989Z       "sysreqs": "xz (for building from source)",
2026-07-03T19:07:03.4829289Z       "sysreqs_packages": [
2026-07-03T19:07:03.4829506Z         {
2026-07-03T19:07:03.4829975Z           "sysreq": "xz",
2026-07-03T19:07:03.4830247Z           "packages": ["xz-utils"],
2026-07-03T19:07:03.4830528Z           "pre_install": {},
2026-07-03T19:07:03.4830795Z           "post_install": {}
2026-07-03T19:07:03.4831021Z         }
2026-07-03T19:07:03.4831212Z       ]
2026-07-03T19:07:03.4831394Z     },
2026-07-03T19:07:03.4831668Z     {
2026-07-03T19:07:03.4831889Z       "ref": "r-lib/pkgdown",
2026-07-03T19:07:03.4832154Z       "package": "pkgdown",
2026-07-03T19:07:03.4832406Z       "version": "2.2.0.9000",
2026-07-03T19:07:03.4832650Z       "type": "github",
2026-07-03T19:07:03.4832882Z       "direct": true,
2026-07-03T19:07:03.4833105Z       "binary": false,
2026-07-03T19:07:03.4834007Z       "dependencies": ["bslib", "callr", "cli", "desc", "downlit", "fontawesome", "fs", "httr2", "jsonlite", "lifecycle", "openssl", "nanonext", "purrr", "ragg", "rlang", "rmarkdown", "tibble", "whisker", "withr", "xml2", "yaml"],
2026-07-03T19:07:03.4834935Z       "vignettes": false,
2026-07-03T19:07:03.4835211Z       "needscompilation": true,
2026-07-03T19:07:03.4835469Z       "metadata": {
2026-07-03T19:07:03.4835712Z         "RemoteType": "github",
2026-07-03T19:07:03.4835999Z         "RemoteHost": "api.github.com",
2026-07-03T19:07:03.4836299Z         "RemoteRepo": "pkgdown",
2026-07-03T19:07:03.4836573Z         "RemoteUsername": "r-lib",
2026-07-03T19:07:03.4836873Z         "RemotePkgRef": "r-lib/pkgdown",
2026-07-03T19:07:03.4837155Z         "RemoteRef": "HEAD",
2026-07-03T19:07:03.4837493Z         "RemoteSha": "a6abe43ed48e58b1de42eba5e5541a5b6c46b46f",
2026-07-03T19:07:03.4837835Z         "GithubRepo": "pkgdown",
2026-07-03T19:07:03.4838105Z         "GithubUsername": "r-lib",
2026-07-03T19:07:03.4838365Z         "GithubRef": "HEAD",
2026-07-03T19:07:03.4838695Z         "GithubSHA1": "a6abe43ed48e58b1de42eba5e5541a5b6c46b46f"
2026-07-03T19:07:03.4838995Z       },
2026-07-03T19:07:03.4839503Z       "sources": ["https://api.github.com/repos/r-lib/pkgdown/zipball/a6abe43ed48e58b1de42eba5e5541a5b6c46b46f"],
2026-07-03T19:07:03.4840082Z       "target": "src/contrib/pkgdown_2.2.0.9000_a6abe43.tar.gz",
2026-07-03T19:07:03.4840409Z       "platform": "source",
2026-07-03T19:07:03.4840649Z       "rversion": "*",
2026-07-03T19:07:03.4840877Z       "directpkg": true,
2026-07-03T19:07:03.4841137Z       "license": "MIT + file LICENSE",
2026-07-03T19:07:03.4841773Z       "dep_types": ["Depends", "Imports", "LinkingTo", "Suggests", "Enhances", "Config/Needs/build", "Config/Needs/check", "Config/Needs/website"],
2026-07-03T19:07:03.4842304Z       "params": [],
2026-07-03T19:07:03.4842530Z       "install_args": "",
2026-07-03T19:07:03.4842786Z       "sysreqs": "pandoc (>= 2.10.1)",
2026-07-03T19:07:03.4843056Z       "sysreqs_packages": [
2026-07-03T19:07:03.4843270Z         {
2026-07-03T19:07:03.4843484Z           "sysreq": "pandoc",
2026-07-03T19:07:03.4843749Z           "packages": ["pandoc"],
2026-07-03T19:07:03.4844013Z           "pre_install": {},
2026-07-03T19:07:03.4844259Z           "post_install": {}
2026-07-03T19:07:03.4844620Z         }
2026-07-03T19:07:03.4844834Z       ]
2026-07-03T19:07:03.4845009Z     },
2026-07-03T19:07:03.4845183Z     {
2026-07-03T19:07:03.4845406Z       "ref": "r-lib/roxygen2",
2026-07-03T19:07:03.4845666Z       "package": "roxygen2",
2026-07-03T19:07:03.4845918Z       "version": "8.0.0.9000",
2026-07-03T19:07:03.4846167Z       "type": "github",
2026-07-03T19:07:03.4846402Z       "direct": true,
2026-07-03T19:07:03.4846635Z       "binary": false,
2026-07-03T19:07:03.4847191Z       "dependencies": ["brew", "cli", "commonmark", "desc", "knitr", "lifecycle", "pkgload", "R6", "rlang", "withr", "xml2", "cpp11"],
2026-07-03T19:07:03.4847737Z       "vignettes": false,
2026-07-03T19:07:03.4847994Z       "needscompilation": true,
2026-07-03T19:07:03.4848239Z       "metadata": {
2026-07-03T19:07:03.4848470Z         "RemoteType": "github",
2026-07-03T19:07:03.4848742Z         "RemoteHost": "api.github.com",
2026-07-03T19:07:03.4849025Z         "RemoteRepo": "roxygen2",
2026-07-03T19:07:03.4849416Z         "RemoteUsername": "r-lib",
2026-07-03T19:07:03.4849712Z         "RemotePkgRef": "r-lib/roxygen2",
2026-07-03T19:07:03.4849991Z         "RemoteRef": "HEAD",
2026-07-03T19:07:03.4850327Z         "RemoteSha": "e74d5565018369c123de5fd5eedaa42e11d9bb7a",
2026-07-03T19:07:03.4850665Z         "GithubRepo": "roxygen2",
2026-07-03T19:07:03.4851010Z         "GithubUsername": "r-lib",
2026-07-03T19:07:03.4851272Z         "GithubRef": "HEAD",
2026-07-03T19:07:03.4851596Z         "GithubSHA1": "e74d5565018369c123de5fd5eedaa42e11d9bb7a"
2026-07-03T19:07:03.4851889Z       },
2026-07-03T19:07:03.4852378Z       "sources": ["https://api.github.com/repos/r-lib/roxygen2/zipball/e74d5565018369c123de5fd5eedaa42e11d9bb7a"],
2026-07-03T19:07:03.4852958Z       "target": "src/contrib/roxygen2_8.0.0.9000_e74d556.tar.gz",
2026-07-03T19:07:03.4853285Z       "platform": "source",
2026-07-03T19:07:03.4853529Z       "rversion": "*",
2026-07-03T19:07:03.4853761Z       "directpkg": true,
2026-07-03T19:07:03.4854026Z       "license": "MIT + file LICENSE",
2026-07-03T19:07:03.4854835Z       "dep_types": ["Depends", "Imports", "LinkingTo", "Suggests", "Enhances", "Config/Needs/build", "Config/Needs/check", "Config/Needs/website"],
2026-07-03T19:07:03.4855391Z       "params": [],
2026-07-03T19:07:03.4855620Z       "install_args": "",
2026-07-03T19:07:03.4855849Z       "sysreqs": "",
2026-07-03T19:07:03.4856081Z       "sysreqs_packages": {}
2026-07-03T19:07:03.4856293Z     },
2026-07-03T19:07:03.4856469Z     {
2026-07-03T19:07:03.4856705Z       "ref": "tidyverse/tidytemplate",
2026-07-03T19:07:03.4857011Z       "package": "tidytemplate",
2026-07-03T19:07:03.4857258Z       "version": "1.0.0",
2026-07-03T19:07:03.4857483Z       "type": "github",
2026-07-03T19:07:03.4857707Z       "direct": false,
2026-07-03T19:07:03.4857923Z       "binary": false,
2026-07-03T19:07:03.4858146Z       "dependencies": [],
2026-07-03T19:07:03.4858375Z       "vignettes": false,
2026-07-03T19:07:03.4858612Z       "needscompilation": true,
2026-07-03T19:07:03.4858852Z       "metadata": {
2026-07-03T19:07:03.4859075Z         "RemoteType": "github",
2026-07-03T19:07:03.4859340Z         "RemoteHost": "api.github.com",
2026-07-03T19:07:03.4859624Z         "RemoteRepo": "tidytemplate",
2026-07-03T19:07:03.4859899Z         "RemoteUsername": "tidyverse",
2026-07-03T19:07:03.4860202Z         "RemotePkgRef": "tidyverse/tidytemplate",
2026-07-03T19:07:03.4860494Z         "RemoteRef": "HEAD",
2026-07-03T19:07:03.4860818Z         "RemoteSha": "f7bdedf79f3714e08acba747cccdf0e28ef80d18",
2026-07-03T19:07:03.4861149Z         "GithubRepo": "tidytemplate",
2026-07-03T19:07:03.4861424Z         "GithubUsername": "tidyverse",
2026-07-03T19:07:03.4861731Z         "GithubRef": "HEAD",
2026-07-03T19:07:03.4862057Z         "GithubSHA1": "f7bdedf79f3714e08acba747cccdf0e28ef80d18"
2026-07-03T19:07:03.4862342Z       },
2026-07-03T19:07:03.4862851Z       "sources": ["https://api.github.com/repos/tidyverse/tidytemplate/zipball/f7bdedf79f3714e08acba747cccdf0e28ef80d18"],
2026-07-03T19:07:03.4863438Z       "target": "src/contrib/tidytemplate_1.0.0_f7bdedf.tar.gz",
2026-07-03T19:07:03.4863756Z       "platform": "source",
2026-07-03T19:07:03.4863989Z       "rversion": "*",
2026-07-03T19:07:03.4864216Z       "directpkg": false,
2026-07-03T19:07:03.4864462Z       "license": "MIT + file LICENSE",
2026-07-03T19:07:03.4864870Z       "dep_types": ["Depends", "Imports", "LinkingTo"],
2026-07-03T19:07:03.4865165Z       "params": [],
2026-07-03T19:07:03.4865384Z       "install_args": "",
2026-07-03T19:07:03.4865606Z       "sysreqs": "",
2026-07-03T19:07:03.4865833Z       "sysreqs_packages": {}
2026-07-03T19:07:03.4866035Z     },
2026-07-03T19:07:03.4866201Z     {
2026-07-03T19:07:03.4866421Z       "ref": "adbcdrivermanager",
2026-07-03T19:07:03.4866694Z       "package": "adbcdrivermanager",
2026-07-03T19:07:03.4866953Z       "version": "0.23.0-2",
2026-07-03T19:07:03.4867192Z       "type": "standard",
2026-07-03T19:07:03.4867414Z       "direct": false,
2026-07-03T19:07:03.4867629Z       "binary": true,
2026-07-03T19:07:03.4867960Z       "dependencies": ["nanoarrow"],
2026-07-03T19:07:03.4868224Z       "vignettes": false,
2026-07-03T19:07:03.4868466Z       "needscompilation": false,
2026-07-03T19:07:03.4868703Z       "metadata": {
2026-07-03T19:07:03.4868933Z         "RemoteType": "standard",
2026-07-03T19:07:03.4869215Z         "RemotePkgRef": "adbcdrivermanager",
2026-07-03T19:07:03.4869586Z         "RemoteRef": "adbcdrivermanager",
2026-07-03T19:07:03.4870031Z         "RemoteRepos": "https://packagemanager.posit.co/cran/__linux__/noble/latest",
2026-07-03T19:07:03.4870512Z         "RemotePkgPlatform": "x86_64-pc-linux-gnu-ubuntu-24.04",
2026-07-03T19:07:03.4870845Z         "RemoteSha": "0.23.0-2"
2026-07-03T19:07:03.4871063Z       },
2026-07-03T19:07:03.4871585Z       "sources": ["https://packagemanager.posit.co/cran/__linux__/noble/latest/src/contrib/adbcdrivermanager_0.23.0-2.tar.gz"],
2026-07-03T19:07:03.4872307Z       "target": "src/contrib/x86_64-pc-linux-gnu-ubuntu-24.04/4.6/adbcdrivermanager_0.23.0-2.tar.gz",
2026-07-03T19:07:03.4872798Z       "platform": "x86_64-pc-linux-gnu-ubuntu-24.04",
2026-07-03T19:07:03.4873164Z       "rversion": "4.6",
2026-07-03T19:07:03.4873402Z       "directpkg": false,
2026-07-03T19:07:03.4873657Z       "license": "Apache License (>= 2)",
2026-07-03T19:07:03.4873979Z       "dep_types": ["Depends", "Imports", "LinkingTo"],
2026-07-03T19:07:03.4874270Z       "params": [],
2026-07-03T19:07:03.4874565Z       "install_args": "",
2026-07-03T19:07:03.4874818Z       "repotype": "cranlike",
2026-07-03T19:07:03.4875054Z       "sysreqs": "",
2026-07-03T19:07:03.4875279Z       "sysreqs_packages": {}
2026-07-03T19:07:03.4875485Z     },
2026-07-03T19:07:03.4875648Z     {
2026-07-03T19:07:03.4875841Z       "ref": "arrow",
2026-07-03T19:07:03.4876059Z       "package": "arrow",
2026-07-03T19:07:03.4876290Z       "version": "24.0.0",
2026-07-03T19:07:03.4876522Z       "type": "standard",
2026-07-03T19:07:03.4876745Z       "direct": false,
2026-07-03T19:07:03.4876959Z       "binary": true,
2026-07-03T19:07:03.4877383Z       "dependencies": ["assertthat", "bit64", "glue", "purrr", "R6", "rlang", "tidyselect", "vctrs"],
2026-07-03T19:07:03.4877784Z       "vignettes": false,
2026-07-03T19:07:03.4878026Z       "needscompilation": false,
2026-07-03T19:07:03.4878261Z       "metadata": {
2026-07-03T19:07:03.4878487Z         "RemoteType": "standard",
2026-07-03T19:07:03.4878746Z         "RemotePkgRef": "arrow",
2026-07-03T19:07:03.4878996Z         "RemoteRef": "arrow",
2026-07-03T19:07:03.4879399Z         "RemoteRepos": "https://packagemanager.posit.co/cran/__linux__/noble/latest",
2026-07-03T19:07:03.4879874Z         "RemotePkgPlatform": "x86_64-pc-linux-gnu-ubuntu-24.04",
2026-07-03T19:07:03.4880201Z         "RemoteSha": "24.0.0"
2026-07-03T19:07:03.4880411Z       },
2026-07-03T19:07:03.4880877Z       "sources": ["https://packagemanager.posit.co/cran/__linux__/noble/latest/src/contrib/arrow_24.0.0.tar.gz"],
2026-07-03T19:07:03.4881499Z       "target": "src/contrib/x86_64-pc-linux-gnu-ubuntu-24.04/4.6/arrow_24.0.0.tar.gz",
2026-07-03T19:07:03.4881945Z       "platform": "x86_64-pc-linux-gnu-ubuntu-24.04",
2026-07-03T19:07:03.4882242Z       "rversion": "4.6",
2026-07-03T19:07:03.4882477Z       "directpkg": false,
2026-07-03T19:07:03.4882751Z       "license": "Apache License (>= 2.0)",
2026-07-03T19:07:03.4883100Z       "dep_types": ["Depends", "Imports", "LinkingTo"],
2026-07-03T19:07:03.4883402Z       "params": {
2026-07-03T19:07:03.4883652Z         "ignore-before-r": "4.2.0"
2026-07-03T19:07:03.4883893Z       },
2026-07-03T19:07:03.4884157Z       "install_args": "",
2026-07-03T19:07:03.4884402Z       "repotype": "cranlike",
2026-07-03T19:07:03.4885169Z       "sysreqs": "C++20; for AWS S3 support on Linux, libcurl and\n        openssl (optional); cmake >= 3.26 (build-time only, and only\n        for full source build)",
2026-07-03T19:07:03.4885707Z       "sysreqs_packages": [
2026-07-03T19:07:03.4885912Z         {
2026-07-03T19:07:03.4886112Z           "sysreq": "cmake",
2026-07-03T19:07:03.4886350Z           "packages": ["cmake"],
2026-07-03T19:07:03.4886668Z           "pre_install": {},
2026-07-03T19:07:03.4886891Z           "post_install": {}
2026-07-03T19:07:03.4887090Z         },
2026-07-03T19:07:03.4887257Z         {
2026-07-03T19:07:03.4887452Z           "sysreq": "libcurl",
2026-07-03T19:07:03.4887716Z           "packages": ["libcurl4-openssl-dev"],
2026-07-03T19:07:03.4888046Z           "pre_install": {},
2026-07-03T19:07:03.4888260Z           "post_install": {}
2026-07-03T19:07:03.4888456Z         },
2026-07-03T19:07:03.4888617Z         {
2026-07-03T19:07:03.4888803Z           "sysreq": "openssl",
2026-07-03T19:07:03.4889039Z           "packages": ["libssl-dev"],
2026-07-03T19:07:03.4889279Z           "pre_install": {},
2026-07-03T19:07:03.4889494Z           "post_install": {}
2026-07-03T19:07:03.4889681Z         }
2026-07-03T19:07:03.4889839Z       ]
2026-07-03T19:07:03.4889992Z     },
2026-07-03T19:07:03.4890142Z     {
2026-07-03T19:07:03.4890327Z       "ref": "assertthat",
2026-07-03T19:07:03.4890547Z       "package": "assertthat",
2026-07-03T19:07:03.4890766Z       "version": "0.2.1",
2026-07-03T19:07:03.4890974Z       "type": "standard",
2026-07-03T19:07:03.4891179Z       "direct": false,
2026-07-03T19:07:03.4891379Z       "binary": true,
2026-07-03T19:07:03.4891585Z       "dependencies": [],
2026-07-03T19:07:03.4891796Z       "vignettes": false,
2026-07-03T19:07:03.4892018Z       "needscompilation": false,
2026-07-03T19:07:03.4892241Z       "metadata": {
2026-07-03T19:07:03.4892453Z         "RemoteType": "standard",
2026-07-03T19:07:03.4892700Z         "RemotePkgRef": "assertthat",
2026-07-03T19:07:03.4892952Z         "RemoteRef": "assertthat",
2026-07-03T19:07:03.4893335Z         "RemoteRepos": "https://packagemanager.posit.co/cran/__linux__/noble/latest",
2026-07-03T19:07:03.4893776Z         "RemotePkgPlatform": "x86_64-pc-linux-gnu-ubuntu-24.04",
2026-07-03T19:07:03.4894078Z         "RemoteSha": "0.2.1"
2026-07-03T19:07:03.4894322Z       },
2026-07-03T19:07:03.4894854Z       "sources": ["https://packagemanager.posit.co/cran/__linux__/noble/latest/src/contrib/assertthat_0.2.1.tar.gz"],
2026-07-03T19:07:03.4895451Z       "target": "src/contrib/x86_64-pc-linux-gnu-ubuntu-24.04/4.6/assertthat_0.2.1.tar.gz",
2026-07-03T19:07:03.4895867Z       "platform": "x86_64-pc-linux-gnu-ubuntu-24.04",
2026-07-03T19:07:03.4896135Z       "rversion": "4.6",
2026-07-03T19:07:03.4896350Z       "directpkg": false,
2026-07-03T19:07:03.4896564Z       "license": "GPL-3",
2026-07-03T19:07:03.4896829Z       "dep_types": ["Depends", "Imports", "LinkingTo"],
2026-07-03T19:07:03.4897085Z       "params": [],
2026-07-03T19:07:03.4897283Z       "install_args": "",
2026-07-03T19:07:03.4897498Z       "repotype": "cranlike",
2026-07-03T19:07:03.4897714Z       "sysreqs": "",
2026-07-03T19:07:03.4897920Z       "sysreqs_packages": {}
2026-07-03T19:07:03.4898105Z     },
2026-07-03T19:07:03.4898258Z     {
2026-07-03T19:07:03.4898431Z       "ref": "bit",
2026-07-03T19:07:03.4898630Z       "package": "bit",
2026-07-03T19:07:03.4898838Z       "version": "4.6.0",
2026-07-03T19:07:03.4899045Z       "type": "standard",
2026-07-03T19:07:03.4899249Z       "direct": false,
2026-07-03T19:07:03.4899454Z       "binary": true,
2026-07-03T19:07:03.4899655Z       "dependencies": [],
2026-07-03T19:07:03.4899863Z       "vignettes": false,
2026-07-03T19:07:03.4900083Z       "needscompilation": false,
2026-07-03T19:07:03.4900303Z       "metadata": {
2026-07-03T19:07:03.4900513Z         "RemoteType": "standard",
2026-07-03T19:07:03.4900747Z         "RemotePkgRef": "bit",
2026-07-03T19:07:03.4900970Z         "RemoteRef": "bit",
2026-07-03T19:07:03.4901328Z         "RemoteRepos": "https://packagemanager.posit.co/cran/__linux__/noble/latest",
2026-07-03T19:07:03.4901763Z         "RemotePkgPlatform": "x86_64-pc-linux-gnu-ubuntu-24.04",
2026-07-03T19:07:03.4902062Z         "RemoteSha": "4.6.0"
2026-07-03T19:07:03.4902255Z       },
2026-07-03T19:07:03.4902663Z       "sources": ["https://packagemanager.posit.co/cran/__linux__/noble/latest/src/contrib/bit_4.6.0.tar.gz"],
2026-07-03T19:07:03.4903333Z       "target": "src/contrib/x86_64-pc-linux-gnu-ubuntu-24.04/4.6/bit_4.6.0.tar.gz",
2026-07-03T19:07:03.4903762Z       "platform": "x86_64-pc-linux-gnu-ubuntu-24.04",
2026-07-03T19:07:03.4904052Z       "rversion": "4.6",
2026-07-03T19:07:03.4904268Z       "directpkg": false,
2026-07-03T19:07:03.4904568Z       "license": "GPL-2 | GPL-3",
2026-07-03T19:07:03.4904959Z       "dep_types": ["Depends", "Imports", "LinkingTo"],
2026-07-03T19:07:03.4905217Z       "params": [],
2026-07-03T19:07:03.4905420Z       "install_args": "",
2026-07-03T19:07:03.4905639Z       "repotype": "cranlike",
2026-07-03T19:07:03.4905852Z       "sysreqs": "",
2026-07-03T19:07:03.4906064Z       "sysreqs_packages": {}
2026-07-03T19:07:03.4906254Z     },
2026-07-03T19:07:03.4906411Z     {
2026-07-03T19:07:03.4906584Z       "ref": "bit64",
2026-07-03T19:07:03.4906784Z       "package": "bit64",
2026-07-03T19:07:03.4906989Z       "version": "4.8.2",
2026-07-03T19:07:03.4907198Z       "type": "standard",
2026-07-03T19:07:03.4907410Z       "direct": false,
2026-07-03T19:07:03.4907624Z       "binary": true,
2026-07-03T19:07:03.4907849Z       "dependencies": ["bit"],
2026-07-03T19:07:03.4908087Z       "vignettes": false,
2026-07-03T19:07:03.4908329Z       "needscompilation": false,
2026-07-03T19:07:03.4908565Z       "metadata": {
2026-07-03T19:07:03.4908792Z         "RemoteType": "standard",
2026-07-03T19:07:03.4909051Z         "RemotePkgRef": "bit64",
2026-07-03T19:07:03.4909302Z         "RemoteRef": "bit64",
2026-07-03T19:07:03.4909701Z         "RemoteRepos": "https://packagemanager.posit.co/cran/__linux__/noble/latest",
2026-07-03T19:07:03.4910163Z         "RemotePkgPlatform": "x86_64-pc-linux-gnu-ubuntu-24.04",
2026-07-03T19:07:03.4910481Z         "RemoteSha": "4.8.2"
2026-07-03T19:07:03.4910689Z       },
2026-07-03T19:07:03.4911141Z       "sources": ["https://packagemanager.posit.co/cran/__linux__/noble/latest/src/contrib/bit64_4.8.2.tar.gz"],
2026-07-03T19:07:03.4911734Z       "target": "src/contrib/x86_64-pc-linux-gnu-ubuntu-24.04/4.6/bit64_4.8.2.tar.gz",
2026-07-03T19:07:03.4912159Z       "platform": "x86_64-pc-linux-gnu-ubuntu-24.04",
2026-07-03T19:07:03.4912447Z       "rversion": "4.6",
2026-07-03T19:07:03.4912676Z       "directpkg": false,
2026-07-03T19:07:03.4912919Z       "license": "GPL-2 | GPL-3",
2026-07-03T19:07:03.4913224Z       "dep_types": ["Depends", "Imports", "LinkingTo"],
2026-07-03T19:07:03.4913502Z       "params": [],
2026-07-03T19:07:03.4913718Z       "install_args": "",
2026-07-03T19:07:03.4913949Z       "repotype": "cranlike",
2026-07-03T19:07:03.4914216Z       "sysreqs": "",
2026-07-03T19:07:03.4914459Z       "sysreqs_packages": {}
2026-07-03T19:07:03.4914832Z     },
2026-07-03T19:07:03.4915005Z     {
2026-07-03T19:07:03.4915198Z       "ref": "blob",
2026-07-03T19:07:03.4915419Z       "package": "blob",
2026-07-03T19:07:03.4915652Z       "version": "1.3.0",
2026-07-03T19:07:03.4915883Z       "type": "standard",
2026-07-03T19:07:03.4916107Z       "direct": false,
2026-07-03T19:07:03.4916327Z       "binary": true,
2026-07-03T19:07:03.4916579Z       "dependencies": ["rlang", "vctrs"],
2026-07-03T19:07:03.4916842Z       "vignettes": false,
2026-07-03T19:07:03.4917081Z       "needscompilation": false,
2026-07-03T19:07:03.4917318Z       "metadata": {
2026-07-03T19:07:03.4917542Z         "RemoteType": "standard",
2026-07-03T19:07:03.4917803Z         "RemotePkgRef": "blob",
2026-07-03T19:07:03.4918050Z         "RemoteRef": "blob",
2026-07-03T19:07:03.4918443Z         "RemoteRepos": "https://packagemanager.posit.co/cran/__linux__/noble/latest",
2026-07-03T19:07:03.4918925Z         "RemotePkgPlatform": "x86_64-pc-linux-gnu-ubuntu-24.04",
2026-07-03T19:07:03.4919250Z         "RemoteSha": "1.3.0"
2026-07-03T19:07:03.4919458Z       },
2026-07-03T19:07:03.4919907Z       "sources": ["https://packagemanager.posit.co/cran/__linux__/noble/latest/src/contrib/blob_1.3.0.tar.gz"],
2026-07-03T19:07:03.4920501Z       "target": "src/contrib/x86_64-pc-linux-gnu-ubuntu-24.04/4.6/blob_1.3.0.tar.gz",
2026-07-03T19:07:03.4921002Z       "platform": "x86_64-pc-linux-gnu-ubuntu-24.04",
2026-07-03T19:07:03.4921296Z       "rversion": "4.6",
2026-07-03T19:07:03.4921527Z       "directpkg": false,
2026-07-03T19:07:03.4921774Z       "license": "MIT + file LICENSE",
2026-07-03T19:07:03.4922092Z       "dep_types": ["Depends", "Imports", "LinkingTo"],
2026-07-03T19:07:03.4922437Z       "params": [],
2026-07-03T19:07:03.4922662Z       "install_args": "",
2026-07-03T19:07:03.4922900Z       "repotype": "cranlike",
2026-07-03T19:07:03.4923136Z       "sysreqs": "",
2026-07-03T19:07:03.4923364Z       "sysreqs_packages": {}
2026-07-03T19:07:03.4923572Z     },
2026-07-03T19:07:03.4923738Z     {
2026-07-03T19:07:03.4923930Z       "ref": "brio",
2026-07-03T19:07:03.4924152Z       "package": "brio",
2026-07-03T19:07:03.4924386Z       "version": "1.1.5",
2026-07-03T19:07:03.4924765Z       "type": "standard",
2026-07-03T19:07:03.4925025Z       "direct": false,
2026-07-03T19:07:03.4925264Z       "binary": true,
2026-07-03T19:07:03.4925483Z       "dependencies": [],
2026-07-03T19:07:03.4925724Z       "vignettes": false,
2026-07-03T19:07:03.4925967Z       "needscompilation": false,
2026-07-03T19:07:03.4926206Z       "metadata": {
2026-07-03T19:07:03.4926438Z         "RemoteType": "standard",
2026-07-03T19:07:03.4926697Z         "RemotePkgRef": "brio",
2026-07-03T19:07:03.4926947Z         "RemoteRef": "brio",
2026-07-03T19:07:03.4927350Z         "RemoteRepos": "https://packagemanager.posit.co/cran/__linux__/noble/latest",
2026-07-03T19:07:03.4927824Z         "RemotePkgPlatform": "x86_64-pc-linux-gnu-ubuntu-24.04",
2026-07-03T19:07:03.4928149Z         "RemoteSha": "1.1.5"
2026-07-03T19:07:03.4928362Z       },
2026-07-03T19:07:03.4928806Z       "sources": ["https://packagemanager.posit.co/cran/__linux__/noble/latest/src/contrib/brio_1.1.5.tar.gz"],
2026-07-03T19:07:03.4929409Z       "target": "src/contrib/x86_64-pc-linux-gnu-ubuntu-24.04/4.6/brio_1.1.5.tar.gz",
2026-07-03T19:07:03.4929836Z       "platform": "x86_64-pc-linux-gnu-ubuntu-24.04",
2026-07-03T19:07:03.4930121Z       "rversion": "4.6",
2026-07-03T19:07:03.4930353Z       "directpkg": false,
2026-07-03T19:07:03.4930605Z       "license": "MIT + file LICENSE",
2026-07-03T19:07:03.4930928Z       "dep_types": ["Depends", "Imports", "LinkingTo"],
2026-07-03T19:07:03.4931208Z       "params": [],
2026-07-03T19:07:03.4931425Z       "install_args": "",
2026-07-03T19:07:03.4931666Z       "repotype": "cranlike",
2026-07-03T19:07:03.4931899Z       "sysreqs": "",
2026-07-03T19:07:03.4932116Z       "sysreqs_packages": {}
2026-07-03T19:07:03.4932321Z     },
2026-07-03T19:07:03.4932486Z     {
2026-07-03T19:07:03.4932677Z       "ref": "callr",
2026-07-03T19:07:03.4932899Z       "package": "callr",
2026-07-03T19:07:03.4933128Z       "version": "3.8.0",
2026-07-03T19:07:03.4933350Z       "type": "standard",
2026-07-03T19:07:03.4933573Z       "direct": false,
2026-07-03T19:07:03.4933792Z       "binary": true,
2026-07-03T19:07:03.4934058Z       "dependencies": ["otel", "processx", "R6"],
2026-07-03T19:07:03.4934343Z       "vignettes": false,
2026-07-03T19:07:03.4934670Z       "needscompilation": false,
2026-07-03T19:07:03.4934915Z       "metadata": {
2026-07-03T19:07:03.4935142Z         "RemoteType": "standard",
2026-07-03T19:07:03.4935398Z         "RemotePkgRef": "callr",
2026-07-03T19:07:03.4935646Z         "RemoteRef": "callr",
2026-07-03T19:07:03.4936096Z         "RemoteRepos": "https://packagemanager.posit.co/cran/__linux__/noble/latest",
2026-07-03T19:07:03.4936569Z         "RemotePkgPlatform": "x86_64-pc-linux-gnu-ubuntu-24.04",
2026-07-03T19:07:03.4936931Z         "RemoteSha": "3.8.0"
2026-07-03T19:07:03.4937155Z       },
2026-07-03T19:07:03.4937626Z       "sources": ["https://packagemanager.posit.co/cran/__linux__/noble/latest/src/contrib/callr_3.8.0.tar.gz"],
2026-07-03T19:07:03.4938242Z       "target": "src/contrib/x86_64-pc-linux-gnu-ubuntu-24.04/4.6/callr_3.8.0.tar.gz",
2026-07-03T19:07:03.4938682Z       "platform": "x86_64-pc-linux-gnu-ubuntu-24.04",
2026-07-03T19:07:03.4938976Z       "rversion": "4.6",
2026-07-03T19:07:03.4939303Z       "directpkg": false,
2026-07-03T19:07:03.4939578Z       "license": "MIT + file LICENSE",
2026-07-03T19:07:03.4939918Z       "dep_types": ["Depends", "Imports", "LinkingTo"],
2026-07-03T19:07:03.4940217Z       "params": [],
2026-07-03T19:07:03.4940452Z       "install_args": "",
2026-07-03T19:07:03.4940705Z       "repotype": "cranlike",
2026-07-03T19:07:03.4941029Z       "sysreqs": "",
2026-07-03T19:07:03.4941260Z       "sysreqs_packages": {}
2026-07-03T19:07:03.4941469Z     },
2026-07-03T19:07:03.4941644Z     {
2026-07-03T19:07:03.4941854Z       "ref": "classInt",
2026-07-03T19:07:03.4942101Z       "package": "classInt",
2026-07-03T19:07:03.4942357Z       "version": "0.4-11",
2026-07-03T19:07:03.4942602Z       "type": "standard",
2026-07-03T19:07:03.4942838Z       "direct": false,
2026-07-03T19:07:03.4943076Z       "binary": true,
2026-07-03T19:07:03.4943372Z       "dependencies": ["class", "e1071", "KernSmooth"],
2026-07-03T19:07:03.4943685Z       "vignettes": false,
2026-07-03T19:07:03.4943944Z       "needscompilation": false,
2026-07-03T19:07:03.4944196Z       "metadata": {
2026-07-03T19:07:03.4944437Z         "RemoteType": "standard",
2026-07-03T19:07:03.4944807Z         "RemotePkgRef": "classInt",
2026-07-03T19:07:03.4945090Z         "RemoteRef": "classInt",
2026-07-03T19:07:03.4945520Z         "RemoteRepos": "https://packagemanager.posit.co/cran/__linux__/noble/latest",
2026-07-03T19:07:03.4946023Z         "RemotePkgPlatform": "x86_64-pc-linux-gnu-ubuntu-24.04",
2026-07-03T19:07:03.4946375Z         "RemoteSha": "0.4-11"
2026-07-03T19:07:03.4946603Z       },
2026-07-03T19:07:03.4947102Z       "sources": ["https://packagemanager.posit.co/cran/__linux__/noble/latest/src/contrib/classInt_0.4-11.tar.gz"],
2026-07-03T19:07:03.4947775Z       "target": "src/contrib/x86_64-pc-linux-gnu-ubuntu-24.04/4.6/classInt_0.4-11.tar.gz",
2026-07-03T19:07:03.4948246Z       "platform": "x86_64-pc-linux-gnu-ubuntu-24.04",
2026-07-03T19:07:03.4948555Z       "rversion": "4.6",
2026-07-03T19:07:03.4948799Z       "directpkg": false,
2026-07-03T19:07:03.4949054Z       "license": "GPL (>= 2)",
2026-07-03T19:07:03.4949369Z       "dep_types": ["Depends", "Imports", "LinkingTo"],
2026-07-03T19:07:03.4949721Z       "params": [],
2026-07-03T19:07:03.4949957Z       "install_args": "",
2026-07-03T19:07:03.4950207Z       "repotype": "cranlike",
2026-07-03T19:07:03.4950460Z       "sysreqs": "",
2026-07-03T19:07:03.4950696Z       "sysreqs_packages": {}
2026-07-03T19:07:03.4950911Z     },
2026-07-03T19:07:03.4951084Z     {
2026-07-03T19:07:03.4951284Z       "ref": "cli",
2026-07-03T19:07:03.4951509Z       "package": "cli",
2026-07-03T19:07:03.4951745Z       "version": "3.6.6",
2026-07-03T19:07:03.4951985Z       "type": "standard",
2026-07-03T19:07:03.4952223Z       "direct": false,
2026-07-03T19:07:03.4952453Z       "binary": true,
2026-07-03T19:07:03.4952686Z       "dependencies": [],
2026-07-03T19:07:03.4952926Z       "vignettes": false,
2026-07-03T19:07:03.4953178Z       "needscompilation": false,
2026-07-03T19:07:03.4953431Z       "metadata": {
2026-07-03T19:07:03.4953671Z         "RemoteType": "standard",
2026-07-03T19:07:03.4953941Z         "RemotePkgRef": "cli",
2026-07-03T19:07:03.4954201Z         "RemoteRef": "cli",
2026-07-03T19:07:03.4954693Z         "RemoteRepos": "https://packagemanager.posit.co/cran/__linux__/noble/latest",
2026-07-03T19:07:03.4956251Z         "RemotePkgPlatform": "x86_64-pc-linux-gnu-ubuntu-24.04",
2026-07-03T19:07:03.4956606Z         "RemoteSha": "3.6.6"
2026-07-03T19:07:03.4956838Z       },
2026-07-03T19:07:03.4957315Z       "sources": ["https://packagemanager.posit.co/cran/__linux__/noble/latest/src/contrib/cli_3.6.6.tar.gz"],
2026-07-03T19:07:03.4958161Z       "target": "src/contrib/x86_64-pc-linux-gnu-ubuntu-24.04/4.6/cli_3.6.6.tar.gz",
2026-07-03T19:07:03.4958686Z       "platform": "x86_64-pc-linux-gnu-ubuntu-24.04",
2026-07-03T19:07:03.4958998Z       "rversion": "4.6",
2026-07-03T19:07:03.4959243Z       "directpkg": false,
2026-07-03T19:07:03.4959609Z       "license": "MIT + file LICENSE",
2026-07-03T19:07:03.4960176Z       "dep_types": ["Depends", "Imports", "LinkingTo"],
2026-07-03T19:07:03.4960611Z       "params": [],
2026-07-03T19:07:03.4960930Z       "install_args": "",
2026-07-03T19:07:03.4961285Z       "repotype": "cranlike",
2026-07-03T19:07:03.4961622Z       "sysreqs": "",
2026-07-03T19:07:03.4961975Z       "sysreqs_packages": {}
2026-07-03T19:07:03.4962425Z     },
2026-07-03T19:07:03.4962665Z     {
2026-07-03T19:07:03.4962951Z       "ref": "clock",
2026-07-03T19:07:03.4963283Z       "package": "clock",
2026-07-03T19:07:03.4963630Z       "version": "0.7.4",
2026-07-03T19:07:03.4963960Z       "type": "standard",
2026-07-03T19:07:03.4964314Z       "direct": false,
2026-07-03T19:07:03.4964783Z       "binary": true,
2026-07-03T19:07:03.4965314Z       "dependencies": ["cli", "lifecycle", "rlang", "tzdb", "vctrs"],
2026-07-03T19:07:03.4965823Z       "vignettes": false,
2026-07-03T19:07:03.4966216Z       "needscompilation": false,
2026-07-03T19:07:03.4966596Z       "metadata": {
2026-07-03T19:07:03.4966970Z         "RemoteType": "standard",
2026-07-03T19:07:03.4967397Z         "RemotePkgRef": "clock",
2026-07-03T19:07:03.4967803Z         "RemoteRef": "clock",
2026-07-03T19:07:03.4968470Z         "RemoteRepos": "https://packagemanager.posit.co/cran/__linux__/noble/latest",
2026-07-03T19:07:03.4969271Z         "RemotePkgPlatform": "x86_64-pc-linux-gnu-ubuntu-24.04",
2026-07-03T19:07:03.4969817Z         "RemoteSha": "0.7.4"
2026-07-03T19:07:03.4970152Z       },
2026-07-03T19:07:03.4970891Z       "sources": ["https://packagemanager.posit.co/cran/__linux__/noble/latest/src/contrib/clock_0.7.4.tar.gz"],
2026-07-03T19:07:03.4971939Z       "target": "src/contrib/x86_64-pc-linux-gnu-ubuntu-24.04/4.6/clock_0.7.4.tar.gz",
2026-07-03T19:07:03.4972660Z       "platform": "x86_64-pc-linux-gnu-ubuntu-24.04",
2026-07-03T19:07:03.4973148Z       "rversion": "4.6",
2026-07-03T19:07:03.4973505Z       "directpkg": false,
2026-07-03T19:07:03.4973917Z       "license": "MIT + file LICENSE",
2026-07-03T19:07:03.4974451Z       "dep_types": ["Depends", "Imports", "LinkingTo"],
2026-07-03T19:07:03.4975116Z       "params": [],
2026-07-03T19:07:03.4975476Z       "install_args": "",
2026-07-03T19:07:03.4975874Z       "repotype": "cranlike",
2026-07-03T19:07:03.4976569Z       "sysreqs": "",
2026-07-03T19:07:03.4976949Z       "sysreqs_packages": {}
2026-07-03T19:07:03.4977279Z     },
2026-07-03T19:07:03.4977546Z     {
2026-07-03T19:07:03.4977841Z       "ref": "cpp11",
2026-07-03T19:07:03.4978200Z       "package": "cpp11",
2026-07-03T19:07:03.4978558Z       "version": "0.5.5",
2026-07-03T19:07:03.4978918Z       "type": "standard",
2026-07-03T19:07:03.4979271Z       "direct": false,
2026-07-03T19:07:03.4979609Z       "binary": true,
2026-07-03T19:07:03.4979959Z       "dependencies": [],
2026-07-03T19:07:03.4980309Z       "vignettes": false,
2026-07-03T19:07:03.4980725Z       "needscompilation": false,
2026-07-03T19:07:03.4981126Z       "metadata": {
2026-07-03T19:07:03.4981473Z         "RemoteType": "standard",
2026-07-03T19:07:03.4981895Z         "RemotePkgRef": "cpp11",
2026-07-03T19:07:03.4982300Z         "RemoteRef": "cpp11",
2026-07-03T19:07:03.4982983Z         "RemoteRepos": "https://packagemanager.posit.co/cran/__linux__/noble/latest",
2026-07-03T19:07:03.4983791Z         "RemotePkgPlatform": "x86_64-pc-linux-gnu-ubuntu-24.04",
2026-07-03T19:07:03.4984318Z         "RemoteSha": "0.5.5"
2026-07-03T19:07:03.4984840Z       },
2026-07-03T19:07:03.4985628Z       "sources": ["https://packagemanager.posit.co/cran/__linux__/noble/latest/src/contrib/cpp11_0.5.5.tar.gz"],
2026-07-03T19:07:03.4986682Z       "target": "src/contrib/x86_64-pc-linux-gnu-ubuntu-24.04/4.6/cpp11_0.5.5.tar.gz",
2026-07-03T19:07:03.4987383Z       "platform": "x86_64-pc-linux-gnu-ubuntu-24.04",
2026-07-03T19:07:03.4987860Z       "rversion": "4.6",
2026-07-03T19:07:03.4988225Z       "directpkg": false,
2026-07-03T19:07:03.4988618Z       "license": "MIT + file LICENSE",
2026-07-03T19:07:03.4989143Z       "dep_types": ["Depends", "Imports", "LinkingTo"],
2026-07-03T19:07:03.4989636Z       "params": [],
2026-07-03T19:07:03.4990219Z       "install_args": "",
2026-07-03T19:07:03.4990612Z       "repotype": "cranlike",
2026-07-03T19:07:03.4991008Z       "sysreqs": "",
2026-07-03T19:07:03.4991354Z       "sysreqs_packages": {}
2026-07-03T19:07:03.4991747Z     },
2026-07-03T19:07:03.4992021Z     {
2026-07-03T19:07:03.4992317Z       "ref": "crayon",
2026-07-03T19:07:03.4992802Z       "package": "crayon",
2026-07-03T19:07:03.4993169Z       "version": "1.5.3",
2026-07-03T19:07:03.4993515Z       "type": "standard",
2026-07-03T19:07:03.4993869Z       "direct": false,
2026-07-03T19:07:03.4994209Z       "binary": true,
2026-07-03T19:07:03.4994728Z       "dependencies": [],
2026-07-03T19:07:03.4995072Z       "vignettes": false,
2026-07-03T19:07:03.4995466Z       "needscompilation": false,
2026-07-03T19:07:03.4995858Z       "metadata": {
2026-07-03T19:07:03.4996238Z         "RemoteType": "standard",
2026-07-03T19:07:03.4996679Z         "RemotePkgRef": "crayon",
2026-07-03T19:07:03.4997109Z         "RemoteRef": "crayon",
2026-07-03T19:07:03.4997836Z         "RemoteRepos": "https://packagemanager.posit.co/cran/__linux__/noble/latest",
2026-07-03T19:07:03.4998668Z         "RemotePkgPlatform": "x86_64-pc-linux-gnu-ubuntu-24.04",
2026-07-03T19:07:03.4999219Z         "RemoteSha": "1.5.3"
2026-07-03T19:07:03.4999566Z       },
2026-07-03T19:07:03.5000372Z       "sources": ["https://packagemanager.posit.co/cran/__linux__/noble/latest/src/contrib/crayon_1.5.3.tar.gz"],
2026-07-03T19:07:03.5001441Z       "target": "src/contrib/x86_64-pc-linux-gnu-ubuntu-24.04/4.6/crayon_1.5.3.tar.gz",
2026-07-03T19:07:03.5002143Z       "platform": "x86_64-pc-linux-gnu-ubuntu-24.04",
2026-07-03T19:07:03.5002567Z       "rversion": "4.6",
2026-07-03T19:07:03.5002884Z       "directpkg": false,
2026-07-03T19:07:03.5003193Z       "license": "MIT + file LICENSE",
2026-07-03T19:07:03.5003590Z       "dep_types": ["Depends", "Imports", "LinkingTo"],
2026-07-03T19:07:03.5003888Z       "params": [],
2026-07-03T19:07:03.5004115Z       "install_args": "",
2026-07-03T19:07:03.5004367Z       "repotype": "cranlike",
2026-07-03T19:07:03.5004818Z       "sysreqs": "",
2026-07-03T19:07:03.5005224Z       "sysreqs_packages": {}
2026-07-03T19:07:03.5005453Z     },
2026-07-03T19:07:03.5005630Z     {
2026-07-03T19:07:03.5005832Z       "ref": "DBI",
2026-07-03T19:07:03.5006054Z       "package": "DBI",
2026-07-03T19:07:03.5006301Z       "version": "1.3.0",
2026-07-03T19:07:03.5006534Z       "type": "standard",
2026-07-03T19:07:03.5006764Z       "direct": false,
2026-07-03T19:07:03.5006989Z       "binary": true,
2026-07-03T19:07:03.5007218Z       "dependencies": [],
2026-07-03T19:07:03.5007455Z       "vignettes": false,
2026-07-03T19:07:03.5007700Z       "needscompilation": false,
2026-07-03T19:07:03.5007948Z       "metadata": {
2026-07-03T19:07:03.5008185Z         "RemoteType": "standard",
2026-07-03T19:07:03.5008451Z         "RemotePkgRef": "DBI",
2026-07-03T19:07:03.5008704Z         "RemoteRef": "DBI",
2026-07-03T19:07:03.5009121Z         "RemoteRepos": "https://packagemanager.posit.co/cran/__linux__/noble/latest",
2026-07-03T19:07:03.5009621Z         "RemotePkgPlatform": "x86_64-pc-linux-gnu-ubuntu-24.04",
2026-07-03T19:07:03.5009964Z         "RemoteSha": "1.3.0"
2026-07-03T19:07:03.5010184Z       },
2026-07-03T19:07:03.5010649Z       "sources": ["https://packagemanager.posit.co/cran/__linux__/noble/latest/src/contrib/DBI_1.3.0.tar.gz"],
2026-07-03T19:07:03.5011269Z       "target": "src/contrib/x86_64-pc-linux-gnu-ubuntu-24.04/4.6/DBI_1.3.0.tar.gz",
2026-07-03T19:07:03.5011709Z       "platform": "x86_64-pc-linux-gnu-ubuntu-24.04",
2026-07-03T19:07:03.5012013Z       "rversion": "4.6",
2026-07-03T19:07:03.5012254Z       "directpkg": false,
2026-07-03T19:07:03.5012503Z       "license": "LGPL (>= 2.1)",
2026-07-03T19:07:03.5012822Z       "dep_types": ["Depends", "Imports", "LinkingTo"],
2026-07-03T19:07:03.5013115Z       "params": [],
2026-07-03T19:07:03.5013343Z       "install_args": "",
2026-07-03T19:07:03.5013587Z       "repotype": "cranlike",
2026-07-03T19:07:03.5013830Z       "sysreqs": "",
2026-07-03T19:07:03.5014217Z       "sysreqs_packages": {}
2026-07-03T19:07:03.5014436Z     },
2026-07-03T19:07:03.5014778Z     {
2026-07-03T19:07:03.5014987Z       "ref": "DBItest",
2026-07-03T19:07:03.5015225Z       "package": "DBItest",
2026-07-03T19:07:03.5015471Z       "version": "1.8.2",
2026-07-03T19:07:03.5015784Z       "type": "standard",
2026-07-03T19:07:03.5016016Z       "direct": false,
2026-07-03T19:07:03.5016240Z       "binary": true,
2026-07-03T19:07:03.5016842Z       "dependencies": ["blob", "callr", "DBI", "desc", "hms", "lubridate", "magrittr", "nanoarrow", "palmerpenguins", "rlang", "testthat", "withr"],
2026-07-03T19:07:03.5017366Z       "vignettes": false,
2026-07-03T19:07:03.5017619Z       "needscompilation": false,
2026-07-03T19:07:03.5017868Z       "metadata": {
2026-07-03T19:07:03.5018102Z         "RemoteType": "standard",
2026-07-03T19:07:03.5018379Z         "RemotePkgRef": "DBItest",
2026-07-03T19:07:03.5018654Z         "RemoteRef": "DBItest",
2026-07-03T19:07:03.5019250Z         "RemoteRepos": "https://packagemanager.posit.co/cran/__linux__/noble/latest",
2026-07-03T19:07:03.5019945Z         "RemotePkgPlatform": "x86_64-pc-linux-gnu-ubuntu-24.04",
2026-07-03T19:07:03.5020395Z         "RemoteSha": "1.8.2"
2026-07-03T19:07:03.5020675Z       },
2026-07-03T19:07:03.5021338Z       "sources": ["https://packagemanager.posit.co/cran/__linux__/noble/latest/src/contrib/DBItest_1.8.2.tar.gz"],
2026-07-03T19:07:03.5022307Z       "target": "src/contrib/x86_64-pc-linux-gnu-ubuntu-24.04/4.6/DBItest_1.8.2.tar.gz",
2026-07-03T19:07:03.5022968Z       "platform": "x86_64-pc-linux-gnu-ubuntu-24.04",
2026-07-03T19:07:03.5023377Z       "rversion": "4.6",
2026-07-03T19:07:03.5023695Z       "directpkg": false,
2026-07-03T19:07:03.5024029Z       "license": "LGPL (>= 2.1)",
2026-07-03T19:07:03.5024461Z       "dep_types": ["Depends", "Imports", "LinkingTo"],
2026-07-03T19:07:03.5024963Z       "params": [],
2026-07-03T19:07:03.5025244Z       "install_args": "",
2026-07-03T19:07:03.5025563Z       "repotype": "cranlike",
2026-07-03T19:07:03.5025875Z       "sysreqs": "",
2026-07-03T19:07:03.5026164Z       "sysreqs_packages": {}
2026-07-03T19:07:03.5026428Z     },
2026-07-03T19:07:03.5026637Z     {
2026-07-03T19:07:03.5026886Z       "ref": "dbplyr",
2026-07-03T19:07:03.5027184Z       "package": "dbplyr",
2026-07-03T19:07:03.5027483Z       "version": "2.6.0",
2026-07-03T19:07:03.5027774Z       "type": "standard",
2026-07-03T19:07:03.5028056Z       "direct": false,
2026-07-03T19:07:03.5028334Z       "binary": true,
2026-07-03T19:07:03.5029214Z       "dependencies": ["blob", "cli", "DBI", "dplyr", "glue", "lifecycle", "magrittr", "pillar", "purrr", "R6", "rlang", "tibble", "tidyr", "tidyselect", "vctrs", "withr"],
2026-07-03T19:07:03.5029977Z       "vignettes": false,
2026-07-03T19:07:03.5030290Z       "needscompilation": false,
2026-07-03T19:07:03.5030603Z       "metadata": {
2026-07-03T19:07:03.5030899Z         "RemoteType": "standard",
2026-07-03T19:07:03.5031243Z         "RemotePkgRef": "dbplyr",
2026-07-03T19:07:03.5031582Z         "RemoteRef": "dbplyr",
2026-07-03T19:07:03.5032138Z         "RemoteRepos": "https://packagemanager.posit.co/cran/__linux__/noble/latest",
2026-07-03T19:07:03.5032785Z         "RemotePkgPlatform": "x86_64-pc-linux-gnu-ubuntu-24.04",
2026-07-03T19:07:03.5033231Z         "RemoteSha": "2.6.0"
2026-07-03T19:07:03.5033513Z       },
2026-07-03T19:07:03.5034271Z       "sources": ["https://packagemanager.posit.co/cran/__linux__/noble/latest/src/contrib/dbplyr_2.6.0.tar.gz"],
2026-07-03T19:07:03.5035315Z       "target": "src/contrib/x86_64-pc-linux-gnu-ubuntu-24.04/4.6/dbplyr_2.6.0.tar.gz",
2026-07-03T19:07:03.5035972Z       "platform": "x86_64-pc-linux-gnu-ubuntu-24.04",
2026-07-03T19:07:03.5036398Z       "rversion": "4.6",
2026-07-03T19:07:03.5036726Z       "directpkg": false,
2026-07-03T19:07:03.5037083Z       "license": "MIT + file LICENSE",
2026-07-03T19:07:03.5037553Z       "dep_types": ["Depends", "Imports", "LinkingTo"],
2026-07-03T19:07:03.5037967Z       "params": [],
2026-07-03T19:07:03.5038417Z       "install_args": "",
2026-07-03T19:07:03.5038763Z       "repotype": "cranlike",
2026-07-03T19:07:03.5039098Z       "sysreqs": "",
2026-07-03T19:07:03.5039420Z       "sysreqs_packages": {}
2026-07-03T19:07:03.5039712Z     },
2026-07-03T19:07:03.5039941Z     {
2026-07-03T19:07:03.5040206Z       "ref": "desc",
2026-07-03T19:07:03.5040609Z       "package": "desc",
2026-07-03T19:07:03.5040957Z       "version": "1.4.3",
2026-07-03T19:07:03.5041303Z       "type": "standard",
2026-07-03T19:07:03.5041644Z       "direct": false,
2026-07-03T19:07:03.5041977Z       "binary": true,
2026-07-03T19:07:03.5042347Z       "dependencies": ["cli", "R6"],
2026-07-03T19:07:03.5042766Z       "vignettes": false,
2026-07-03T19:07:03.5043153Z       "needscompilation": false,
2026-07-03T19:07:03.5043510Z       "metadata": {
2026-07-03T19:07:03.5043808Z         "RemoteType": "standard",
2026-07-03T19:07:03.5044118Z         "RemotePkgRef": "desc",
2026-07-03T19:07:03.5044412Z         "RemoteRef": "desc",
2026-07-03T19:07:03.5045004Z         "RemoteRepos": "https://packagemanager.posit.co/cran/__linux__/noble/latest",
2026-07-03T19:07:03.5045560Z         "RemotePkgPlatform": "x86_64-pc-linux-gnu-ubuntu-24.04",
2026-07-03T19:07:03.5045939Z         "RemoteSha": "1.4.3"
2026-07-03T19:07:03.5046186Z       },
2026-07-03T19:07:03.5046756Z       "sources": ["https://packagemanager.posit.co/cran/__linux__/noble/latest/src/contrib/desc_1.4.3.tar.gz"],
2026-07-03T19:07:03.5047538Z       "target": "src/contrib/x86_64-pc-linux-gnu-ubuntu-24.04/4.6/desc_1.4.3.tar.gz",
2026-07-03T19:07:03.5048084Z       "platform": "x86_64-pc-linux-gnu-ubuntu-24.04",
2026-07-03T19:07:03.5048443Z       "rversion": "4.6",
2026-07-03T19:07:03.5048719Z       "directpkg": false,
2026-07-03T19:07:03.5049641Z       "license": "MIT + file LICENSE",
2026-07-03T19:07:03.5050043Z       "dep_types": ["Depends", "Imports", "LinkingTo"],
2026-07-03T19:07:03.5050387Z       "params": [],
2026-07-03T19:07:03.5050642Z       "install_args": "",
2026-07-03T19:07:03.5050936Z       "repotype": "cranlike",
2026-07-03T19:07:03.5051237Z       "sysreqs": "",
2026-07-03T19:07:03.5051528Z       "sysreqs_packages": {}
2026-07-03T19:07:03.5051785Z     },
2026-07-03T19:07:03.5051980Z     {
2026-07-03T19:07:03.5052222Z       "ref": "diffobj",
2026-07-03T19:07:03.5052517Z       "package": "diffobj",
2026-07-03T19:07:03.5052824Z       "version": "0.3.6",
2026-07-03T19:07:03.5053104Z       "type": "standard",
2026-07-03T19:07:03.5053385Z       "direct": false,
2026-07-03T19:07:03.5053662Z       "binary": true,
2026-07-03T19:07:03.5053951Z       "dependencies": ["crayon"],
2026-07-03T19:07:03.5054258Z       "vignettes": false,
2026-07-03T19:07:03.5054726Z       "needscompilation": false,
2026-07-03T19:07:03.5055060Z       "metadata": {
2026-07-03T19:07:03.5055343Z         "RemoteType": "standard",
2026-07-03T19:07:03.5055686Z         "RemotePkgRef": "diffobj",
2026-07-03T19:07:03.5056025Z         "RemoteRef": "diffobj",
2026-07-03T19:07:03.5056577Z         "RemoteRepos": "https://packagemanager.posit.co/cran/__linux__/noble/latest",
2026-07-03T19:07:03.5057231Z         "RemotePkgPlatform": "x86_64-pc-linux-gnu-ubuntu-24.04",
2026-07-03T19:07:03.5057659Z         "RemoteSha": "0.3.6"
2026-07-03T19:07:03.5057929Z       },
2026-07-03T19:07:03.5058551Z       "sources": ["https://packagemanager.posit.co/cran/__linux__/noble/latest/src/contrib/diffobj_0.3.6.tar.gz"],
2026-07-03T19:07:03.5059402Z       "target": "src/contrib/x86_64-pc-linux-gnu-ubuntu-24.04/4.6/diffobj_0.3.6.tar.gz",
2026-07-03T19:07:03.5060007Z       "platform": "x86_64-pc-linux-gnu-ubuntu-24.04",
2026-07-03T19:07:03.5060401Z       "rversion": "4.6",
2026-07-03T19:07:03.5060711Z       "directpkg": false,
2026-07-03T19:07:03.5061036Z       "license": "GPL-2 | GPL-3",
2026-07-03T19:07:03.5061426Z       "dep_types": ["Depends", "Imports", "LinkingTo"],
2026-07-03T19:07:03.5061763Z       "params": [],
2026-07-03T19:07:03.5062019Z       "install_args": "",
2026-07-03T19:07:03.5062602Z       "repotype": "cranlike",
2026-07-03T19:07:03.5062877Z       "sysreqs": "",
2026-07-03T19:07:03.5063300Z       "sysreqs_packages": {}
2026-07-03T19:07:03.5063550Z     },
2026-07-03T19:07:03.5063716Z     {
2026-07-03T19:07:03.5063901Z       "ref": "dplyr",
2026-07-03T19:07:03.5064109Z       "package": "dplyr",
2026-07-03T19:07:03.5064321Z       "version": "1.2.1",
2026-07-03T19:07:03.5064756Z       "type": "standard",
2026-07-03T19:07:03.5064979Z       "direct": false,
2026-07-03T19:07:03.5065183Z       "binary": true,
2026-07-03T19:07:03.5065690Z       "dependencies": ["cli", "generics", "glue", "lifecycle", "magrittr", "pillar", "R6", "rlang", "tibble", "tidyselect", "vctrs"],
2026-07-03T19:07:03.5066133Z       "vignettes": false,
2026-07-03T19:07:03.5066361Z       "needscompilation": false,
2026-07-03T19:07:03.5066587Z       "metadata": {
2026-07-03T19:07:03.5066803Z         "RemoteType": "standard",
2026-07-03T19:07:03.5067048Z         "RemotePkgRef": "dplyr",
2026-07-03T19:07:03.5067280Z         "RemoteRef": "dplyr",
2026-07-03T19:07:03.5067666Z         "RemoteRepos": "https://packagemanager.posit.co/cran/__linux__/noble/latest",
2026-07-03T19:07:03.5068112Z         "RemotePkgPlatform": "x86_64-pc-linux-gnu-ubuntu-24.04",
2026-07-03T19:07:03.5068421Z         "RemoteSha": "1.2.1"
2026-07-03T19:07:03.5068621Z       },
2026-07-03T19:07:03.5069588Z       "sources": ["https://packagemanager.posit.co/cran/__linux__/noble/latest/src/contrib/dplyr_1.2.1.tar.gz"],
2026-07-03T19:07:03.5070256Z       "target": "src/contrib/x86_64-pc-linux-gnu-ubuntu-24.04/4.6/dplyr_1.2.1.tar.gz",
2026-07-03T19:07:03.5070695Z       "platform": "x86_64-pc-linux-gnu-ubuntu-24.04",
2026-07-03T19:07:03.5070998Z       "rversion": "4.6",
2026-07-03T19:07:03.5071240Z       "directpkg": false,
2026-07-03T19:07:03.5071497Z       "license": "MIT + file LICENSE",
2026-07-03T19:07:03.5071819Z       "dep_types": ["Depends", "Imports", "LinkingTo"],
2026-07-03T19:07:03.5072106Z       "params": [],
2026-07-03T19:07:03.5072328Z       "install_args": "",
2026-07-03T19:07:03.5072570Z       "repotype": "cranlike",
2026-07-03T19:07:03.5072810Z       "sysreqs": "",
2026-07-03T19:07:03.5073037Z       "sysreqs_packages": {}
2026-07-03T19:07:03.5073246Z     },
2026-07-03T19:07:03.5073416Z     {
2026-07-03T19:07:03.5073610Z       "ref": "e1071",
2026-07-03T19:07:03.5073827Z       "package": "e1071",
2026-07-03T19:07:03.5074055Z       "version": "1.7-17",
2026-07-03T19:07:03.5074291Z       "type": "standard",
2026-07-03T19:07:03.5074680Z       "direct": false,
2026-07-03T19:07:03.5074912Z       "binary": true,
2026-07-03T19:07:03.5075162Z       "dependencies": ["class", "proxy"],
2026-07-03T19:07:03.5075437Z       "vignettes": false,
2026-07-03T19:07:03.5075683Z       "needscompilation": false,
2026-07-03T19:07:03.5075927Z       "metadata": {
2026-07-03T19:07:03.5076162Z         "RemoteType": "standard",
2026-07-03T19:07:03.5076423Z         "RemotePkgRef": "e1071",
2026-07-03T19:07:03.5076675Z         "RemoteRef": "e1071",
2026-07-03T19:07:03.5077085Z         "RemoteRepos": "https://packagemanager.posit.co/cran/__linux__/noble/latest",
2026-07-03T19:07:03.5077559Z         "RemotePkgPlatform": "x86_64-pc-linux-gnu-ubuntu-24.04",
2026-07-03T19:07:03.5077893Z         "RemoteSha": "1.7-17"
2026-07-03T19:07:03.5078105Z       },
2026-07-03T19:07:03.5078565Z       "sources": ["https://packagemanager.posit.co/cran/__linux__/noble/latest/src/contrib/e1071_1.7-17.tar.gz"],
2026-07-03T19:07:03.5079184Z       "target": "src/contrib/x86_64-pc-linux-gnu-ubuntu-24.04/4.6/e1071_1.7-17.tar.gz",
2026-07-03T19:07:03.5079619Z       "platform": "x86_64-pc-linux-gnu-ubuntu-24.04",
2026-07-03T19:07:03.5079908Z       "rversion": "4.6",
2026-07-03T19:07:03.5080142Z       "directpkg": false,
2026-07-03T19:07:03.5080385Z       "license": "GPL-2 | GPL-3",
2026-07-03T19:07:03.5080691Z       "dep_types": ["Depends", "Imports", "LinkingTo"],
2026-07-03T19:07:03.5080973Z       "params": [],
2026-07-03T19:07:03.5081190Z       "install_args": "",
2026-07-03T19:07:03.5081423Z       "repotype": "cranlike",
2026-07-03T19:07:03.5081655Z       "sysreqs": "",
2026-07-03T19:07:03.5081970Z       "sysreqs_packages": {}
2026-07-03T19:07:03.5082181Z     },
2026-07-03T19:07:03.5082348Z     {
2026-07-03T19:07:03.5082548Z       "ref": "evaluate",
2026-07-03T19:07:03.5082783Z       "package": "evaluate",
2026-07-03T19:07:03.5083021Z       "version": "1.0.5",
2026-07-03T19:07:03.5083249Z       "type": "standard",
2026-07-03T19:07:03.5083531Z       "direct": false,
2026-07-03T19:07:03.5083746Z       "binary": true,
2026-07-03T19:07:03.5083961Z       "dependencies": [],
2026-07-03T19:07:03.5084185Z       "vignettes": false,
2026-07-03T19:07:03.5084421Z       "needscompilation": false,
2026-07-03T19:07:03.5084824Z       "metadata": {
2026-07-03T19:07:03.5085057Z         "RemoteType": "standard",
2026-07-03T19:07:03.5085331Z         "RemotePkgRef": "evaluate",
2026-07-03T19:07:03.5085608Z         "RemoteRef": "evaluate",
2026-07-03T19:07:03.5086015Z         "RemoteRepos": "https://packagemanager.posit.co/cran/__linux__/noble/latest",
2026-07-03T19:07:03.5086494Z         "RemotePkgPlatform": "x86_64-pc-linux-gnu-ubuntu-24.04",
2026-07-03T19:07:03.5086822Z         "RemoteSha": "1.0.5"
2026-07-03T19:07:03.5087036Z       },
2026-07-03T19:07:03.5087504Z       "sources": ["https://packagemanager.posit.co/cran/__linux__/noble/latest/src/contrib/evaluate_1.0.5.tar.gz"],
2026-07-03T19:07:03.5088132Z       "target": "src/contrib/x86_64-pc-linux-gnu-ubuntu-24.04/4.6/evaluate_1.0.5.tar.gz",
2026-07-03T19:07:03.5088573Z       "platform": "x86_64-pc-linux-gnu-ubuntu-24.04",
2026-07-03T19:07:03.5088863Z       "rversion": "4.6",
2026-07-03T19:07:03.5089092Z       "directpkg": false,
2026-07-03T19:07:03.5089339Z       "license": "MIT + file LICENSE",
2026-07-03T19:07:03.5089651Z       "dep_types": ["Depends", "Imports", "LinkingTo"],
2026-07-03T19:07:03.5089929Z       "params": [],
2026-07-03T19:07:03.5090147Z       "install_args": "",
2026-07-03T19:07:03.5090574Z       "repotype": "cranlike",
2026-07-03T19:07:03.5090905Z       "sysreqs": "",
2026-07-03T19:07:03.5091134Z       "sysreqs_packages": {}
2026-07-03T19:07:03.5091346Z     },
2026-07-03T19:07:03.5091512Z     {
2026-07-03T19:07:03.5091702Z       "ref": "fs",
2026-07-03T19:07:03.5091914Z       "package": "fs",
2026-07-03T19:07:03.5092143Z       "version": "2.1.0",
2026-07-03T19:07:03.5092373Z       "type": "standard",
2026-07-03T19:07:03.5092593Z       "direct": false,
2026-07-03T19:07:03.5092848Z       "binary": true,
2026-07-03T19:07:03.5093072Z       "dependencies": [],
2026-07-03T19:07:03.5093295Z       "vignettes": false,
2026-07-03T19:07:03.5093535Z       "needscompilation": false,
2026-07-03T19:07:03.5093773Z       "metadata": {
2026-07-03T19:07:03.5094004Z         "RemoteType": "standard",
2026-07-03T19:07:03.5094262Z         "RemotePkgRef": "fs",
2026-07-03T19:07:03.5094619Z         "RemoteRef": "fs",
2026-07-03T19:07:03.5095031Z         "RemoteRepos": "https://packagemanager.posit.co/cran/__linux__/noble/latest",
2026-07-03T19:07:03.5095505Z         "RemotePkgPlatform": "x86_64-pc-linux-gnu-ubuntu-24.04",
2026-07-03T19:07:03.5095832Z         "RemoteSha": "2.1.0"
2026-07-03T19:07:03.5096050Z       },
2026-07-03T19:07:03.5096496Z       "sources": ["https://packagemanager.posit.co/cran/__linux__/noble/latest/src/contrib/fs_2.1.0.tar.gz"],
2026-07-03T19:07:03.5097086Z       "target": "src/contrib/x86_64-pc-linux-gnu-ubuntu-24.04/4.6/fs_2.1.0.tar.gz",
2026-07-03T19:07:03.5097515Z       "platform": "x86_64-pc-linux-gnu-ubuntu-24.04",
2026-07-03T19:07:03.5097809Z       "rversion": "4.6",
2026-07-03T19:07:03.5098050Z       "directpkg": false,
2026-07-03T19:07:03.5098298Z       "license": "MIT + file LICENSE",
2026-07-03T19:07:03.5098610Z       "dep_types": ["Depends", "Imports", "LinkingTo"],
2026-07-03T19:07:03.5098888Z       "params": [],
2026-07-03T19:07:03.5099105Z       "install_args": "",
2026-07-03T19:07:03.5099341Z       "repotype": "cranlike",
2026-07-03T19:07:03.5099980Z       "sysreqs": "libuv: libuv-devel (rpm) or libuv1-dev (deb).\n        Alternatively to build the vendored libuv 'cmake' is required.\n        GNU make.",
2026-07-03T19:07:03.5100615Z       "sysreqs_packages": [
2026-07-03T19:07:03.5100834Z         {
2026-07-03T19:07:03.5101038Z           "sysreq": "cmake",
2026-07-03T19:07:03.5101283Z           "packages": ["cmake"],
2026-07-03T19:07:03.5101529Z           "pre_install": {},
2026-07-03T19:07:03.5101770Z           "post_install": {}
2026-07-03T19:07:03.5102070Z         },
2026-07-03T19:07:03.5102250Z         {
2026-07-03T19:07:03.5102460Z           "sysreq": "gnumake",
2026-07-03T19:07:03.5102704Z           "packages": ["make"],
2026-07-03T19:07:03.5102952Z           "pre_install": {},
2026-07-03T19:07:03.5103189Z           "post_install": {}
2026-07-03T19:07:03.5103453Z         },
2026-07-03T19:07:03.5103631Z         {
2026-07-03T19:07:03.5103826Z           "sysreq": "libuv",
2026-07-03T19:07:03.5104080Z           "packages": ["libuv1-dev"],
2026-07-03T19:07:03.5104342Z           "pre_install": {},
2026-07-03T19:07:03.5104709Z           "post_install": {}
2026-07-03T19:07:03.5104918Z         }
2026-07-03T19:07:03.5105085Z       ]
2026-07-03T19:07:03.5105257Z     },
2026-07-03T19:07:03.5105425Z     {
2026-07-03T19:07:03.5105625Z       "ref": "generics",
2026-07-03T19:07:03.5105860Z       "package": "generics",
2026-07-03T19:07:03.5106096Z       "version": "0.1.4",
2026-07-03T19:07:03.5106324Z       "type": "standard",
2026-07-03T19:07:03.5106551Z       "direct": false,
2026-07-03T19:07:03.5106773Z       "binary": true,
2026-07-03T19:07:03.5106994Z       "dependencies": [],
2026-07-03T19:07:03.5107225Z       "vignettes": false,
2026-07-03T19:07:03.5107464Z       "needscompilation": false,
2026-07-03T19:07:03.5107702Z       "metadata": {
2026-07-03T19:07:03.5107931Z         "RemoteType": "standard",
2026-07-03T19:07:03.5108192Z         "RemotePkgRef": "generics",
2026-07-03T19:07:03.5108459Z         "RemoteRef": "generics",
2026-07-03T19:07:03.5108868Z         "RemoteRepos": "https://packagemanager.posit.co/cran/__linux__/noble/latest",
2026-07-03T19:07:03.5109340Z         "RemotePkgPlatform": "x86_64-pc-linux-gnu-ubuntu-24.04",
2026-07-03T19:07:03.5109669Z         "RemoteSha": "0.1.4"
2026-07-03T19:07:03.5109880Z       },
2026-07-03T19:07:03.5110344Z       "sources": ["https://packagemanager.posit.co/cran/__linux__/noble/latest/src/contrib/generics_0.1.4.tar.gz"],
2026-07-03T19:07:03.5110972Z       "target": "src/contrib/x86_64-pc-linux-gnu-ubuntu-24.04/4.6/generics_0.1.4.tar.gz",
2026-07-03T19:07:03.5111408Z       "platform": "x86_64-pc-linux-gnu-ubuntu-24.04",
2026-07-03T19:07:03.5111701Z       "rversion": "4.6",
2026-07-03T19:07:03.5111932Z       "directpkg": false,
2026-07-03T19:07:03.5112181Z       "license": "MIT + file LICENSE",
2026-07-03T19:07:03.5112496Z       "dep_types": ["Depends", "Imports", "LinkingTo"],
2026-07-03T19:07:03.5112775Z       "params": [],
2026-07-03T19:07:03.5112995Z       "install_args": "",
2026-07-03T19:07:03.5113233Z       "repotype": "cranlike",
2026-07-03T19:07:03.5113465Z       "sysreqs": "",
2026-07-03T19:07:03.5113689Z       "sysreqs_packages": {}
2026-07-03T19:07:03.5113890Z     },
2026-07-03T19:07:03.5114055Z     {
2026-07-03T19:07:03.5114251Z       "ref": "glue",
2026-07-03T19:07:03.5114574Z       "package": "glue",
2026-07-03T19:07:03.5114857Z       "version": "1.8.1",
2026-07-03T19:07:03.5115084Z       "type": "standard",
2026-07-03T19:07:03.5115309Z       "direct": false,
2026-07-03T19:07:03.5115526Z       "binary": true,
2026-07-03T19:07:03.5115753Z       "dependencies": [],
2026-07-03T19:07:03.5115982Z       "vignettes": false,
2026-07-03T19:07:03.5116222Z       "needscompilation": false,
2026-07-03T19:07:03.5116464Z       "metadata": {
2026-07-03T19:07:03.5116696Z         "RemoteType": "standard",
2026-07-03T19:07:03.5116957Z         "RemotePkgRef": "glue",
2026-07-03T19:07:03.5117206Z         "RemoteRef": "glue",
2026-07-03T19:07:03.5117608Z         "RemoteRepos": "https://packagemanager.posit.co/cran/__linux__/noble/latest",
2026-07-03T19:07:03.5118077Z         "RemotePkgPlatform": "x86_64-pc-linux-gnu-ubuntu-24.04",
2026-07-03T19:07:03.5118406Z         "RemoteSha": "1.8.1"
2026-07-03T19:07:03.5118620Z       },
2026-07-03T19:07:03.5119160Z       "sources": ["https://packagemanager.posit.co/cran/__linux__/noble/latest/src/contrib/glue_1.8.1.tar.gz"],
2026-07-03T19:07:03.5119757Z       "target": "src/contrib/x86_64-pc-linux-gnu-ubuntu-24.04/4.6/glue_1.8.1.tar.gz",
2026-07-03T19:07:03.5120185Z       "platform": "x86_64-pc-linux-gnu-ubuntu-24.04",
2026-07-03T19:07:03.5120543Z       "rversion": "4.6",
2026-07-03T19:07:03.5120775Z       "directpkg": false,
2026-07-03T19:07:03.5121027Z       "license": "MIT + file LICENSE",
2026-07-03T19:07:03.5121344Z       "dep_types": ["Depends", "Imports", "LinkingTo"],
2026-07-03T19:07:03.5121627Z       "params": [],
2026-07-03T19:07:03.5121847Z       "install_args": "",
2026-07-03T19:07:03.5122079Z       "repotype": "cranlike",
2026-07-03T19:07:03.5122312Z       "sysreqs": "",
2026-07-03T19:07:03.5122540Z       "sysreqs_packages": {}
2026-07-03T19:07:03.5122743Z     },
2026-07-03T19:07:03.5122908Z     {
2026-07-03T19:07:03.5123098Z       "ref": "hms",
2026-07-03T19:07:03.5123316Z       "package": "hms",
2026-07-03T19:07:03.5123542Z       "version": "1.1.4",
2026-07-03T19:07:03.5123766Z       "type": "standard",
2026-07-03T19:07:03.5123989Z       "direct": false,
2026-07-03T19:07:03.5124207Z       "binary": true,
2026-07-03T19:07:03.5124699Z       "dependencies": ["cli", "lifecycle", "pkgconfig", "rlang", "vctrs"],
2026-07-03T19:07:03.5125062Z       "vignettes": false,
2026-07-03T19:07:03.5125309Z       "needscompilation": false,
2026-07-03T19:07:03.5125553Z       "metadata": {
2026-07-03T19:07:03.5125784Z         "RemoteType": "standard",
2026-07-03T19:07:03.5126045Z         "RemotePkgRef": "hms",
2026-07-03T19:07:03.5126294Z         "RemoteRef": "hms",
2026-07-03T19:07:03.5126692Z         "RemoteRepos": "https://packagemanager.posit.co/cran/__linux__/noble/latest",
2026-07-03T19:07:03.5127160Z         "RemotePkgPlatform": "x86_64-pc-linux-gnu-ubuntu-24.04",
2026-07-03T19:07:03.5127486Z         "RemoteSha": "1.1.4"
2026-07-03T19:07:03.5127698Z       },
2026-07-03T19:07:03.5128149Z       "sources": ["https://packagemanager.posit.co/cran/__linux__/noble/latest/src/contrib/hms_1.1.4.tar.gz"],
2026-07-03T19:07:03.5128738Z       "target": "src/contrib/x86_64-pc-linux-gnu-ubuntu-24.04/4.6/hms_1.1.4.tar.gz",
2026-07-03T19:07:03.5129152Z       "platform": "x86_64-pc-linux-gnu-ubuntu-24.04",
2026-07-03T19:07:03.5129442Z       "rversion": "4.6",
2026-07-03T19:07:03.5129673Z       "directpkg": false,
2026-07-03T19:07:03.5129918Z       "license": "MIT + file LICENSE",
2026-07-03T19:07:03.5130236Z       "dep_types": ["Depends", "Imports", "LinkingTo"],
2026-07-03T19:07:03.5130519Z       "params": [],
2026-07-03T19:07:03.5130735Z       "install_args": "",
2026-07-03T19:07:03.5130973Z       "repotype": "cranlike",
2026-07-03T19:07:03.5131204Z       "sysreqs": "",
2026-07-03T19:07:03.5131427Z       "sysreqs_packages": {}
2026-07-03T19:07:03.5131630Z     },
2026-07-03T19:07:03.5131795Z     {
2026-07-03T19:07:03.5131989Z       "ref": "jsonlite",
2026-07-03T19:07:03.5132216Z       "package": "jsonlite",
2026-07-03T19:07:03.5132449Z       "version": "2.0.0",
2026-07-03T19:07:03.5132673Z       "type": "standard",
2026-07-03T19:07:03.5132893Z       "direct": false,
2026-07-03T19:07:03.5133110Z       "binary": true,
2026-07-03T19:07:03.5133331Z       "dependencies": [],
2026-07-03T19:07:03.5133559Z       "vignettes": false,
2026-07-03T19:07:03.5133802Z       "needscompilation": false,
2026-07-03T19:07:03.5134042Z       "metadata": {
2026-07-03T19:07:03.5134270Z         "RemoteType": "standard",
2026-07-03T19:07:03.5134660Z         "RemotePkgRef": "jsonlite",
2026-07-03T19:07:03.5134941Z         "RemoteRef": "jsonlite",
2026-07-03T19:07:03.5135350Z         "RemoteRepos": "https://packagemanager.posit.co/cran/__linux__/noble/latest",
2026-07-03T19:07:03.5135813Z         "RemotePkgPlatform": "x86_64-pc-linux-gnu-ubuntu-24.04",
2026-07-03T19:07:03.5136140Z         "RemoteSha": "2.0.0"
2026-07-03T19:07:03.5136353Z       },
2026-07-03T19:07:03.5136934Z       "sources": ["https://packagemanager.posit.co/cran/__linux__/noble/latest/src/contrib/jsonlite_2.0.0.tar.gz"],
2026-07-03T19:07:03.5137568Z       "target": "src/contrib/x86_64-pc-linux-gnu-ubuntu-24.04/4.6/jsonlite_2.0.0.tar.gz",
2026-07-03T19:07:03.5138009Z       "platform": "x86_64-pc-linux-gnu-ubuntu-24.04",
2026-07-03T19:07:03.5138298Z       "rversion": "4.6",
2026-07-03T19:07:03.5138597Z       "directpkg": false,
2026-07-03T19:07:03.5138849Z       "license": "MIT + file LICENSE",
2026-07-03T19:07:03.5139163Z       "dep_types": ["Depends", "Imports", "LinkingTo"],
2026-07-03T19:07:03.5139444Z       "params": [],
2026-07-03T19:07:03.5139658Z       "install_args": "",
2026-07-03T19:07:03.5139893Z       "repotype": "cranlike",
2026-07-03T19:07:03.5140122Z       "sysreqs": "",
2026-07-03T19:07:03.5140343Z       "sysreqs_packages": {}
2026-07-03T19:07:03.5140547Z     },
2026-07-03T19:07:03.5140709Z     {
2026-07-03T19:07:03.5140908Z       "ref": "lifecycle",
2026-07-03T19:07:03.5141142Z       "package": "lifecycle",
2026-07-03T19:07:03.5141381Z       "version": "1.0.5",
2026-07-03T19:07:03.5141606Z       "type": "standard",
2026-07-03T19:07:03.5141829Z       "direct": false,
2026-07-03T19:07:03.5142044Z       "binary": true,
2026-07-03T19:07:03.5142284Z       "dependencies": ["cli", "rlang"],
2026-07-03T19:07:03.5142543Z       "vignettes": false,
2026-07-03T19:07:03.5142787Z       "needscompilation": false,
2026-07-03T19:07:03.5143027Z       "metadata": {
2026-07-03T19:07:03.5143252Z         "RemoteType": "standard",
2026-07-03T19:07:03.5143516Z         "RemotePkgRef": "lifecycle",
2026-07-03T19:07:03.5143784Z         "RemoteRef": "lifecycle",
2026-07-03T19:07:03.5144183Z         "RemoteRepos": "https://packagemanager.posit.co/cran/__linux__/noble/latest",
2026-07-03T19:07:03.5144781Z         "RemotePkgPlatform": "x86_64-pc-linux-gnu-ubuntu-24.04",
2026-07-03T19:07:03.5145112Z         "RemoteSha": "1.0.5"
2026-07-03T19:07:03.5145322Z       },
2026-07-03T19:07:03.5145809Z       "sources": ["https://packagemanager.posit.co/cran/__linux__/noble/latest/src/contrib/lifecycle_1.0.5.tar.gz"],
2026-07-03T19:07:03.5146442Z       "target": "src/contrib/x86_64-pc-linux-gnu-ubuntu-24.04/4.6/lifecycle_1.0.5.tar.gz",
2026-07-03T19:07:03.5146882Z       "platform": "x86_64-pc-linux-gnu-ubuntu-24.04",
2026-07-03T19:07:03.5147182Z       "rversion": "4.6",
2026-07-03T19:07:03.5147418Z       "directpkg": false,
2026-07-03T19:07:03.5147671Z       "license": "MIT + file LICENSE",
2026-07-03T19:07:03.5147983Z       "dep_types": ["Depends", "Imports", "LinkingTo"],
2026-07-03T19:07:03.5148080Z       "params": [],
2026-07-03T19:07:03.5148195Z       "install_args": "",
2026-07-03T19:07:03.5148309Z       "repotype": "cranlike",
2026-07-03T19:07:03.5148415Z       "sysreqs": "",
2026-07-03T19:07:03.5148525Z       "sysreqs_packages": {}
2026-07-03T19:07:03.5148603Z     },
2026-07-03T19:07:03.5148675Z     {
2026-07-03T19:07:03.5148788Z       "ref": "lubridate",
2026-07-03T19:07:03.5148909Z       "package": "lubridate",
2026-07-03T19:07:03.5149010Z       "version": "1.9.5",
2026-07-03T19:07:03.5149123Z       "type": "standard",
2026-07-03T19:07:03.5149221Z       "direct": false,
2026-07-03T19:07:03.5149326Z       "binary": true,
2026-07-03T19:07:03.5149479Z       "dependencies": ["generics", "timechange"],
2026-07-03T19:07:03.5149587Z       "vignettes": false,
2026-07-03T19:07:03.5149705Z       "needscompilation": false,
2026-07-03T19:07:03.5149807Z       "metadata": {
2026-07-03T19:07:03.5149923Z         "RemoteType": "standard",
2026-07-03T19:07:03.5150050Z         "RemotePkgRef": "lubridate",
2026-07-03T19:07:03.5150164Z         "RemoteRef": "lubridate",
2026-07-03T19:07:03.5150433Z         "RemoteRepos": "https://packagemanager.posit.co/cran/__linux__/noble/latest",
2026-07-03T19:07:03.5150625Z         "RemotePkgPlatform": "x86_64-pc-linux-gnu-ubuntu-24.04",
2026-07-03T19:07:03.5150796Z         "RemoteSha": "1.9.5"
2026-07-03T19:07:03.5150876Z       },
2026-07-03T19:07:03.5151257Z       "sources": ["https://packagemanager.posit.co/cran/__linux__/noble/latest/src/contrib/lubridate_1.9.5.tar.gz"],
2026-07-03T19:07:03.5151596Z       "target": "src/contrib/x86_64-pc-linux-gnu-ubuntu-24.04/4.6/lubridate_1.9.5.tar.gz",
2026-07-03T19:07:03.5151768Z       "platform": "x86_64-pc-linux-gnu-ubuntu-24.04",
2026-07-03T19:07:03.5151873Z       "rversion": "4.6",
2026-07-03T19:07:03.5151985Z       "directpkg": false,
2026-07-03T19:07:03.5152170Z       "license": "MIT + file LICENSE",
2026-07-03T19:07:03.5152339Z       "dep_types": ["Depends", "Imports", "LinkingTo"],
2026-07-03T19:07:03.5152442Z       "params": [],
2026-07-03T19:07:03.5152545Z       "install_args": "",
2026-07-03T19:07:03.5152664Z       "repotype": "cranlike",
2026-07-03T19:07:03.5153117Z       "sysreqs": "A system with zoneinfo data (e.g.\n        /usr/share/zoneinfo). On Windows the zoneinfo included with R\n        is used.",
2026-07-03T19:07:03.5153238Z       "sysreqs_packages": {}
2026-07-03T19:07:03.5153310Z     },
2026-07-03T19:07:03.5153387Z     {
2026-07-03T19:07:03.5153490Z       "ref": "magrittr",
2026-07-03T19:07:03.5153604Z       "package": "magrittr",
2026-07-03T19:07:03.5153710Z       "version": "2.0.5",
2026-07-03T19:07:03.5153820Z       "type": "standard",
2026-07-03T19:07:03.5153916Z       "direct": false,
2026-07-03T19:07:03.5154024Z       "binary": true,
2026-07-03T19:07:03.5154130Z       "dependencies": [],
2026-07-03T19:07:03.5154240Z       "vignettes": false,
2026-07-03T19:07:03.5154366Z       "needscompilation": false,
2026-07-03T19:07:03.5154586Z       "metadata": {
2026-07-03T19:07:03.5154728Z         "RemoteType": "standard",
2026-07-03T19:07:03.5154867Z         "RemotePkgRef": "magrittr",
2026-07-03T19:07:03.5154986Z         "RemoteRef": "magrittr",
2026-07-03T19:07:03.5155275Z         "RemoteRepos": "https://packagemanager.posit.co/cran/__linux__/noble/latest",
2026-07-03T19:07:03.5155479Z         "RemotePkgPlatform": "x86_64-pc-linux-gnu-ubuntu-24.04",
2026-07-03T19:07:03.5155601Z         "RemoteSha": "2.0.5"
2026-07-03T19:07:03.5155685Z       },
2026-07-03T19:07:03.5156086Z       "sources": ["https://packagemanager.posit.co/cran/__linux__/noble/latest/src/contrib/magrittr_2.0.5.tar.gz"],
2026-07-03T19:07:03.5156378Z       "target": "src/contrib/x86_64-pc-linux-gnu-ubuntu-24.04/4.6/magrittr_2.0.5.tar.gz",
2026-07-03T19:07:03.5156550Z       "platform": "x86_64-pc-linux-gnu-ubuntu-24.04",
2026-07-03T19:07:03.5156666Z       "rversion": "4.6",
2026-07-03T19:07:03.5156787Z       "directpkg": false,
2026-07-03T19:07:03.5156907Z       "license": "MIT + file LICENSE",
2026-07-03T19:07:03.5157053Z       "dep_types": ["Depends", "Imports", "LinkingTo"],
2026-07-03T19:07:03.5157146Z       "params": [],
2026-07-03T19:07:03.5157240Z       "install_args": "",
2026-07-03T19:07:03.5157350Z       "repotype": "cranlike",
2026-07-03T19:07:03.5157438Z       "sysreqs": "",
2026-07-03T19:07:03.5157543Z       "sysreqs_packages": {}
2026-07-03T19:07:03.5157608Z     },
2026-07-03T19:07:03.5157680Z     {
2026-07-03T19:07:03.5157775Z       "ref": "nanoarrow",
2026-07-03T19:07:03.5157882Z       "package": "nanoarrow",
2026-07-03T19:07:03.5157981Z       "version": "0.8.0-1",
2026-07-03T19:07:03.5158087Z       "type": "standard",
2026-07-03T19:07:03.5158177Z       "direct": false,
2026-07-03T19:07:03.5158273Z       "binary": true,
2026-07-03T19:07:03.5158369Z       "dependencies": [],
2026-07-03T19:07:03.5158471Z       "vignettes": false,
2026-07-03T19:07:03.5158578Z       "needscompilation": false,
2026-07-03T19:07:03.5158676Z       "metadata": {
2026-07-03T19:07:03.5158781Z         "RemoteType": "standard",
2026-07-03T19:07:03.5158902Z         "RemotePkgRef": "nanoarrow",
2026-07-03T19:07:03.5159009Z         "RemoteRef": "nanoarrow",
2026-07-03T19:07:03.5159257Z         "RemoteRepos": "https://packagemanager.posit.co/cran/__linux__/noble/latest",
2026-07-03T19:07:03.5159440Z         "RemotePkgPlatform": "x86_64-pc-linux-gnu-ubuntu-24.04",
2026-07-03T19:07:03.5159546Z         "RemoteSha": "0.8.0-1"
2026-07-03T19:07:03.5159625Z       },
2026-07-03T19:07:03.5159973Z       "sources": ["https://packagemanager.posit.co/cran/__linux__/noble/latest/src/contrib/nanoarrow_0.8.0-1.tar.gz"],
2026-07-03T19:07:03.5160288Z       "target": "src/contrib/x86_64-pc-linux-gnu-ubuntu-24.04/4.6/nanoarrow_0.8.0-1.tar.gz",
2026-07-03T19:07:03.5160434Z       "platform": "x86_64-pc-linux-gnu-ubuntu-24.04",
2026-07-03T19:07:03.5160540Z       "rversion": "4.6",
2026-07-03T19:07:03.5160636Z       "directpkg": false,
2026-07-03T19:07:03.5160811Z       "license": "Apache License (>= 2)",
2026-07-03T19:07:03.5160958Z       "dep_types": ["Depends", "Imports", "LinkingTo"],
2026-07-03T19:07:03.5161055Z       "params": [],
2026-07-03T19:07:03.5161151Z       "install_args": "",
2026-07-03T19:07:03.5161262Z       "repotype": "cranlike",
2026-07-03T19:07:03.5161378Z       "sysreqs": "libzstd (optional)",
2026-07-03T19:07:03.5161489Z       "sysreqs_packages": [
2026-07-03T19:07:03.5161562Z         {
2026-07-03T19:07:03.5161674Z           "sysreq": "libzstd",
2026-07-03T19:07:03.5161789Z           "packages": ["libzstd-dev"],
2026-07-03T19:07:03.5161900Z           "pre_install": {},
2026-07-03T19:07:03.5162000Z           "post_install": {}
2026-07-03T19:07:03.5162081Z         }
2026-07-03T19:07:03.5162149Z       ]
2026-07-03T19:07:03.5162222Z     },
2026-07-03T19:07:03.5162286Z     {
2026-07-03T19:07:03.5162380Z       "ref": "otel",
2026-07-03T19:07:03.5162475Z       "package": "otel",
2026-07-03T19:07:03.5162576Z       "version": "0.2.0",
2026-07-03T19:07:03.5162672Z       "type": "standard",
2026-07-03T19:07:03.5162768Z       "direct": false,
2026-07-03T19:07:03.5162865Z       "binary": true,
2026-07-03T19:07:03.5162962Z       "dependencies": [],
2026-07-03T19:07:03.5163063Z       "vignettes": false,
2026-07-03T19:07:03.5163171Z       "needscompilation": false,
2026-07-03T19:07:03.5163265Z       "metadata": {
2026-07-03T19:07:03.5163372Z         "RemoteType": "standard",
2026-07-03T19:07:03.5163484Z         "RemotePkgRef": "otel",
2026-07-03T19:07:03.5163584Z         "RemoteRef": "otel",
2026-07-03T19:07:03.5163829Z         "RemoteRepos": "https://packagemanager.posit.co/cran/__linux__/noble/latest",
2026-07-03T19:07:03.5164008Z         "RemotePkgPlatform": "x86_64-pc-linux-gnu-ubuntu-24.04",
2026-07-03T19:07:03.5164113Z         "RemoteSha": "0.2.0"
2026-07-03T19:07:03.5164186Z       },
2026-07-03T19:07:03.5164662Z       "sources": ["https://packagemanager.posit.co/cran/__linux__/noble/latest/src/contrib/otel_0.2.0.tar.gz"],
2026-07-03T19:07:03.5164969Z       "target": "src/contrib/x86_64-pc-linux-gnu-ubuntu-24.04/4.6/otel_0.2.0.tar.gz",
2026-07-03T19:07:03.5165124Z       "platform": "x86_64-pc-linux-gnu-ubuntu-24.04",
2026-07-03T19:07:03.5165222Z       "rversion": "4.6",
2026-07-03T19:07:03.5165327Z       "directpkg": false,
2026-07-03T19:07:03.5165443Z       "license": "MIT + file LICENSE",
2026-07-03T19:07:03.5165599Z       "dep_types": ["Depends", "Imports", "LinkingTo"],
2026-07-03T19:07:03.5165691Z       "params": [],
2026-07-03T19:07:03.5165795Z       "install_args": "",
2026-07-03T19:07:03.5165897Z       "repotype": "cranlike",
2026-07-03T19:07:03.5165998Z       "sysreqs": "",
2026-07-03T19:07:03.5166112Z       "sysreqs_packages": {}
2026-07-03T19:07:03.5166179Z     },
2026-07-03T19:07:03.5166255Z     {
2026-07-03T19:07:03.5166365Z       "ref": "palmerpenguins",
2026-07-03T19:07:03.5166489Z       "package": "palmerpenguins",
2026-07-03T19:07:03.5166586Z       "version": "0.1.1",
2026-07-03T19:07:03.5166689Z       "type": "standard",
2026-07-03T19:07:03.5166783Z       "direct": false,
2026-07-03T19:07:03.5166883Z       "binary": true,
2026-07-03T19:07:03.5166982Z       "dependencies": [],
2026-07-03T19:07:03.5167083Z       "vignettes": false,
2026-07-03T19:07:03.5167191Z       "needscompilation": false,
2026-07-03T19:07:03.5167285Z       "metadata": {
2026-07-03T19:07:03.5167390Z         "RemoteType": "standard",
2026-07-03T19:07:03.5167520Z         "RemotePkgRef": "palmerpenguins",
2026-07-03T19:07:03.5167635Z         "RemoteRef": "palmerpenguins",
2026-07-03T19:07:03.5167878Z         "RemoteRepos": "https://packagemanager.posit.co/cran/__linux__/noble/latest",
2026-07-03T19:07:03.5168102Z         "RemotePkgPlatform": "x86_64-pc-linux-gnu-ubuntu-24.04",
2026-07-03T19:07:03.5168211Z         "RemoteSha": "0.1.1"
2026-07-03T19:07:03.5168283Z       },
2026-07-03T19:07:03.5168653Z       "sources": ["https://packagemanager.posit.co/cran/__linux__/noble/latest/src/contrib/palmerpenguins_0.1.1.tar.gz"],
2026-07-03T19:07:03.5168922Z       "target": "src/contrib/x86_64-pc-linux-gnu-ubuntu-24.04/4.6/palmerpenguins_0.1.1.tar.gz",
2026-07-03T19:07:03.5169128Z       "platform": "x86_64-pc-linux-gnu-ubuntu-24.04",
2026-07-03T19:07:03.5169223Z       "rversion": "4.6",
2026-07-03T19:07:03.5169324Z       "directpkg": false,
2026-07-03T19:07:03.5169424Z       "license": "CC0",
2026-07-03T19:07:03.5169573Z       "dep_types": ["Depends", "Imports", "LinkingTo"],
2026-07-03T19:07:03.5169668Z       "params": [],
2026-07-03T19:07:03.5169762Z       "install_args": "",
2026-07-03T19:07:03.5169869Z       "repotype": "cranlike",
2026-07-03T19:07:03.5169956Z       "sysreqs": "",
2026-07-03T19:07:03.5170061Z       "sysreqs_packages": {}
2026-07-03T19:07:03.5170130Z     },
2026-07-03T19:07:03.5170201Z     {
2026-07-03T19:07:03.5170293Z       "ref": "pillar",
2026-07-03T19:07:03.5170400Z       "package": "pillar",
2026-07-03T19:07:03.5170497Z       "version": "1.11.1",
2026-07-03T19:07:03.5170599Z       "type": "standard",
2026-07-03T19:07:03.5170688Z       "direct": false,
2026-07-03T19:07:03.5170787Z       "binary": true,
2026-07-03T19:07:03.5170997Z       "dependencies": ["cli", "glue", "lifecycle", "rlang", "utf8", "vctrs"],
2026-07-03T19:07:03.5171098Z       "vignettes": false,
2026-07-03T19:07:03.5171203Z       "needscompilation": false,
2026-07-03T19:07:03.5171294Z       "metadata": {
2026-07-03T19:07:03.5171397Z         "RemoteType": "standard",
2026-07-03T19:07:03.5171511Z         "RemotePkgRef": "pillar",
2026-07-03T19:07:03.5171611Z         "RemoteRef": "pillar",
2026-07-03T19:07:03.5171854Z         "RemoteRepos": "https://packagemanager.posit.co/cran/__linux__/noble/latest",
2026-07-03T19:07:03.5172034Z         "RemotePkgPlatform": "x86_64-pc-linux-gnu-ubuntu-24.04",
2026-07-03T19:07:03.5172141Z         "RemoteSha": "1.11.1"
2026-07-03T19:07:03.5172212Z       },
2026-07-03T19:07:03.5172558Z       "sources": ["https://packagemanager.posit.co/cran/__linux__/noble/latest/src/contrib/pillar_1.11.1.tar.gz"],
2026-07-03T19:07:03.5172823Z       "target": "src/contrib/x86_64-pc-linux-gnu-ubuntu-24.04/4.6/pillar_1.11.1.tar.gz",
2026-07-03T19:07:03.5172985Z       "platform": "x86_64-pc-linux-gnu-ubuntu-24.04",
2026-07-03T19:07:03.5173095Z       "rversion": "4.6",
2026-07-03T19:07:03.5173195Z       "directpkg": false,
2026-07-03T19:07:03.5173323Z       "license": "MIT + file LICENSE",
2026-07-03T19:07:03.5173667Z       "dep_types": ["Depends", "Imports", "LinkingTo"],
2026-07-03T19:07:03.5173880Z       "params": [],
2026-07-03T19:07:03.5173987Z       "install_args": "",
2026-07-03T19:07:03.5174105Z       "repotype": "cranlike",
2026-07-03T19:07:03.5174202Z       "sysreqs": "",
2026-07-03T19:07:03.5174320Z       "sysreqs_packages": {}
2026-07-03T19:07:03.5174394Z     },
2026-07-03T19:07:03.5174579Z     {
2026-07-03T19:07:03.5174701Z       "ref": "pkgbuild",
2026-07-03T19:07:03.5174817Z       "package": "pkgbuild",
2026-07-03T19:07:03.5174917Z       "version": "1.4.8",
2026-07-03T19:07:03.5175027Z       "type": "standard",
2026-07-03T19:07:03.5175124Z       "direct": false,
2026-07-03T19:07:03.5175232Z       "binary": true,
2026-07-03T19:07:03.5175424Z       "dependencies": ["callr", "cli", "desc", "processx", "R6"],
2026-07-03T19:07:03.5175537Z       "vignettes": false,
2026-07-03T19:07:03.5175652Z       "needscompilation": false,
2026-07-03T19:07:03.5175755Z       "metadata": {
2026-07-03T19:07:03.5175871Z         "RemoteType": "standard",
2026-07-03T19:07:03.5176002Z         "RemotePkgRef": "pkgbuild",
2026-07-03T19:07:03.5176117Z         "RemoteRef": "pkgbuild",
2026-07-03T19:07:03.5176385Z         "RemoteRepos": "https://packagemanager.posit.co/cran/__linux__/noble/latest",
2026-07-03T19:07:03.5176581Z         "RemotePkgPlatform": "x86_64-pc-linux-gnu-ubuntu-24.04",
2026-07-03T19:07:03.5176746Z         "RemoteSha": "1.4.8"
2026-07-03T19:07:03.5176832Z       },
2026-07-03T19:07:03.5177199Z       "sources": ["https://packagemanager.posit.co/cran/__linux__/noble/latest/src/contrib/pkgbuild_1.4.8.tar.gz"],
2026-07-03T19:07:03.5177470Z       "target": "src/contrib/x86_64-pc-linux-gnu-ubuntu-24.04/4.6/pkgbuild_1.4.8.tar.gz",
2026-07-03T19:07:03.5177678Z       "platform": "x86_64-pc-linux-gnu-ubuntu-24.04",
2026-07-03T19:07:03.5177790Z       "rversion": "4.6",
2026-07-03T19:07:03.5177894Z       "directpkg": false,
2026-07-03T19:07:03.5178026Z       "license": "MIT + file LICENSE",
2026-07-03T19:07:03.5178185Z       "dep_types": ["Depends", "Imports", "LinkingTo"],
2026-07-03T19:07:03.5178290Z       "params": [],
2026-07-03T19:07:03.5178396Z       "install_args": "",
2026-07-03T19:07:03.5178512Z       "repotype": "cranlike",
2026-07-03T19:07:03.5178608Z       "sysreqs": "",
2026-07-03T19:07:03.5178726Z       "sysreqs_packages": {}
2026-07-03T19:07:03.5178796Z     },
2026-07-03T19:07:03.5178877Z     {
2026-07-03T19:07:03.5178983Z       "ref": "pkgconfig",
2026-07-03T19:07:03.5179101Z       "package": "pkgconfig",
2026-07-03T19:07:03.5179203Z       "version": "2.0.3",
2026-07-03T19:07:03.5179313Z       "type": "standard",
2026-07-03T19:07:03.5179413Z       "direct": false,
2026-07-03T19:07:03.5179519Z       "binary": true,
2026-07-03T19:07:03.5179622Z       "dependencies": [],
2026-07-03T19:07:03.5179734Z       "vignettes": false,
2026-07-03T19:07:03.5179848Z       "needscompilation": false,
2026-07-03T19:07:03.5179950Z       "metadata": {
2026-07-03T19:07:03.5180063Z         "RemoteType": "standard",
2026-07-03T19:07:03.5180195Z         "RemotePkgRef": "pkgconfig",
2026-07-03T19:07:03.5180320Z         "RemoteRef": "pkgconfig",
2026-07-03T19:07:03.5180582Z         "RemoteRepos": "https://packagemanager.posit.co/cran/__linux__/noble/latest",
2026-07-03T19:07:03.5180778Z         "RemotePkgPlatform": "x86_64-pc-linux-gnu-ubuntu-24.04",
2026-07-03T19:07:03.5180890Z         "RemoteSha": "2.0.3"
2026-07-03T19:07:03.5180974Z       },
2026-07-03T19:07:03.5181343Z       "sources": ["https://packagemanager.posit.co/cran/__linux__/noble/latest/src/contrib/pkgconfig_2.0.3.tar.gz"],
2026-07-03T19:07:03.5181624Z       "target": "src/contrib/x86_64-pc-linux-gnu-ubuntu-24.04/4.6/pkgconfig_2.0.3.tar.gz",
2026-07-03T19:07:03.5181785Z       "platform": "x86_64-pc-linux-gnu-ubuntu-24.04",
2026-07-03T19:07:03.5181897Z       "rversion": "4.6",
2026-07-03T19:07:03.5182001Z       "directpkg": false,
2026-07-03T19:07:03.5182132Z       "license": "MIT + file LICENSE",
2026-07-03T19:07:03.5182294Z       "dep_types": ["Depends", "Imports", "LinkingTo"],
2026-07-03T19:07:03.5182398Z       "params": [],
2026-07-03T19:07:03.5182503Z       "install_args": "",
2026-07-03T19:07:03.5182621Z       "repotype": "cranlike",
2026-07-03T19:07:03.5182717Z       "sysreqs": "",
2026-07-03T19:07:03.5182836Z       "sysreqs_packages": {}
2026-07-03T19:07:03.5182907Z     },
2026-07-03T19:07:03.5182985Z     {
2026-07-03T19:07:03.5183091Z       "ref": "pkgload",
2026-07-03T19:07:03.5183207Z       "package": "pkgload",
2026-07-03T19:07:03.5183309Z       "version": "1.5.3",
2026-07-03T19:07:03.5183417Z       "type": "standard",
2026-07-03T19:07:03.5183515Z       "direct": false,
2026-07-03T19:07:03.5183618Z       "binary": true,
2026-07-03T19:07:03.5183950Z       "dependencies": ["cli", "desc", "fs", "glue", "lifecycle", "pkgbuild", "processx", "rlang", "rprojroot"],
2026-07-03T19:07:03.5184060Z       "vignettes": false,
2026-07-03T19:07:03.5184190Z       "needscompilation": false,
2026-07-03T19:07:03.5184289Z       "metadata": {
2026-07-03T19:07:03.5184417Z         "RemoteType": "standard",
2026-07-03T19:07:03.5184672Z         "RemotePkgRef": "pkgload",
2026-07-03T19:07:03.5184809Z         "RemoteRef": "pkgload",
2026-07-03T19:07:03.5185095Z         "RemoteRepos": "https://packagemanager.posit.co/cran/__linux__/noble/latest",
2026-07-03T19:07:03.5185305Z         "RemotePkgPlatform": "x86_64-pc-linux-gnu-ubuntu-24.04",
2026-07-03T19:07:03.5185538Z         "RemoteSha": "1.5.3"
2026-07-03T19:07:03.5185629Z       },
2026-07-03T19:07:03.5186015Z       "sources": ["https://packagemanager.posit.co/cran/__linux__/noble/latest/src/contrib/pkgload_1.5.3.tar.gz"],
2026-07-03T19:07:03.5186303Z       "target": "src/contrib/x86_64-pc-linux-gnu-ubuntu-24.04/4.6/pkgload_1.5.3.tar.gz",
2026-07-03T19:07:03.5186525Z       "platform": "x86_64-pc-linux-gnu-ubuntu-24.04",
2026-07-03T19:07:03.5186642Z       "rversion": "4.6",
2026-07-03T19:07:03.5186752Z       "directpkg": false,
2026-07-03T19:07:03.5186891Z       "license": "MIT + file LICENSE",
2026-07-03T19:07:03.5187061Z       "dep_types": ["Depends", "Imports", "LinkingTo"],
2026-07-03T19:07:03.5187172Z       "params": [],
2026-07-03T19:07:03.5187281Z       "install_args": "",
2026-07-03T19:07:03.5187405Z       "repotype": "cranlike",
2026-07-03T19:07:03.5187514Z       "sysreqs": "",
2026-07-03T19:07:03.5187631Z       "sysreqs_packages": {}
2026-07-03T19:07:03.5187714Z     },
2026-07-03T19:07:03.5187779Z     {
2026-07-03T19:07:03.5187880Z       "ref": "praise",
2026-07-03T19:07:03.5187979Z       "package": "praise",
2026-07-03T19:07:03.5188081Z       "version": "1.0.0",
2026-07-03T19:07:03.5188174Z       "type": "standard",
2026-07-03T19:07:03.5188270Z       "direct": false,
2026-07-03T19:07:03.5188360Z       "binary": true,
2026-07-03T19:07:03.5188466Z       "dependencies": [],
2026-07-03T19:07:03.5188561Z       "vignettes": false,
2026-07-03T19:07:03.5188674Z       "needscompilation": false,
2026-07-03T19:07:03.5188763Z       "metadata": {
2026-07-03T19:07:03.5188875Z         "RemoteType": "standard",
2026-07-03T19:07:03.5188982Z         "RemotePkgRef": "praise",
2026-07-03T19:07:03.5189093Z         "RemoteRef": "praise",
2026-07-03T19:07:03.5189329Z         "RemoteRepos": "https://packagemanager.posit.co/cran/__linux__/noble/latest",
2026-07-03T19:07:03.5189513Z         "RemotePkgPlatform": "x86_64-pc-linux-gnu-ubuntu-24.04",
2026-07-03T19:07:03.5189612Z         "RemoteSha": "1.0.0"
2026-07-03T19:07:03.5189694Z       },
2026-07-03T19:07:03.5190018Z       "sources": ["https://packagemanager.posit.co/cran/__linux__/noble/latest/src/contrib/praise_1.0.0.tar.gz"],
2026-07-03T19:07:03.5190263Z       "target": "src/contrib/x86_64-pc-linux-gnu-ubuntu-24.04/4.6/praise_1.0.0.tar.gz",
2026-07-03T19:07:03.5190406Z       "platform": "x86_64-pc-linux-gnu-ubuntu-24.04",
2026-07-03T19:07:03.5190511Z       "rversion": "4.6",
2026-07-03T19:07:03.5190612Z       "directpkg": false,
2026-07-03T19:07:03.5190723Z       "license": "MIT + file LICENSE",
2026-07-03T19:07:03.5190873Z       "dep_types": ["Depends", "Imports", "LinkingTo"],
2026-07-03T19:07:03.5190960Z       "params": [],
2026-07-03T19:07:03.5191062Z       "install_args": "",
2026-07-03T19:07:03.5191162Z       "repotype": "cranlike",
2026-07-03T19:07:03.5191255Z       "sysreqs": "",
2026-07-03T19:07:03.5191354Z       "sysreqs_packages": {}
2026-07-03T19:07:03.5191426Z     },
2026-07-03T19:07:03.5191497Z     {
2026-07-03T19:07:03.5191598Z       "ref": "processx",
2026-07-03T19:07:03.5191699Z       "package": "processx",
2026-07-03T19:07:03.5191800Z       "version": "3.9.0",
2026-07-03T19:07:03.5191892Z       "type": "standard",
2026-07-03T19:07:03.5191988Z       "direct": false,
2026-07-03T19:07:03.5192077Z       "binary": true,
2026-07-03T19:07:03.5192196Z       "dependencies": ["ps", "R6"],
2026-07-03T19:07:03.5192292Z       "vignettes": false,
2026-07-03T19:07:03.5192405Z       "needscompilation": false,
2026-07-03T19:07:03.5192490Z       "metadata": {
2026-07-03T19:07:03.5192602Z         "RemoteType": "standard",
2026-07-03T19:07:03.5192712Z         "RemotePkgRef": "processx",
2026-07-03T19:07:03.5192823Z         "RemoteRef": "processx",
2026-07-03T19:07:03.5193055Z         "RemoteRepos": "https://packagemanager.posit.co/cran/__linux__/noble/latest",
2026-07-03T19:07:03.5193236Z         "RemotePkgPlatform": "x86_64-pc-linux-gnu-ubuntu-24.04",
2026-07-03T19:07:03.5193335Z         "RemoteSha": "3.9.0"
2026-07-03T19:07:03.5193414Z       },
2026-07-03T19:07:03.5193785Z       "sources": ["https://packagemanager.posit.co/cran/__linux__/noble/latest/src/contrib/processx_3.9.0.tar.gz"],
2026-07-03T19:07:03.5194037Z       "target": "src/contrib/x86_64-pc-linux-gnu-ubuntu-24.04/4.6/processx_3.9.0.tar.gz",
2026-07-03T19:07:03.5194185Z       "platform": "x86_64-pc-linux-gnu-ubuntu-24.04",
2026-07-03T19:07:03.5194316Z       "rversion": "4.6",
2026-07-03T19:07:03.5194417Z       "directpkg": false,
2026-07-03T19:07:03.5194630Z       "license": "MIT + file LICENSE",
2026-07-03T19:07:03.5194791Z       "dep_types": ["Depends", "Imports", "LinkingTo"],
2026-07-03T19:07:03.5194880Z       "params": [],
2026-07-03T19:07:03.5194982Z       "install_args": "",
2026-07-03T19:07:03.5195081Z       "repotype": "cranlike",
2026-07-03T19:07:03.5195172Z       "sysreqs": "",
2026-07-03T19:07:03.5195272Z       "sysreqs_packages": {}
2026-07-03T19:07:03.5195343Z     },
2026-07-03T19:07:03.5195408Z     {
2026-07-03T19:07:03.5195507Z       "ref": "proxy",
2026-07-03T19:07:03.5195603Z       "package": "proxy",
2026-07-03T19:07:03.5195711Z       "version": "0.4-29",
2026-07-03T19:07:03.5195804Z       "type": "standard",
2026-07-03T19:07:03.5195902Z       "direct": false,
2026-07-03T19:07:03.5195992Z       "binary": true,
2026-07-03T19:07:03.5196095Z       "dependencies": [],
2026-07-03T19:07:03.5196187Z       "vignettes": false,
2026-07-03T19:07:03.5196300Z       "needscompilation": false,
2026-07-03T19:07:03.5196385Z       "metadata": {
2026-07-03T19:07:03.5196498Z         "RemoteType": "standard",
2026-07-03T19:07:03.5196602Z         "RemotePkgRef": "proxy",
2026-07-03T19:07:03.5196709Z         "RemoteRef": "proxy",
2026-07-03T19:07:03.5196947Z         "RemoteRepos": "https://packagemanager.posit.co/cran/__linux__/noble/latest",
2026-07-03T19:07:03.5197127Z         "RemotePkgPlatform": "x86_64-pc-linux-gnu-ubuntu-24.04",
2026-07-03T19:07:03.5197234Z         "RemoteSha": "0.4-29"
2026-07-03T19:07:03.5197306Z       },
2026-07-03T19:07:03.5197638Z       "sources": ["https://packagemanager.posit.co/cran/__linux__/noble/latest/src/contrib/proxy_0.4-29.tar.gz"],
2026-07-03T19:07:03.5197873Z       "target": "src/contrib/x86_64-pc-linux-gnu-ubuntu-24.04/4.6/proxy_0.4-29.tar.gz",
2026-07-03T19:07:03.5198024Z       "platform": "x86_64-pc-linux-gnu-ubuntu-24.04",
2026-07-03T19:07:03.5198120Z       "rversion": "4.6",
2026-07-03T19:07:03.5198225Z       "directpkg": false,
2026-07-03T19:07:03.5198332Z       "license": "GPL-2 | GPL-3",
2026-07-03T19:07:03.5198485Z       "dep_types": ["Depends", "Imports", "LinkingTo"],
2026-07-03T19:07:03.5198573Z       "params": [],
2026-07-03T19:07:03.5198675Z       "install_args": "",
2026-07-03T19:07:03.5198776Z       "repotype": "cranlike",
2026-07-03T19:07:03.5198873Z       "sysreqs": "",
2026-07-03T19:07:03.5198973Z       "sysreqs_packages": {}
2026-07-03T19:07:03.5199047Z     },
2026-07-03T19:07:03.5199114Z     {
2026-07-03T19:07:03.5199210Z       "ref": "ps",
2026-07-03T19:07:03.5199305Z       "package": "ps",
2026-07-03T19:07:03.5199406Z       "version": "1.9.3",
2026-07-03T19:07:03.5199502Z       "type": "standard",
2026-07-03T19:07:03.5199601Z       "direct": false,
2026-07-03T19:07:03.5199693Z       "binary": true,
2026-07-03T19:07:03.5199797Z       "dependencies": [],
2026-07-03T19:07:03.5199892Z       "vignettes": false,
2026-07-03T19:07:03.5200005Z       "needscompilation": false,
2026-07-03T19:07:03.5200094Z       "metadata": {
2026-07-03T19:07:03.5200206Z         "RemoteType": "standard",
2026-07-03T19:07:03.5200308Z         "RemotePkgRef": "ps",
2026-07-03T19:07:03.5200414Z         "RemoteRef": "ps",
2026-07-03T19:07:03.5200656Z         "RemoteRepos": "https://packagemanager.posit.co/cran/__linux__/noble/latest",
2026-07-03T19:07:03.5200832Z         "RemotePkgPlatform": "x86_64-pc-linux-gnu-ubuntu-24.04",
2026-07-03T19:07:03.5200938Z         "RemoteSha": "1.9.3"
2026-07-03T19:07:03.5201009Z       },
2026-07-03T19:07:03.5201330Z       "sources": ["https://packagemanager.posit.co/cran/__linux__/noble/latest/src/contrib/ps_1.9.3.tar.gz"],
2026-07-03T19:07:03.5201611Z       "target": "src/contrib/x86_64-pc-linux-gnu-ubuntu-24.04/4.6/ps_1.9.3.tar.gz",
2026-07-03T19:07:03.5201762Z       "platform": "x86_64-pc-linux-gnu-ubuntu-24.04",
2026-07-03T19:07:03.5201856Z       "rversion": "4.6",
2026-07-03T19:07:03.5201958Z       "directpkg": false,
2026-07-03T19:07:03.5202073Z       "license": "MIT + file LICENSE",
2026-07-03T19:07:03.5202273Z       "dep_types": ["Depends", "Imports", "LinkingTo"],
2026-07-03T19:07:03.5202361Z       "params": [],
2026-07-03T19:07:03.5202464Z       "install_args": "",
2026-07-03T19:07:03.5202566Z       "repotype": "cranlike",
2026-07-03T19:07:03.5202663Z       "sysreqs": "",
2026-07-03T19:07:03.5202765Z       "sysreqs_packages": {}
2026-07-03T19:07:03.5202839Z     },
2026-07-03T19:07:03.5202906Z     {
2026-07-03T19:07:03.5203008Z       "ref": "purrr",
2026-07-03T19:07:03.5203107Z       "package": "purrr",
2026-07-03T19:07:03.5203209Z       "version": "1.2.2",
2026-07-03T19:07:03.5203340Z       "type": "standard",
2026-07-03T19:07:03.5203449Z       "direct": false,
2026-07-03T19:07:03.5203544Z       "binary": true,
2026-07-03T19:07:03.5203758Z       "dependencies": ["cli", "lifecycle", "magrittr", "rlang", "vctrs"],
2026-07-03T19:07:03.5203863Z       "vignettes": false,
2026-07-03T19:07:03.5203974Z       "needscompilation": false,
2026-07-03T19:07:03.5204069Z       "metadata": {
2026-07-03T19:07:03.5204181Z         "RemoteType": "standard",
2026-07-03T19:07:03.5204295Z         "RemotePkgRef": "purrr",
2026-07-03T19:07:03.5204397Z         "RemoteRef": "purrr",
2026-07-03T19:07:03.5204803Z         "RemoteRepos": "https://packagemanager.posit.co/cran/__linux__/noble/latest",
2026-07-03T19:07:03.5204978Z         "RemotePkgPlatform": "x86_64-pc-linux-gnu-ubuntu-24.04",
2026-07-03T19:07:03.5205083Z         "RemoteSha": "1.2.2"
2026-07-03T19:07:03.5205154Z       },
2026-07-03T19:07:03.5205477Z       "sources": ["https://packagemanager.posit.co/cran/__linux__/noble/latest/src/contrib/purrr_1.2.2.tar.gz"],
2026-07-03T19:07:03.5205709Z       "target": "src/contrib/x86_64-pc-linux-gnu-ubuntu-24.04/4.6/purrr_1.2.2.tar.gz",
2026-07-03T19:07:03.5205859Z       "platform": "x86_64-pc-linux-gnu-ubuntu-24.04",
2026-07-03T19:07:03.5205950Z       "rversion": "4.6",
2026-07-03T19:07:03.5206055Z       "directpkg": false,
2026-07-03T19:07:03.5206165Z       "license": "MIT + file LICENSE",
2026-07-03T19:07:03.5206320Z       "dep_types": ["Depends", "Imports", "LinkingTo"],
2026-07-03T19:07:03.5206405Z       "params": [],
2026-07-03T19:07:03.5206508Z       "install_args": "",
2026-07-03T19:07:03.5206607Z       "repotype": "cranlike",
2026-07-03T19:07:03.5206703Z       "sysreqs": "",
2026-07-03T19:07:03.5206799Z       "sysreqs_packages": {}
2026-07-03T19:07:03.5206871Z     },
2026-07-03T19:07:03.5206943Z     {
2026-07-03T19:07:03.5207030Z       "ref": "R6",
2026-07-03T19:07:03.5207128Z       "package": "R6",
2026-07-03T19:07:03.5207220Z       "version": "2.6.1",
2026-07-03T19:07:03.5207318Z       "type": "standard",
2026-07-03T19:07:03.5207406Z       "direct": false,
2026-07-03T19:07:03.5207497Z       "binary": true,
2026-07-03T19:07:03.5207592Z       "dependencies": [],
2026-07-03T19:07:03.5207690Z       "vignettes": false,
2026-07-03T19:07:03.5207793Z       "needscompilation": false,
2026-07-03T19:07:03.5207884Z       "metadata": {
2026-07-03T19:07:03.5207986Z         "RemoteType": "standard",
2026-07-03T19:07:03.5208095Z         "RemotePkgRef": "R6",
2026-07-03T19:07:03.5208190Z         "RemoteRef": "R6",
2026-07-03T19:07:03.5208428Z         "RemoteRepos": "https://packagemanager.posit.co/cran/__linux__/noble/latest",
2026-07-03T19:07:03.5208599Z         "RemotePkgPlatform": "x86_64-pc-linux-gnu-ubuntu-24.04",
2026-07-03T19:07:03.5208703Z         "RemoteSha": "2.6.1"
2026-07-03T19:07:03.5208772Z       },
2026-07-03T19:07:03.5209082Z       "sources": ["https://packagemanager.posit.co/cran/__linux__/noble/latest/src/contrib/R6_2.6.1.tar.gz"],
2026-07-03T19:07:03.5209303Z       "target": "src/contrib/x86_64-pc-linux-gnu-ubuntu-24.04/4.6/R6_2.6.1.tar.gz",
2026-07-03T19:07:03.5209550Z       "platform": "x86_64-pc-linux-gnu-ubuntu-24.04",
2026-07-03T19:07:03.5209644Z       "rversion": "4.6",
2026-07-03T19:07:03.5209746Z       "directpkg": false,
2026-07-03T19:07:03.5209859Z       "license": "MIT + file LICENSE",
2026-07-03T19:07:03.5210011Z       "dep_types": ["Depends", "Imports", "LinkingTo"],
2026-07-03T19:07:03.5210107Z       "params": [],
2026-07-03T19:07:03.5210248Z       "install_args": "",
2026-07-03T19:07:03.5210355Z       "repotype": "cranlike",
2026-07-03T19:07:03.5210443Z       "sysreqs": "",
2026-07-03T19:07:03.5210548Z       "sysreqs_packages": {}
2026-07-03T19:07:03.5210613Z     },
2026-07-03T19:07:03.5210683Z     {
2026-07-03T19:07:03.5210771Z       "ref": "Rcpp",
2026-07-03T19:07:03.5210873Z       "package": "Rcpp",
2026-07-03T19:07:03.5210972Z       "version": "1.1.1-1.1",
2026-07-03T19:07:03.5211072Z       "type": "standard",
2026-07-03T19:07:03.5211162Z       "direct": false,
2026-07-03T19:07:03.5211255Z       "binary": true,
2026-07-03T19:07:03.5211347Z       "dependencies": [],
2026-07-03T19:07:03.5211447Z       "vignettes": false,
2026-07-03T19:07:03.5211551Z       "needscompilation": false,
2026-07-03T19:07:03.5211641Z       "metadata": {
2026-07-03T19:07:03.5211742Z         "RemoteType": "standard",
2026-07-03T19:07:03.5211852Z         "RemotePkgRef": "Rcpp",
2026-07-03T19:07:03.5211949Z         "RemoteRef": "Rcpp",
2026-07-03T19:07:03.5212424Z         "RemoteRepos": "https://packagemanager.posit.co/cran/__linux__/noble/latest",
2026-07-03T19:07:03.5212597Z         "RemotePkgPlatform": "x86_64-pc-linux-gnu-ubuntu-24.04",
2026-07-03T19:07:03.5212710Z         "RemoteSha": "1.1.1-1.1"
2026-07-03T19:07:03.5212783Z       },
2026-07-03T19:07:03.5213114Z       "sources": ["https://packagemanager.posit.co/cran/__linux__/noble/latest/src/contrib/Rcpp_1.1.1-1.1.tar.gz"],
2026-07-03T19:07:03.5213351Z       "target": "src/contrib/x86_64-pc-linux-gnu-ubuntu-24.04/4.6/Rcpp_1.1.1-1.1.tar.gz",
2026-07-03T19:07:03.5213504Z       "platform": "x86_64-pc-linux-gnu-ubuntu-24.04",
2026-07-03T19:07:03.5213608Z       "rversion": "4.6",
2026-07-03T19:07:03.5213702Z       "directpkg": false,
2026-07-03T19:07:03.5213813Z       "license": "GPL (>= 2)",
2026-07-03T19:07:03.5213957Z       "dep_types": ["Depends", "Imports", "LinkingTo"],
2026-07-03T19:07:03.5214050Z       "params": [],
2026-07-03T19:07:03.5214143Z       "install_args": "",
2026-07-03T19:07:03.5214250Z       "repotype": "cranlike",
2026-07-03T19:07:03.5214337Z       "sysreqs": "",
2026-07-03T19:07:03.5214443Z       "sysreqs_packages": {}
2026-07-03T19:07:03.5214610Z     },
2026-07-03T19:07:03.5214701Z     {
2026-07-03T19:07:03.5214791Z       "ref": "rlang",
2026-07-03T19:07:03.5214890Z       "package": "rlang",
2026-07-03T19:07:03.5214982Z       "version": "1.2.0",
2026-07-03T19:07:03.5215081Z       "type": "standard",
2026-07-03T19:07:03.5215168Z       "direct": false,
2026-07-03T19:07:03.5215259Z       "binary": true,
2026-07-03T19:07:03.5215351Z       "dependencies": [],
2026-07-03T19:07:03.5215451Z       "vignettes": false,
2026-07-03T19:07:03.5215559Z       "needscompilation": false,
2026-07-03T19:07:03.5215652Z       "metadata": {
2026-07-03T19:07:03.5215754Z         "RemoteType": "standard",
2026-07-03T19:07:03.5215861Z         "RemotePkgRef": "rlang",
2026-07-03T19:07:03.5215959Z         "RemoteRef": "rlang",
2026-07-03T19:07:03.5216197Z         "RemoteRepos": "https://packagemanager.posit.co/cran/__linux__/noble/latest",
2026-07-03T19:07:03.5216373Z         "RemotePkgPlatform": "x86_64-pc-linux-gnu-ubuntu-24.04",
2026-07-03T19:07:03.5216477Z         "RemoteSha": "1.2.0"
2026-07-03T19:07:03.5216546Z       },
2026-07-03T19:07:03.5216865Z       "sources": ["https://packagemanager.posit.co/cran/__linux__/noble/latest/src/contrib/rlang_1.2.0.tar.gz"],
2026-07-03T19:07:03.5217098Z       "target": "src/contrib/x86_64-pc-linux-gnu-ubuntu-24.04/4.6/rlang_1.2.0.tar.gz",
2026-07-03T19:07:03.5217240Z       "platform": "x86_64-pc-linux-gnu-ubuntu-24.04",
2026-07-03T19:07:03.5217336Z       "rversion": "4.6",
2026-07-03T19:07:03.5217428Z       "directpkg": false,
2026-07-03T19:07:03.5217599Z       "license": "MIT + file LICENSE",
2026-07-03T19:07:03.5217745Z       "dep_types": ["Depends", "Imports", "LinkingTo"],
2026-07-03T19:07:03.5217836Z       "params": [],
2026-07-03T19:07:03.5217927Z       "install_args": "",
2026-07-03T19:07:03.5218031Z       "repotype": "cranlike",
2026-07-03T19:07:03.5218162Z       "sysreqs": "",
2026-07-03T19:07:03.5218272Z       "sysreqs_packages": {}
2026-07-03T19:07:03.5218337Z     },
2026-07-03T19:07:03.5218410Z     {
2026-07-03T19:07:03.5218507Z       "ref": "rprojroot",
2026-07-03T19:07:03.5218617Z       "package": "rprojroot",
2026-07-03T19:07:03.5218712Z       "version": "2.1.1",
2026-07-03T19:07:03.5218817Z       "type": "standard",
2026-07-03T19:07:03.5218910Z       "direct": false,
2026-07-03T19:07:03.5219010Z       "binary": true,
2026-07-03T19:07:03.5219108Z       "dependencies": [],
2026-07-03T19:07:03.5219213Z       "vignettes": false,
2026-07-03T19:07:03.5219322Z       "needscompilation": false,
2026-07-03T19:07:03.5219418Z       "metadata": {
2026-07-03T19:07:03.5219528Z         "RemoteType": "standard",
2026-07-03T19:07:03.5219650Z         "RemotePkgRef": "rprojroot",
2026-07-03T19:07:03.5219759Z         "RemoteRef": "rprojroot",
2026-07-03T19:07:03.5220006Z         "RemoteRepos": "https://packagemanager.posit.co/cran/__linux__/noble/latest",
2026-07-03T19:07:03.5220195Z         "RemotePkgPlatform": "x86_64-pc-linux-gnu-ubuntu-24.04",
2026-07-03T19:07:03.5220298Z         "RemoteSha": "2.1.1"
2026-07-03T19:07:03.5220378Z       },
2026-07-03T19:07:03.5220724Z       "sources": ["https://packagemanager.posit.co/cran/__linux__/noble/latest/src/contrib/rprojroot_2.1.1.tar.gz"],
2026-07-03T19:07:03.5220990Z       "target": "src/contrib/x86_64-pc-linux-gnu-ubuntu-24.04/4.6/rprojroot_2.1.1.tar.gz",
2026-07-03T19:07:03.5221141Z       "platform": "x86_64-pc-linux-gnu-ubuntu-24.04",
2026-07-03T19:07:03.5221248Z       "rversion": "4.6",
2026-07-03T19:07:03.5221346Z       "directpkg": false,
2026-07-03T19:07:03.5221470Z       "license": "MIT + file LICENSE",
2026-07-03T19:07:03.5221623Z       "dep_types": ["Depends", "Imports", "LinkingTo"],
2026-07-03T19:07:03.5221721Z       "params": [],
2026-07-03T19:07:03.5221819Z       "install_args": "",
2026-07-03T19:07:03.5221928Z       "repotype": "cranlike",
2026-07-03T19:07:03.5222018Z       "sysreqs": "",
2026-07-03T19:07:03.5222131Z       "sysreqs_packages": {}
2026-07-03T19:07:03.5222196Z     },
2026-07-03T19:07:03.5222269Z     {
2026-07-03T19:07:03.5222357Z       "ref": "s2",
2026-07-03T19:07:03.5222459Z       "package": "s2",
2026-07-03T19:07:03.5222558Z       "version": "1.1.11",
2026-07-03T19:07:03.5222659Z       "type": "standard",
2026-07-03T19:07:03.5222752Z       "direct": false,
2026-07-03T19:07:03.5222853Z       "binary": true,
2026-07-03T19:07:03.5222974Z       "dependencies": ["Rcpp", "wk"],
2026-07-03T19:07:03.5223080Z       "vignettes": false,
2026-07-03T19:07:03.5223189Z       "needscompilation": false,
2026-07-03T19:07:03.5223286Z       "metadata": {
2026-07-03T19:07:03.5223397Z         "RemoteType": "standard",
2026-07-03T19:07:03.5223507Z         "RemotePkgRef": "s2",
2026-07-03T19:07:03.5223614Z         "RemoteRef": "s2",
2026-07-03T19:07:03.5223860Z         "RemoteRepos": "https://packagemanager.posit.co/cran/__linux__/noble/latest",
2026-07-03T19:07:03.5224049Z         "RemotePkgPlatform": "x86_64-pc-linux-gnu-ubuntu-24.04",
2026-07-03T19:07:03.5224155Z         "RemoteSha": "1.1.11"
2026-07-03T19:07:03.5224235Z       },
2026-07-03T19:07:03.5224702Z       "sources": ["https://packagemanager.posit.co/cran/__linux__/noble/latest/src/contrib/s2_1.1.11.tar.gz"],
2026-07-03T19:07:03.5225007Z       "target": "src/contrib/x86_64-pc-linux-gnu-ubuntu-24.04/4.6/s2_1.1.11.tar.gz",
2026-07-03T19:07:03.5225203Z       "platform": "x86_64-pc-linux-gnu-ubuntu-24.04",
2026-07-03T19:07:03.5225308Z       "rversion": "4.6",
2026-07-03T19:07:03.5225408Z       "directpkg": false,
2026-07-03T19:07:03.5225541Z       "license": "Apache License (== 2.0)",
2026-07-03T19:07:03.5225747Z       "dep_types": ["Depends", "Imports", "LinkingTo"],
2026-07-03T19:07:03.5225850Z       "params": [],
2026-07-03T19:07:03.5225949Z       "install_args": "",
2026-07-03T19:07:03.5226061Z       "repotype": "cranlike",
2026-07-03T19:07:03.5226238Z       "sysreqs": "cmake, OpenSSL >= 1.0.1, Abseil >= 20230802.0",
2026-07-03T19:07:03.5226351Z       "sysreqs_packages": [
2026-07-03T19:07:03.5226477Z         {
2026-07-03T19:07:03.5226586Z           "sysreq": "Abseil",
2026-07-03T19:07:03.5226708Z           "packages": ["libabsl-dev"],
2026-07-03T19:07:03.5226819Z           "pre_install": {},
2026-07-03T19:07:03.5226920Z           "post_install": {}
2026-07-03T19:07:03.5227007Z         },
2026-07-03T19:07:03.5227090Z         {
2026-07-03T19:07:03.5227189Z           "sysreq": "cmake",
2026-07-03T19:07:03.5227303Z           "packages": ["cmake"],
2026-07-03T19:07:03.5227402Z           "pre_install": {},
2026-07-03T19:07:03.5227508Z           "post_install": {}
2026-07-03T19:07:03.5227587Z         },
2026-07-03T19:07:03.5227667Z         {
2026-07-03T19:07:03.5227774Z           "sysreq": "openssl",
2026-07-03T19:07:03.5227901Z           "packages": ["libssl-dev"],
2026-07-03T19:07:03.5228014Z           "pre_install": {},
2026-07-03T19:07:03.5228133Z           "post_install": {}
2026-07-03T19:07:03.5228205Z         }
2026-07-03T19:07:03.5228284Z       ]
2026-07-03T19:07:03.5228353Z     },
2026-07-03T19:07:03.5228428Z     {
2026-07-03T19:07:03.5228519Z       "ref": "sf",
2026-07-03T19:07:03.5228620Z       "package": "sf",
2026-07-03T19:07:03.5228719Z       "version": "1.1-1",
2026-07-03T19:07:03.5228826Z       "type": "standard",
2026-07-03T19:07:03.5228919Z       "direct": false,
2026-07-03T19:07:03.5229019Z       "binary": true,
2026-07-03T19:07:03.5229178Z       "dependencies": ["classInt", "DBI", "s2", "units"],
2026-07-03T19:07:03.5229285Z       "vignettes": false,
2026-07-03T19:07:03.5229396Z       "needscompilation": false,
2026-07-03T19:07:03.5229495Z       "metadata": {
2026-07-03T19:07:03.5229602Z         "RemoteType": "standard",
2026-07-03T19:07:03.5229719Z         "RemotePkgRef": "sf",
2026-07-03T19:07:03.5229820Z         "RemoteRef": "sf",
2026-07-03T19:07:03.5230070Z         "RemoteRepos": "https://packagemanager.posit.co/cran/__linux__/noble/latest",
2026-07-03T19:07:03.5230252Z         "RemotePkgPlatform": "x86_64-pc-linux-gnu-ubuntu-24.04",
2026-07-03T19:07:03.5230366Z         "RemoteSha": "1.1-1"
2026-07-03T19:07:03.5230440Z       },
2026-07-03T19:07:03.5230787Z       "sources": ["https://packagemanager.posit.co/cran/__linux__/noble/latest/src/contrib/sf_1.1-1.tar.gz"],
2026-07-03T19:07:03.5231046Z       "target": "src/contrib/x86_64-pc-linux-gnu-ubuntu-24.04/4.6/sf_1.1-1.tar.gz",
2026-07-03T19:07:03.5231198Z       "platform": "x86_64-pc-linux-gnu-ubuntu-24.04",
2026-07-03T19:07:03.5231305Z       "rversion": "4.6",
2026-07-03T19:07:03.5231404Z       "directpkg": false,
2026-07-03T19:07:03.5231547Z       "license": "GPL-2 | MIT + file LICENSE",
2026-07-03T19:07:03.5231698Z       "dep_types": ["Depends", "Imports", "LinkingTo"],
2026-07-03T19:07:03.5231801Z       "params": [],
2026-07-03T19:07:03.5231899Z       "install_args": "",
2026-07-03T19:07:03.5232021Z       "repotype": "cranlike",
2026-07-03T19:07:03.5232246Z       "sysreqs": "GDAL (>= 2.0.1), GEOS (>= 3.4.0), PROJ (>= 4.8.0),\n        sqlite3",
2026-07-03T19:07:03.5232355Z       "sysreqs_packages": [
2026-07-03T19:07:03.5232431Z         {
2026-07-03T19:07:03.5232538Z           "sysreq": "gdal",
2026-07-03T19:07:03.5232679Z           "packages": ["libgdal-dev", "gdal-bin"],
2026-07-03T19:07:03.5232789Z           "pre_install": {},
2026-07-03T19:07:03.5232892Z           "post_install": {}
2026-07-03T19:07:03.5232981Z         },
2026-07-03T19:07:03.5233053Z         {
2026-07-03T19:07:03.5233161Z           "sysreq": "geos",
2026-07-03T19:07:03.5233286Z           "packages": ["libgeos-dev"],
2026-07-03T19:07:03.5233397Z           "pre_install": {},
2026-07-03T19:07:03.5233498Z           "post_install": {}
2026-07-03T19:07:03.5233584Z         },
2026-07-03T19:07:03.5233658Z         {
2026-07-03T19:07:03.5233806Z           "sysreq": "proj",
2026-07-03T19:07:03.5233946Z           "packages": ["libproj-dev"],
2026-07-03T19:07:03.5234058Z           "pre_install": {},
2026-07-03T19:07:03.5234176Z           "post_install": {}
2026-07-03T19:07:03.5234255Z         },
2026-07-03T19:07:03.5234335Z         {
2026-07-03T19:07:03.5234590Z           "sysreq": "sqlite3",
2026-07-03T19:07:03.5234740Z           "packages": ["libsqlite3-dev"],
2026-07-03T19:07:03.5234852Z           "pre_install": {},
2026-07-03T19:07:03.5234969Z           "post_install": {}
2026-07-03T19:07:03.5235041Z         }
2026-07-03T19:07:03.5235120Z       ]
2026-07-03T19:07:03.5235188Z     },
2026-07-03T19:07:03.5235261Z     {
2026-07-03T19:07:03.5235358Z       "ref": "stringi",
2026-07-03T19:07:03.5235470Z       "package": "stringi",
2026-07-03T19:07:03.5235570Z       "version": "1.8.7",
2026-07-03T19:07:03.5235677Z       "type": "standard",
2026-07-03T19:07:03.5235771Z       "direct": false,
2026-07-03T19:07:03.5235872Z       "binary": true,
2026-07-03T19:07:03.5235984Z       "dependencies": [],
2026-07-03T19:07:03.5236090Z       "vignettes": false,
2026-07-03T19:07:03.5236202Z       "needscompilation": false,
2026-07-03T19:07:03.5236299Z       "metadata": {
2026-07-03T19:07:03.5236408Z         "RemoteType": "standard",
2026-07-03T19:07:03.5236525Z         "RemotePkgRef": "stringi",
2026-07-03T19:07:03.5236634Z         "RemoteRef": "stringi",
2026-07-03T19:07:03.5236901Z         "RemoteRepos": "https://packagemanager.posit.co/cran/__linux__/noble/latest",
2026-07-03T19:07:03.5237082Z         "RemotePkgPlatform": "x86_64-pc-linux-gnu-ubuntu-24.04",
2026-07-03T19:07:03.5237200Z         "RemoteSha": "1.8.7"
2026-07-03T19:07:03.5237271Z       },
2026-07-03T19:07:03.5237629Z       "sources": ["https://packagemanager.posit.co/cran/__linux__/noble/latest/src/contrib/stringi_1.8.7.tar.gz"],
2026-07-03T19:07:03.5237884Z       "target": "src/contrib/x86_64-pc-linux-gnu-ubuntu-24.04/4.6/stringi_1.8.7.tar.gz",
2026-07-03T19:07:03.5238037Z       "platform": "x86_64-pc-linux-gnu-ubuntu-24.04",
2026-07-03T19:07:03.5238138Z       "rversion": "4.6",
2026-07-03T19:07:03.5238236Z       "directpkg": false,
2026-07-03T19:07:03.5238353Z       "license": "file LICENSE",
2026-07-03T19:07:03.5238504Z       "dep_types": ["Depends", "Imports", "LinkingTo"],
2026-07-03T19:07:03.5238604Z       "params": [],
2026-07-03T19:07:03.5238704Z       "install_args": "",
2026-07-03T19:07:03.5238813Z       "repotype": "cranlike",
2026-07-03T19:07:03.5238936Z       "sysreqs": "ICU4C (>= 61, optional)",
2026-07-03T19:07:03.5239044Z       "sysreqs_packages": [
2026-07-03T19:07:03.5239116Z         {
2026-07-03T19:07:03.5239222Z           "sysreq": "libicu",
2026-07-03T19:07:03.5239339Z           "packages": ["libicu-dev"],
2026-07-03T19:07:03.5239447Z           "pre_install": {},
2026-07-03T19:07:03.5239547Z           "post_install": {}
2026-07-03T19:07:03.5239626Z         }
2026-07-03T19:07:03.5239696Z       ]
2026-07-03T19:07:03.5239770Z     },
2026-07-03T19:07:03.5239837Z     {
2026-07-03T19:07:03.5239942Z       "ref": "stringr",
2026-07-03T19:07:03.5240041Z       "package": "stringr",
2026-07-03T19:07:03.5240147Z       "version": "1.6.0",
2026-07-03T19:07:03.5240245Z       "type": "standard",
2026-07-03T19:07:03.5240344Z       "direct": false,
2026-07-03T19:07:03.5240435Z       "binary": true,
2026-07-03T19:07:03.5240698Z       "dependencies": ["cli", "glue", "lifecycle", "magrittr", "rlang", "stringi", "vctrs"],
2026-07-03T19:07:03.5240793Z       "vignettes": false,
2026-07-03T19:07:03.5240910Z       "needscompilation": false,
2026-07-03T19:07:03.5241006Z       "metadata": {
2026-07-03T19:07:03.5241115Z         "RemoteType": "standard",
2026-07-03T19:07:03.5241236Z         "RemotePkgRef": "stringr",
2026-07-03T19:07:03.5241342Z         "RemoteRef": "stringr",
2026-07-03T19:07:03.5241591Z         "RemoteRepos": "https://packagemanager.posit.co/cran/__linux__/noble/latest",
2026-07-03T19:07:03.5241772Z         "RemotePkgPlatform": "x86_64-pc-linux-gnu-ubuntu-24.04",
2026-07-03T19:07:03.5241933Z         "RemoteSha": "1.6.0"
2026-07-03T19:07:03.5242009Z       },
2026-07-03T19:07:03.5242353Z       "sources": ["https://packagemanager.posit.co/cran/__linux__/noble/latest/src/contrib/stringr_1.6.0.tar.gz"],
2026-07-03T19:07:03.5242597Z       "target": "src/contrib/x86_64-pc-linux-gnu-ubuntu-24.04/4.6/stringr_1.6.0.tar.gz",
2026-07-03T19:07:03.5242800Z       "platform": "x86_64-pc-linux-gnu-ubuntu-24.04",
2026-07-03T19:07:03.5242898Z       "rversion": "4.6",
2026-07-03T19:07:03.5243003Z       "directpkg": false,
2026-07-03T19:07:03.5243119Z       "license": "MIT + file LICENSE",
2026-07-03T19:07:03.5243280Z       "dep_types": ["Depends", "Imports", "LinkingTo"],
2026-07-03T19:07:03.5243372Z       "params": [],
2026-07-03T19:07:03.5243479Z       "install_args": "",
2026-07-03T19:07:03.5243581Z       "repotype": "cranlike",
2026-07-03T19:07:03.5243689Z       "sysreqs": "",
2026-07-03T19:07:03.5243794Z       "sysreqs_packages": {}
2026-07-03T19:07:03.5243871Z     },
2026-07-03T19:07:03.5243939Z     {
2026-07-03T19:07:03.5244046Z       "ref": "testthat",
2026-07-03T19:07:03.5244145Z       "package": "testthat",
2026-07-03T19:07:03.5244246Z       "version": "3.3.2",
2026-07-03T19:07:03.5244350Z       "type": "standard",
2026-07-03T19:07:03.5244440Z       "direct": false,
2026-07-03T19:07:03.5244680Z       "binary": true,
2026-07-03T19:07:03.5245185Z       "dependencies": ["brio", "callr", "cli", "desc", "evaluate", "jsonlite", "lifecycle", "magrittr", "pkgload", "praise", "processx", "ps", "R6", "rlang", "waldo", "withr"],
2026-07-03T19:07:03.5245295Z       "vignettes": false,
2026-07-03T19:07:03.5245403Z       "needscompilation": false,
2026-07-03T19:07:03.5245502Z       "metadata": {
2026-07-03T19:07:03.5245613Z         "RemoteType": "standard",
2026-07-03T19:07:03.5245732Z         "RemotePkgRef": "testthat",
2026-07-03T19:07:03.5245838Z         "RemoteRef": "testthat",
2026-07-03T19:07:03.5246088Z         "RemoteRepos": "https://packagemanager.posit.co/cran/__linux__/noble/latest",
2026-07-03T19:07:03.5246269Z         "RemotePkgPlatform": "x86_64-pc-linux-gnu-ubuntu-24.04",
2026-07-03T19:07:03.5246380Z         "RemoteSha": "3.3.2"
2026-07-03T19:07:03.5246455Z       },
2026-07-03T19:07:03.5246807Z       "sources": ["https://packagemanager.posit.co/cran/__linux__/noble/latest/src/contrib/testthat_3.3.2.tar.gz"],
2026-07-03T19:07:03.5247060Z       "target": "src/contrib/x86_64-pc-linux-gnu-ubuntu-24.04/4.6/testthat_3.3.2.tar.gz",
2026-07-03T19:07:03.5247217Z       "platform": "x86_64-pc-linux-gnu-ubuntu-24.04",
2026-07-03T19:07:03.5247314Z       "rversion": "4.6",
2026-07-03T19:07:03.5247420Z       "directpkg": false,
2026-07-03T19:07:03.5247534Z       "license": "MIT + file LICENSE",
2026-07-03T19:07:03.5247689Z       "dep_types": ["Depends", "Imports", "LinkingTo"],
2026-07-03T19:07:03.5247788Z       "params": [],
2026-07-03T19:07:03.5247884Z       "install_args": "",
2026-07-03T19:07:03.5247992Z       "repotype": "cranlike",
2026-07-03T19:07:03.5248081Z       "sysreqs": "",
2026-07-03T19:07:03.5248193Z       "sysreqs_packages": {}
2026-07-03T19:07:03.5248260Z     },
2026-07-03T19:07:03.5248333Z     {
2026-07-03T19:07:03.5248425Z       "ref": "tibble",
2026-07-03T19:07:03.5248533Z       "package": "tibble",
2026-07-03T19:07:03.5248626Z       "version": "3.3.1",
2026-07-03T19:07:03.5248727Z       "type": "standard",
2026-07-03T19:07:03.5248819Z       "direct": false,
2026-07-03T19:07:03.5248918Z       "binary": true,
2026-07-03T19:07:03.5249182Z       "dependencies": ["cli", "lifecycle", "magrittr", "pillar", "pkgconfig", "rlang", "vctrs"],
2026-07-03T19:07:03.5249286Z       "vignettes": false,
2026-07-03T19:07:03.5249395Z       "needscompilation": false,
2026-07-03T19:07:03.5249492Z       "metadata": {
2026-07-03T19:07:03.5249597Z         "RemoteType": "standard",
2026-07-03T19:07:03.5249711Z         "RemotePkgRef": "tibble",
2026-07-03T19:07:03.5249814Z         "RemoteRef": "tibble",
2026-07-03T19:07:03.5250057Z         "RemoteRepos": "https://packagemanager.posit.co/cran/__linux__/noble/latest",
2026-07-03T19:07:03.5250280Z         "RemotePkgPlatform": "x86_64-pc-linux-gnu-ubuntu-24.04",
2026-07-03T19:07:03.5250389Z         "RemoteSha": "3.3.1"
2026-07-03T19:07:03.5250461Z       },
2026-07-03T19:07:03.5250796Z       "sources": ["https://packagemanager.posit.co/cran/__linux__/noble/latest/src/contrib/tibble_3.3.1.tar.gz"],
2026-07-03T19:07:03.5251088Z       "target": "src/contrib/x86_64-pc-linux-gnu-ubuntu-24.04/4.6/tibble_3.3.1.tar.gz",
2026-07-03T19:07:03.5251232Z       "platform": "x86_64-pc-linux-gnu-ubuntu-24.04",
2026-07-03T19:07:03.5251335Z       "rversion": "4.6",
2026-07-03T19:07:03.5251430Z       "directpkg": false,
2026-07-03T19:07:03.5251552Z       "license": "MIT + file LICENSE",
2026-07-03T19:07:03.5251698Z       "dep_types": ["Depends", "Imports", "LinkingTo"],
2026-07-03T19:07:03.5251793Z       "params": [],
2026-07-03T19:07:03.5251887Z       "install_args": "",
2026-07-03T19:07:03.5251995Z       "repotype": "cranlike",
2026-07-03T19:07:03.5252083Z       "sysreqs": "",
2026-07-03T19:07:03.5252193Z       "sysreqs_packages": {}
2026-07-03T19:07:03.5252258Z     },
2026-07-03T19:07:03.5252331Z     {
2026-07-03T19:07:03.5252421Z       "ref": "tidyr",
2026-07-03T19:07:03.5252524Z       "package": "tidyr",
2026-07-03T19:07:03.5252619Z       "version": "1.3.2",
2026-07-03T19:07:03.5252722Z       "type": "standard",
2026-07-03T19:07:03.5252816Z       "direct": false,
2026-07-03T19:07:03.5252912Z       "binary": true,
2026-07-03T19:07:03.5253275Z       "dependencies": ["cli", "dplyr", "glue", "lifecycle", "magrittr", "purrr", "rlang", "stringr", "tibble", "tidyselect", "vctrs"],
2026-07-03T19:07:03.5253379Z       "vignettes": false,
2026-07-03T19:07:03.5253486Z       "needscompilation": false,
2026-07-03T19:07:03.5253581Z       "metadata": {
2026-07-03T19:07:03.5253687Z         "RemoteType": "standard",
2026-07-03T19:07:03.5253800Z         "RemotePkgRef": "tidyr",
2026-07-03T19:07:03.5253900Z         "RemoteRef": "tidyr",
2026-07-03T19:07:03.5254147Z         "RemoteRepos": "https://packagemanager.posit.co/cran/__linux__/noble/latest",
2026-07-03T19:07:03.5254330Z         "RemotePkgPlatform": "x86_64-pc-linux-gnu-ubuntu-24.04",
2026-07-03T19:07:03.5254428Z         "RemoteSha": "1.3.2"
2026-07-03T19:07:03.5254608Z       },
2026-07-03T19:07:03.5254944Z       "sources": ["https://packagemanager.posit.co/cran/__linux__/noble/latest/src/contrib/tidyr_1.3.2.tar.gz"],
2026-07-03T19:07:03.5255187Z       "target": "src/contrib/x86_64-pc-linux-gnu-ubuntu-24.04/4.6/tidyr_1.3.2.tar.gz",
2026-07-03T19:07:03.5255332Z       "platform": "x86_64-pc-linux-gnu-ubuntu-24.04",
2026-07-03T19:07:03.5255435Z       "rversion": "4.6",
2026-07-03T19:07:03.5255531Z       "directpkg": false,
2026-07-03T19:07:03.5255650Z       "license": "MIT + file LICENSE",
2026-07-03T19:07:03.5255796Z       "dep_types": ["Depends", "Imports", "LinkingTo"],
2026-07-03T19:07:03.5255892Z       "params": [],
2026-07-03T19:07:03.5255987Z       "install_args": "",
2026-07-03T19:07:03.5256097Z       "repotype": "cranlike",
2026-07-03T19:07:03.5256187Z       "sysreqs": "",
2026-07-03T19:07:03.5256297Z       "sysreqs_packages": {}
2026-07-03T19:07:03.5256363Z     },
2026-07-03T19:07:03.5256437Z     {
2026-07-03T19:07:03.5256536Z       "ref": "tidyselect",
2026-07-03T19:07:03.5256651Z       "package": "tidyselect",
2026-07-03T19:07:03.5256743Z       "version": "1.2.1",
2026-07-03T19:07:03.5256846Z       "type": "standard",
2026-07-03T19:07:03.5256938Z       "direct": false,
2026-07-03T19:07:03.5257034Z       "binary": true,
2026-07-03T19:07:03.5257241Z       "dependencies": ["cli", "glue", "lifecycle", "rlang", "vctrs", "withr"],
2026-07-03T19:07:03.5257345Z       "vignettes": false,
2026-07-03T19:07:03.5257461Z       "needscompilation": false,
2026-07-03T19:07:03.5257548Z       "metadata": {
2026-07-03T19:07:03.5257659Z         "RemoteType": "standard",
2026-07-03T19:07:03.5257774Z         "RemotePkgRef": "tidyselect",
2026-07-03T19:07:03.5257886Z         "RemoteRef": "tidyselect",
2026-07-03T19:07:03.5258172Z         "RemoteRepos": "https://packagemanager.posit.co/cran/__linux__/noble/latest",
2026-07-03T19:07:03.5258358Z         "RemotePkgPlatform": "x86_64-pc-linux-gnu-ubuntu-24.04",
2026-07-03T19:07:03.5258457Z         "RemoteSha": "1.2.1"
2026-07-03T19:07:03.5258534Z       },
2026-07-03T19:07:03.5258879Z       "sources": ["https://packagemanager.posit.co/cran/__linux__/noble/latest/src/contrib/tidyselect_1.2.1.tar.gz"],
2026-07-03T19:07:03.5259190Z       "target": "src/contrib/x86_64-pc-linux-gnu-ubuntu-24.04/4.6/tidyselect_1.2.1.tar.gz",
2026-07-03T19:07:03.5259333Z       "platform": "x86_64-pc-linux-gnu-ubuntu-24.04",
2026-07-03T19:07:03.5259434Z       "rversion": "4.6",
2026-07-03T19:07:03.5259527Z       "directpkg": false,
2026-07-03T19:07:03.5259645Z       "license": "MIT + file LICENSE",
2026-07-03T19:07:03.5259790Z       "dep_types": ["Depends", "Imports", "LinkingTo"],
2026-07-03T19:07:03.5259886Z       "params": [],
2026-07-03T19:07:03.5259981Z       "install_args": "",
2026-07-03T19:07:03.5260087Z       "repotype": "cranlike",
2026-07-03T19:07:03.5260175Z       "sysreqs": "",
2026-07-03T19:07:03.5260285Z       "sysreqs_packages": {}
2026-07-03T19:07:03.5260348Z     },
2026-07-03T19:07:03.5260418Z     {
2026-07-03T19:07:03.5260514Z       "ref": "timechange",
2026-07-03T19:07:03.5260624Z       "package": "timechange",
2026-07-03T19:07:03.5260723Z       "version": "0.4.0",
2026-07-03T19:07:03.5260820Z       "type": "standard",
2026-07-03T19:07:03.5260915Z       "direct": false,
2026-07-03T19:07:03.5261005Z       "binary": true,
2026-07-03T19:07:03.5261106Z       "dependencies": [],
2026-07-03T19:07:03.5261201Z       "vignettes": false,
2026-07-03T19:07:03.5261311Z       "needscompilation": false,
2026-07-03T19:07:03.5261397Z       "metadata": {
2026-07-03T19:07:03.5261508Z         "RemoteType": "standard",
2026-07-03T19:07:03.5261623Z         "RemotePkgRef": "timechange",
2026-07-03T19:07:03.5261737Z         "RemoteRef": "timechange",
2026-07-03T19:07:03.5261978Z         "RemoteRepos": "https://packagemanager.posit.co/cran/__linux__/noble/latest",
2026-07-03T19:07:03.5262161Z         "RemotePkgPlatform": "x86_64-pc-linux-gnu-ubuntu-24.04",
2026-07-03T19:07:03.5262261Z         "RemoteSha": "0.4.0"
2026-07-03T19:07:03.5262340Z       },
2026-07-03T19:07:03.5262686Z       "sources": ["https://packagemanager.posit.co/cran/__linux__/noble/latest/src/contrib/timechange_0.4.0.tar.gz"],
2026-07-03T19:07:03.5262951Z       "target": "src/contrib/x86_64-pc-linux-gnu-ubuntu-24.04/4.6/timechange_0.4.0.tar.gz",
2026-07-03T19:07:03.5263097Z       "platform": "x86_64-pc-linux-gnu-ubuntu-24.04",
2026-07-03T19:07:03.5263201Z       "rversion": "4.6",
2026-07-03T19:07:03.5263296Z       "directpkg": false,
2026-07-03T19:07:03.5263407Z       "license": "GPL (>= 3)",
2026-07-03T19:07:03.5263554Z       "dep_types": ["Depends", "Imports", "LinkingTo"],
2026-07-03T19:07:03.5263652Z       "params": [],
2026-07-03T19:07:03.5263755Z       "install_args": "",
2026-07-03T19:07:03.5263858Z       "repotype": "cranlike",
2026-07-03T19:07:03.5264274Z       "sysreqs": "A system with zoneinfo data (e.g.\n        /usr/share/zoneinfo). On Windows the zoneinfo included with R\n        is used.",
2026-07-03T19:07:03.5264377Z       "sysreqs_packages": {}
2026-07-03T19:07:03.5264452Z     },
2026-07-03T19:07:03.5264637Z     {
2026-07-03T19:07:03.5264746Z       "ref": "tzdb",
2026-07-03T19:07:03.5264842Z       "package": "tzdb",
2026-07-03T19:07:03.5264950Z       "version": "0.5.0",
2026-07-03T19:07:03.5265048Z       "type": "standard",
2026-07-03T19:07:03.5265149Z       "direct": false,
2026-07-03T19:07:03.5265240Z       "binary": true,
2026-07-03T19:07:03.5265347Z       "dependencies": [],
2026-07-03T19:07:03.5265442Z       "vignettes": false,
2026-07-03T19:07:03.5265560Z       "needscompilation": false,
2026-07-03T19:07:03.5265648Z       "metadata": {
2026-07-03T19:07:03.5265764Z         "RemoteType": "standard",
2026-07-03T19:07:03.5265869Z         "RemotePkgRef": "tzdb",
2026-07-03T19:07:03.5265977Z         "RemoteRef": "tzdb",
2026-07-03T19:07:03.5266273Z         "RemoteRepos": "https://packagemanager.posit.co/cran/__linux__/noble/latest",
2026-07-03T19:07:03.5266463Z         "RemotePkgPlatform": "x86_64-pc-linux-gnu-ubuntu-24.04",
2026-07-03T19:07:03.5266563Z         "RemoteSha": "0.5.0"
2026-07-03T19:07:03.5266649Z       },
2026-07-03T19:07:03.5266975Z       "sources": ["https://packagemanager.posit.co/cran/__linux__/noble/latest/src/contrib/tzdb_0.5.0.tar.gz"],
2026-07-03T19:07:03.5267293Z       "target": "src/contrib/x86_64-pc-linux-gnu-ubuntu-24.04/4.6/tzdb_0.5.0.tar.gz",
2026-07-03T19:07:03.5267447Z       "platform": "x86_64-pc-linux-gnu-ubuntu-24.04",
2026-07-03T19:07:03.5267542Z       "rversion": "4.6",
2026-07-03T19:07:03.5267644Z       "directpkg": false,
2026-07-03T19:07:03.5267757Z       "license": "MIT + file LICENSE",
2026-07-03T19:07:03.5267909Z       "dep_types": ["Depends", "Imports", "LinkingTo"],
2026-07-03T19:07:03.5268000Z       "params": [],
2026-07-03T19:07:03.5268101Z       "install_args": "",
2026-07-03T19:07:03.5268204Z       "repotype": "cranlike",
2026-07-03T19:07:03.5268300Z       "sysreqs": "",
2026-07-03T19:07:03.5268401Z       "sysreqs_packages": {}
2026-07-03T19:07:03.5268474Z     },
2026-07-03T19:07:03.5268539Z     {
2026-07-03T19:07:03.5268635Z       "ref": "units",
2026-07-03T19:07:03.5268731Z       "package": "units",
2026-07-03T19:07:03.5268832Z       "version": "1.0-1",
2026-07-03T19:07:03.5268925Z       "type": "standard",
2026-07-03T19:07:03.5269028Z       "direct": false,
2026-07-03T19:07:03.5269118Z       "binary": true,
2026-07-03T19:07:03.5269231Z       "dependencies": ["Rcpp"],
2026-07-03T19:07:03.5269325Z       "vignettes": false,
2026-07-03T19:07:03.5269438Z       "needscompilation": false,
2026-07-03T19:07:03.5269524Z       "metadata": {
2026-07-03T19:07:03.5269637Z         "RemoteType": "standard",
2026-07-03T19:07:03.5269740Z         "RemotePkgRef": "units",
2026-07-03T19:07:03.5269849Z         "RemoteRef": "units",
2026-07-03T19:07:03.5270085Z         "RemoteRepos": "https://packagemanager.posit.co/cran/__linux__/noble/latest",
2026-07-03T19:07:03.5270267Z         "RemotePkgPlatform": "x86_64-pc-linux-gnu-ubuntu-24.04",
2026-07-03T19:07:03.5270373Z         "RemoteSha": "1.0-1"
2026-07-03T19:07:03.5270444Z       },
2026-07-03T19:07:03.5270774Z       "sources": ["https://packagemanager.posit.co/cran/__linux__/noble/latest/src/contrib/units_1.0-1.tar.gz"],
2026-07-03T19:07:03.5271009Z       "target": "src/contrib/x86_64-pc-linux-gnu-ubuntu-24.04/4.6/units_1.0-1.tar.gz",
2026-07-03T19:07:03.5271162Z       "platform": "x86_64-pc-linux-gnu-ubuntu-24.04",
2026-07-03T19:07:03.5271256Z       "rversion": "4.6",
2026-07-03T19:07:03.5271357Z       "directpkg": false,
2026-07-03T19:07:03.5271453Z       "license": "GPL-2",
2026-07-03T19:07:03.5271604Z       "dep_types": ["Depends", "Imports", "LinkingTo"],
2026-07-03T19:07:03.5271692Z       "params": [],
2026-07-03T19:07:03.5271795Z       "install_args": "",
2026-07-03T19:07:03.5271897Z       "repotype": "cranlike",
2026-07-03T19:07:03.5272004Z       "sysreqs": "udunits-2",
2026-07-03T19:07:03.5272103Z       "sysreqs_packages": [
2026-07-03T19:07:03.5272187Z         {
2026-07-03T19:07:03.5272289Z           "sysreq": "udunits2",
2026-07-03T19:07:03.5272422Z           "packages": ["libudunits2-dev"],
2026-07-03T19:07:03.5272523Z           "pre_install": {},
2026-07-03T19:07:03.5272632Z           "post_install": {}
2026-07-03T19:07:03.5272705Z         }
2026-07-03T19:07:03.5272784Z       ]
2026-07-03T19:07:03.5272850Z     },
2026-07-03T19:07:03.5272924Z     {
2026-07-03T19:07:03.5273012Z       "ref": "utf8",
2026-07-03T19:07:03.5273114Z       "package": "utf8",
2026-07-03T19:07:03.5273208Z       "version": "1.2.6",
2026-07-03T19:07:03.5273312Z       "type": "standard",
2026-07-03T19:07:03.5273402Z       "direct": false,
2026-07-03T19:07:03.5273498Z       "binary": true,
2026-07-03T19:07:03.5273594Z       "dependencies": [],
2026-07-03T19:07:03.5273696Z       "vignettes": false,
2026-07-03T19:07:03.5273810Z       "needscompilation": false,
2026-07-03T19:07:03.5273898Z       "metadata": {
2026-07-03T19:07:03.5274012Z         "RemoteType": "standard",
2026-07-03T19:07:03.5274153Z         "RemotePkgRef": "utf8",
2026-07-03T19:07:03.5274259Z         "RemoteRef": "utf8",
2026-07-03T19:07:03.5274642Z         "RemoteRepos": "https://packagemanager.posit.co/cran/__linux__/noble/latest",
2026-07-03T19:07:03.5274838Z         "RemotePkgPlatform": "x86_64-pc-linux-gnu-ubuntu-24.04",
2026-07-03T19:07:03.5274993Z         "RemoteSha": "1.2.6"
2026-07-03T19:07:03.5275074Z       },
2026-07-03T19:07:03.5275397Z       "sources": ["https://packagemanager.posit.co/cran/__linux__/noble/latest/src/contrib/utf8_1.2.6.tar.gz"],
2026-07-03T19:07:03.5275634Z       "target": "src/contrib/x86_64-pc-linux-gnu-ubuntu-24.04/4.6/utf8_1.2.6.tar.gz",
2026-07-03T19:07:03.5275780Z       "platform": "x86_64-pc-linux-gnu-ubuntu-24.04",
2026-07-03T19:07:03.5275885Z       "rversion": "4.6",
2026-07-03T19:07:03.5275983Z       "directpkg": false,
2026-07-03T19:07:03.5276154Z       "license": "Apache License (== 2.0) | file LICENSE",
2026-07-03T19:07:03.5276305Z       "dep_types": ["Depends", "Imports", "LinkingTo"],
2026-07-03T19:07:03.5276414Z       "params": [],
2026-07-03T19:07:03.5276509Z       "install_args": "",
2026-07-03T19:07:03.5276623Z       "repotype": "cranlike",
2026-07-03T19:07:03.5276713Z       "sysreqs": "",
2026-07-03T19:07:03.5276820Z       "sysreqs_packages": {}
2026-07-03T19:07:03.5276884Z     },
2026-07-03T19:07:03.5276958Z     {
2026-07-03T19:07:03.5277049Z       "ref": "vctrs",
2026-07-03T19:07:03.5277150Z       "package": "vctrs",
2026-07-03T19:07:03.5277251Z       "version": "0.7.3",
2026-07-03T19:07:03.5277347Z       "type": "standard",
2026-07-03T19:07:03.5277444Z       "direct": false,
2026-07-03T19:07:03.5277535Z       "binary": true,
2026-07-03T19:07:03.5277706Z       "dependencies": ["cli", "glue", "lifecycle", "rlang"],
2026-07-03T19:07:03.5277802Z       "vignettes": false,
2026-07-03T19:07:03.5277915Z       "needscompilation": false,
2026-07-03T19:07:03.5278002Z       "metadata": {
2026-07-03T19:07:03.5278115Z         "RemoteType": "standard",
2026-07-03T19:07:03.5278221Z         "RemotePkgRef": "vctrs",
2026-07-03T19:07:03.5278328Z         "RemoteRef": "vctrs",
2026-07-03T19:07:03.5278566Z         "RemoteRepos": "https://packagemanager.posit.co/cran/__linux__/noble/latest",
2026-07-03T19:07:03.5278745Z         "RemotePkgPlatform": "x86_64-pc-linux-gnu-ubuntu-24.04",
2026-07-03T19:07:03.5278846Z         "RemoteSha": "0.7.3"
2026-07-03T19:07:03.5278926Z       },
2026-07-03T19:07:03.5279246Z       "sources": ["https://packagemanager.posit.co/cran/__linux__/noble/latest/src/contrib/vctrs_0.7.3.tar.gz"],
2026-07-03T19:07:03.5279485Z       "target": "src/contrib/x86_64-pc-linux-gnu-ubuntu-24.04/4.6/vctrs_0.7.3.tar.gz",
2026-07-03T19:07:03.5279632Z       "platform": "x86_64-pc-linux-gnu-ubuntu-24.04",
2026-07-03T19:07:03.5279733Z       "rversion": "4.6",
2026-07-03T19:07:03.5279830Z       "directpkg": false,
2026-07-03T19:07:03.5279950Z       "license": "MIT + file LICENSE",
2026-07-03T19:07:03.5280093Z       "dep_types": ["Depends", "Imports", "LinkingTo"],
2026-07-03T19:07:03.5280188Z       "params": [],
2026-07-03T19:07:03.5280290Z       "install_args": "",
2026-07-03T19:07:03.5280662Z       "repotype": "cranlike",
2026-07-03T19:07:03.5280762Z       "sysreqs": "",
2026-07-03T19:07:03.5280861Z       "sysreqs_packages": {}
2026-07-03T19:07:03.5280933Z     },
2026-07-03T19:07:03.5280997Z     {
2026-07-03T19:07:03.5281096Z       "ref": "waldo",
2026-07-03T19:07:03.5281191Z       "package": "waldo",
2026-07-03T19:07:03.5281290Z       "version": "0.6.2",
2026-07-03T19:07:03.5281385Z       "type": "standard",
2026-07-03T19:07:03.5281481Z       "direct": false,
2026-07-03T19:07:03.5281571Z       "binary": true,
2026-07-03T19:07:03.5281730Z       "dependencies": ["cli", "diffobj", "glue", "rlang"],
2026-07-03T19:07:03.5281827Z       "vignettes": false,
2026-07-03T19:07:03.5281941Z       "needscompilation": false,
2026-07-03T19:07:03.5282028Z       "metadata": {
2026-07-03T19:07:03.5282143Z         "RemoteType": "standard",
2026-07-03T19:07:03.5282248Z         "RemotePkgRef": "waldo",
2026-07-03T19:07:03.5282409Z         "RemoteRef": "waldo",
2026-07-03T19:07:03.5282654Z         "RemoteRepos": "https://packagemanager.posit.co/cran/__linux__/noble/latest",
2026-07-03T19:07:03.5282839Z         "RemotePkgPlatform": "x86_64-pc-linux-gnu-ubuntu-24.04",
2026-07-03T19:07:03.5282938Z         "RemoteSha": "0.6.2"
2026-07-03T19:07:03.5283058Z       },
2026-07-03T19:07:03.5283383Z       "sources": ["https://packagemanager.posit.co/cran/__linux__/noble/latest/src/contrib/waldo_0.6.2.tar.gz"],
2026-07-03T19:07:03.5283618Z       "target": "src/contrib/x86_64-pc-linux-gnu-ubuntu-24.04/4.6/waldo_0.6.2.tar.gz",
2026-07-03T19:07:03.5283770Z       "platform": "x86_64-pc-linux-gnu-ubuntu-24.04",
2026-07-03T19:07:03.5283866Z       "rversion": "4.6",
2026-07-03T19:07:03.5283966Z       "directpkg": false,
2026-07-03T19:07:03.5284079Z       "license": "MIT + file LICENSE",
2026-07-03T19:07:03.5284231Z       "dep_types": ["Depends", "Imports", "LinkingTo"],
2026-07-03T19:07:03.5284321Z       "params": [],
2026-07-03T19:07:03.5284426Z       "install_args": "",
2026-07-03T19:07:03.5284789Z       "repotype": "cranlike",
2026-07-03T19:07:03.5284893Z       "sysreqs": "",
2026-07-03T19:07:03.5284994Z       "sysreqs_packages": {}
2026-07-03T19:07:03.5285066Z     },
2026-07-03T19:07:03.5285132Z     {
2026-07-03T19:07:03.5285228Z       "ref": "withr",
2026-07-03T19:07:03.5285328Z       "package": "withr",
2026-07-03T19:07:03.5285431Z       "version": "3.0.3",
2026-07-03T19:07:03.5285525Z       "type": "standard",
2026-07-03T19:07:03.5285624Z       "direct": false,
2026-07-03T19:07:03.5285714Z       "binary": true,
2026-07-03T19:07:03.5285817Z       "dependencies": [],
2026-07-03T19:07:03.5285914Z       "vignettes": false,
2026-07-03T19:07:03.5286032Z       "needscompilation": false,
2026-07-03T19:07:03.5286119Z       "metadata": {
2026-07-03T19:07:03.5286233Z         "RemoteType": "standard",
2026-07-03T19:07:03.5286337Z         "RemotePkgRef": "withr",
2026-07-03T19:07:03.5286448Z         "RemoteRef": "withr",
2026-07-03T19:07:03.5286687Z         "RemoteRepos": "https://packagemanager.posit.co/cran/__linux__/noble/latest",
2026-07-03T19:07:03.5286873Z         "RemotePkgPlatform": "x86_64-pc-linux-gnu-ubuntu-24.04",
2026-07-03T19:07:03.5286972Z         "RemoteSha": "3.0.3"
2026-07-03T19:07:03.5287054Z       },
2026-07-03T19:07:03.5287384Z       "sources": ["https://packagemanager.posit.co/cran/__linux__/noble/latest/src/contrib/withr_3.0.3.tar.gz"],
2026-07-03T19:07:03.5287618Z       "target": "src/contrib/x86_64-pc-linux-gnu-ubuntu-24.04/4.6/withr_3.0.3.tar.gz",
2026-07-03T19:07:03.5287771Z       "platform": "x86_64-pc-linux-gnu-ubuntu-24.04",
2026-07-03T19:07:03.5287866Z       "rversion": "4.6",
2026-07-03T19:07:03.5287969Z       "directpkg": false,
2026-07-03T19:07:03.5288081Z       "license": "MIT + file LICENSE",
2026-07-03T19:07:03.5288234Z       "dep_types": ["Depends", "Imports", "LinkingTo"],
2026-07-03T19:07:03.5288323Z       "params": [],
2026-07-03T19:07:03.5288425Z       "install_args": "",
2026-07-03T19:07:03.5288530Z       "repotype": "cranlike",
2026-07-03T19:07:03.5288627Z       "sysreqs": "",
2026-07-03T19:07:03.5288726Z       "sysreqs_packages": {}
2026-07-03T19:07:03.5288797Z     },
2026-07-03T19:07:03.5288862Z     {
2026-07-03T19:07:03.5288956Z       "ref": "wk",
2026-07-03T19:07:03.5289049Z       "package": "wk",
2026-07-03T19:07:03.5289153Z       "version": "0.9.5",
2026-07-03T19:07:03.5289246Z       "type": "standard",
2026-07-03T19:07:03.5289344Z       "direct": false,
2026-07-03T19:07:03.5289432Z       "binary": true,
2026-07-03T19:07:03.5289536Z       "dependencies": [],
2026-07-03T19:07:03.5289629Z       "vignettes": false,
2026-07-03T19:07:03.5289742Z       "needscompilation": false,
2026-07-03T19:07:03.5289829Z       "metadata": {
2026-07-03T19:07:03.5289940Z         "RemoteType": "standard",
2026-07-03T19:07:03.5290041Z         "RemotePkgRef": "wk",
2026-07-03T19:07:03.5290146Z         "RemoteRef": "wk",
2026-07-03T19:07:03.5290385Z         "RemoteRepos": "https://packagemanager.posit.co/cran/__linux__/noble/latest",
2026-07-03T19:07:03.5290617Z         "RemotePkgPlatform": "x86_64-pc-linux-gnu-ubuntu-24.04",
2026-07-03T19:07:03.5290725Z         "RemoteSha": "0.9.5"
2026-07-03T19:07:03.5290798Z       },
2026-07-03T19:07:03.5291115Z       "sources": ["https://packagemanager.posit.co/cran/__linux__/noble/latest/src/contrib/wk_0.9.5.tar.gz"],
2026-07-03T19:07:03.5291392Z       "target": "src/contrib/x86_64-pc-linux-gnu-ubuntu-24.04/4.6/wk_0.9.5.tar.gz",
2026-07-03T19:07:03.5291544Z       "platform": "x86_64-pc-linux-gnu-ubuntu-24.04",
2026-07-03T19:07:03.5291637Z       "rversion": "4.6",
2026-07-03T19:07:03.5291737Z       "directpkg": false,
2026-07-03T19:07:03.5291849Z       "license": "MIT + file LICENSE",
2026-07-03T19:07:03.5291999Z       "dep_types": ["Depends", "Imports", "LinkingTo"],
2026-07-03T19:07:03.5292088Z       "params": [],
2026-07-03T19:07:03.5292189Z       "install_args": "",
2026-07-03T19:07:03.5292289Z       "repotype": "cranlike",
2026-07-03T19:07:03.5292387Z       "sysreqs": "",
2026-07-03T19:07:03.5292488Z       "sysreqs_packages": {}
2026-07-03T19:07:03.5292560Z     },
2026-07-03T19:07:03.5292624Z     {
2026-07-03T19:07:03.5292726Z       "ref": "askpass",
2026-07-03T19:07:03.5292827Z       "package": "askpass",
2026-07-03T19:07:03.5292929Z       "version": "1.2.1",
2026-07-03T19:07:03.5293021Z       "type": "standard",
2026-07-03T19:07:03.5293124Z       "direct": false,
2026-07-03T19:07:03.5293214Z       "binary": true,
2026-07-03T19:07:03.5293327Z       "dependencies": ["sys"],
2026-07-03T19:07:03.5293422Z       "vignettes": false,
2026-07-03T19:07:03.5293536Z       "needscompilation": false,
2026-07-03T19:07:03.5293622Z       "metadata": {
2026-07-03T19:07:03.5293736Z         "RemoteType": "standard",
2026-07-03T19:07:03.5293851Z         "RemotePkgRef": "askpass",
2026-07-03T19:07:03.5293955Z         "RemoteRef": "askpass",
2026-07-03T19:07:03.5294198Z         "RemoteRepos": "https://packagemanager.posit.co/cran/__linux__/noble/latest",
2026-07-03T19:07:03.5294376Z         "RemotePkgPlatform": "x86_64-pc-linux-gnu-ubuntu-24.04",
2026-07-03T19:07:03.5294592Z         "RemoteSha": "1.2.1"
2026-07-03T19:07:03.5294715Z       },
2026-07-03T19:07:03.5295058Z       "sources": ["https://packagemanager.posit.co/cran/__linux__/noble/latest/src/contrib/askpass_1.2.1.tar.gz"],
2026-07-03T19:07:03.5295301Z       "target": "src/contrib/x86_64-pc-linux-gnu-ubuntu-24.04/4.6/askpass_1.2.1.tar.gz",
2026-07-03T19:07:03.5295462Z       "platform": "x86_64-pc-linux-gnu-ubuntu-24.04",
2026-07-03T19:07:03.5295559Z       "rversion": "4.6",
2026-07-03T19:07:03.5295662Z       "directpkg": false,
2026-07-03T19:07:03.5295777Z       "license": "MIT + file LICENSE",
2026-07-03T19:07:03.5295933Z       "dep_types": ["Depends", "Imports", "LinkingTo"],
2026-07-03T19:07:03.5296024Z       "params": [],
2026-07-03T19:07:03.5296129Z       "install_args": "",
2026-07-03T19:07:03.5296231Z       "repotype": "cranlike",
2026-07-03T19:07:03.5296329Z       "sysreqs": "",
2026-07-03T19:07:03.5296432Z       "sysreqs_packages": {}
2026-07-03T19:07:03.5296510Z     },
2026-07-03T19:07:03.5296578Z     {
2026-07-03T19:07:03.5296685Z       "ref": "base64enc",
2026-07-03T19:07:03.5296789Z       "package": "base64enc",
2026-07-03T19:07:03.5296893Z       "version": "0.1-6",
2026-07-03T19:07:03.5296986Z       "type": "standard",
2026-07-03T19:07:03.5297084Z       "direct": false,
2026-07-03T19:07:03.5297183Z       "binary": true,
2026-07-03T19:07:03.5297278Z       "dependencies": [],
2026-07-03T19:07:03.5297379Z       "vignettes": false,
2026-07-03T19:07:03.5297486Z       "needscompilation": false,
2026-07-03T19:07:03.5297580Z       "metadata": {
2026-07-03T19:07:03.5297686Z         "RemoteType": "standard",
2026-07-03T19:07:03.5297804Z         "RemotePkgRef": "base64enc",
2026-07-03T19:07:03.5297910Z         "RemoteRef": "base64enc",
2026-07-03T19:07:03.5298153Z         "RemoteRepos": "https://packagemanager.posit.co/cran/__linux__/noble/latest",
2026-07-03T19:07:03.5298326Z         "RemotePkgPlatform": "x86_64-pc-linux-gnu-ubuntu-24.04",
2026-07-03T19:07:03.5298486Z         "RemoteSha": "0.1-6"
2026-07-03T19:07:03.5298560Z       },
2026-07-03T19:07:03.5298901Z       "sources": ["https://packagemanager.posit.co/cran/__linux__/noble/latest/src/contrib/base64enc_0.1-6.tar.gz"],
2026-07-03T19:07:03.5299150Z       "target": "src/contrib/x86_64-pc-linux-gnu-ubuntu-24.04/4.6/base64enc_0.1-6.tar.gz",
2026-07-03T19:07:03.5299353Z       "platform": "x86_64-pc-linux-gnu-ubuntu-24.04",
2026-07-03T19:07:03.5299449Z       "rversion": "4.6",
2026-07-03T19:07:03.5299551Z       "directpkg": false,
2026-07-03T19:07:03.5299658Z       "license": "GPL-2 | GPL-3",
2026-07-03T19:07:03.5299814Z       "dep_types": ["Depends", "Imports", "LinkingTo"],
2026-07-03T19:07:03.5299900Z       "params": [],
2026-07-03T19:07:03.5300005Z       "install_args": "",
2026-07-03T19:07:03.5300105Z       "repotype": "cranlike",
2026-07-03T19:07:03.5300200Z       "sysreqs": "",
2026-07-03T19:07:03.5300308Z       "sysreqs_packages": {}
2026-07-03T19:07:03.5300373Z     },
2026-07-03T19:07:03.5300444Z     {
2026-07-03T19:07:03.5300532Z       "ref": "bigD",
2026-07-03T19:07:03.5300634Z       "package": "bigD",
2026-07-03T19:07:03.5300726Z       "version": "0.3.1",
2026-07-03T19:07:03.5300827Z       "type": "standard",
2026-07-03T19:07:03.5300914Z       "direct": false,
2026-07-03T19:07:03.5301010Z       "binary": true,
2026-07-03T19:07:03.5301110Z       "dependencies": [],
2026-07-03T19:07:03.5301209Z       "vignettes": false,
2026-07-03T19:07:03.5301315Z       "needscompilation": false,
2026-07-03T19:07:03.5301406Z       "metadata": {
2026-07-03T19:07:03.5301512Z         "RemoteType": "standard",
2026-07-03T19:07:03.5301624Z         "RemotePkgRef": "bigD",
2026-07-03T19:07:03.5301722Z         "RemoteRef": "bigD",
2026-07-03T19:07:03.5301966Z         "RemoteRepos": "https://packagemanager.posit.co/cran/__linux__/noble/latest",
2026-07-03T19:07:03.5302140Z         "RemotePkgPlatform": "x86_64-pc-linux-gnu-ubuntu-24.04",
2026-07-03T19:07:03.5302242Z         "RemoteSha": "0.3.1"
2026-07-03T19:07:03.5302312Z       },
2026-07-03T19:07:03.5302644Z       "sources": ["https://packagemanager.posit.co/cran/__linux__/noble/latest/src/contrib/bigD_0.3.1.tar.gz"],
2026-07-03T19:07:03.5302874Z       "target": "src/contrib/x86_64-pc-linux-gnu-ubuntu-24.04/4.6/bigD_0.3.1.tar.gz",
2026-07-03T19:07:03.5303060Z       "platform": "x86_64-pc-linux-gnu-ubuntu-24.04",
2026-07-03T19:07:03.5303165Z       "rversion": "4.6",
2026-07-03T19:07:03.5303266Z       "directpkg": false,
2026-07-03T19:07:03.5303380Z       "license": "MIT + file LICENSE",
2026-07-03T19:07:03.5303532Z       "dep_types": ["Depends", "Imports", "LinkingTo"],
2026-07-03T19:07:03.5303625Z       "params": [],
2026-07-03T19:07:03.5303720Z       "install_args": "",
2026-07-03T19:07:03.5303829Z       "repotype": "cranlike",
2026-07-03T19:07:03.5303918Z       "sysreqs": "",
2026-07-03T19:07:03.5304025Z       "sysreqs_packages": {}
2026-07-03T19:07:03.5304090Z     },
2026-07-03T19:07:03.5304161Z     {
2026-07-03T19:07:03.5304252Z       "ref": "bitops",
2026-07-03T19:07:03.5304361Z       "package": "bitops",
2026-07-03T19:07:03.5304457Z       "version": "1.0-9",
2026-07-03T19:07:03.5304821Z       "type": "standard",
2026-07-03T19:07:03.5304922Z       "direct": false,
2026-07-03T19:07:03.5305022Z       "binary": true,
2026-07-03T19:07:03.5305121Z       "dependencies": [],
2026-07-03T19:07:03.5305229Z       "vignettes": false,
2026-07-03T19:07:03.5305338Z       "needscompilation": false,
2026-07-03T19:07:03.5305435Z       "metadata": {
2026-07-03T19:07:03.5305541Z         "RemoteType": "standard",
2026-07-03T19:07:03.5305655Z         "RemotePkgRef": "bitops",
2026-07-03T19:07:03.5305761Z         "RemoteRef": "bitops",
2026-07-03T19:07:03.5306013Z         "RemoteRepos": "https://packagemanager.posit.co/cran/__linux__/noble/latest",
2026-07-03T19:07:03.5306194Z         "RemotePkgPlatform": "x86_64-pc-linux-gnu-ubuntu-24.04",
2026-07-03T19:07:03.5306303Z         "RemoteSha": "1.0-9"
2026-07-03T19:07:03.5306376Z       },
2026-07-03T19:07:03.5306766Z       "sources": ["https://packagemanager.posit.co/cran/__linux__/noble/latest/src/contrib/bitops_1.0-9.tar.gz"],
2026-07-03T19:07:03.5307011Z       "target": "src/contrib/x86_64-pc-linux-gnu-ubuntu-24.04/4.6/bitops_1.0-9.tar.gz",
2026-07-03T19:07:03.5307169Z       "platform": "x86_64-pc-linux-gnu-ubuntu-24.04",
2026-07-03T19:07:03.5307273Z       "rversion": "4.6",
2026-07-03T19:07:03.5307420Z       "directpkg": false,
2026-07-03T19:07:03.5307533Z       "license": "GPL (>= 2)",
2026-07-03T19:07:03.5307682Z       "dep_types": ["Depends", "Imports", "LinkingTo"],
2026-07-03T19:07:03.5307775Z       "params": [],
2026-07-03T19:07:03.5307873Z       "install_args": "",
2026-07-03T19:07:03.5307978Z       "repotype": "cranlike",
2026-07-03T19:07:03.5308067Z       "sysreqs": "",
2026-07-03T19:07:03.5308173Z       "sysreqs_packages": {}
2026-07-03T19:07:03.5308238Z     },
2026-07-03T19:07:03.5308310Z     {
2026-07-03T19:07:03.5308399Z       "ref": "bslib",
2026-07-03T19:07:03.5308504Z       "package": "bslib",
2026-07-03T19:07:03.5308600Z       "version": "0.11.0",
2026-07-03T19:07:03.5308706Z       "type": "standard",
2026-07-03T19:07:03.5308798Z       "direct": false,
2026-07-03T19:07:03.5308894Z       "binary": true,
2026-07-03T19:07:03.5309304Z       "dependencies": ["base64enc", "cachem", "fastmap", "htmltools", "jquerylib", "jsonlite", "lifecycle", "memoise", "mime", "rlang", "sass"],
2026-07-03T19:07:03.5309411Z       "vignettes": false,
2026-07-03T19:07:03.5309519Z       "needscompilation": false,
2026-07-03T19:07:03.5309614Z       "metadata": {
2026-07-03T19:07:03.5309722Z         "RemoteType": "standard",
2026-07-03T19:07:03.5309836Z         "RemotePkgRef": "bslib",
2026-07-03T19:07:03.5309935Z         "RemoteRef": "bslib",
2026-07-03T19:07:03.5310185Z         "RemoteRepos": "https://packagemanager.posit.co/cran/__linux__/noble/latest",
2026-07-03T19:07:03.5310359Z         "RemotePkgPlatform": "x86_64-pc-linux-gnu-ubuntu-24.04",
2026-07-03T19:07:03.5310467Z         "RemoteSha": "0.11.0"
2026-07-03T19:07:03.5310545Z       },
2026-07-03T19:07:03.5310877Z       "sources": ["https://packagemanager.posit.co/cran/__linux__/noble/latest/src/contrib/bslib_0.11.0.tar.gz"],
2026-07-03T19:07:03.5311119Z       "target": "src/contrib/x86_64-pc-linux-gnu-ubuntu-24.04/4.6/bslib_0.11.0.tar.gz",
2026-07-03T19:07:03.5311266Z       "platform": "x86_64-pc-linux-gnu-ubuntu-24.04",
2026-07-03T19:07:03.5311371Z       "rversion": "4.6",
2026-07-03T19:07:03.5311469Z       "directpkg": false,
2026-07-03T19:07:03.5311589Z       "license": "MIT + file LICENSE",
2026-07-03T19:07:03.5311735Z       "dep_types": ["Depends", "Imports", "LinkingTo"],
2026-07-03T19:07:03.5311832Z       "params": [],
2026-07-03T19:07:03.5311926Z       "install_args": "",
2026-07-03T19:07:03.5312033Z       "repotype": "cranlike",
2026-07-03T19:07:03.5312122Z       "sysreqs": "",
2026-07-03T19:07:03.5312229Z       "sysreqs_packages": {}
2026-07-03T19:07:03.5312292Z     },
2026-07-03T19:07:03.5312368Z     {
2026-07-03T19:07:03.5312459Z       "ref": "cachem",
2026-07-03T19:07:03.5312564Z       "package": "cachem",
2026-07-03T19:07:03.5312661Z       "version": "1.1.0",
2026-07-03T19:07:03.5312759Z       "type": "standard",
2026-07-03T19:07:03.5312852Z       "direct": false,
2026-07-03T19:07:03.5312947Z       "binary": true,
2026-07-03T19:07:03.5313071Z       "dependencies": ["fastmap", "rlang"],
2026-07-03T19:07:03.5313173Z       "vignettes": false,
2026-07-03T19:07:03.5313282Z       "needscompilation": false,
2026-07-03T19:07:03.5313378Z       "metadata": {
2026-07-03T19:07:03.5313484Z         "RemoteType": "standard",
2026-07-03T19:07:03.5313595Z         "RemotePkgRef": "cachem",
2026-07-03T19:07:03.5313705Z         "RemoteRef": "cachem",
2026-07-03T19:07:03.5313943Z         "RemoteRepos": "https://packagemanager.posit.co/cran/__linux__/noble/latest",
2026-07-03T19:07:03.5314123Z         "RemotePkgPlatform": "x86_64-pc-linux-gnu-ubuntu-24.04",
2026-07-03T19:07:03.5314222Z         "RemoteSha": "1.1.0"
2026-07-03T19:07:03.5314299Z       },
2026-07-03T19:07:03.5314866Z       "sources": ["https://packagemanager.posit.co/cran/__linux__/noble/latest/src/contrib/cachem_1.1.0.tar.gz"],
2026-07-03T19:07:03.5315118Z       "target": "src/contrib/x86_64-pc-linux-gnu-ubuntu-24.04/4.6/cachem_1.1.0.tar.gz",
2026-07-03T19:07:03.5315268Z       "platform": "x86_64-pc-linux-gnu-ubuntu-24.04",
2026-07-03T19:07:03.5315371Z       "rversion": "4.6",
2026-07-03T19:07:03.5315516Z       "directpkg": false,
2026-07-03T19:07:03.5315637Z       "license": "MIT + file LICENSE",
2026-07-03T19:07:03.5315784Z       "dep_types": ["Depends", "Imports", "LinkingTo"],
2026-07-03T19:07:03.5315882Z       "params": [],
2026-07-03T19:07:03.5315978Z       "install_args": "",
2026-07-03T19:07:03.5316088Z       "repotype": "cranlike",
2026-07-03T19:07:03.5316178Z       "sysreqs": "",
2026-07-03T19:07:03.5316286Z       "sysreqs_packages": {}
2026-07-03T19:07:03.5316351Z     },
2026-07-03T19:07:03.5316424Z     {
2026-07-03T19:07:03.5316514Z       "ref": "clipr",
2026-07-03T19:07:03.5316619Z       "package": "clipr",
2026-07-03T19:07:03.5316712Z       "version": "0.8.1",
2026-07-03T19:07:03.5316821Z       "type": "standard",
2026-07-03T19:07:03.5316912Z       "direct": false,
2026-07-03T19:07:03.5317008Z       "binary": true,
2026-07-03T19:07:03.5317111Z       "dependencies": [],
2026-07-03T19:07:03.5317207Z       "vignettes": false,
2026-07-03T19:07:03.5317322Z       "needscompilation": false,
2026-07-03T19:07:03.5317413Z       "metadata": {
2026-07-03T19:07:03.5317525Z         "RemoteType": "standard",
2026-07-03T19:07:03.5317630Z         "RemotePkgRef": "clipr",
2026-07-03T19:07:03.5317736Z         "RemoteRef": "clipr",
2026-07-03T19:07:03.5317972Z         "RemoteRepos": "https://packagemanager.posit.co/cran/__linux__/noble/latest",
2026-07-03T19:07:03.5318156Z         "RemotePkgPlatform": "x86_64-pc-linux-gnu-ubuntu-24.04",
2026-07-03T19:07:03.5318255Z         "RemoteSha": "0.8.1"
2026-07-03T19:07:03.5318335Z       },
2026-07-03T19:07:03.5318661Z       "sources": ["https://packagemanager.posit.co/cran/__linux__/noble/latest/src/contrib/clipr_0.8.1.tar.gz"],
2026-07-03T19:07:03.5318911Z       "target": "src/contrib/x86_64-pc-linux-gnu-ubuntu-24.04/4.6/clipr_0.8.1.tar.gz",
2026-07-03T19:07:03.5319057Z       "platform": "x86_64-pc-linux-gnu-ubuntu-24.04",
2026-07-03T19:07:03.5319160Z       "rversion": "4.6",
2026-07-03T19:07:03.5319257Z       "directpkg": false,
2026-07-03T19:07:03.5319363Z       "license": "GPL-3",
2026-07-03T19:07:03.5319509Z       "dep_types": ["Depends", "Imports", "LinkingTo"],
2026-07-03T19:07:03.5319604Z       "params": [],
2026-07-03T19:07:03.5319699Z       "install_args": "",
2026-07-03T19:07:03.5319810Z       "repotype": "cranlike",
2026-07-03T19:07:03.5320657Z       "sysreqs": "xclip (https://github.com/astrand/xclip) or xsel\n        (http://www.vergenet.net/~conrad/software/xsel/) for accessing\n        the X11 clipboard, or wl-clipboard\n        (https://github.com/bugaevc/wl-clipboard) for systems using\n        Wayland.",
2026-07-03T19:07:03.5320759Z       "sysreqs_packages": [
2026-07-03T19:07:03.5320841Z         {
2026-07-03T19:07:03.5320941Z           "sysreq": "x11",
2026-07-03T19:07:03.5321066Z           "packages": ["libx11-dev"],
2026-07-03T19:07:03.5321166Z           "pre_install": {},
2026-07-03T19:07:03.5321275Z           "post_install": {}
2026-07-03T19:07:03.5321348Z         }
2026-07-03T19:07:03.5321422Z       ]
2026-07-03T19:07:03.5321487Z     },
2026-07-03T19:07:03.5321561Z     {
2026-07-03T19:07:03.5321661Z       "ref": "commonmark",
2026-07-03T19:07:03.5321774Z       "package": "commonmark",
2026-07-03T19:07:03.5321869Z       "version": "2.0.0",
2026-07-03T19:07:03.5321971Z       "type": "standard",
2026-07-03T19:07:03.5322061Z       "direct": false,
2026-07-03T19:07:03.5322157Z       "binary": true,
2026-07-03T19:07:03.5322253Z       "dependencies": [],
2026-07-03T19:07:03.5322355Z       "vignettes": false,
2026-07-03T19:07:03.5322464Z       "needscompilation": false,
2026-07-03T19:07:03.5322559Z       "metadata": {
2026-07-03T19:07:03.5322662Z         "RemoteType": "standard",
2026-07-03T19:07:03.5322823Z         "RemotePkgRef": "commonmark",
2026-07-03T19:07:03.5322933Z         "RemoteRef": "commonmark",
2026-07-03T19:07:03.5323182Z         "RemoteRepos": "https://packagemanager.posit.co/cran/__linux__/noble/latest",
2026-07-03T19:07:03.5323358Z         "RemotePkgPlatform": "x86_64-pc-linux-gnu-ubuntu-24.04",
2026-07-03T19:07:03.5323461Z         "RemoteSha": "2.0.0"
2026-07-03T19:07:03.5323577Z       },
2026-07-03T19:07:03.5323918Z       "sources": ["https://packagemanager.posit.co/cran/__linux__/noble/latest/src/contrib/commonmark_2.0.0.tar.gz"],
2026-07-03T19:07:03.5324179Z       "target": "src/contrib/x86_64-pc-linux-gnu-ubuntu-24.04/4.6/commonmark_2.0.0.tar.gz",
2026-07-03T19:07:03.5324327Z       "platform": "x86_64-pc-linux-gnu-ubuntu-24.04",
2026-07-03T19:07:03.5324430Z       "rversion": "4.6",
2026-07-03T19:07:03.5324767Z       "directpkg": false,
2026-07-03T19:07:03.5324917Z       "license": "BSD_2_clause + file LICENSE",
2026-07-03T19:07:03.5325065Z       "dep_types": ["Depends", "Imports", "LinkingTo"],
2026-07-03T19:07:03.5325165Z       "params": [],
2026-07-03T19:07:03.5325261Z       "install_args": "",
2026-07-03T19:07:03.5325369Z       "repotype": "cranlike",
2026-07-03T19:07:03.5325456Z       "sysreqs": "",
2026-07-03T19:07:03.5325564Z       "sysreqs_packages": {}
2026-07-03T19:07:03.5325631Z     },
2026-07-03T19:07:03.5325704Z     {
2026-07-03T19:07:03.5325795Z       "ref": "covr",
2026-07-03T19:07:03.5325899Z       "package": "covr",
2026-07-03T19:07:03.5325995Z       "version": "3.6.5",
2026-07-03T19:07:03.5326097Z       "type": "standard",
2026-07-03T19:07:03.5326189Z       "direct": false,
2026-07-03T19:07:03.5326286Z       "binary": true,
2026-07-03T19:07:03.5326509Z       "dependencies": ["cli", "digest", "httr", "jsonlite", "rex", "withr", "yaml"],
2026-07-03T19:07:03.5326613Z       "vignettes": false,
2026-07-03T19:07:03.5326723Z       "needscompilation": false,
2026-07-03T19:07:03.5326818Z       "metadata": {
2026-07-03T19:07:03.5326924Z         "RemoteType": "standard",
2026-07-03T19:07:03.5327037Z         "RemotePkgRef": "covr",
2026-07-03T19:07:03.5327144Z         "RemoteRef": "covr",
2026-07-03T19:07:03.5327380Z         "RemoteRepos": "https://packagemanager.posit.co/cran/__linux__/noble/latest",
2026-07-03T19:07:03.5327563Z         "RemotePkgPlatform": "x86_64-pc-linux-gnu-ubuntu-24.04",
2026-07-03T19:07:03.5327664Z         "RemoteSha": "3.6.5"
2026-07-03T19:07:03.5327743Z       },
2026-07-03T19:07:03.5328063Z       "sources": ["https://packagemanager.posit.co/cran/__linux__/noble/latest/src/contrib/covr_3.6.5.tar.gz"],
2026-07-03T19:07:03.5328302Z       "target": "src/contrib/x86_64-pc-linux-gnu-ubuntu-24.04/4.6/covr_3.6.5.tar.gz",
2026-07-03T19:07:03.5328447Z       "platform": "x86_64-pc-linux-gnu-ubuntu-24.04",
2026-07-03T19:07:03.5328547Z       "rversion": "4.6",
2026-07-03T19:07:03.5328642Z       "directpkg": false,
2026-07-03T19:07:03.5328762Z       "license": "MIT + file LICENSE",
2026-07-03T19:07:03.5328908Z       "dep_types": ["Depends", "Imports", "LinkingTo"],
2026-07-03T19:07:03.5329004Z       "params": [],
2026-07-03T19:07:03.5329101Z       "install_args": "",
2026-07-03T19:07:03.5329210Z       "repotype": "cranlike",
2026-07-03T19:07:03.5329297Z       "sysreqs": "",
2026-07-03T19:07:03.5329404Z       "sysreqs_packages": {}
2026-07-03T19:07:03.5329468Z     },
2026-07-03T19:07:03.5329541Z     {
2026-07-03T19:07:03.5329646Z       "ref": "credentials",
2026-07-03T19:07:03.5329760Z       "package": "credentials",
2026-07-03T19:07:03.5329854Z       "version": "2.0.3",
2026-07-03T19:07:03.5329954Z       "type": "standard",
2026-07-03T19:07:03.5330046Z       "direct": false,
2026-07-03T19:07:03.5330143Z       "binary": true,
2026-07-03T19:07:03.5330346Z       "dependencies": ["askpass", "curl", "jsonlite", "openssl", "sys"],
2026-07-03T19:07:03.5330442Z       "vignettes": false,
2026-07-03T19:07:03.5330557Z       "needscompilation": false,
2026-07-03T19:07:03.5330643Z       "metadata": {
2026-07-03T19:07:03.5330756Z         "RemoteType": "standard",
2026-07-03T19:07:03.5330870Z         "RemotePkgRef": "credentials",
2026-07-03T19:07:03.5331041Z         "RemoteRef": "credentials",
2026-07-03T19:07:03.5331278Z         "RemoteRepos": "https://packagemanager.posit.co/cran/__linux__/noble/latest",
2026-07-03T19:07:03.5331459Z         "RemotePkgPlatform": "x86_64-pc-linux-gnu-ubuntu-24.04",
2026-07-03T19:07:03.5331557Z         "RemoteSha": "2.0.3"
2026-07-03T19:07:03.5331714Z       },
2026-07-03T19:07:03.5332060Z       "sources": ["https://packagemanager.posit.co/cran/__linux__/noble/latest/src/contrib/credentials_2.0.3.tar.gz"],
2026-07-03T19:07:03.5332322Z       "target": "src/contrib/x86_64-pc-linux-gnu-ubuntu-24.04/4.6/credentials_2.0.3.tar.gz",
2026-07-03T19:07:03.5332468Z       "platform": "x86_64-pc-linux-gnu-ubuntu-24.04",
2026-07-03T19:07:03.5332570Z       "rversion": "4.6",
2026-07-03T19:07:03.5332665Z       "directpkg": false,
2026-07-03T19:07:03.5332786Z       "license": "MIT + file LICENSE",
2026-07-03T19:07:03.5332930Z       "dep_types": ["Depends", "Imports", "LinkingTo"],
2026-07-03T19:07:03.5333027Z       "params": [],
2026-07-03T19:07:03.5333123Z       "install_args": "",
2026-07-03T19:07:03.5333232Z       "repotype": "cranlike",
2026-07-03T19:07:03.5333343Z       "sysreqs": "git (optional)",
2026-07-03T19:07:03.5333452Z       "sysreqs_packages": [
2026-07-03T19:07:03.5333530Z         {
2026-07-03T19:07:03.5333626Z           "sysreq": "git",
2026-07-03T19:07:03.5333736Z           "packages": ["git"],
2026-07-03T19:07:03.5333837Z           "pre_install": {},
2026-07-03T19:07:03.5333946Z           "post_install": {}
2026-07-03T19:07:03.5334019Z         }
2026-07-03T19:07:03.5334093Z       ]
2026-07-03T19:07:03.5334157Z     },
2026-07-03T19:07:03.5334228Z     {
2026-07-03T19:07:03.5334316Z       "ref": "curl",
2026-07-03T19:07:03.5334419Z       "package": "curl",
2026-07-03T19:07:03.5334609Z       "version": "7.1.0",
2026-07-03T19:07:03.5334786Z       "type": "standard",
2026-07-03T19:07:03.5334878Z       "direct": false,
2026-07-03T19:07:03.5334974Z       "binary": true,
2026-07-03T19:07:03.5335072Z       "dependencies": [],
2026-07-03T19:07:03.5335173Z       "vignettes": false,
2026-07-03T19:07:03.5335281Z       "needscompilation": false,
2026-07-03T19:07:03.5335379Z       "metadata": {
2026-07-03T19:07:03.5335484Z         "RemoteType": "standard",
2026-07-03T19:07:03.5335595Z         "RemotePkgRef": "curl",
2026-07-03T19:07:03.5335697Z         "RemoteRef": "curl",
2026-07-03T19:07:03.5335948Z         "RemoteRepos": "https://packagemanager.posit.co/cran/__linux__/noble/latest",
2026-07-03T19:07:03.5336127Z         "RemotePkgPlatform": "x86_64-pc-linux-gnu-ubuntu-24.04",
2026-07-03T19:07:03.5336236Z         "RemoteSha": "7.1.0"
2026-07-03T19:07:03.5336308Z       },
2026-07-03T19:07:03.5336639Z       "sources": ["https://packagemanager.posit.co/cran/__linux__/noble/latest/src/contrib/curl_7.1.0.tar.gz"],
2026-07-03T19:07:03.5336867Z       "target": "src/contrib/x86_64-pc-linux-gnu-ubuntu-24.04/4.6/curl_7.1.0.tar.gz",
2026-07-03T19:07:03.5337023Z       "platform": "x86_64-pc-linux-gnu-ubuntu-24.04",
2026-07-03T19:07:03.5337129Z       "rversion": "4.6",
2026-07-03T19:07:03.5337227Z       "directpkg": false,
2026-07-03T19:07:03.5337348Z       "license": "MIT + file LICENSE",
2026-07-03T19:07:03.5337497Z       "dep_types": ["Depends", "Imports", "LinkingTo"],
2026-07-03T19:07:03.5337594Z       "params": [],
2026-07-03T19:07:03.5337693Z       "install_args": "",
2026-07-03T19:07:03.5337805Z       "repotype": "cranlike",
2026-07-03T19:07:03.5338074Z       "sysreqs": "libcurl (>= 7.73): libcurl-devel (rpm) or\n        libcurl4-openssl-dev (deb)",
2026-07-03T19:07:03.5338181Z       "sysreqs_packages": [
2026-07-03T19:07:03.5338253Z         {
2026-07-03T19:07:03.5338362Z           "sysreq": "libcurl",
2026-07-03T19:07:03.5338498Z           "packages": ["libcurl4-openssl-dev"],
2026-07-03T19:07:03.5338604Z           "pre_install": {},
2026-07-03T19:07:03.5338703Z           "post_install": {}
2026-07-03T19:07:03.5338789Z         },
2026-07-03T19:07:03.5338860Z         {
2026-07-03T19:07:03.5338970Z           "sysreq": "openssl",
2026-07-03T19:07:03.5339134Z           "packages": ["libssl-dev"],
2026-07-03T19:07:03.5339242Z           "pre_install": {},
2026-07-03T19:07:03.5339340Z           "post_install": {}
2026-07-03T19:07:03.5339423Z         }
2026-07-03T19:07:03.5339494Z       ]
2026-07-03T19:07:03.5339570Z     },
2026-07-03T19:07:03.5339682Z     {
2026-07-03T19:07:03.5339787Z       "ref": "diffviewer",
2026-07-03T19:07:03.5339890Z       "package": "diffviewer",
2026-07-03T19:07:03.5339990Z       "version": "0.1.2",
2026-07-03T19:07:03.5340084Z       "type": "standard",
2026-07-03T19:07:03.5340180Z       "direct": false,
2026-07-03T19:07:03.5340271Z       "binary": true,
2026-07-03T19:07:03.5340420Z       "dependencies": ["htmlwidgets", "jsonlite"],
2026-07-03T19:07:03.5340521Z       "vignettes": false,
2026-07-03T19:07:03.5340628Z       "needscompilation": false,
2026-07-03T19:07:03.5340723Z       "metadata": {
2026-07-03T19:07:03.5340828Z         "RemoteType": "standard",
2026-07-03T19:07:03.5340952Z         "RemotePkgRef": "diffviewer",
2026-07-03T19:07:03.5341060Z         "RemoteRef": "diffviewer",
2026-07-03T19:07:03.5341307Z         "RemoteRepos": "https://packagemanager.posit.co/cran/__linux__/noble/latest",
2026-07-03T19:07:03.5341484Z         "RemotePkgPlatform": "x86_64-pc-linux-gnu-ubuntu-24.04",
2026-07-03T19:07:03.5341592Z         "RemoteSha": "0.1.2"
2026-07-03T19:07:03.5341666Z       },
2026-07-03T19:07:03.5342013Z       "sources": ["https://packagemanager.posit.co/cran/__linux__/noble/latest/src/contrib/diffviewer_0.1.2.tar.gz"],
2026-07-03T19:07:03.5342280Z       "target": "src/contrib/x86_64-pc-linux-gnu-ubuntu-24.04/4.6/diffviewer_0.1.2.tar.gz",
2026-07-03T19:07:03.5342433Z       "platform": "x86_64-pc-linux-gnu-ubuntu-24.04",
2026-07-03T19:07:03.5342529Z       "rversion": "4.6",
2026-07-03T19:07:03.5342632Z       "directpkg": false,
2026-07-03T19:07:03.5342748Z       "license": "MIT + file LICENSE",
2026-07-03T19:07:03.5342914Z       "dep_types": ["Depends", "Imports", "LinkingTo"],
2026-07-03T19:07:03.5343011Z       "params": [],
2026-07-03T19:07:03.5343125Z       "install_args": "",
2026-07-03T19:07:03.5343235Z       "repotype": "cranlike",
2026-07-03T19:07:03.5343337Z       "sysreqs": "",
2026-07-03T19:07:03.5343444Z       "sysreqs_packages": {}
2026-07-03T19:07:03.5343521Z     },
2026-07-03T19:07:03.5343598Z     {
2026-07-03T19:07:03.5343700Z       "ref": "digest",
2026-07-03T19:07:03.5343813Z       "package": "digest",
2026-07-03T19:07:03.5343917Z       "version": "0.6.39",
2026-07-03T19:07:03.5344025Z       "type": "standard",
2026-07-03T19:07:03.5344123Z       "direct": false,
2026-07-03T19:07:03.5344231Z       "binary": true,
2026-07-03T19:07:03.5344342Z       "dependencies": [],
2026-07-03T19:07:03.5344451Z       "vignettes": false,
2026-07-03T19:07:03.5344722Z       "needscompilation": false,
2026-07-03T19:07:03.5344844Z       "metadata": {
2026-07-03T19:07:03.5344962Z         "RemoteType": "standard",
2026-07-03T19:07:03.5345088Z         "RemotePkgRef": "digest",
2026-07-03T19:07:03.5345203Z         "RemoteRef": "digest",
2026-07-03T19:07:03.5345472Z         "RemoteRepos": "https://packagemanager.posit.co/cran/__linux__/noble/latest",
2026-07-03T19:07:03.5345665Z         "RemotePkgPlatform": "x86_64-pc-linux-gnu-ubuntu-24.04",
2026-07-03T19:07:03.5345786Z         "RemoteSha": "0.6.39"
2026-07-03T19:07:03.5345864Z       },
2026-07-03T19:07:03.5346238Z       "sources": ["https://packagemanager.posit.co/cran/__linux__/noble/latest/src/contrib/digest_0.6.39.tar.gz"],
2026-07-03T19:07:03.5346502Z       "target": "src/contrib/x86_64-pc-linux-gnu-ubuntu-24.04/4.6/digest_0.6.39.tar.gz",
2026-07-03T19:07:03.5346671Z       "platform": "x86_64-pc-linux-gnu-ubuntu-24.04",
2026-07-03T19:07:03.5346775Z       "rversion": "4.6",
2026-07-03T19:07:03.5346888Z       "directpkg": false,
2026-07-03T19:07:03.5347001Z       "license": "GPL (>= 2)",
2026-07-03T19:07:03.5347171Z       "dep_types": ["Depends", "Imports", "LinkingTo"],
2026-07-03T19:07:03.5347276Z       "params": [],
2026-07-03T19:07:03.5347381Z       "install_args": "",
2026-07-03T19:07:03.5347549Z       "repotype": "cranlike",
2026-07-03T19:07:03.5347648Z       "sysreqs": "",
2026-07-03T19:07:03.5347765Z       "sysreqs_packages": {}
2026-07-03T19:07:03.5347840Z     },
2026-07-03T19:07:03.5347918Z     {
2026-07-03T19:07:03.5348020Z       "ref": "downlit",
2026-07-03T19:07:03.5348185Z       "package": "downlit",
2026-07-03T19:07:03.5348289Z       "version": "0.4.5",
2026-07-03T19:07:03.5348398Z       "type": "standard",
2026-07-03T19:07:03.5348495Z       "direct": false,
2026-07-03T19:07:03.5348599Z       "binary": true,
2026-07-03T19:07:03.5348937Z       "dependencies": ["brio", "desc", "digest", "evaluate", "fansi", "memoise", "rlang", "vctrs", "withr", "yaml"],
2026-07-03T19:07:03.5349048Z       "vignettes": false,
2026-07-03T19:07:03.5349164Z       "needscompilation": false,
2026-07-03T19:07:03.5349267Z       "metadata": {
2026-07-03T19:07:03.5349382Z         "RemoteType": "standard",
2026-07-03T19:07:03.5349508Z         "RemotePkgRef": "downlit",
2026-07-03T19:07:03.5349623Z         "RemoteRef": "downlit",
2026-07-03T19:07:03.5349887Z         "RemoteRepos": "https://packagemanager.posit.co/cran/__linux__/noble/latest",
2026-07-03T19:07:03.5350079Z         "RemotePkgPlatform": "x86_64-pc-linux-gnu-ubuntu-24.04",
2026-07-03T19:07:03.5350194Z         "RemoteSha": "0.4.5"
2026-07-03T19:07:03.5350273Z       },
2026-07-03T19:07:03.5350643Z       "sources": ["https://packagemanager.posit.co/cran/__linux__/noble/latest/src/contrib/downlit_0.4.5.tar.gz"],
2026-07-03T19:07:03.5350910Z       "target": "src/contrib/x86_64-pc-linux-gnu-ubuntu-24.04/4.6/downlit_0.4.5.tar.gz",
2026-07-03T19:07:03.5351068Z       "platform": "x86_64-pc-linux-gnu-ubuntu-24.04",
2026-07-03T19:07:03.5351177Z       "rversion": "4.6",
2026-07-03T19:07:03.5351282Z       "directpkg": false,
2026-07-03T19:07:03.5351412Z       "license": "MIT + file LICENSE",
2026-07-03T19:07:03.5351573Z       "dep_types": ["Depends", "Imports", "LinkingTo"],
2026-07-03T19:07:03.5351673Z       "params": [],
2026-07-03T19:07:03.5351779Z       "install_args": "",
2026-07-03T19:07:03.5351899Z       "repotype": "cranlike",
2026-07-03T19:07:03.5351995Z       "sysreqs": "",
2026-07-03T19:07:03.5352111Z       "sysreqs_packages": {}
2026-07-03T19:07:03.5352181Z     },
2026-07-03T19:07:03.5352257Z     {
2026-07-03T19:07:03.5352354Z       "ref": "fansi",
2026-07-03T19:07:03.5352469Z       "package": "fansi",
2026-07-03T19:07:03.5352573Z       "version": "1.0.7",
2026-07-03T19:07:03.5352685Z       "type": "standard",
2026-07-03T19:07:03.5352787Z       "direct": false,
2026-07-03T19:07:03.5352894Z       "binary": true,
2026-07-03T19:07:03.5353002Z       "dependencies": [],
2026-07-03T19:07:03.5353115Z       "vignettes": false,
2026-07-03T19:07:03.5353235Z       "needscompilation": false,
2026-07-03T19:07:03.5353340Z       "metadata": {
2026-07-03T19:07:03.5353457Z         "RemoteType": "standard",
2026-07-03T19:07:03.5353584Z         "RemotePkgRef": "fansi",
2026-07-03T19:07:03.5353695Z         "RemoteRef": "fansi",
2026-07-03T19:07:03.5353971Z         "RemoteRepos": "https://packagemanager.posit.co/cran/__linux__/noble/latest",
2026-07-03T19:07:03.5354171Z         "RemotePkgPlatform": "x86_64-pc-linux-gnu-ubuntu-24.04",
2026-07-03T19:07:03.5354290Z         "RemoteSha": "1.0.7"
2026-07-03T19:07:03.5354377Z       },
2026-07-03T19:07:03.5354935Z       "sources": ["https://packagemanager.posit.co/cran/__linux__/noble/latest/src/contrib/fansi_1.0.7.tar.gz"],
2026-07-03T19:07:03.5355213Z       "target": "src/contrib/x86_64-pc-linux-gnu-ubuntu-24.04/4.6/fansi_1.0.7.tar.gz",
2026-07-03T19:07:03.5355376Z       "platform": "x86_64-pc-linux-gnu-ubuntu-24.04",
2026-07-03T19:07:03.5355492Z       "rversion": "4.6",
2026-07-03T19:07:03.5355598Z       "directpkg": false,
2026-07-03T19:07:03.5355737Z       "license": "GPL-2 | GPL-3",
2026-07-03T19:07:03.5355882Z       "dep_types": ["Depends", "Imports", "LinkingTo"],
2026-07-03T19:07:03.5355977Z       "params": [],
2026-07-03T19:07:03.5356074Z       "install_args": "",
2026-07-03T19:07:03.5356237Z       "repotype": "cranlike",
2026-07-03T19:07:03.5356327Z       "sysreqs": "",
2026-07-03T19:07:03.5356440Z       "sysreqs_packages": {}
2026-07-03T19:07:03.5356506Z     },
2026-07-03T19:07:03.5356577Z     {
2026-07-03T19:07:03.5356667Z       "ref": "farver",
2026-07-03T19:07:03.5356772Z       "package": "farver",
2026-07-03T19:07:03.5356910Z       "version": "2.1.2",
2026-07-03T19:07:03.5357009Z       "type": "standard",
2026-07-03T19:07:03.5357100Z       "direct": false,
2026-07-03T19:07:03.5357197Z       "binary": true,
2026-07-03T19:07:03.5357291Z       "dependencies": [],
2026-07-03T19:07:03.5357390Z       "vignettes": false,
2026-07-03T19:07:03.5357499Z       "needscompilation": false,
2026-07-03T19:07:03.5357594Z       "metadata": {
2026-07-03T19:07:03.5357705Z         "RemoteType": "standard",
2026-07-03T19:07:03.5357826Z         "RemotePkgRef": "farver",
2026-07-03T19:07:03.5357936Z         "RemoteRef": "farver",
2026-07-03T19:07:03.5358199Z         "RemoteRepos": "https://packagemanager.posit.co/cran/__linux__/noble/latest",
2026-07-03T19:07:03.5358396Z         "RemotePkgPlatform": "x86_64-pc-linux-gnu-ubuntu-24.04",
2026-07-03T19:07:03.5358504Z         "RemoteSha": "2.1.2"
2026-07-03T19:07:03.5358588Z       },
2026-07-03T19:07:03.5358941Z       "sources": ["https://packagemanager.posit.co/cran/__linux__/noble/latest/src/contrib/farver_2.1.2.tar.gz"],
2026-07-03T19:07:03.5359207Z       "target": "src/contrib/x86_64-pc-linux-gnu-ubuntu-24.04/4.6/farver_2.1.2.tar.gz",
2026-07-03T19:07:03.5359364Z       "platform": "x86_64-pc-linux-gnu-ubuntu-24.04",
2026-07-03T19:07:03.5359474Z       "rversion": "4.6",
2026-07-03T19:07:03.5359577Z       "directpkg": false,
2026-07-03T19:07:03.5359709Z       "license": "MIT + file LICENSE",
2026-07-03T19:07:03.5359871Z       "dep_types": ["Depends", "Imports", "LinkingTo"],
2026-07-03T19:07:03.5359976Z       "params": [],
2026-07-03T19:07:03.5360079Z       "install_args": "",
2026-07-03T19:07:03.5360199Z       "repotype": "cranlike",
2026-07-03T19:07:03.5360298Z       "sysreqs": "",
2026-07-03T19:07:03.5360417Z       "sysreqs_packages": {}
2026-07-03T19:07:03.5360489Z     },
2026-07-03T19:07:03.5360568Z     {
2026-07-03T19:07:03.5360673Z       "ref": "fastmap",
2026-07-03T19:07:03.5360791Z       "package": "fastmap",
2026-07-03T19:07:03.5360894Z       "version": "1.2.0",
2026-07-03T19:07:03.5361002Z       "type": "standard",
2026-07-03T19:07:03.5361105Z       "direct": false,
2026-07-03T19:07:03.5361212Z       "binary": true,
2026-07-03T19:07:03.5361317Z       "dependencies": [],
2026-07-03T19:07:03.5361428Z       "vignettes": false,
2026-07-03T19:07:03.5361554Z       "needscompilation": false,
2026-07-03T19:07:03.5361648Z       "metadata": {
2026-07-03T19:07:03.5361767Z         "RemoteType": "standard",
2026-07-03T19:07:03.5361886Z         "RemotePkgRef": "fastmap",
2026-07-03T19:07:03.5362006Z         "RemoteRef": "fastmap",
2026-07-03T19:07:03.5362263Z         "RemoteRepos": "https://packagemanager.posit.co/cran/__linux__/noble/latest",
2026-07-03T19:07:03.5362463Z         "RemotePkgPlatform": "x86_64-pc-linux-gnu-ubuntu-24.04",
2026-07-03T19:07:03.5362571Z         "RemoteSha": "1.2.0"
2026-07-03T19:07:03.5362655Z       },
2026-07-03T19:07:03.5363026Z       "sources": ["https://packagemanager.posit.co/cran/__linux__/noble/latest/src/contrib/fastmap_1.2.0.tar.gz"],
2026-07-03T19:07:03.5363296Z       "target": "src/contrib/x86_64-pc-linux-gnu-ubuntu-24.04/4.6/fastmap_1.2.0.tar.gz",
2026-07-03T19:07:03.5363456Z       "platform": "x86_64-pc-linux-gnu-ubuntu-24.04",
2026-07-03T19:07:03.5363567Z       "rversion": "4.6",
2026-07-03T19:07:03.5363670Z       "directpkg": false,
2026-07-03T19:07:03.5363800Z       "license": "MIT + file LICENSE",
2026-07-03T19:07:03.5363958Z       "dep_types": ["Depends", "Imports", "LinkingTo"],
2026-07-03T19:07:03.5364060Z       "params": [],
2026-07-03T19:07:03.5364165Z       "install_args": "",
2026-07-03T19:07:03.5364283Z       "repotype": "cranlike",
2026-07-03T19:07:03.5364380Z       "sysreqs": "",
2026-07-03T19:07:03.5364564Z       "sysreqs_packages": {}
2026-07-03T19:07:03.5364697Z     },
2026-07-03T19:07:03.5364775Z     {
2026-07-03T19:07:03.5364887Z       "ref": "fontawesome",
2026-07-03T19:07:03.5365009Z       "package": "fontawesome",
2026-07-03T19:07:03.5365119Z       "version": "0.5.3",
2026-07-03T19:07:03.5365221Z       "type": "standard",
2026-07-03T19:07:03.5365325Z       "direct": false,
2026-07-03T19:07:03.5365468Z       "binary": true,
2026-07-03T19:07:03.5365615Z       "dependencies": ["htmltools", "rlang"],
2026-07-03T19:07:03.5365718Z       "vignettes": false,
2026-07-03T19:07:03.5365842Z       "needscompilation": false,
2026-07-03T19:07:03.5365936Z       "metadata": {
2026-07-03T19:07:03.5366060Z         "RemoteType": "standard",
2026-07-03T19:07:03.5366186Z         "RemotePkgRef": "fontawesome",
2026-07-03T19:07:03.5366313Z         "RemoteRef": "fontawesome",
2026-07-03T19:07:03.5366579Z         "RemoteRepos": "https://packagemanager.posit.co/cran/__linux__/noble/latest",
2026-07-03T19:07:03.5366779Z         "RemotePkgPlatform": "x86_64-pc-linux-gnu-ubuntu-24.04",
2026-07-03T19:07:03.5366884Z         "RemoteSha": "0.5.3"
2026-07-03T19:07:03.5366969Z       },
2026-07-03T19:07:03.5367349Z       "sources": ["https://packagemanager.posit.co/cran/__linux__/noble/latest/src/contrib/fontawesome_0.5.3.tar.gz"],
2026-07-03T19:07:03.5367636Z       "target": "src/contrib/x86_64-pc-linux-gnu-ubuntu-24.04/4.6/fontawesome_0.5.3.tar.gz",
2026-07-03T19:07:03.5367798Z       "platform": "x86_64-pc-linux-gnu-ubuntu-24.04",
2026-07-03T19:07:03.5367910Z       "rversion": "4.6",
2026-07-03T19:07:03.5368012Z       "directpkg": false,
2026-07-03T19:07:03.5368141Z       "license": "MIT + file LICENSE",
2026-07-03T19:07:03.5368299Z       "dep_types": ["Depends", "Imports", "LinkingTo"],
2026-07-03T19:07:03.5368400Z       "params": [],
2026-07-03T19:07:03.5368511Z       "install_args": "",
2026-07-03T19:07:03.5368622Z       "repotype": "cranlike",
2026-07-03T19:07:03.5368723Z       "sysreqs": "",
2026-07-03T19:07:03.5368832Z       "sysreqs_packages": {}
2026-07-03T19:07:03.5368909Z     },
2026-07-03T19:07:03.5368985Z     {
2026-07-03T19:07:03.5369085Z       "ref": "gert",
2026-07-03T19:07:03.5369187Z       "package": "gert",
2026-07-03T19:07:03.5369296Z       "version": "2.3.1",
2026-07-03T19:07:03.5369399Z       "type": "standard",
2026-07-03T19:07:03.5369503Z       "direct": false,
2026-07-03T19:07:03.5369603Z       "binary": true,
2026-07-03T19:07:03.5369875Z       "dependencies": ["askpass", "credentials", "openssl", "rstudioapi", "sys", "zip"],
2026-07-03T19:07:03.5369978Z       "vignettes": false,
2026-07-03T19:07:03.5370103Z       "needscompilation": false,
2026-07-03T19:07:03.5370198Z       "metadata": {
2026-07-03T19:07:03.5370321Z         "RemoteType": "standard",
2026-07-03T19:07:03.5370436Z         "RemotePkgRef": "gert",
2026-07-03T19:07:03.5370551Z         "RemoteRef": "gert",
2026-07-03T19:07:03.5370809Z         "RemoteRepos": "https://packagemanager.posit.co/cran/__linux__/noble/latest",
2026-07-03T19:07:03.5371011Z         "RemotePkgPlatform": "x86_64-pc-linux-gnu-ubuntu-24.04",
2026-07-03T19:07:03.5371118Z         "RemoteSha": "2.3.1"
2026-07-03T19:07:03.5371203Z       },
2026-07-03T19:07:03.5371555Z       "sources": ["https://packagemanager.posit.co/cran/__linux__/noble/latest/src/contrib/gert_2.3.1.tar.gz"],
2026-07-03T19:07:03.5371815Z       "target": "src/contrib/x86_64-pc-linux-gnu-ubuntu-24.04/4.6/gert_2.3.1.tar.gz",
2026-07-03T19:07:03.5371983Z       "platform": "x86_64-pc-linux-gnu-ubuntu-24.04",
2026-07-03T19:07:03.5372086Z       "rversion": "4.6",
2026-07-03T19:07:03.5372200Z       "directpkg": false,
2026-07-03T19:07:03.5372326Z       "license": "MIT + file LICENSE",
2026-07-03T19:07:03.5372494Z       "dep_types": ["Depends", "Imports", "LinkingTo"],
2026-07-03T19:07:03.5372589Z       "params": [],
2026-07-03T19:07:03.5372699Z       "install_args": "",
2026-07-03T19:07:03.5372810Z       "repotype": "cranlike",
2026-07-03T19:07:03.5373064Z       "sysreqs": "libgit2 (>= 1.0): libgit2-devel (rpm) or\n        libgit2-dev (deb)",
2026-07-03T19:07:03.5373210Z       "sysreqs_packages": [
2026-07-03T19:07:03.5373299Z         {
2026-07-03T19:07:03.5373415Z           "sysreq": "libgit2",
2026-07-03T19:07:03.5373548Z           "packages": ["libgit2-dev"],
2026-07-03T19:07:03.5373663Z           "pre_install": {},
2026-07-03T19:07:03.5373783Z           "post_install": {}
2026-07-03T19:07:03.5373904Z         }
2026-07-03T19:07:03.5373985Z       ]
2026-07-03T19:07:03.5374054Z     },
2026-07-03T19:07:03.5374133Z     {
2026-07-03T19:07:03.5374230Z       "ref": "gh",
2026-07-03T19:07:03.5374339Z       "package": "gh",
2026-07-03T19:07:03.5374444Z       "version": "1.6.0",
2026-07-03T19:07:03.5374625Z       "type": "standard",
2026-07-03T19:07:03.5374728Z       "direct": false,
2026-07-03T19:07:03.5374834Z       "binary": true,
2026-07-03T19:07:03.5375137Z       "dependencies": ["cli", "gitcreds", "glue", "httr2", "ini", "jsonlite", "lifecycle", "rlang"],
2026-07-03T19:07:03.5375253Z       "vignettes": false,
2026-07-03T19:07:03.5375370Z       "needscompilation": false,
2026-07-03T19:07:03.5375479Z       "metadata": {
2026-07-03T19:07:03.5375604Z         "RemoteType": "standard",
2026-07-03T19:07:03.5375714Z         "RemotePkgRef": "gh",
2026-07-03T19:07:03.5375826Z         "RemoteRef": "gh",
2026-07-03T19:07:03.5376085Z         "RemoteRepos": "https://packagemanager.posit.co/cran/__linux__/noble/latest",
2026-07-03T19:07:03.5376287Z         "RemotePkgPlatform": "x86_64-pc-linux-gnu-ubuntu-24.04",
2026-07-03T19:07:03.5376395Z         "RemoteSha": "1.6.0"
2026-07-03T19:07:03.5376479Z       },
2026-07-03T19:07:03.5376824Z       "sources": ["https://packagemanager.posit.co/cran/__linux__/noble/latest/src/contrib/gh_1.6.0.tar.gz"],
2026-07-03T19:07:03.5377080Z       "target": "src/contrib/x86_64-pc-linux-gnu-ubuntu-24.04/4.6/gh_1.6.0.tar.gz",
2026-07-03T19:07:03.5377237Z       "platform": "x86_64-pc-linux-gnu-ubuntu-24.04",
2026-07-03T19:07:03.5377347Z       "rversion": "4.6",
2026-07-03T19:07:03.5377449Z       "directpkg": false,
2026-07-03T19:07:03.5377583Z       "license": "MIT + file LICENSE",
2026-07-03T19:07:03.5377743Z       "dep_types": ["Depends", "Imports", "LinkingTo"],
2026-07-03T19:07:03.5377847Z       "params": [],
2026-07-03T19:07:03.5377948Z       "install_args": "",
2026-07-03T19:07:03.5378065Z       "repotype": "cranlike",
2026-07-03T19:07:03.5378161Z       "sysreqs": "",
2026-07-03T19:07:03.5378279Z       "sysreqs_packages": {}
2026-07-03T19:07:03.5378349Z     },
2026-07-03T19:07:03.5378426Z     {
2026-07-03T19:07:03.5378528Z       "ref": "gitcreds",
2026-07-03T19:07:03.5378641Z       "package": "gitcreds",
2026-07-03T19:07:03.5378743Z       "version": "0.1.2",
2026-07-03T19:07:03.5378852Z       "type": "standard",
2026-07-03T19:07:03.5378949Z       "direct": false,
2026-07-03T19:07:03.5379053Z       "binary": true,
2026-07-03T19:07:03.5379163Z       "dependencies": [],
2026-07-03T19:07:03.5379266Z       "vignettes": false,
2026-07-03T19:07:03.5379386Z       "needscompilation": false,
2026-07-03T19:07:03.5379479Z       "metadata": {
2026-07-03T19:07:03.5379601Z         "RemoteType": "standard",
2026-07-03T19:07:03.5379722Z         "RemotePkgRef": "gitcreds",
2026-07-03T19:07:03.5379838Z         "RemoteRef": "gitcreds",
2026-07-03T19:07:03.5380091Z         "RemoteRepos": "https://packagemanager.posit.co/cran/__linux__/noble/latest",
2026-07-03T19:07:03.5380283Z         "RemotePkgPlatform": "x86_64-pc-linux-gnu-ubuntu-24.04",
2026-07-03T19:07:03.5380392Z         "RemoteSha": "0.1.2"
2026-07-03T19:07:03.5380476Z       },
2026-07-03T19:07:03.5380842Z       "sources": ["https://packagemanager.posit.co/cran/__linux__/noble/latest/src/contrib/gitcreds_0.1.2.tar.gz"],
2026-07-03T19:07:03.5381112Z       "target": "src/contrib/x86_64-pc-linux-gnu-ubuntu-24.04/4.6/gitcreds_0.1.2.tar.gz",
2026-07-03T19:07:03.5381273Z       "platform": "x86_64-pc-linux-gnu-ubuntu-24.04",
2026-07-03T19:07:03.5381382Z       "rversion": "4.6",
2026-07-03T19:07:03.5381488Z       "directpkg": false,
2026-07-03T19:07:03.5381619Z       "license": "MIT + file LICENSE",
2026-07-03T19:07:03.5381835Z       "dep_types": ["Depends", "Imports", "LinkingTo"],
2026-07-03T19:07:03.5381943Z       "params": [],
2026-07-03T19:07:03.5382047Z       "install_args": "",
2026-07-03T19:07:03.5382167Z       "repotype": "cranlike",
2026-07-03T19:07:03.5382269Z       "sysreqs": "git",
2026-07-03T19:07:03.5382386Z       "sysreqs_packages": [
2026-07-03T19:07:03.5382524Z         {
2026-07-03T19:07:03.5382630Z           "sysreq": "git",
2026-07-03T19:07:03.5382755Z           "packages": ["git"],
2026-07-03T19:07:03.5382864Z           "pre_install": {},
2026-07-03T19:07:03.5382982Z           "post_install": {}
2026-07-03T19:07:03.5383061Z         }
2026-07-03T19:07:03.5383147Z       ]
2026-07-03T19:07:03.5383219Z     },
2026-07-03T19:07:03.5383299Z     {
2026-07-03T19:07:03.5383397Z       "ref": "gt",
2026-07-03T19:07:03.5383508Z       "package": "gt",
2026-07-03T19:07:03.5383612Z       "version": "1.3.0",
2026-07-03T19:07:03.5383724Z       "type": "standard",
2026-07-03T19:07:03.5383825Z       "direct": false,
2026-07-03T19:07:03.5383932Z       "binary": true,
2026-07-03T19:07:03.5384732Z       "dependencies": ["base64enc", "bigD", "bitops", "cli", "commonmark", "dplyr", "fs", "glue", "htmltools", "htmlwidgets", "juicyjuice", "magrittr", "markdown", "reactable", "rlang", "sass", "scales", "tidyselect", "vctrs", "xml2"],
2026-07-03T19:07:03.5384855Z       "vignettes": false,
2026-07-03T19:07:03.5384977Z       "needscompilation": false,
2026-07-03T19:07:03.5385081Z       "metadata": {
2026-07-03T19:07:03.5385198Z         "RemoteType": "standard",
2026-07-03T19:07:03.5385316Z         "RemotePkgRef": "gt",
2026-07-03T19:07:03.5385424Z         "RemoteRef": "gt",
2026-07-03T19:07:03.5385695Z         "RemoteRepos": "https://packagemanager.posit.co/cran/__linux__/noble/latest",
2026-07-03T19:07:03.5385892Z         "RemotePkgPlatform": "x86_64-pc-linux-gnu-ubuntu-24.04",
2026-07-03T19:07:03.5386010Z         "RemoteSha": "1.3.0"
2026-07-03T19:07:03.5386089Z       },
2026-07-03T19:07:03.5386448Z       "sources": ["https://packagemanager.posit.co/cran/__linux__/noble/latest/src/contrib/gt_1.3.0.tar.gz"],
2026-07-03T19:07:03.5386705Z       "target": "src/contrib/x86_64-pc-linux-gnu-ubuntu-24.04/4.6/gt_1.3.0.tar.gz",
2026-07-03T19:07:03.5386869Z       "platform": "x86_64-pc-linux-gnu-ubuntu-24.04",
2026-07-03T19:07:03.5386985Z       "rversion": "4.6",
2026-07-03T19:07:03.5387097Z       "directpkg": false,
2026-07-03T19:07:03.5387233Z       "license": "MIT + file LICENSE",
2026-07-03T19:07:03.5387397Z       "dep_types": ["Depends", "Imports", "LinkingTo"],
2026-07-03T19:07:03.5387502Z       "params": [],
2026-07-03T19:07:03.5387609Z       "install_args": "",
2026-07-03T19:07:03.5387728Z       "repotype": "cranlike",
2026-07-03T19:07:03.5387826Z       "sysreqs": "",
2026-07-03T19:07:03.5387944Z       "sysreqs_packages": {}
2026-07-03T19:07:03.5388015Z     },
2026-07-03T19:07:03.5388092Z     {
2026-07-03T19:07:03.5388189Z       "ref": "highr",
2026-07-03T19:07:03.5388301Z       "package": "highr",
2026-07-03T19:07:03.5388404Z       "version": "0.12",
2026-07-03T19:07:03.5388516Z       "type": "standard",
2026-07-03T19:07:03.5388616Z       "direct": false,
2026-07-03T19:07:03.5388722Z       "binary": true,
2026-07-03T19:07:03.5388835Z       "dependencies": ["xfun"],
2026-07-03T19:07:03.5388947Z       "vignettes": false,
2026-07-03T19:07:03.5389065Z       "needscompilation": false,
2026-07-03T19:07:03.5389172Z       "metadata": {
2026-07-03T19:07:03.5389289Z         "RemoteType": "standard",
2026-07-03T19:07:03.5389410Z         "RemotePkgRef": "highr",
2026-07-03T19:07:03.5389518Z         "RemoteRef": "highr",
2026-07-03T19:07:03.5389783Z         "RemoteRepos": "https://packagemanager.posit.co/cran/__linux__/noble/latest",
2026-07-03T19:07:03.5389980Z         "RemotePkgPlatform": "x86_64-pc-linux-gnu-ubuntu-24.04",
2026-07-03T19:07:03.5390088Z         "RemoteSha": "0.12"
2026-07-03T19:07:03.5390170Z       },
2026-07-03T19:07:03.5390514Z       "sources": ["https://packagemanager.posit.co/cran/__linux__/noble/latest/src/contrib/highr_0.12.tar.gz"],
2026-07-03T19:07:03.5390822Z       "target": "src/contrib/x86_64-pc-linux-gnu-ubuntu-24.04/4.6/highr_0.12.tar.gz",
2026-07-03T19:07:03.5390984Z       "platform": "x86_64-pc-linux-gnu-ubuntu-24.04",
2026-07-03T19:07:03.5391094Z       "rversion": "4.6",
2026-07-03T19:07:03.5391196Z       "directpkg": false,
2026-07-03T19:07:03.5391305Z       "license": "GPL",
2026-07-03T19:07:03.5391512Z       "dep_types": ["Depends", "Imports", "LinkingTo"],
2026-07-03T19:07:03.5391614Z       "params": [],
2026-07-03T19:07:03.5391716Z       "install_args": "",
2026-07-03T19:07:03.5391834Z       "repotype": "cranlike",
2026-07-03T19:07:03.5391930Z       "sysreqs": "",
2026-07-03T19:07:03.5392046Z       "sysreqs_packages": {}
2026-07-03T19:07:03.5392116Z     },
2026-07-03T19:07:03.5392194Z     {
2026-07-03T19:07:03.5392296Z       "ref": "htmltools",
2026-07-03T19:07:03.5392414Z       "package": "htmltools",
2026-07-03T19:07:03.5392514Z       "version": "0.5.9",
2026-07-03T19:07:03.5392625Z       "type": "standard",
2026-07-03T19:07:03.5392726Z       "direct": false,
2026-07-03T19:07:03.5392829Z       "binary": true,
2026-07-03T19:07:03.5393026Z       "dependencies": ["base64enc", "digest", "fastmap", "rlang"],
2026-07-03T19:07:03.5393137Z       "vignettes": false,
2026-07-03T19:07:03.5393253Z       "needscompilation": false,
2026-07-03T19:07:03.5393355Z       "metadata": {
2026-07-03T19:07:03.5393486Z         "RemoteType": "standard",
2026-07-03T19:07:03.5393609Z         "RemotePkgRef": "htmltools",
2026-07-03T19:07:03.5393730Z         "RemoteRef": "htmltools",
2026-07-03T19:07:03.5393984Z         "RemoteRepos": "https://packagemanager.posit.co/cran/__linux__/noble/latest",
2026-07-03T19:07:03.5394181Z         "RemotePkgPlatform": "x86_64-pc-linux-gnu-ubuntu-24.04",
2026-07-03T19:07:03.5394288Z         "RemoteSha": "0.5.9"
2026-07-03T19:07:03.5394374Z       },
2026-07-03T19:07:03.5394815Z       "sources": ["https://packagemanager.posit.co/cran/__linux__/noble/latest/src/contrib/htmltools_0.5.9.tar.gz"],
2026-07-03T19:07:03.5395100Z       "target": "src/contrib/x86_64-pc-linux-gnu-ubuntu-24.04/4.6/htmltools_0.5.9.tar.gz",
2026-07-03T19:07:03.5395260Z       "platform": "x86_64-pc-linux-gnu-ubuntu-24.04",
2026-07-03T19:07:03.5395372Z       "rversion": "4.6",
2026-07-03T19:07:03.5395476Z       "directpkg": false,
2026-07-03T19:07:03.5395596Z       "license": "GPL (>= 2)",
2026-07-03T19:07:03.5395760Z       "dep_types": ["Depends", "Imports", "LinkingTo"],
2026-07-03T19:07:03.5395866Z       "params": [],
2026-07-03T19:07:03.5395971Z       "install_args": "",
2026-07-03T19:07:03.5396090Z       "repotype": "cranlike",
2026-07-03T19:07:03.5396190Z       "sysreqs": "",
2026-07-03T19:07:03.5396308Z       "sysreqs_packages": {}
2026-07-03T19:07:03.5396377Z     },
2026-07-03T19:07:03.5396456Z     {
2026-07-03T19:07:03.5396562Z       "ref": "htmlwidgets",
2026-07-03T19:07:03.5396683Z       "package": "htmlwidgets",
2026-07-03T19:07:03.5396791Z       "version": "1.6.4",
2026-07-03T19:07:03.5396894Z       "type": "standard",
2026-07-03T19:07:03.5396997Z       "direct": false,
2026-07-03T19:07:03.5397097Z       "binary": true,
2026-07-03T19:07:03.5397338Z       "dependencies": ["htmltools", "jsonlite", "knitr", "rmarkdown", "yaml"],
2026-07-03T19:07:03.5397441Z       "vignettes": false,
2026-07-03T19:07:03.5397563Z       "needscompilation": false,
2026-07-03T19:07:03.5397658Z       "metadata": {
2026-07-03T19:07:03.5397784Z         "RemoteType": "standard",
2026-07-03T19:07:03.5397910Z         "RemotePkgRef": "htmlwidgets",
2026-07-03T19:07:03.5398036Z         "RemoteRef": "htmlwidgets",
2026-07-03T19:07:03.5398291Z         "RemoteRepos": "https://packagemanager.posit.co/cran/__linux__/noble/latest",
2026-07-03T19:07:03.5398491Z         "RemotePkgPlatform": "x86_64-pc-linux-gnu-ubuntu-24.04",
2026-07-03T19:07:03.5398600Z         "RemoteSha": "1.6.4"
2026-07-03T19:07:03.5398686Z       },
2026-07-03T19:07:03.5399061Z       "sources": ["https://packagemanager.posit.co/cran/__linux__/noble/latest/src/contrib/htmlwidgets_1.6.4.tar.gz"],
2026-07-03T19:07:03.5399432Z       "target": "src/contrib/x86_64-pc-linux-gnu-ubuntu-24.04/4.6/htmlwidgets_1.6.4.tar.gz",
2026-07-03T19:07:03.5399594Z       "platform": "x86_64-pc-linux-gnu-ubuntu-24.04",
2026-07-03T19:07:03.5399707Z       "rversion": "4.6",
2026-07-03T19:07:03.5399810Z       "directpkg": false,
2026-07-03T19:07:03.5399942Z       "license": "MIT + file LICENSE",
2026-07-03T19:07:03.5400146Z       "dep_types": ["Depends", "Imports", "LinkingTo"],
2026-07-03T19:07:03.5400250Z       "params": [],
2026-07-03T19:07:03.5400361Z       "install_args": "",
2026-07-03T19:07:03.5400474Z       "repotype": "cranlike",
2026-07-03T19:07:03.5400576Z       "sysreqs": "",
2026-07-03T19:07:03.5400685Z       "sysreqs_packages": {}
2026-07-03T19:07:03.5400763Z     },
2026-07-03T19:07:03.5400834Z     {
2026-07-03T19:07:03.5400943Z       "ref": "httpuv",
2026-07-03T19:07:03.5401051Z       "package": "httpuv",
2026-07-03T19:07:03.5401168Z       "version": "1.6.17",
2026-07-03T19:07:03.5401270Z       "type": "standard",
2026-07-03T19:07:03.5401378Z       "direct": false,
2026-07-03T19:07:03.5401477Z       "binary": true,
2026-07-03T19:07:03.5401656Z       "dependencies": ["later", "promises", "R6", "Rcpp"],
2026-07-03T19:07:03.5401761Z       "vignettes": false,
2026-07-03T19:07:03.5401884Z       "needscompilation": false,
2026-07-03T19:07:03.5401979Z       "metadata": {
2026-07-03T19:07:03.5402105Z         "RemoteType": "standard",
2026-07-03T19:07:03.5402223Z         "RemotePkgRef": "httpuv",
2026-07-03T19:07:03.5402339Z         "RemoteRef": "httpuv",
2026-07-03T19:07:03.5402596Z         "RemoteRepos": "https://packagemanager.posit.co/cran/__linux__/noble/latest",
2026-07-03T19:07:03.5402832Z         "RemotePkgPlatform": "x86_64-pc-linux-gnu-ubuntu-24.04",
2026-07-03T19:07:03.5402947Z         "RemoteSha": "1.6.17"
2026-07-03T19:07:03.5403033Z       },
2026-07-03T19:07:03.5403398Z       "sources": ["https://packagemanager.posit.co/cran/__linux__/noble/latest/src/contrib/httpuv_1.6.17.tar.gz"],
2026-07-03T19:07:03.5403676Z       "target": "src/contrib/x86_64-pc-linux-gnu-ubuntu-24.04/4.6/httpuv_1.6.17.tar.gz",
2026-07-03T19:07:03.5403843Z       "platform": "x86_64-pc-linux-gnu-ubuntu-24.04",
2026-07-03T19:07:03.5403947Z       "rversion": "4.6",
2026-07-03T19:07:03.5404057Z       "directpkg": false,
2026-07-03T19:07:03.5404198Z       "license": "GPL (>= 2) | file LICENSE",
2026-07-03T19:07:03.5404365Z       "dep_types": ["Depends", "Imports", "LinkingTo"],
2026-07-03T19:07:03.5404464Z       "params": [],
2026-07-03T19:07:03.5404646Z       "install_args": "",
2026-07-03T19:07:03.5404761Z       "repotype": "cranlike",
2026-07-03T19:07:03.5404892Z       "sysreqs": "GNU make, zlib",
2026-07-03T19:07:03.5405001Z       "sysreqs_packages": [
2026-07-03T19:07:03.5405087Z         {
2026-07-03T19:07:03.5405198Z           "sysreq": "gnumake",
2026-07-03T19:07:03.5405317Z           "packages": ["make"],
2026-07-03T19:07:03.5405427Z           "pre_install": {},
2026-07-03T19:07:03.5405541Z           "post_install": {}
2026-07-03T19:07:03.5405629Z         },
2026-07-03T19:07:03.5405714Z         {
2026-07-03T19:07:03.5405825Z           "sysreq": "zlib",
2026-07-03T19:07:03.5405959Z           "packages": ["zlib1g-dev"],
2026-07-03T19:07:03.5406065Z           "pre_install": {},
2026-07-03T19:07:03.5406178Z           "post_install": {}
2026-07-03T19:07:03.5406255Z         }
2026-07-03T19:07:03.5406339Z       ]
2026-07-03T19:07:03.5406414Z     },
2026-07-03T19:07:03.5406493Z     {
2026-07-03T19:07:03.5406590Z       "ref": "httr",
2026-07-03T19:07:03.5406701Z       "package": "httr",
2026-07-03T19:07:03.5406805Z       "version": "1.4.8",
2026-07-03T19:07:03.5406916Z       "type": "standard",
2026-07-03T19:07:03.5407014Z       "direct": false,
2026-07-03T19:07:03.5407119Z       "binary": true,
2026-07-03T19:07:03.5407325Z       "dependencies": ["curl", "jsonlite", "mime", "openssl", "R6"],
2026-07-03T19:07:03.5407437Z       "vignettes": false,
2026-07-03T19:07:03.5407560Z       "needscompilation": false,
2026-07-03T19:07:03.5407655Z       "metadata": {
2026-07-03T19:07:03.5407825Z         "RemoteType": "standard",
2026-07-03T19:07:03.5407941Z         "RemotePkgRef": "httr",
2026-07-03T19:07:03.5408054Z         "RemoteRef": "httr",
2026-07-03T19:07:03.5408316Z         "RemoteRepos": "https://packagemanager.posit.co/cran/__linux__/noble/latest",
2026-07-03T19:07:03.5408520Z         "RemotePkgPlatform": "x86_64-pc-linux-gnu-ubuntu-24.04",
2026-07-03T19:07:03.5408674Z         "RemoteSha": "1.4.8"
2026-07-03T19:07:03.5408768Z       },
2026-07-03T19:07:03.5409118Z       "sources": ["https://packagemanager.posit.co/cran/__linux__/noble/latest/src/contrib/httr_1.4.8.tar.gz"],
2026-07-03T19:07:03.5409377Z       "target": "src/contrib/x86_64-pc-linux-gnu-ubuntu-24.04/4.6/httr_1.4.8.tar.gz",
2026-07-03T19:07:03.5409536Z       "platform": "x86_64-pc-linux-gnu-ubuntu-24.04",
2026-07-03T19:07:03.5409649Z       "rversion": "4.6",
2026-07-03T19:07:03.5409753Z       "directpkg": false,
2026-07-03T19:07:03.5409889Z       "license": "MIT + file LICENSE",
2026-07-03T19:07:03.5410053Z       "dep_types": ["Depends", "Imports", "LinkingTo"],
2026-07-03T19:07:03.5410158Z       "params": [],
2026-07-03T19:07:03.5410263Z       "install_args": "",
2026-07-03T19:07:03.5410383Z       "repotype": "cranlike",
2026-07-03T19:07:03.5410478Z       "sysreqs": "",
2026-07-03T19:07:03.5410594Z       "sysreqs_packages": {}
2026-07-03T19:07:03.5410665Z     },
2026-07-03T19:07:03.5410746Z     {
2026-07-03T19:07:03.5410845Z       "ref": "httr2",
2026-07-03T19:07:03.5410956Z       "package": "httr2",
2026-07-03T19:07:03.5411065Z       "version": "1.2.3",
2026-07-03T19:07:03.5411168Z       "type": "standard",
2026-07-03T19:07:03.5411271Z       "direct": false,
2026-07-03T19:07:03.5411369Z       "binary": true,
2026-07-03T19:07:03.5411762Z       "dependencies": ["cli", "curl", "glue", "lifecycle", "magrittr", "openssl", "R6", "rappdirs", "rlang", "vctrs", "withr"],
2026-07-03T19:07:03.5411865Z       "vignettes": false,
2026-07-03T19:07:03.5411988Z       "needscompilation": false,
2026-07-03T19:07:03.5412083Z       "metadata": {
2026-07-03T19:07:03.5412209Z         "RemoteType": "standard",
2026-07-03T19:07:03.5412324Z         "RemotePkgRef": "httr2",
2026-07-03T19:07:03.5412440Z         "RemoteRef": "httr2",
2026-07-03T19:07:03.5412699Z         "RemoteRepos": "https://packagemanager.posit.co/cran/__linux__/noble/latest",
2026-07-03T19:07:03.5412899Z         "RemotePkgPlatform": "x86_64-pc-linux-gnu-ubuntu-24.04",
2026-07-03T19:07:03.5413008Z         "RemoteSha": "1.2.3"
2026-07-03T19:07:03.5413093Z       },
2026-07-03T19:07:03.5413448Z       "sources": ["https://packagemanager.posit.co/cran/__linux__/noble/latest/src/contrib/httr2_1.2.3.tar.gz"],
2026-07-03T19:07:03.5413709Z       "target": "src/contrib/x86_64-pc-linux-gnu-ubuntu-24.04/4.6/httr2_1.2.3.tar.gz",
2026-07-03T19:07:03.5413873Z       "platform": "x86_64-pc-linux-gnu-ubuntu-24.04",
2026-07-03T19:07:03.5413982Z       "rversion": "4.6",
2026-07-03T19:07:03.5414087Z       "directpkg": false,
2026-07-03T19:07:03.5414219Z       "license": "MIT + file LICENSE",
2026-07-03T19:07:03.5414387Z       "dep_types": ["Depends", "Imports", "LinkingTo"],
2026-07-03T19:07:03.5414550Z       "params": [],
2026-07-03T19:07:03.5414672Z       "install_args": "",
2026-07-03T19:07:03.5414783Z       "repotype": "cranlike",
2026-07-03T19:07:03.5414885Z       "sysreqs": "",
2026-07-03T19:07:03.5414995Z       "sysreqs_packages": {}
2026-07-03T19:07:03.5415075Z     },
2026-07-03T19:07:03.5415144Z     {
2026-07-03T19:07:03.5415242Z       "ref": "ini",
2026-07-03T19:07:03.5415346Z       "package": "ini",
2026-07-03T19:07:03.5415455Z       "version": "0.3.1",
2026-07-03T19:07:03.5415558Z       "type": "standard",
2026-07-03T19:07:03.5415664Z       "direct": false,
2026-07-03T19:07:03.5415763Z       "binary": true,
2026-07-03T19:07:03.5415873Z       "dependencies": [],
2026-07-03T19:07:03.5415975Z       "vignettes": false,
2026-07-03T19:07:03.5416099Z       "needscompilation": false,
2026-07-03T19:07:03.5416193Z       "metadata": {
2026-07-03T19:07:03.5416316Z         "RemoteType": "standard",
2026-07-03T19:07:03.5416480Z         "RemotePkgRef": "ini",
2026-07-03T19:07:03.5416597Z         "RemoteRef": "ini",
2026-07-03T19:07:03.5416869Z         "RemoteRepos": "https://packagemanager.posit.co/cran/__linux__/noble/latest",
2026-07-03T19:07:03.5417075Z         "RemotePkgPlatform": "x86_64-pc-linux-gnu-ubuntu-24.04",
2026-07-03T19:07:03.5417186Z         "RemoteSha": "0.3.1"
2026-07-03T19:07:03.5417333Z       },
2026-07-03T19:07:03.5417691Z       "sources": ["https://packagemanager.posit.co/cran/__linux__/noble/latest/src/contrib/ini_0.3.1.tar.gz"],
2026-07-03T19:07:03.5417956Z       "target": "src/contrib/x86_64-pc-linux-gnu-ubuntu-24.04/4.6/ini_0.3.1.tar.gz",
2026-07-03T19:07:03.5418118Z       "platform": "x86_64-pc-linux-gnu-ubuntu-24.04",
2026-07-03T19:07:03.5418232Z       "rversion": "4.6",
2026-07-03T19:07:03.5418348Z       "directpkg": false,
2026-07-03T19:07:03.5418456Z       "license": "GPL-3",
2026-07-03T19:07:03.5418628Z       "dep_types": ["Depends", "Imports", "LinkingTo"],
2026-07-03T19:07:03.5418727Z       "params": [],
2026-07-03T19:07:03.5418843Z       "install_args": "",
2026-07-03T19:07:03.5418958Z       "repotype": "cranlike",
2026-07-03T19:07:03.5419063Z       "sysreqs": "",
2026-07-03T19:07:03.5419176Z       "sysreqs_packages": {}
2026-07-03T19:07:03.5419255Z     },
2026-07-03T19:07:03.5419327Z     {
2026-07-03T19:07:03.5419429Z       "ref": "jose",
2026-07-03T19:07:03.5419538Z       "package": "jose",
2026-07-03T19:07:03.5419650Z       "version": "2.0.0",
2026-07-03T19:07:03.5419753Z       "type": "standard",
2026-07-03T19:07:03.5419862Z       "direct": false,
2026-07-03T19:07:03.5419963Z       "binary": true,
2026-07-03T19:07:03.5420117Z       "dependencies": ["jsonlite", "openssl"],
2026-07-03T19:07:03.5420222Z       "vignettes": false,
2026-07-03T19:07:03.5420351Z       "needscompilation": false,
2026-07-03T19:07:03.5420448Z       "metadata": {
2026-07-03T19:07:03.5420574Z         "RemoteType": "standard",
2026-07-03T19:07:03.5420691Z         "RemotePkgRef": "jose",
2026-07-03T19:07:03.5420807Z         "RemoteRef": "jose",
2026-07-03T19:07:03.5421079Z         "RemoteRepos": "https://packagemanager.posit.co/cran/__linux__/noble/latest",
2026-07-03T19:07:03.5421283Z         "RemotePkgPlatform": "x86_64-pc-linux-gnu-ubuntu-24.04",
2026-07-03T19:07:03.5421393Z         "RemoteSha": "2.0.0"
2026-07-03T19:07:03.5421481Z       },
2026-07-03T19:07:03.5421840Z       "sources": ["https://packagemanager.posit.co/cran/__linux__/noble/latest/src/contrib/jose_2.0.0.tar.gz"],
2026-07-03T19:07:03.5422103Z       "target": "src/contrib/x86_64-pc-linux-gnu-ubuntu-24.04/4.6/jose_2.0.0.tar.gz",
2026-07-03T19:07:03.5422274Z       "platform": "x86_64-pc-linux-gnu-ubuntu-24.04",
2026-07-03T19:07:03.5422380Z       "rversion": "4.6",
2026-07-03T19:07:03.5422495Z       "directpkg": false,
2026-07-03T19:07:03.5422624Z       "license": "MIT + file LICENSE",
2026-07-03T19:07:03.5422796Z       "dep_types": ["Depends", "Imports", "LinkingTo"],
2026-07-03T19:07:03.5422895Z       "params": [],
2026-07-03T19:07:03.5423009Z       "install_args": "",
2026-07-03T19:07:03.5423125Z       "repotype": "cranlike",
2026-07-03T19:07:03.5423231Z       "sysreqs": "",
2026-07-03T19:07:03.5423343Z       "sysreqs_packages": {}
2026-07-03T19:07:03.5423424Z     },
2026-07-03T19:07:03.5423496Z     {
2026-07-03T19:07:03.5423612Z       "ref": "jquerylib",
2026-07-03T19:07:03.5423724Z       "package": "jquerylib",
2026-07-03T19:07:03.5423840Z       "version": "0.1.4",
2026-07-03T19:07:03.5423943Z       "type": "standard",
2026-07-03T19:07:03.5424050Z       "direct": false,
2026-07-03T19:07:03.5424151Z       "binary": true,
2026-07-03T19:07:03.5424286Z       "dependencies": ["htmltools"],
2026-07-03T19:07:03.5424392Z       "vignettes": false,
2026-07-03T19:07:03.5424584Z       "needscompilation": false,
2026-07-03T19:07:03.5424690Z       "metadata": {
2026-07-03T19:07:03.5424818Z         "RemoteType": "standard",
2026-07-03T19:07:03.5424945Z         "RemotePkgRef": "jquerylib",
2026-07-03T19:07:03.5425072Z         "RemoteRef": "jquerylib",
2026-07-03T19:07:03.5425398Z         "RemoteRepos": "https://packagemanager.posit.co/cran/__linux__/noble/latest",
2026-07-03T19:07:03.5425606Z         "RemotePkgPlatform": "x86_64-pc-linux-gnu-ubuntu-24.04",
2026-07-03T19:07:03.5425725Z         "RemoteSha": "0.1.4"
2026-07-03T19:07:03.5425807Z       },
2026-07-03T19:07:03.5426196Z       "sources": ["https://packagemanager.posit.co/cran/__linux__/noble/latest/src/contrib/jquerylib_0.1.4.tar.gz"],
2026-07-03T19:07:03.5426529Z       "target": "src/contrib/x86_64-pc-linux-gnu-ubuntu-24.04/4.6/jquerylib_0.1.4.tar.gz",
2026-07-03T19:07:03.5426702Z       "platform": "x86_64-pc-linux-gnu-ubuntu-24.04",
2026-07-03T19:07:03.5426809Z       "rversion": "4.6",
2026-07-03T19:07:03.5426924Z       "directpkg": false,
2026-07-03T19:07:03.5427051Z       "license": "MIT + file LICENSE",
2026-07-03T19:07:03.5427222Z       "dep_types": ["Depends", "Imports", "LinkingTo"],
2026-07-03T19:07:03.5427322Z       "params": [],
2026-07-03T19:07:03.5427436Z       "install_args": "",
2026-07-03T19:07:03.5427549Z       "repotype": "cranlike",
2026-07-03T19:07:03.5427660Z       "sysreqs": "",
2026-07-03T19:07:03.5427774Z       "sysreqs_packages": {}
2026-07-03T19:07:03.5427856Z     },
2026-07-03T19:07:03.5427930Z     {
2026-07-03T19:07:03.5428048Z       "ref": "juicyjuice",
2026-07-03T19:07:03.5428168Z       "package": "juicyjuice",
2026-07-03T19:07:03.5428284Z       "version": "0.1.0",
2026-07-03T19:07:03.5428389Z       "type": "standard",
2026-07-03T19:07:03.5428498Z       "direct": false,
2026-07-03T19:07:03.5428600Z       "binary": true,
2026-07-03T19:07:03.5428726Z       "dependencies": ["V8"],
2026-07-03T19:07:03.5428832Z       "vignettes": false,
2026-07-03T19:07:03.5428959Z       "needscompilation": false,
2026-07-03T19:07:03.5429057Z       "metadata": {
2026-07-03T19:07:03.5429184Z         "RemoteType": "standard",
2026-07-03T19:07:03.5429319Z         "RemotePkgRef": "juicyjuice",
2026-07-03T19:07:03.5429442Z         "RemoteRef": "juicyjuice",
2026-07-03T19:07:03.5429719Z         "RemoteRepos": "https://packagemanager.posit.co/cran/__linux__/noble/latest",
2026-07-03T19:07:03.5429920Z         "RemotePkgPlatform": "x86_64-pc-linux-gnu-ubuntu-24.04",
2026-07-03T19:07:03.5430038Z         "RemoteSha": "0.1.0"
2026-07-03T19:07:03.5430118Z       },
2026-07-03T19:07:03.5430515Z       "sources": ["https://packagemanager.posit.co/cran/__linux__/noble/latest/src/contrib/juicyjuice_0.1.0.tar.gz"],
2026-07-03T19:07:03.5430805Z       "target": "src/contrib/x86_64-pc-linux-gnu-ubuntu-24.04/4.6/juicyjuice_0.1.0.tar.gz",
2026-07-03T19:07:03.5430974Z       "platform": "x86_64-pc-linux-gnu-ubuntu-24.04",
2026-07-03T19:07:03.5431080Z       "rversion": "4.6",
2026-07-03T19:07:03.5431195Z       "directpkg": false,
2026-07-03T19:07:03.5431325Z       "license": "MIT + file LICENSE",
2026-07-03T19:07:03.5431496Z       "dep_types": ["Depends", "Imports", "LinkingTo"],
2026-07-03T19:07:03.5431595Z       "params": [],
2026-07-03T19:07:03.5431712Z       "install_args": "",
2026-07-03T19:07:03.5431826Z       "repotype": "cranlike",
2026-07-03T19:07:03.5431936Z       "sysreqs": "",
2026-07-03T19:07:03.5432050Z       "sysreqs_packages": {}
2026-07-03T19:07:03.5432131Z     },
2026-07-03T19:07:03.5432203Z     {
2026-07-03T19:07:03.5432315Z       "ref": "knitr",
2026-07-03T19:07:03.5432423Z       "package": "knitr",
2026-07-03T19:07:03.5432534Z       "version": "1.51",
2026-07-03T19:07:03.5432643Z       "type": "standard",
2026-07-03T19:07:03.5432752Z       "direct": false,
2026-07-03T19:07:03.5432857Z       "binary": true,
2026-07-03T19:07:03.5433043Z       "dependencies": ["evaluate", "highr", "xfun", "yaml"],
2026-07-03T19:07:03.5433156Z       "vignettes": false,
2026-07-03T19:07:03.5433276Z       "needscompilation": false,
2026-07-03T19:07:03.5433382Z       "metadata": {
2026-07-03T19:07:03.5433500Z         "RemoteType": "standard",
2026-07-03T19:07:03.5433624Z         "RemotePkgRef": "knitr",
2026-07-03T19:07:03.5433735Z         "RemoteRef": "knitr",
2026-07-03T19:07:03.5434005Z         "RemoteRepos": "https://packagemanager.posit.co/cran/__linux__/noble/latest",
2026-07-03T19:07:03.5434244Z         "RemotePkgPlatform": "x86_64-pc-linux-gnu-ubuntu-24.04",
2026-07-03T19:07:03.5434363Z         "RemoteSha": "1.51"
2026-07-03T19:07:03.5434444Z       },
2026-07-03T19:07:03.5434916Z       "sources": ["https://packagemanager.posit.co/cran/__linux__/noble/latest/src/contrib/knitr_1.51.tar.gz"],
2026-07-03T19:07:03.5435238Z       "target": "src/contrib/x86_64-pc-linux-gnu-ubuntu-24.04/4.6/knitr_1.51.tar.gz",
2026-07-03T19:07:03.5435409Z       "platform": "x86_64-pc-linux-gnu-ubuntu-24.04",
2026-07-03T19:07:03.5435514Z       "rversion": "4.6",
2026-07-03T19:07:03.5435628Z       "directpkg": false,
2026-07-03T19:07:03.5435733Z       "license": "GPL",
2026-07-03T19:07:03.5435901Z       "dep_types": ["Depends", "Imports", "LinkingTo"],
2026-07-03T19:07:03.5436000Z       "params": [],
2026-07-03T19:07:03.5436113Z       "install_args": "",
2026-07-03T19:07:03.5436227Z       "repotype": "cranlike",
2026-07-03T19:07:03.5437003Z       "sysreqs": "Package vignettes based on R Markdown v2 or\n        reStructuredText require Pandoc (http://pandoc.org). The\n        function rst2pdf() requires rst2pdf\n        (https://github.com/rst2pdf/rst2pdf).",
2026-07-03T19:07:03.5437124Z       "sysreqs_packages": [
2026-07-03T19:07:03.5437206Z         {
2026-07-03T19:07:03.5437326Z           "sysreq": "pandoc",
2026-07-03T19:07:03.5437450Z           "packages": ["pandoc"],
2026-07-03T19:07:03.5437565Z           "pre_install": {},
2026-07-03T19:07:03.5437675Z           "post_install": {}
2026-07-03T19:07:03.5437761Z         }
2026-07-03T19:07:03.5437837Z       ]
2026-07-03T19:07:03.5437916Z     },
2026-07-03T19:07:03.5437987Z     {
2026-07-03T19:07:03.5438097Z       "ref": "labeling",
2026-07-03T19:07:03.5438207Z       "package": "labeling",
2026-07-03T19:07:03.5438323Z       "version": "0.4.3",
2026-07-03T19:07:03.5438427Z       "type": "standard",
2026-07-03T19:07:03.5438531Z       "direct": false,
2026-07-03T19:07:03.5438628Z       "binary": true,
2026-07-03T19:07:03.5438741Z       "dependencies": [],
2026-07-03T19:07:03.5438844Z       "vignettes": false,
2026-07-03T19:07:03.5438967Z       "needscompilation": false,
2026-07-03T19:07:03.5439061Z       "metadata": {
2026-07-03T19:07:03.5439182Z         "RemoteType": "standard",
2026-07-03T19:07:03.5439302Z         "RemotePkgRef": "labeling",
2026-07-03T19:07:03.5439422Z         "RemoteRef": "labeling",
2026-07-03T19:07:03.5439687Z         "RemoteRepos": "https://packagemanager.posit.co/cran/__linux__/noble/latest",
2026-07-03T19:07:03.5439889Z         "RemotePkgPlatform": "x86_64-pc-linux-gnu-ubuntu-24.04",
2026-07-03T19:07:03.5440003Z         "RemoteSha": "0.4.3"
2026-07-03T19:07:03.5440081Z       },
2026-07-03T19:07:03.5440462Z       "sources": ["https://packagemanager.posit.co/cran/__linux__/noble/latest/src/contrib/labeling_0.4.3.tar.gz"],
2026-07-03T19:07:03.5440731Z       "target": "src/contrib/x86_64-pc-linux-gnu-ubuntu-24.04/4.6/labeling_0.4.3.tar.gz",
2026-07-03T19:07:03.5440895Z       "platform": "x86_64-pc-linux-gnu-ubuntu-24.04",
2026-07-03T19:07:03.5441000Z       "rversion": "4.6",
2026-07-03T19:07:03.5441113Z       "directpkg": false,
2026-07-03T19:07:03.5441264Z       "license": "MIT + file LICENSE | Unlimited",
2026-07-03T19:07:03.5441431Z       "dep_types": ["Depends", "Imports", "LinkingTo"],
2026-07-03T19:07:03.5441526Z       "params": [],
2026-07-03T19:07:03.5441640Z       "install_args": "",
2026-07-03T19:07:03.5441750Z       "repotype": "cranlike",
2026-07-03T19:07:03.5441854Z       "sysreqs": "",
2026-07-03T19:07:03.5441962Z       "sysreqs_packages": {}
2026-07-03T19:07:03.5442042Z     },
2026-07-03T19:07:03.5442112Z     {
2026-07-03T19:07:03.5442216Z       "ref": "later",
2026-07-03T19:07:03.5442318Z       "package": "later",
2026-07-03T19:07:03.5442427Z       "version": "1.4.8",
2026-07-03T19:07:03.5442529Z       "type": "standard",
2026-07-03T19:07:03.5442635Z       "direct": false,
2026-07-03T19:07:03.5442733Z       "binary": true,
2026-07-03T19:07:03.5442871Z       "dependencies": ["Rcpp", "rlang"],
2026-07-03T19:07:03.5443025Z       "vignettes": false,
2026-07-03T19:07:03.5443149Z       "needscompilation": false,
2026-07-03T19:07:03.5443243Z       "metadata": {
2026-07-03T19:07:03.5443364Z         "RemoteType": "standard",
2026-07-03T19:07:03.5443476Z         "RemotePkgRef": "later",
2026-07-03T19:07:03.5443588Z         "RemoteRef": "later",
2026-07-03T19:07:03.5443900Z         "RemoteRepos": "https://packagemanager.posit.co/cran/__linux__/noble/latest",
2026-07-03T19:07:03.5444093Z         "RemotePkgPlatform": "x86_64-pc-linux-gnu-ubuntu-24.04",
2026-07-03T19:07:03.5444206Z         "RemoteSha": "1.4.8"
2026-07-03T19:07:03.5444285Z       },
2026-07-03T19:07:03.5444718Z       "sources": ["https://packagemanager.posit.co/cran/__linux__/noble/latest/src/contrib/later_1.4.8.tar.gz"],
2026-07-03T19:07:03.5444982Z       "target": "src/contrib/x86_64-pc-linux-gnu-ubuntu-24.04/4.6/later_1.4.8.tar.gz",
2026-07-03T19:07:03.5445151Z       "platform": "x86_64-pc-linux-gnu-ubuntu-24.04",
2026-07-03T19:07:03.5445254Z       "rversion": "4.6",
2026-07-03T19:07:03.5445369Z       "directpkg": false,
2026-07-03T19:07:03.5445493Z       "license": "MIT + file LICENSE",
2026-07-03T19:07:03.5445661Z       "dep_types": ["Depends", "Imports", "LinkingTo"],
2026-07-03T19:07:03.5445757Z       "params": [],
2026-07-03T19:07:03.5445871Z       "install_args": "",
2026-07-03T19:07:03.5445982Z       "repotype": "cranlike",
2026-07-03T19:07:03.5446085Z       "sysreqs": "",
2026-07-03T19:07:03.5446195Z       "sysreqs_packages": {}
2026-07-03T19:07:03.5446275Z     },
2026-07-03T19:07:03.5446344Z     {
2026-07-03T19:07:03.5446456Z       "ref": "litedown",
2026-07-03T19:07:03.5446562Z       "package": "litedown",
2026-07-03T19:07:03.5446673Z       "version": "0.9",
2026-07-03T19:07:03.5446777Z       "type": "standard",
2026-07-03T19:07:03.5446882Z       "direct": false,
2026-07-03T19:07:03.5446979Z       "binary": true,
2026-07-03T19:07:03.5447128Z       "dependencies": ["commonmark", "xfun"],
2026-07-03T19:07:03.5447236Z       "vignettes": false,
2026-07-03T19:07:03.5447359Z       "needscompilation": false,
2026-07-03T19:07:03.5447458Z       "metadata": {
2026-07-03T19:07:03.5447572Z         "RemoteType": "standard",
2026-07-03T19:07:03.5447700Z         "RemotePkgRef": "litedown",
2026-07-03T19:07:03.5447811Z         "RemoteRef": "litedown",
2026-07-03T19:07:03.5448078Z         "RemoteRepos": "https://packagemanager.posit.co/cran/__linux__/noble/latest",
2026-07-03T19:07:03.5448275Z         "RemotePkgPlatform": "x86_64-pc-linux-gnu-ubuntu-24.04",
2026-07-03T19:07:03.5448390Z         "RemoteSha": "0.9"
2026-07-03T19:07:03.5448469Z       },
2026-07-03T19:07:03.5448837Z       "sources": ["https://packagemanager.posit.co/cran/__linux__/noble/latest/src/contrib/litedown_0.9.tar.gz"],
2026-07-03T19:07:03.5449095Z       "target": "src/contrib/x86_64-pc-linux-gnu-ubuntu-24.04/4.6/litedown_0.9.tar.gz",
2026-07-03T19:07:03.5449264Z       "platform": "x86_64-pc-linux-gnu-ubuntu-24.04",
2026-07-03T19:07:03.5449364Z       "rversion": "4.6",
2026-07-03T19:07:03.5449476Z       "directpkg": false,
2026-07-03T19:07:03.5449606Z       "license": "MIT + file LICENSE",
2026-07-03T19:07:03.5449773Z       "dep_types": ["Depends", "Imports", "LinkingTo"],
2026-07-03T19:07:03.5449869Z       "params": [],
2026-07-03T19:07:03.5449978Z       "install_args": "",
2026-07-03T19:07:03.5450087Z       "repotype": "cranlike",
2026-07-03T19:07:03.5450196Z       "sysreqs": "",
2026-07-03T19:07:03.5450305Z       "sysreqs_packages": {}
2026-07-03T19:07:03.5450381Z     },
2026-07-03T19:07:03.5450451Z     {
2026-07-03T19:07:03.5450558Z       "ref": "magick",
2026-07-03T19:07:03.5450673Z       "package": "magick",
2026-07-03T19:07:03.5450774Z       "version": "2.9.1",
2026-07-03T19:07:03.5450887Z       "type": "standard",
2026-07-03T19:07:03.5450985Z       "direct": false,
2026-07-03T19:07:03.5451091Z       "binary": true,
2026-07-03T19:07:03.5451246Z       "dependencies": ["curl", "magrittr", "Rcpp"],
2026-07-03T19:07:03.5451359Z       "vignettes": false,
2026-07-03T19:07:03.5451477Z       "needscompilation": false,
2026-07-03T19:07:03.5451631Z       "metadata": {
2026-07-03T19:07:03.5451749Z         "RemoteType": "standard",
2026-07-03T19:07:03.5451872Z         "RemotePkgRef": "magick",
2026-07-03T19:07:03.5451985Z         "RemoteRef": "magick",
2026-07-03T19:07:03.5452249Z         "RemoteRepos": "https://packagemanager.posit.co/cran/__linux__/noble/latest",
2026-07-03T19:07:03.5452492Z         "RemotePkgPlatform": "x86_64-pc-linux-gnu-ubuntu-24.04",
2026-07-03T19:07:03.5452608Z         "RemoteSha": "2.9.1"
2026-07-03T19:07:03.5452686Z       },
2026-07-03T19:07:03.5453046Z       "sources": ["https://packagemanager.posit.co/cran/__linux__/noble/latest/src/contrib/magick_2.9.1.tar.gz"],
2026-07-03T19:07:03.5453306Z       "target": "src/contrib/x86_64-pc-linux-gnu-ubuntu-24.04/4.6/magick_2.9.1.tar.gz",
2026-07-03T19:07:03.5453470Z       "platform": "x86_64-pc-linux-gnu-ubuntu-24.04",
2026-07-03T19:07:03.5453578Z       "rversion": "4.6",
2026-07-03T19:07:03.5453690Z       "directpkg": false,
2026-07-03T19:07:03.5453816Z       "license": "MIT + file LICENSE",
2026-07-03T19:07:03.5453982Z       "dep_types": ["Depends", "Imports", "LinkingTo"],
2026-07-03T19:07:03.5454085Z       "params": [],
2026-07-03T19:07:03.5454189Z       "install_args": "",
2026-07-03T19:07:03.5454307Z       "repotype": "cranlike",
2026-07-03T19:07:03.5454677Z       "sysreqs": "ImageMagick++: ImageMagick-c++-devel (rpm) or\n        libmagick++-dev (deb)",
2026-07-03T19:07:03.5454807Z       "sysreqs_packages": [
2026-07-03T19:07:03.5454886Z         {
2026-07-03T19:07:03.5455013Z           "sysreq": "imagemagick",
2026-07-03T19:07:03.5455170Z           "packages": ["libmagick++-dev", "gsfonts"],
2026-07-03T19:07:03.5455287Z           "pre_install": {},
2026-07-03T19:07:03.5455395Z           "post_install": {}
2026-07-03T19:07:03.5455489Z         }
2026-07-03T19:07:03.5455564Z       ]
2026-07-03T19:07:03.5455642Z     },
2026-07-03T19:07:03.5455713Z     {
2026-07-03T19:07:03.5455822Z       "ref": "markdown",
2026-07-03T19:07:03.5455930Z       "package": "markdown",
2026-07-03T19:07:03.5456039Z       "version": "2.0",
2026-07-03T19:07:03.5456142Z       "type": "standard",
2026-07-03T19:07:03.5456253Z       "direct": false,
2026-07-03T19:07:03.5456352Z       "binary": true,
2026-07-03T19:07:03.5456499Z       "dependencies": ["litedown", "xfun"],
2026-07-03T19:07:03.5456604Z       "vignettes": false,
2026-07-03T19:07:03.5456730Z       "needscompilation": false,
2026-07-03T19:07:03.5456825Z       "metadata": {
2026-07-03T19:07:03.5456949Z         "RemoteType": "standard",
2026-07-03T19:07:03.5457068Z         "RemotePkgRef": "markdown",
2026-07-03T19:07:03.5457188Z         "RemoteRef": "markdown",
2026-07-03T19:07:03.5457451Z         "RemoteRepos": "https://packagemanager.posit.co/cran/__linux__/noble/latest",
2026-07-03T19:07:03.5457651Z         "RemotePkgPlatform": "x86_64-pc-linux-gnu-ubuntu-24.04",
2026-07-03T19:07:03.5457765Z         "RemoteSha": "2.0"
2026-07-03T19:07:03.5457844Z       },
2026-07-03T19:07:03.5458206Z       "sources": ["https://packagemanager.posit.co/cran/__linux__/noble/latest/src/contrib/markdown_2.0.tar.gz"],
2026-07-03T19:07:03.5458460Z       "target": "src/contrib/x86_64-pc-linux-gnu-ubuntu-24.04/4.6/markdown_2.0.tar.gz",
2026-07-03T19:07:03.5458625Z       "platform": "x86_64-pc-linux-gnu-ubuntu-24.04",
2026-07-03T19:07:03.5458729Z       "rversion": "4.6",
2026-07-03T19:07:03.5458843Z       "directpkg": false,
2026-07-03T19:07:03.5458968Z       "license": "MIT + file LICENSE",
2026-07-03T19:07:03.5459132Z       "dep_types": ["Depends", "Imports", "LinkingTo"],
2026-07-03T19:07:03.5459228Z       "params": [],
2026-07-03T19:07:03.5459338Z       "install_args": "",
2026-07-03T19:07:03.5459449Z       "repotype": "cranlike",
2026-07-03T19:07:03.5459553Z       "sysreqs": "",
2026-07-03T19:07:03.5459660Z       "sysreqs_packages": {}
2026-07-03T19:07:03.5459736Z     },
2026-07-03T19:07:03.5459804Z     {
2026-07-03T19:07:03.5459913Z       "ref": "memoise",
2026-07-03T19:07:03.5460020Z       "package": "memoise",
2026-07-03T19:07:03.5460131Z       "version": "2.0.1",
2026-07-03T19:07:03.5460281Z       "type": "standard",
2026-07-03T19:07:03.5460386Z       "direct": false,
2026-07-03T19:07:03.5460484Z       "binary": true,
2026-07-03T19:07:03.5460621Z       "dependencies": ["cachem", "rlang"],
2026-07-03T19:07:03.5460723Z       "vignettes": false,
2026-07-03T19:07:03.5460847Z       "needscompilation": false,
2026-07-03T19:07:03.5460991Z       "metadata": {
2026-07-03T19:07:03.5461111Z         "RemoteType": "standard",
2026-07-03T19:07:03.5461235Z         "RemotePkgRef": "memoise",
2026-07-03T19:07:03.5461346Z         "RemoteRef": "memoise",
2026-07-03T19:07:03.5461608Z         "RemoteRepos": "https://packagemanager.posit.co/cran/__linux__/noble/latest",
2026-07-03T19:07:03.5461799Z         "RemotePkgPlatform": "x86_64-pc-linux-gnu-ubuntu-24.04",
2026-07-03T19:07:03.5461913Z         "RemoteSha": "2.0.1"
2026-07-03T19:07:03.5461990Z       },
2026-07-03T19:07:03.5462347Z       "sources": ["https://packagemanager.posit.co/cran/__linux__/noble/latest/src/contrib/memoise_2.0.1.tar.gz"],
2026-07-03T19:07:03.5462610Z       "target": "src/contrib/x86_64-pc-linux-gnu-ubuntu-24.04/4.6/memoise_2.0.1.tar.gz",
2026-07-03T19:07:03.5462776Z       "platform": "x86_64-pc-linux-gnu-ubuntu-24.04",
2026-07-03T19:07:03.5462881Z       "rversion": "4.6",
2026-07-03T19:07:03.5462991Z       "directpkg": false,
2026-07-03T19:07:03.5463120Z       "license": "MIT + file LICENSE",
2026-07-03T19:07:03.5463288Z       "dep_types": ["Depends", "Imports", "LinkingTo"],
2026-07-03T19:07:03.5463384Z       "params": [],
2026-07-03T19:07:03.5463495Z       "install_args": "",
2026-07-03T19:07:03.5463604Z       "repotype": "cranlike",
2026-07-03T19:07:03.5463708Z       "sysreqs": "",
2026-07-03T19:07:03.5463817Z       "sysreqs_packages": {}
2026-07-03T19:07:03.5463895Z     },
2026-07-03T19:07:03.5463965Z     {
2026-07-03T19:07:03.5464069Z       "ref": "mime",
2026-07-03T19:07:03.5464171Z       "package": "mime",
2026-07-03T19:07:03.5464280Z       "version": "0.13",
2026-07-03T19:07:03.5464383Z       "type": "standard",
2026-07-03T19:07:03.5464558Z       "direct": false,
2026-07-03T19:07:03.5464668Z       "binary": true,
2026-07-03T19:07:03.5464781Z       "dependencies": [],
2026-07-03T19:07:03.5464889Z       "vignettes": false,
2026-07-03T19:07:03.5465005Z       "needscompilation": false,
2026-07-03T19:07:03.5465105Z       "metadata": {
2026-07-03T19:07:03.5465224Z         "RemoteType": "standard",
2026-07-03T19:07:03.5465341Z         "RemotePkgRef": "mime",
2026-07-03T19:07:03.5465448Z         "RemoteRef": "mime",
2026-07-03T19:07:03.5465715Z         "RemoteRepos": "https://packagemanager.posit.co/cran/__linux__/noble/latest",
2026-07-03T19:07:03.5465905Z         "RemotePkgPlatform": "x86_64-pc-linux-gnu-ubuntu-24.04",
2026-07-03T19:07:03.5466018Z         "RemoteSha": "0.13"
2026-07-03T19:07:03.5466096Z       },
2026-07-03T19:07:03.5466449Z       "sources": ["https://packagemanager.posit.co/cran/__linux__/noble/latest/src/contrib/mime_0.13.tar.gz"],
2026-07-03T19:07:03.5466702Z       "target": "src/contrib/x86_64-pc-linux-gnu-ubuntu-24.04/4.6/mime_0.13.tar.gz",
2026-07-03T19:07:03.5466869Z       "platform": "x86_64-pc-linux-gnu-ubuntu-24.04",
2026-07-03T19:07:03.5466972Z       "rversion": "4.6",
2026-07-03T19:07:03.5467083Z       "directpkg": false,
2026-07-03T19:07:03.5467185Z       "license": "GPL",
2026-07-03T19:07:03.5467352Z       "dep_types": ["Depends", "Imports", "LinkingTo"],
2026-07-03T19:07:03.5467452Z       "params": [],
2026-07-03T19:07:03.5467564Z       "install_args": "",
2026-07-03T19:07:03.5467674Z       "repotype": "cranlike",
2026-07-03T19:07:03.5467778Z       "sysreqs": "",
2026-07-03T19:07:03.5467889Z       "sysreqs_packages": {}
2026-07-03T19:07:03.5467967Z     },
2026-07-03T19:07:03.5468036Z     {
2026-07-03T19:07:03.5468148Z       "ref": "nanonext",
2026-07-03T19:07:03.5468263Z       "package": "nanonext",
2026-07-03T19:07:03.5468367Z       "version": "1.10.0",
2026-07-03T19:07:03.5468473Z       "type": "standard",
2026-07-03T19:07:03.5468573Z       "direct": false,
2026-07-03T19:07:03.5468769Z       "binary": true,
2026-07-03T19:07:03.5468875Z       "dependencies": [],
2026-07-03T19:07:03.5468984Z       "vignettes": false,
2026-07-03T19:07:03.5469097Z       "needscompilation": false,
2026-07-03T19:07:03.5469200Z       "metadata": {
2026-07-03T19:07:03.5469314Z         "RemoteType": "standard",
2026-07-03T19:07:03.5469489Z         "RemotePkgRef": "nanonext",
2026-07-03T19:07:03.5469600Z         "RemoteRef": "nanonext",
2026-07-03T19:07:03.5469863Z         "RemoteRepos": "https://packagemanager.posit.co/cran/__linux__/noble/latest",
2026-07-03T19:07:03.5470052Z         "RemotePkgPlatform": "x86_64-pc-linux-gnu-ubuntu-24.04",
2026-07-03T19:07:03.5470168Z         "RemoteSha": "1.10.0"
2026-07-03T19:07:03.5470244Z       },
2026-07-03T19:07:03.5470619Z       "sources": ["https://packagemanager.posit.co/cran/__linux__/noble/latest/src/contrib/nanonext_1.10.0.tar.gz"],
2026-07-03T19:07:03.5470891Z       "target": "src/contrib/x86_64-pc-linux-gnu-ubuntu-24.04/4.6/nanonext_1.10.0.tar.gz",
2026-07-03T19:07:03.5471060Z       "platform": "x86_64-pc-linux-gnu-ubuntu-24.04",
2026-07-03T19:07:03.5471166Z       "rversion": "4.6",
2026-07-03T19:07:03.5471278Z       "directpkg": false,
2026-07-03T19:07:03.5471402Z       "license": "MIT + file LICENSE",
2026-07-03T19:07:03.5471566Z       "dep_types": ["Depends", "Imports", "LinkingTo"],
2026-07-03T19:07:03.5471671Z       "params": [],
2026-07-03T19:07:03.5471776Z       "install_args": "",
2026-07-03T19:07:03.5471891Z       "repotype": "cranlike",
2026-07-03T19:07:03.5472237Z       "sysreqs": "'libnng' >= 1.12 and 'libmbedtls' >= 3.0 (optional,\n        bundled sources compiled otherwise)",
2026-07-03T19:07:03.5472352Z       "sysreqs_packages": {}
2026-07-03T19:07:03.5472422Z     },
2026-07-03T19:07:03.5472496Z     {
2026-07-03T19:07:03.5472596Z       "ref": "openssl",
2026-07-03T19:07:03.5472711Z       "package": "openssl",
2026-07-03T19:07:03.5472814Z       "version": "2.4.2",
2026-07-03T19:07:03.5472923Z       "type": "standard",
2026-07-03T19:07:03.5473022Z       "direct": false,
2026-07-03T19:07:03.5473128Z       "binary": true,
2026-07-03T19:07:03.5473249Z       "dependencies": ["askpass"],
2026-07-03T19:07:03.5473359Z       "vignettes": false,
2026-07-03T19:07:03.5473473Z       "needscompilation": false,
2026-07-03T19:07:03.5473574Z       "metadata": {
2026-07-03T19:07:03.5473690Z         "RemoteType": "standard",
2026-07-03T19:07:03.5473818Z         "RemotePkgRef": "openssl",
2026-07-03T19:07:03.5473932Z         "RemoteRef": "openssl",
2026-07-03T19:07:03.5474198Z         "RemoteRepos": "https://packagemanager.posit.co/cran/__linux__/noble/latest",
2026-07-03T19:07:03.5474389Z         "RemotePkgPlatform": "x86_64-pc-linux-gnu-ubuntu-24.04",
2026-07-03T19:07:03.5474571Z         "RemoteSha": "2.4.2"
2026-07-03T19:07:03.5474660Z       },
2026-07-03T19:07:03.5475026Z       "sources": ["https://packagemanager.posit.co/cran/__linux__/noble/latest/src/contrib/openssl_2.4.2.tar.gz"],
2026-07-03T19:07:03.5475302Z       "target": "src/contrib/x86_64-pc-linux-gnu-ubuntu-24.04/4.6/openssl_2.4.2.tar.gz",
2026-07-03T19:07:03.5475462Z       "platform": "x86_64-pc-linux-gnu-ubuntu-24.04",
2026-07-03T19:07:03.5475573Z       "rversion": "4.6",
2026-07-03T19:07:03.5475679Z       "directpkg": false,
2026-07-03T19:07:03.5475811Z       "license": "MIT + file LICENSE",
2026-07-03T19:07:03.5475973Z       "dep_types": ["Depends", "Imports", "LinkingTo"],
2026-07-03T19:07:03.5476082Z       "params": [],
2026-07-03T19:07:03.5476186Z       "install_args": "",
2026-07-03T19:07:03.5476303Z       "repotype": "cranlike",
2026-07-03T19:07:03.5476424Z       "sysreqs": "OpenSSL >= 1.0.2",
2026-07-03T19:07:03.5476539Z       "sysreqs_packages": [
2026-07-03T19:07:03.5476618Z         {
2026-07-03T19:07:03.5476738Z           "sysreq": "openssl",
2026-07-03T19:07:03.5476864Z           "packages": ["libssl-dev"],
2026-07-03T19:07:03.5476982Z           "pre_install": {},
2026-07-03T19:07:03.5477092Z           "post_install": {}
2026-07-03T19:07:03.5477179Z         }
2026-07-03T19:07:03.5477254Z       ]
2026-07-03T19:07:03.5477383Z     },
2026-07-03T19:07:03.5477456Z     {
2026-07-03T19:07:03.5477569Z       "ref": "packrat",
2026-07-03T19:07:03.5477678Z       "package": "packrat",
2026-07-03T19:07:03.5477793Z       "version": "0.9.3",
2026-07-03T19:07:03.5477897Z       "type": "standard",
2026-07-03T19:07:03.5478004Z       "direct": false,
2026-07-03T19:07:03.5478151Z       "binary": true,
2026-07-03T19:07:03.5478265Z       "dependencies": [],
2026-07-03T19:07:03.5478368Z       "vignettes": false,
2026-07-03T19:07:03.5478493Z       "needscompilation": false,
2026-07-03T19:07:03.5478587Z       "metadata": {
2026-07-03T19:07:03.5478709Z         "RemoteType": "standard",
2026-07-03T19:07:03.5478829Z         "RemotePkgRef": "packrat",
2026-07-03T19:07:03.5478951Z         "RemoteRef": "packrat",
2026-07-03T19:07:03.5479239Z         "RemoteRepos": "https://packagemanager.posit.co/cran/__linux__/noble/latest",
2026-07-03T19:07:03.5479443Z         "RemotePkgPlatform": "x86_64-pc-linux-gnu-ubuntu-24.04",
2026-07-03T19:07:03.5479565Z         "RemoteSha": "0.9.3"
2026-07-03T19:07:03.5479650Z       },
2026-07-03T19:07:03.5480044Z       "sources": ["https://packagemanager.posit.co/cran/__linux__/noble/latest/src/contrib/packrat_0.9.3.tar.gz"],
2026-07-03T19:07:03.5480325Z       "target": "src/contrib/x86_64-pc-linux-gnu-ubuntu-24.04/4.6/packrat_0.9.3.tar.gz",
2026-07-03T19:07:03.5480506Z       "platform": "x86_64-pc-linux-gnu-ubuntu-24.04",
2026-07-03T19:07:03.5480618Z       "rversion": "4.6",
2026-07-03T19:07:03.5480737Z       "directpkg": false,
2026-07-03T19:07:03.5480847Z       "license": "GPL-2",
2026-07-03T19:07:03.5481027Z       "dep_types": ["Depends", "Imports", "LinkingTo"],
2026-07-03T19:07:03.5481128Z       "params": [],
2026-07-03T19:07:03.5481245Z       "install_args": "",
2026-07-03T19:07:03.5481362Z       "repotype": "cranlike",
2026-07-03T19:07:03.5481472Z       "sysreqs": "",
2026-07-03T19:07:03.5481595Z       "sysreqs_packages": {}
2026-07-03T19:07:03.5481671Z     },
2026-07-03T19:07:03.5481733Z     {
2026-07-03T19:07:03.5481832Z       "ref": "PKI",
2026-07-03T19:07:03.5481925Z       "package": "PKI",
2026-07-03T19:07:03.5482029Z       "version": "0.1-15",
2026-07-03T19:07:03.5482122Z       "type": "standard",
2026-07-03T19:07:03.5482220Z       "direct": false,
2026-07-03T19:07:03.5482309Z       "binary": true,
2026-07-03T19:07:03.5482430Z       "dependencies": ["base64enc"],
2026-07-03T19:07:03.5482526Z       "vignettes": false,
2026-07-03T19:07:03.5482636Z       "needscompilation": false,
2026-07-03T19:07:03.5482727Z       "metadata": {
2026-07-03T19:07:03.5482832Z         "RemoteType": "standard",
2026-07-03T19:07:03.5482941Z         "RemotePkgRef": "PKI",
2026-07-03T19:07:03.5483040Z         "RemoteRef": "PKI",
2026-07-03T19:07:03.5483285Z         "RemoteRepos": "https://packagemanager.posit.co/cran/__linux__/noble/latest",
2026-07-03T19:07:03.5483461Z         "RemotePkgPlatform": "x86_64-pc-linux-gnu-ubuntu-24.04",
2026-07-03T19:07:03.5483568Z         "RemoteSha": "0.1-15"
2026-07-03T19:07:03.5483638Z       },
2026-07-03T19:07:03.5483969Z       "sources": ["https://packagemanager.posit.co/cran/__linux__/noble/latest/src/contrib/PKI_0.1-15.tar.gz"],
2026-07-03T19:07:03.5484199Z       "target": "src/contrib/x86_64-pc-linux-gnu-ubuntu-24.04/4.6/PKI_0.1-15.tar.gz",
2026-07-03T19:07:03.5484353Z       "platform": "x86_64-pc-linux-gnu-ubuntu-24.04",
2026-07-03T19:07:03.5484450Z       "rversion": "4.6",
2026-07-03T19:07:03.5484622Z       "directpkg": false,
2026-07-03T19:07:03.5484767Z       "license": "GPL-2 | GPL-3 | file LICENSE",
2026-07-03T19:07:03.5484924Z       "dep_types": ["Depends", "Imports", "LinkingTo"],
2026-07-03T19:07:03.5485014Z       "params": [],
2026-07-03T19:07:03.5485115Z       "install_args": "",
2026-07-03T19:07:03.5485216Z       "repotype": "cranlike",
2026-07-03T19:07:03.5485454Z       "sysreqs": "OpenSSL library and headers (openssl-dev or\n        similar)",
2026-07-03T19:07:03.5485553Z       "sysreqs_packages": [
2026-07-03T19:07:03.5485633Z         {
2026-07-03T19:07:03.5485744Z           "sysreq": "openssl",
2026-07-03T19:07:03.5485905Z           "packages": ["libssl-dev"],
2026-07-03T19:07:03.5486013Z           "pre_install": {},
2026-07-03T19:07:03.5486113Z           "post_install": {}
2026-07-03T19:07:03.5486193Z         }
2026-07-03T19:07:03.5486263Z       ]
2026-07-03T19:07:03.5486335Z     },
2026-07-03T19:07:03.5486448Z     {
2026-07-03T19:07:03.5486550Z       "ref": "promises",
2026-07-03T19:07:03.5486651Z       "package": "promises",
2026-07-03T19:07:03.5486749Z       "version": "1.5.0",
2026-07-03T19:07:03.5486844Z       "type": "standard",
2026-07-03T19:07:03.5486939Z       "direct": false,
2026-07-03T19:07:03.5487027Z       "binary": true,
2026-07-03T19:07:03.5487286Z       "dependencies": ["fastmap", "later", "lifecycle", "magrittr", "otel", "R6", "rlang"],
2026-07-03T19:07:03.5487383Z       "vignettes": false,
2026-07-03T19:07:03.5487500Z       "needscompilation": false,
2026-07-03T19:07:03.5487589Z       "metadata": {
2026-07-03T19:07:03.5487703Z         "RemoteType": "standard",
2026-07-03T19:07:03.5487818Z         "RemotePkgRef": "promises",
2026-07-03T19:07:03.5487932Z         "RemoteRef": "promises",
2026-07-03T19:07:03.5488175Z         "RemoteRepos": "https://packagemanager.posit.co/cran/__linux__/noble/latest",
2026-07-03T19:07:03.5488362Z         "RemotePkgPlatform": "x86_64-pc-linux-gnu-ubuntu-24.04",
2026-07-03T19:07:03.5488466Z         "RemoteSha": "1.5.0"
2026-07-03T19:07:03.5488546Z       },
2026-07-03T19:07:03.5488889Z       "sources": ["https://packagemanager.posit.co/cran/__linux__/noble/latest/src/contrib/promises_1.5.0.tar.gz"],
2026-07-03T19:07:03.5489145Z       "target": "src/contrib/x86_64-pc-linux-gnu-ubuntu-24.04/4.6/promises_1.5.0.tar.gz",
2026-07-03T19:07:03.5489301Z       "platform": "x86_64-pc-linux-gnu-ubuntu-24.04",
2026-07-03T19:07:03.5489399Z       "rversion": "4.6",
2026-07-03T19:07:03.5489503Z       "directpkg": false,
2026-07-03T19:07:03.5489620Z       "license": "MIT + file LICENSE",
2026-07-03T19:07:03.5489778Z       "dep_types": ["Depends", "Imports", "LinkingTo"],
2026-07-03T19:07:03.5489872Z       "params": [],
2026-07-03T19:07:03.5489979Z       "install_args": "",
2026-07-03T19:07:03.5490083Z       "repotype": "cranlike",
2026-07-03T19:07:03.5490179Z       "sysreqs": "",
2026-07-03T19:07:03.5490281Z       "sysreqs_packages": {}
2026-07-03T19:07:03.5490354Z     },
2026-07-03T19:07:03.5490423Z     {
2026-07-03T19:07:03.5490523Z       "ref": "quarto",
2026-07-03T19:07:03.5490624Z       "package": "quarto",
2026-07-03T19:07:03.5490727Z       "version": "1.5.1",
2026-07-03T19:07:03.5490824Z       "type": "standard",
2026-07-03T19:07:03.5490924Z       "direct": false,
2026-07-03T19:07:03.5491017Z       "binary": true,
2026-07-03T19:07:03.5491446Z       "dependencies": ["cli", "fs", "htmltools", "jsonlite", "later", "lifecycle", "processx", "rlang", "rmarkdown", "rstudioapi", "xfun", "yaml"],
2026-07-03T19:07:03.5491544Z       "vignettes": false,
2026-07-03T19:07:03.5491662Z       "needscompilation": false,
2026-07-03T19:07:03.5491751Z       "metadata": {
2026-07-03T19:07:03.5491868Z         "RemoteType": "standard",
2026-07-03T19:07:03.5491976Z         "RemotePkgRef": "quarto",
2026-07-03T19:07:03.5492088Z         "RemoteRef": "quarto",
2026-07-03T19:07:03.5492330Z         "RemoteRepos": "https://packagemanager.posit.co/cran/__linux__/noble/latest",
2026-07-03T19:07:03.5492518Z         "RemotePkgPlatform": "x86_64-pc-linux-gnu-ubuntu-24.04",
2026-07-03T19:07:03.5492627Z         "RemoteSha": "1.5.1"
2026-07-03T19:07:03.5492699Z       },
2026-07-03T19:07:03.5493055Z       "sources": ["https://packagemanager.posit.co/cran/__linux__/noble/latest/src/contrib/quarto_1.5.1.tar.gz"],
2026-07-03T19:07:03.5493294Z       "target": "src/contrib/x86_64-pc-linux-gnu-ubuntu-24.04/4.6/quarto_1.5.1.tar.gz",
2026-07-03T19:07:03.5493451Z       "platform": "x86_64-pc-linux-gnu-ubuntu-24.04",
2026-07-03T19:07:03.5493549Z       "rversion": "4.6",
2026-07-03T19:07:03.5493653Z       "directpkg": false,
2026-07-03T19:07:03.5493777Z       "license": "MIT + file LICENSE",
2026-07-03T19:07:03.5493960Z       "dep_types": ["Depends", "Imports", "LinkingTo"],
2026-07-03T19:07:03.5494048Z       "params": [],
2026-07-03T19:07:03.5494150Z       "install_args": "",
2026-07-03T19:07:03.5494249Z       "repotype": "cranlike",
2026-07-03T19:07:03.5494588Z       "sysreqs": "Quarto command line tool\n        (<https://github.com/quarto-dev/quarto-cli>).",
2026-07-03T19:07:03.5494750Z       "sysreqs_packages": {}
2026-07-03T19:07:03.5494820Z     },
2026-07-03T19:07:03.5494882Z     {
2026-07-03T19:07:03.5494978Z       "ref": "ragg",
2026-07-03T19:07:03.5495070Z       "package": "ragg",
2026-07-03T19:07:03.5495171Z       "version": "1.5.2",
2026-07-03T19:07:03.5495264Z       "type": "standard",
2026-07-03T19:07:03.5495360Z       "direct": false,
2026-07-03T19:07:03.5495447Z       "binary": true,
2026-07-03T19:07:03.5495600Z       "dependencies": ["systemfonts", "textshaping"],
2026-07-03T19:07:03.5495699Z       "vignettes": false,
2026-07-03T19:07:03.5495804Z       "needscompilation": false,
2026-07-03T19:07:03.5495897Z       "metadata": {
2026-07-03T19:07:03.5496000Z         "RemoteType": "standard",
2026-07-03T19:07:03.5496109Z         "RemotePkgRef": "ragg",
2026-07-03T19:07:03.5496204Z         "RemoteRef": "ragg",
2026-07-03T19:07:03.5496443Z         "RemoteRepos": "https://packagemanager.posit.co/cran/__linux__/noble/latest",
2026-07-03T19:07:03.5496620Z         "RemotePkgPlatform": "x86_64-pc-linux-gnu-ubuntu-24.04",
2026-07-03T19:07:03.5496722Z         "RemoteSha": "1.5.2"
2026-07-03T19:07:03.5496792Z       },
2026-07-03T19:07:03.5497109Z       "sources": ["https://packagemanager.posit.co/cran/__linux__/noble/latest/src/contrib/ragg_1.5.2.tar.gz"],
2026-07-03T19:07:03.5497330Z       "target": "src/contrib/x86_64-pc-linux-gnu-ubuntu-24.04/4.6/ragg_1.5.2.tar.gz",
2026-07-03T19:07:03.5497482Z       "platform": "x86_64-pc-linux-gnu-ubuntu-24.04",
2026-07-03T19:07:03.5497575Z       "rversion": "4.6",
2026-07-03T19:07:03.5497677Z       "directpkg": false,
2026-07-03T19:07:03.5497788Z       "license": "MIT + file LICENSE",
2026-07-03T19:07:03.5497943Z       "dep_types": ["Depends", "Imports", "LinkingTo"],
2026-07-03T19:07:03.5498031Z       "params": [],
2026-07-03T19:07:03.5498130Z       "install_args": "",
2026-07-03T19:07:03.5498231Z       "repotype": "cranlike",
2026-07-03T19:07:03.5498465Z       "sysreqs": "freetype2, libpng, libtiff, libjpeg, libwebp,\n        libwebpmux",
2026-07-03T19:07:03.5498571Z       "sysreqs_packages": [
2026-07-03T19:07:03.5498642Z         {
2026-07-03T19:07:03.5498750Z           "sysreq": "freetype",
2026-07-03T19:07:03.5498871Z           "packages": ["libfreetype6-dev"],
2026-07-03T19:07:03.5498972Z           "pre_install": {},
2026-07-03T19:07:03.5499067Z           "post_install": {}
2026-07-03T19:07:03.5499150Z         },
2026-07-03T19:07:03.5499219Z         {
2026-07-03T19:07:03.5499323Z           "sysreq": "libjpeg",
2026-07-03T19:07:03.5499435Z           "packages": ["libjpeg-dev"],
2026-07-03T19:07:03.5499538Z           "pre_install": {},
2026-07-03T19:07:03.5499642Z           "post_install": {}
2026-07-03T19:07:03.5499727Z         },
2026-07-03T19:07:03.5499799Z         {
2026-07-03T19:07:03.5499902Z           "sysreq": "libpng",
2026-07-03T19:07:03.5500012Z           "packages": ["libpng-dev"],
2026-07-03T19:07:03.5500113Z           "pre_install": {},
2026-07-03T19:07:03.5500208Z           "post_install": {}
2026-07-03T19:07:03.5500292Z         },
2026-07-03T19:07:03.5500362Z         {
2026-07-03T19:07:03.5500466Z           "sysreq": "libtiff",
2026-07-03T19:07:03.5500577Z           "packages": ["libtiff-dev"],
2026-07-03T19:07:03.5500681Z           "pre_install": {},
2026-07-03T19:07:03.5500777Z           "post_install": {}
2026-07-03T19:07:03.5500858Z         },
2026-07-03T19:07:03.5500927Z         {
2026-07-03T19:07:03.5501033Z           "sysreq": "libwebp",
2026-07-03T19:07:03.5501144Z           "packages": ["libwebp-dev"],
2026-07-03T19:07:03.5501246Z           "pre_install": {},
2026-07-03T19:07:03.5501340Z           "post_install": {}
2026-07-03T19:07:03.5501415Z         }
2026-07-03T19:07:03.5501529Z       ]
2026-07-03T19:07:03.5501603Z     },
2026-07-03T19:07:03.5501664Z     {
2026-07-03T19:07:03.5501766Z       "ref": "rappdirs",
2026-07-03T19:07:03.5501864Z       "package": "rappdirs",
2026-07-03T19:07:03.5501964Z       "version": "0.3.4",
2026-07-03T19:07:03.5502056Z       "type": "standard",
2026-07-03T19:07:03.5502187Z       "direct": false,
2026-07-03T19:07:03.5502281Z       "binary": true,
2026-07-03T19:07:03.5502374Z       "dependencies": [],
2026-07-03T19:07:03.5502511Z       "vignettes": false,
2026-07-03T19:07:03.5502615Z       "needscompilation": false,
2026-07-03T19:07:03.5502704Z       "metadata": {
2026-07-03T19:07:03.5502806Z         "RemoteType": "standard",
2026-07-03T19:07:03.5502917Z         "RemotePkgRef": "rappdirs",
2026-07-03T19:07:03.5503017Z         "RemoteRef": "rappdirs",
2026-07-03T19:07:03.5503255Z         "RemoteRepos": "https://packagemanager.posit.co/cran/__linux__/noble/latest",
2026-07-03T19:07:03.5503430Z         "RemotePkgPlatform": "x86_64-pc-linux-gnu-ubuntu-24.04",
2026-07-03T19:07:03.5503532Z         "RemoteSha": "0.3.4"
2026-07-03T19:07:03.5503601Z       },
2026-07-03T19:07:03.5503936Z       "sources": ["https://packagemanager.posit.co/cran/__linux__/noble/latest/src/contrib/rappdirs_0.3.4.tar.gz"],
2026-07-03T19:07:03.5504175Z       "target": "src/contrib/x86_64-pc-linux-gnu-ubuntu-24.04/4.6/rappdirs_0.3.4.tar.gz",
2026-07-03T19:07:03.5504334Z       "platform": "x86_64-pc-linux-gnu-ubuntu-24.04",
2026-07-03T19:07:03.5504426Z       "rversion": "4.6",
2026-07-03T19:07:03.5504591Z       "directpkg": false,
2026-07-03T19:07:03.5504710Z       "license": "MIT + file LICENSE",
2026-07-03T19:07:03.5504859Z       "dep_types": ["Depends", "Imports", "LinkingTo"],
2026-07-03T19:07:03.5504947Z       "params": [],
2026-07-03T19:07:03.5505047Z       "install_args": "",
2026-07-03T19:07:03.5505145Z       "repotype": "cranlike",
2026-07-03T19:07:03.5505241Z       "sysreqs": "",
2026-07-03T19:07:03.5505343Z       "sysreqs_packages": {}
2026-07-03T19:07:03.5505407Z     },
2026-07-03T19:07:03.5505481Z     {
2026-07-03T19:07:03.5505580Z       "ref": "RColorBrewer",
2026-07-03T19:07:03.5505690Z       "package": "RColorBrewer",
2026-07-03T19:07:03.5505783Z       "version": "1.1-3",
2026-07-03T19:07:03.5505882Z       "type": "standard",
2026-07-03T19:07:03.5505970Z       "direct": false,
2026-07-03T19:07:03.5506068Z       "binary": true,
2026-07-03T19:07:03.5506162Z       "dependencies": [],
2026-07-03T19:07:03.5506264Z       "vignettes": false,
2026-07-03T19:07:03.5506368Z       "needscompilation": false,
2026-07-03T19:07:03.5506460Z       "metadata": {
2026-07-03T19:07:03.5506561Z         "RemoteType": "standard",
2026-07-03T19:07:03.5506685Z         "RemotePkgRef": "RColorBrewer",
2026-07-03T19:07:03.5506792Z         "RemoteRef": "RColorBrewer",
2026-07-03T19:07:03.5507032Z         "RemoteRepos": "https://packagemanager.posit.co/cran/__linux__/noble/latest",
2026-07-03T19:07:03.5507201Z         "RemotePkgPlatform": "x86_64-pc-linux-gnu-ubuntu-24.04",
2026-07-03T19:07:03.5507308Z         "RemoteSha": "1.1-3"
2026-07-03T19:07:03.5507379Z       },
2026-07-03T19:07:03.5507731Z       "sources": ["https://packagemanager.posit.co/cran/__linux__/noble/latest/src/contrib/RColorBrewer_1.1-3.tar.gz"],
2026-07-03T19:07:03.5507991Z       "target": "src/contrib/x86_64-pc-linux-gnu-ubuntu-24.04/4.6/RColorBrewer_1.1-3.tar.gz",
2026-07-03T19:07:03.5508147Z       "platform": "x86_64-pc-linux-gnu-ubuntu-24.04",
2026-07-03T19:07:03.5508241Z       "rversion": "4.6",
2026-07-03T19:07:03.5508342Z       "directpkg": false,
2026-07-03T19:07:03.5508459Z       "license": "Apache License 2.0",
2026-07-03T19:07:03.5508601Z       "dep_types": ["Depends", "Imports", "LinkingTo"],
2026-07-03T19:07:03.5508693Z       "params": [],
2026-07-03T19:07:03.5508786Z       "install_args": "",
2026-07-03T19:07:03.5508891Z       "repotype": "cranlike",
2026-07-03T19:07:03.5508977Z       "sysreqs": "",
2026-07-03T19:07:03.5509079Z       "sysreqs_packages": {}
2026-07-03T19:07:03.5509141Z     },
2026-07-03T19:07:03.5509258Z     {
2026-07-03T19:07:03.5509353Z       "ref": "RcppTOML",
2026-07-03T19:07:03.5509456Z       "package": "RcppTOML",
2026-07-03T19:07:03.5509546Z       "version": "0.2.3",
2026-07-03T19:07:03.5509645Z       "type": "standard",
2026-07-03T19:07:03.5509733Z       "direct": false,
2026-07-03T19:07:03.5509828Z       "binary": true,
2026-07-03T19:07:03.5509986Z       "dependencies": ["Rcpp"],
2026-07-03T19:07:03.5510085Z       "vignettes": false,
2026-07-03T19:07:03.5510188Z       "needscompilation": false,
2026-07-03T19:07:03.5510280Z       "metadata": {
2026-07-03T19:07:03.5510383Z         "RemoteType": "standard",
2026-07-03T19:07:03.5510499Z         "RemotePkgRef": "RcppTOML",
2026-07-03T19:07:03.5510600Z         "RemoteRef": "RcppTOML",
2026-07-03T19:07:03.5510840Z         "RemoteRepos": "https://packagemanager.posit.co/cran/__linux__/noble/latest",
2026-07-03T19:07:03.5511016Z         "RemotePkgPlatform": "x86_64-pc-linux-gnu-ubuntu-24.04",
2026-07-03T19:07:03.5511121Z         "RemoteSha": "0.2.3"
2026-07-03T19:07:03.5511194Z       },
2026-07-03T19:07:03.5511535Z       "sources": ["https://packagemanager.posit.co/cran/__linux__/noble/latest/src/contrib/RcppTOML_0.2.3.tar.gz"],
2026-07-03T19:07:03.5511780Z       "target": "src/contrib/x86_64-pc-linux-gnu-ubuntu-24.04/4.6/RcppTOML_0.2.3.tar.gz",
2026-07-03T19:07:03.5511926Z       "platform": "x86_64-pc-linux-gnu-ubuntu-24.04",
2026-07-03T19:07:03.5512026Z       "rversion": "4.6",
2026-07-03T19:07:03.5512119Z       "directpkg": false,
2026-07-03T19:07:03.5512226Z       "license": "GPL (>= 2)",
2026-07-03T19:07:03.5512371Z       "dep_types": ["Depends", "Imports", "LinkingTo"],
2026-07-03T19:07:03.5512463Z       "params": [],
2026-07-03T19:07:03.5512557Z       "install_args": "",
2026-07-03T19:07:03.5512662Z       "repotype": "cranlike",
2026-07-03T19:07:03.5512771Z       "sysreqs": "A C++17 compiler",
2026-07-03T19:07:03.5512875Z       "sysreqs_packages": {}
2026-07-03T19:07:03.5512938Z     },
2026-07-03T19:07:03.5513007Z     {
2026-07-03T19:07:03.5513102Z       "ref": "reactable",
2026-07-03T19:07:03.5513209Z       "package": "reactable",
2026-07-03T19:07:03.5513301Z       "version": "0.4.5",
2026-07-03T19:07:03.5513400Z       "type": "standard",
2026-07-03T19:07:03.5513488Z       "direct": false,
2026-07-03T19:07:03.5513583Z       "binary": true,
2026-07-03T19:07:03.5513807Z       "dependencies": ["digest", "htmltools", "htmlwidgets", "jsonlite", "reactR"],
2026-07-03T19:07:03.5513907Z       "vignettes": false,
2026-07-03T19:07:03.5514011Z       "needscompilation": false,
2026-07-03T19:07:03.5514101Z       "metadata": {
2026-07-03T19:07:03.5514205Z         "RemoteType": "standard",
2026-07-03T19:07:03.5514320Z         "RemotePkgRef": "reactable",
2026-07-03T19:07:03.5514423Z         "RemoteRef": "reactable",
2026-07-03T19:07:03.5514728Z         "RemoteRepos": "https://packagemanager.posit.co/cran/__linux__/noble/latest",
2026-07-03T19:07:03.5514912Z         "RemotePkgPlatform": "x86_64-pc-linux-gnu-ubuntu-24.04",
2026-07-03T19:07:03.5515014Z         "RemoteSha": "0.4.5"
2026-07-03T19:07:03.5515093Z       },
2026-07-03T19:07:03.5515426Z       "sources": ["https://packagemanager.posit.co/cran/__linux__/noble/latest/src/contrib/reactable_0.4.5.tar.gz"],
2026-07-03T19:07:03.5515677Z       "target": "src/contrib/x86_64-pc-linux-gnu-ubuntu-24.04/4.6/reactable_0.4.5.tar.gz",
2026-07-03T19:07:03.5515822Z       "platform": "x86_64-pc-linux-gnu-ubuntu-24.04",
2026-07-03T19:07:03.5515922Z       "rversion": "4.6",
2026-07-03T19:07:03.5516015Z       "directpkg": false,
2026-07-03T19:07:03.5516133Z       "license": "MIT + file LICENSE",
2026-07-03T19:07:03.5516277Z       "dep_types": ["Depends", "Imports", "LinkingTo"],
2026-07-03T19:07:03.5516370Z       "params": [],
2026-07-03T19:07:03.5516463Z       "install_args": "",
2026-07-03T19:07:03.5516571Z       "repotype": "cranlike",
2026-07-03T19:07:03.5516657Z       "sysreqs": "",
2026-07-03T19:07:03.5516765Z       "sysreqs_packages": {}
2026-07-03T19:07:03.5516828Z     },
2026-07-03T19:07:03.5516899Z     {
2026-07-03T19:07:03.5517035Z       "ref": "reactR",
2026-07-03T19:07:03.5517141Z       "package": "reactR",
2026-07-03T19:07:03.5517233Z       "version": "0.6.1",
2026-07-03T19:07:03.5517332Z       "type": "standard",
2026-07-03T19:07:03.5517421Z       "direct": false,
2026-07-03T19:07:03.5517515Z       "binary": true,
2026-07-03T19:07:03.5517670Z       "dependencies": ["htmltools"],
2026-07-03T19:07:03.5517770Z       "vignettes": false,
2026-07-03T19:07:03.5517874Z       "needscompilation": false,
2026-07-03T19:07:03.5517968Z       "metadata": {
2026-07-03T19:07:03.5518076Z         "RemoteType": "standard",
2026-07-03T19:07:03.5518180Z         "RemotePkgRef": "reactR",
2026-07-03T19:07:03.5518285Z         "RemoteRef": "reactR",
2026-07-03T19:07:03.5518514Z         "RemoteRepos": "https://packagemanager.posit.co/cran/__linux__/noble/latest",
2026-07-03T19:07:03.5518694Z         "RemotePkgPlatform": "x86_64-pc-linux-gnu-ubuntu-24.04",
2026-07-03T19:07:03.5518792Z         "RemoteSha": "0.6.1"
2026-07-03T19:07:03.5518868Z       },
2026-07-03T19:07:03.5519190Z       "sources": ["https://packagemanager.posit.co/cran/__linux__/noble/latest/src/contrib/reactR_0.6.1.tar.gz"],
2026-07-03T19:07:03.5519426Z       "target": "src/contrib/x86_64-pc-linux-gnu-ubuntu-24.04/4.6/reactR_0.6.1.tar.gz",
2026-07-03T19:07:03.5519567Z       "platform": "x86_64-pc-linux-gnu-ubuntu-24.04",
2026-07-03T19:07:03.5519672Z       "rversion": "4.6",
2026-07-03T19:07:03.5519765Z       "directpkg": false,
2026-07-03T19:07:03.5519887Z       "license": "MIT + file LICENSE",
2026-07-03T19:07:03.5520031Z       "dep_types": ["Depends", "Imports", "LinkingTo"],
2026-07-03T19:07:03.5520125Z       "params": [],
2026-07-03T19:07:03.5520217Z       "install_args": "",
2026-07-03T19:07:03.5520325Z       "repotype": "cranlike",
2026-07-03T19:07:03.5520414Z       "sysreqs": "",
2026-07-03T19:07:03.5520519Z       "sysreqs_packages": {}
2026-07-03T19:07:03.5520584Z     },
2026-07-03T19:07:03.5520657Z     {
2026-07-03T19:07:03.5520743Z       "ref": "renv",
2026-07-03T19:07:03.5520845Z       "package": "renv",
2026-07-03T19:07:03.5520937Z       "version": "1.2.3",
2026-07-03T19:07:03.5521037Z       "type": "standard",
2026-07-03T19:07:03.5521125Z       "direct": false,
2026-07-03T19:07:03.5521220Z       "binary": true,
2026-07-03T19:07:03.5521323Z       "dependencies": [],
2026-07-03T19:07:03.5521416Z       "vignettes": false,
2026-07-03T19:07:03.5521529Z       "needscompilation": false,
2026-07-03T19:07:03.5521614Z       "metadata": {
2026-07-03T19:07:03.5521725Z         "RemoteType": "standard",
2026-07-03T19:07:03.5521825Z         "RemotePkgRef": "renv",
2026-07-03T19:07:03.5521928Z         "RemoteRef": "renv",
2026-07-03T19:07:03.5522158Z         "RemoteRepos": "https://packagemanager.posit.co/cran/__linux__/noble/latest",
2026-07-03T19:07:03.5522336Z         "RemotePkgPlatform": "x86_64-pc-linux-gnu-ubuntu-24.04",
2026-07-03T19:07:03.5522433Z         "RemoteSha": "1.2.3"
2026-07-03T19:07:03.5522512Z       },
2026-07-03T19:07:03.5522818Z       "sources": ["https://packagemanager.posit.co/cran/__linux__/noble/latest/src/contrib/renv_1.2.3.tar.gz"],
2026-07-03T19:07:03.5523047Z       "target": "src/contrib/x86_64-pc-linux-gnu-ubuntu-24.04/4.6/renv_1.2.3.tar.gz",
2026-07-03T19:07:03.5523188Z       "platform": "x86_64-pc-linux-gnu-ubuntu-24.04",
2026-07-03T19:07:03.5523289Z       "rversion": "4.6",
2026-07-03T19:07:03.5523384Z       "directpkg": false,
2026-07-03T19:07:03.5523502Z       "license": "MIT + file LICENSE",
2026-07-03T19:07:03.5523644Z       "dep_types": ["Depends", "Imports", "LinkingTo"],
2026-07-03T19:07:03.5523738Z       "params": [],
2026-07-03T19:07:03.5523831Z       "install_args": "",
2026-07-03T19:07:03.5523938Z       "repotype": "cranlike",
2026-07-03T19:07:03.5524023Z       "sysreqs": "",
2026-07-03T19:07:03.5524125Z       "sysreqs_packages": {}
2026-07-03T19:07:03.5524196Z     },
2026-07-03T19:07:03.5524259Z     {
2026-07-03T19:07:03.5524348Z       "ref": "rex",
2026-07-03T19:07:03.5524440Z       "package": "rex",
2026-07-03T19:07:03.5524605Z       "version": "1.2.2",
2026-07-03T19:07:03.5524753Z       "type": "standard",
2026-07-03T19:07:03.5524850Z       "direct": false,
2026-07-03T19:07:03.5524938Z       "binary": true,
2026-07-03T19:07:03.5525048Z       "dependencies": ["withr"],
2026-07-03T19:07:03.5525139Z       "vignettes": false,
2026-07-03T19:07:03.5525248Z       "needscompilation": false,
2026-07-03T19:07:03.5525413Z       "metadata": {
2026-07-03T19:07:03.5525522Z         "RemoteType": "standard",
2026-07-03T19:07:03.5525622Z         "RemotePkgRef": "rex",
2026-07-03T19:07:03.5525728Z         "RemoteRef": "rex",
2026-07-03T19:07:03.5525964Z         "RemoteRepos": "https://packagemanager.posit.co/cran/__linux__/noble/latest",
2026-07-03T19:07:03.5526146Z         "RemotePkgPlatform": "x86_64-pc-linux-gnu-ubuntu-24.04",
2026-07-03T19:07:03.5526243Z         "RemoteSha": "1.2.2"
2026-07-03T19:07:03.5526323Z       },
2026-07-03T19:07:03.5526631Z       "sources": ["https://packagemanager.posit.co/cran/__linux__/noble/latest/src/contrib/rex_1.2.2.tar.gz"],
2026-07-03T19:07:03.5526864Z       "target": "src/contrib/x86_64-pc-linux-gnu-ubuntu-24.04/4.6/rex_1.2.2.tar.gz",
2026-07-03T19:07:03.5527008Z       "platform": "x86_64-pc-linux-gnu-ubuntu-24.04",
2026-07-03T19:07:03.5527107Z       "rversion": "4.6",
2026-07-03T19:07:03.5527201Z       "directpkg": false,
2026-07-03T19:07:03.5527321Z       "license": "MIT + file LICENSE",
2026-07-03T19:07:03.5527470Z       "dep_types": ["Depends", "Imports", "LinkingTo"],
2026-07-03T19:07:03.5527564Z       "params": [],
2026-07-03T19:07:03.5527666Z       "install_args": "",
2026-07-03T19:07:03.5527767Z       "repotype": "cranlike",
2026-07-03T19:07:03.5527859Z       "sysreqs": "",
2026-07-03T19:07:03.5527956Z       "sysreqs_packages": {}
2026-07-03T19:07:03.5528025Z     },
2026-07-03T19:07:03.5528089Z     {
2026-07-03T19:07:03.5528188Z       "ref": "rmarkdown",
2026-07-03T19:07:03.5528286Z       "package": "rmarkdown",
2026-07-03T19:07:03.5528382Z       "version": "2.31",
2026-07-03T19:07:03.5528474Z       "type": "standard",
2026-07-03T19:07:03.5528568Z       "direct": false,
2026-07-03T19:07:03.5528656Z       "binary": true,
2026-07-03T19:07:03.5529025Z       "dependencies": ["bslib", "evaluate", "fontawesome", "htmltools", "jquerylib", "jsonlite", "knitr", "tinytex", "xfun", "yaml"],
2026-07-03T19:07:03.5529117Z       "vignettes": false,
2026-07-03T19:07:03.5529231Z       "needscompilation": false,
2026-07-03T19:07:03.5529315Z       "metadata": {
2026-07-03T19:07:03.5529426Z         "RemoteType": "standard",
2026-07-03T19:07:03.5529533Z         "RemotePkgRef": "rmarkdown",
2026-07-03T19:07:03.5529642Z         "RemoteRef": "rmarkdown",
2026-07-03T19:07:03.5529870Z         "RemoteRepos": "https://packagemanager.posit.co/cran/__linux__/noble/latest",
2026-07-03T19:07:03.5530053Z         "RemotePkgPlatform": "x86_64-pc-linux-gnu-ubuntu-24.04",
2026-07-03T19:07:03.5530148Z         "RemoteSha": "2.31"
2026-07-03T19:07:03.5530225Z       },
2026-07-03T19:07:03.5530549Z       "sources": ["https://packagemanager.posit.co/cran/__linux__/noble/latest/src/contrib/rmarkdown_2.31.tar.gz"],
2026-07-03T19:07:03.5530791Z       "target": "src/contrib/x86_64-pc-linux-gnu-ubuntu-24.04/4.6/rmarkdown_2.31.tar.gz",
2026-07-03T19:07:03.5530942Z       "platform": "x86_64-pc-linux-gnu-ubuntu-24.04",
2026-07-03T19:07:03.5531034Z       "rversion": "4.6",
2026-07-03T19:07:03.5531136Z       "directpkg": false,
2026-07-03T19:07:03.5531233Z       "license": "GPL-3",
2026-07-03T19:07:03.5531381Z       "dep_types": ["Depends", "Imports", "LinkingTo"],
2026-07-03T19:07:03.5531468Z       "params": [],
2026-07-03T19:07:03.5531569Z       "install_args": "",
2026-07-03T19:07:03.5531668Z       "repotype": "cranlike",
2026-07-03T19:07:03.5531842Z       "sysreqs": "pandoc (>= 1.14) - http://pandoc.org",
2026-07-03T19:07:03.5531940Z       "sysreqs_packages": [
2026-07-03T19:07:03.5532018Z         {
2026-07-03T19:07:03.5532116Z           "sysreq": "pandoc",
2026-07-03T19:07:03.5532228Z           "packages": ["pandoc"],
2026-07-03T19:07:03.5532323Z           "pre_install": {},
2026-07-03T19:07:03.5532465Z           "post_install": {}
2026-07-03T19:07:03.5532534Z         }
2026-07-03T19:07:03.5532609Z       ]
2026-07-03T19:07:03.5532672Z     },
2026-07-03T19:07:03.5532741Z     {
2026-07-03T19:07:03.5532832Z       "ref": "rsconnect",
2026-07-03T19:07:03.5532937Z       "package": "rsconnect",
2026-07-03T19:07:03.5533071Z       "version": "1.10.0",
2026-07-03T19:07:03.5533171Z       "type": "standard",
2026-07-03T19:07:03.5533259Z       "direct": false,
2026-07-03T19:07:03.5533354Z       "binary": true,
2026-07-03T19:07:03.5533796Z       "dependencies": ["cli", "curl", "digest", "httr2", "jsonlite", "lifecycle", "openssl", "packrat", "PKI", "renv", "rlang", "rstudioapi", "snowflakeauth", "yaml"],
2026-07-03T19:07:03.5533894Z       "vignettes": false,
2026-07-03T19:07:03.5534002Z       "needscompilation": false,
2026-07-03T19:07:03.5534086Z       "metadata": {
2026-07-03T19:07:03.5534193Z         "RemoteType": "standard",
2026-07-03T19:07:03.5534302Z         "RemotePkgRef": "rsconnect",
2026-07-03T19:07:03.5534413Z         "RemoteRef": "rsconnect",
2026-07-03T19:07:03.5534711Z         "RemoteRepos": "https://packagemanager.posit.co/cran/__linux__/noble/latest",
2026-07-03T19:07:03.5534895Z         "RemotePkgPlatform": "x86_64-pc-linux-gnu-ubuntu-24.04",
2026-07-03T19:07:03.5534994Z         "RemoteSha": "1.10.0"
2026-07-03T19:07:03.5535075Z       },
2026-07-03T19:07:03.5535406Z       "sources": ["https://packagemanager.posit.co/cran/__linux__/noble/latest/src/contrib/rsconnect_1.10.0.tar.gz"],
2026-07-03T19:07:03.5535658Z       "target": "src/contrib/x86_64-pc-linux-gnu-ubuntu-24.04/4.6/rsconnect_1.10.0.tar.gz",
2026-07-03T19:07:03.5535802Z       "platform": "x86_64-pc-linux-gnu-ubuntu-24.04",
2026-07-03T19:07:03.5535902Z       "rversion": "4.6",
2026-07-03T19:07:03.5535997Z       "directpkg": false,
2026-07-03T19:07:03.5536098Z       "license": "GPL-2",
2026-07-03T19:07:03.5536243Z       "dep_types": ["Depends", "Imports", "LinkingTo"],
2026-07-03T19:07:03.5536336Z       "params": [],
2026-07-03T19:07:03.5536429Z       "install_args": "",
2026-07-03T19:07:03.5536534Z       "repotype": "cranlike",
2026-07-03T19:07:03.5536621Z       "sysreqs": "",
2026-07-03T19:07:03.5536728Z       "sysreqs_packages": {}
2026-07-03T19:07:03.5536795Z     },
2026-07-03T19:07:03.5536867Z     {
2026-07-03T19:07:03.5536965Z       "ref": "rstudioapi",
2026-07-03T19:07:03.5537079Z       "package": "rstudioapi",
2026-07-03T19:07:03.5537179Z       "version": "0.19.0",
2026-07-03T19:07:03.5537271Z       "type": "standard",
2026-07-03T19:07:03.5537366Z       "direct": false,
2026-07-03T19:07:03.5537453Z       "binary": true,
2026-07-03T19:07:03.5537553Z       "dependencies": [],
2026-07-03T19:07:03.5537644Z       "vignettes": false,
2026-07-03T19:07:03.5537754Z       "needscompilation": false,
2026-07-03T19:07:03.5537838Z       "metadata": {
2026-07-03T19:07:03.5537947Z         "RemoteType": "standard",
2026-07-03T19:07:03.5538058Z         "RemotePkgRef": "rstudioapi",
2026-07-03T19:07:03.5538172Z         "RemoteRef": "rstudioapi",
2026-07-03T19:07:03.5538407Z         "RemoteRepos": "https://packagemanager.posit.co/cran/__linux__/noble/latest",
2026-07-03T19:07:03.5538587Z         "RemotePkgPlatform": "x86_64-pc-linux-gnu-ubuntu-24.04",
2026-07-03T19:07:03.5538686Z         "RemoteSha": "0.19.0"
2026-07-03T19:07:03.5538762Z       },
2026-07-03T19:07:03.5539100Z       "sources": ["https://packagemanager.posit.co/cran/__linux__/noble/latest/src/contrib/rstudioapi_0.19.0.tar.gz"],
2026-07-03T19:07:03.5539361Z       "target": "src/contrib/x86_64-pc-linux-gnu-ubuntu-24.04/4.6/rstudioapi_0.19.0.tar.gz",
2026-07-03T19:07:03.5539508Z       "platform": "x86_64-pc-linux-gnu-ubuntu-24.04",
2026-07-03T19:07:03.5539610Z       "rversion": "4.6",
2026-07-03T19:07:03.5539703Z       "directpkg": false,
2026-07-03T19:07:03.5539822Z       "license": "MIT + file LICENSE",
2026-07-03T19:07:03.5539965Z       "dep_types": ["Depends", "Imports", "LinkingTo"],
2026-07-03T19:07:03.5540058Z       "params": [],
2026-07-03T19:07:03.5540156Z       "install_args": "",
2026-07-03T19:07:03.5540309Z       "repotype": "cranlike",
2026-07-03T19:07:03.5540415Z       "sysreqs": "",
2026-07-03T19:07:03.5540512Z       "sysreqs_packages": {}
2026-07-03T19:07:03.5540583Z     },
2026-07-03T19:07:03.5540646Z     {
2026-07-03T19:07:03.5540747Z       "ref": "rticles",
2026-07-03T19:07:03.5540844Z       "package": "rticles",
2026-07-03T19:07:03.5540989Z       "version": "0.27",
2026-07-03T19:07:03.5541080Z       "type": "standard",
2026-07-03T19:07:03.5541176Z       "direct": false,
2026-07-03T19:07:03.5541266Z       "binary": true,
2026-07-03T19:07:03.5541502Z       "dependencies": ["knitr", "lifecycle", "rmarkdown", "tinytex", "xfun", "yaml"],
2026-07-03T19:07:03.5541596Z       "vignettes": false,
2026-07-03T19:07:03.5541710Z       "needscompilation": false,
2026-07-03T19:07:03.5541796Z       "metadata": {
2026-07-03T19:07:03.5541907Z         "RemoteType": "standard",
2026-07-03T19:07:03.5542014Z         "RemotePkgRef": "rticles",
2026-07-03T19:07:03.5542124Z         "RemoteRef": "rticles",
2026-07-03T19:07:03.5542360Z         "RemoteRepos": "https://packagemanager.posit.co/cran/__linux__/noble/latest",
2026-07-03T19:07:03.5542542Z         "RemotePkgPlatform": "x86_64-pc-linux-gnu-ubuntu-24.04",
2026-07-03T19:07:03.5542638Z         "RemoteSha": "0.27"
2026-07-03T19:07:03.5542716Z       },
2026-07-03T19:07:03.5543038Z       "sources": ["https://packagemanager.posit.co/cran/__linux__/noble/latest/src/contrib/rticles_0.27.tar.gz"],
2026-07-03T19:07:03.5543277Z       "target": "src/contrib/x86_64-pc-linux-gnu-ubuntu-24.04/4.6/rticles_0.27.tar.gz",
2026-07-03T19:07:03.5543427Z       "platform": "x86_64-pc-linux-gnu-ubuntu-24.04",
2026-07-03T19:07:03.5543519Z       "rversion": "4.6",
2026-07-03T19:07:03.5543617Z       "directpkg": false,
2026-07-03T19:07:03.5543708Z       "license": "GPL-3",
2026-07-03T19:07:03.5543858Z       "dep_types": ["Depends", "Imports", "LinkingTo"],
2026-07-03T19:07:03.5543944Z       "params": [],
2026-07-03T19:07:03.5544043Z       "install_args": "",
2026-07-03T19:07:03.5544144Z       "repotype": "cranlike",
2026-07-03T19:07:03.5544248Z       "sysreqs": "GNU make",
2026-07-03T19:07:03.5544345Z       "sysreqs_packages": [
2026-07-03T19:07:03.5544421Z         {
2026-07-03T19:07:03.5544586Z           "sysreq": "gnumake",
2026-07-03T19:07:03.5544702Z           "packages": ["make"],
2026-07-03T19:07:03.5544804Z           "pre_install": {},
2026-07-03T19:07:03.5544908Z           "post_install": {}
2026-07-03T19:07:03.5544978Z         }
2026-07-03T19:07:03.5545053Z       ]
2026-07-03T19:07:03.5545116Z     },
2026-07-03T19:07:03.5545187Z     {
2026-07-03T19:07:03.5545274Z       "ref": "sass",
2026-07-03T19:07:03.5545373Z       "package": "sass",
2026-07-03T19:07:03.5545468Z       "version": "0.4.10",
2026-07-03T19:07:03.5545567Z       "type": "standard",
2026-07-03T19:07:03.5545655Z       "direct": false,
2026-07-03T19:07:03.5545750Z       "binary": true,
2026-07-03T19:07:03.5545935Z       "dependencies": ["fs", "htmltools", "R6", "rappdirs", "rlang"],
2026-07-03T19:07:03.5546040Z       "vignettes": false,
2026-07-03T19:07:03.5546145Z       "needscompilation": false,
2026-07-03T19:07:03.5546237Z       "metadata": {
2026-07-03T19:07:03.5546342Z         "RemoteType": "standard",
2026-07-03T19:07:03.5546450Z         "RemotePkgRef": "sass",
2026-07-03T19:07:03.5546548Z         "RemoteRef": "sass",
2026-07-03T19:07:03.5546795Z         "RemoteRepos": "https://packagemanager.posit.co/cran/__linux__/noble/latest",
2026-07-03T19:07:03.5546976Z         "RemotePkgPlatform": "x86_64-pc-linux-gnu-ubuntu-24.04",
2026-07-03T19:07:03.5547074Z         "RemoteSha": "0.4.10"
2026-07-03T19:07:03.5547151Z       },
2026-07-03T19:07:03.5547465Z       "sources": ["https://packagemanager.posit.co/cran/__linux__/noble/latest/src/contrib/sass_0.4.10.tar.gz"],
2026-07-03T19:07:03.5547702Z       "target": "src/contrib/x86_64-pc-linux-gnu-ubuntu-24.04/4.6/sass_0.4.10.tar.gz",
2026-07-03T19:07:03.5547847Z       "platform": "x86_64-pc-linux-gnu-ubuntu-24.04",
2026-07-03T19:07:03.5547948Z       "rversion": "4.6",
2026-07-03T19:07:03.5548092Z       "directpkg": false,
2026-07-03T19:07:03.5548215Z       "license": "MIT + file LICENSE",
2026-07-03T19:07:03.5548364Z       "dep_types": ["Depends", "Imports", "LinkingTo"],
2026-07-03T19:07:03.5548458Z       "params": [],
2026-07-03T19:07:03.5548550Z       "install_args": "",
2026-07-03T19:07:03.5548709Z       "repotype": "cranlike",
2026-07-03T19:07:03.5548805Z       "sysreqs": "GNU make",
2026-07-03T19:07:03.5548909Z       "sysreqs_packages": [
2026-07-03T19:07:03.5548980Z         {
2026-07-03T19:07:03.5549086Z           "sysreq": "gnumake",
2026-07-03T19:07:03.5549187Z           "packages": ["make"],
2026-07-03T19:07:03.5549291Z           "pre_install": {},
2026-07-03T19:07:03.5549386Z           "post_install": {}
2026-07-03T19:07:03.5549464Z         }
2026-07-03T19:07:03.5549529Z       ]
2026-07-03T19:07:03.5549601Z     },
2026-07-03T19:07:03.5549664Z     {
2026-07-03T19:07:03.5549760Z       "ref": "scales",
2026-07-03T19:07:03.5549854Z       "package": "scales",
2026-07-03T19:07:03.5549955Z       "version": "1.4.0",
2026-07-03T19:07:03.5550053Z       "type": "standard",
2026-07-03T19:07:03.5550143Z       "direct": false,
2026-07-03T19:07:03.5550236Z       "binary": true,
2026-07-03T19:07:03.5550556Z       "dependencies": ["cli", "farver", "glue", "labeling", "lifecycle", "R6", "RColorBrewer", "rlang", "viridisLite"],
2026-07-03T19:07:03.5550658Z       "vignettes": false,
2026-07-03T19:07:03.5550764Z       "needscompilation": false,
2026-07-03T19:07:03.5550857Z       "metadata": {
2026-07-03T19:07:03.5550960Z         "RemoteType": "standard",
2026-07-03T19:07:03.5551071Z         "RemotePkgRef": "scales",
2026-07-03T19:07:03.5551172Z         "RemoteRef": "scales",
2026-07-03T19:07:03.5551414Z         "RemoteRepos": "https://packagemanager.posit.co/cran/__linux__/noble/latest",
2026-07-03T19:07:03.5551592Z         "RemotePkgPlatform": "x86_64-pc-linux-gnu-ubuntu-24.04",
2026-07-03T19:07:03.5551697Z         "RemoteSha": "1.4.0"
2026-07-03T19:07:03.5551767Z       },
2026-07-03T19:07:03.5552094Z       "sources": ["https://packagemanager.posit.co/cran/__linux__/noble/latest/src/contrib/scales_1.4.0.tar.gz"],
2026-07-03T19:07:03.5552327Z       "target": "src/contrib/x86_64-pc-linux-gnu-ubuntu-24.04/4.6/scales_1.4.0.tar.gz",
2026-07-03T19:07:03.5552479Z       "platform": "x86_64-pc-linux-gnu-ubuntu-24.04",
2026-07-03T19:07:03.5552577Z       "rversion": "4.6",
2026-07-03T19:07:03.5552678Z       "directpkg": false,
2026-07-03T19:07:03.5552790Z       "license": "MIT + file LICENSE",
2026-07-03T19:07:03.5552940Z       "dep_types": ["Depends", "Imports", "LinkingTo"],
2026-07-03T19:07:03.5553032Z       "params": [],
2026-07-03T19:07:03.5553124Z       "install_args": "",
2026-07-03T19:07:03.5553230Z       "repotype": "cranlike",
2026-07-03T19:07:03.5553315Z       "sysreqs": "",
2026-07-03T19:07:03.5553419Z       "sysreqs_packages": {}
2026-07-03T19:07:03.5553483Z     },
2026-07-03T19:07:03.5553551Z     {
2026-07-03T19:07:03.5553637Z       "ref": "servr",
2026-07-03T19:07:03.5553736Z       "package": "servr",
2026-07-03T19:07:03.5553830Z       "version": "0.33",
2026-07-03T19:07:03.5553927Z       "type": "standard",
2026-07-03T19:07:03.5554016Z       "direct": false,
2026-07-03T19:07:03.5554109Z       "binary": true,
2026-07-03T19:07:03.5554270Z       "dependencies": ["httpuv", "jsonlite", "mime", "xfun"],
2026-07-03T19:07:03.5554372Z       "vignettes": false,
2026-07-03T19:07:03.5554536Z       "needscompilation": false,
2026-07-03T19:07:03.5554640Z       "metadata": {
2026-07-03T19:07:03.5554742Z         "RemoteType": "standard",
2026-07-03T19:07:03.5554853Z         "RemotePkgRef": "servr",
2026-07-03T19:07:03.5554951Z         "RemoteRef": "servr",
2026-07-03T19:07:03.5555191Z         "RemoteRepos": "https://packagemanager.posit.co/cran/__linux__/noble/latest",
2026-07-03T19:07:03.5555362Z         "RemotePkgPlatform": "x86_64-pc-linux-gnu-ubuntu-24.04",
2026-07-03T19:07:03.5555465Z         "RemoteSha": "0.33"
2026-07-03T19:07:03.5555534Z       },
2026-07-03T19:07:03.5555900Z       "sources": ["https://packagemanager.posit.co/cran/__linux__/noble/latest/src/contrib/servr_0.33.tar.gz"],
2026-07-03T19:07:03.5556126Z       "target": "src/contrib/x86_64-pc-linux-gnu-ubuntu-24.04/4.6/servr_0.33.tar.gz",
2026-07-03T19:07:03.5556275Z       "platform": "x86_64-pc-linux-gnu-ubuntu-24.04",
2026-07-03T19:07:03.5556376Z       "rversion": "4.6",
2026-07-03T19:07:03.5556515Z       "directpkg": false,
2026-07-03T19:07:03.5556615Z       "license": "GPL",
2026-07-03T19:07:03.5556760Z       "dep_types": ["Depends", "Imports", "LinkingTo"],
2026-07-03T19:07:03.5556853Z       "params": [],
2026-07-03T19:07:03.5556947Z       "install_args": "",
2026-07-03T19:07:03.5557051Z       "repotype": "cranlike",
2026-07-03T19:07:03.5557138Z       "sysreqs": "",
2026-07-03T19:07:03.5557244Z       "sysreqs_packages": {}
2026-07-03T19:07:03.5557307Z     },
2026-07-03T19:07:03.5557378Z     {
2026-07-03T19:07:03.5557477Z       "ref": "snowflakeauth",
2026-07-03T19:07:03.5557591Z       "package": "snowflakeauth",
2026-07-03T19:07:03.5557684Z       "version": "0.2.2",
2026-07-03T19:07:03.5557785Z       "type": "standard",
2026-07-03T19:07:03.5557874Z       "direct": false,
2026-07-03T19:07:03.5557970Z       "binary": true,
2026-07-03T19:07:03.5558204Z       "dependencies": ["cli", "curl", "jose", "jsonlite", "openssl", "RcppTOML", "rlang"],
2026-07-03T19:07:03.5558306Z       "vignettes": false,
2026-07-03T19:07:03.5558411Z       "needscompilation": false,
2026-07-03T19:07:03.5558504Z       "metadata": {
2026-07-03T19:07:03.5558609Z         "RemoteType": "standard",
2026-07-03T19:07:03.5558732Z         "RemotePkgRef": "snowflakeauth",
2026-07-03T19:07:03.5558846Z         "RemoteRef": "snowflakeauth",
2026-07-03T19:07:03.5559082Z         "RemoteRepos": "https://packagemanager.posit.co/cran/__linux__/noble/latest",
2026-07-03T19:07:03.5559259Z         "RemotePkgPlatform": "x86_64-pc-linux-gnu-ubuntu-24.04",
2026-07-03T19:07:03.5559355Z         "RemoteSha": "0.2.2"
2026-07-03T19:07:03.5559433Z       },
2026-07-03T19:07:03.5559790Z       "sources": ["https://packagemanager.posit.co/cran/__linux__/noble/latest/src/contrib/snowflakeauth_0.2.2.tar.gz"],
2026-07-03T19:07:03.5560057Z       "target": "src/contrib/x86_64-pc-linux-gnu-ubuntu-24.04/4.6/snowflakeauth_0.2.2.tar.gz",
2026-07-03T19:07:03.5560198Z       "platform": "x86_64-pc-linux-gnu-ubuntu-24.04",
2026-07-03T19:07:03.5560298Z       "rversion": "4.6",
2026-07-03T19:07:03.5560392Z       "directpkg": false,
2026-07-03T19:07:03.5560510Z       "license": "MIT + file LICENSE",
2026-07-03T19:07:03.5560655Z       "dep_types": ["Depends", "Imports", "LinkingTo"],
2026-07-03T19:07:03.5560748Z       "params": [],
2026-07-03T19:07:03.5560841Z       "install_args": "",
2026-07-03T19:07:03.5560949Z       "repotype": "cranlike",
2026-07-03T19:07:03.5561035Z       "sysreqs": "",
2026-07-03T19:07:03.5561143Z       "sysreqs_packages": {}
2026-07-03T19:07:03.5561206Z     },
2026-07-03T19:07:03.5561277Z     {
2026-07-03T19:07:03.5561362Z       "ref": "sys",
2026-07-03T19:07:03.5561463Z       "package": "sys",
2026-07-03T19:07:03.5561557Z       "version": "3.4.3",
2026-07-03T19:07:03.5561657Z       "type": "standard",
2026-07-03T19:07:03.5561745Z       "direct": false,
2026-07-03T19:07:03.5561841Z       "binary": true,
2026-07-03T19:07:03.5561935Z       "dependencies": [],
2026-07-03T19:07:03.5562035Z       "vignettes": false,
2026-07-03T19:07:03.5562143Z       "needscompilation": false,
2026-07-03T19:07:03.5562234Z       "metadata": {
2026-07-03T19:07:03.5562339Z         "RemoteType": "standard",
2026-07-03T19:07:03.5562446Z         "RemotePkgRef": "sys",
2026-07-03T19:07:03.5562549Z         "RemoteRef": "sys",
2026-07-03T19:07:03.5562781Z         "RemoteRepos": "https://packagemanager.posit.co/cran/__linux__/noble/latest",
2026-07-03T19:07:03.5562963Z         "RemotePkgPlatform": "x86_64-pc-linux-gnu-ubuntu-24.04",
2026-07-03T19:07:03.5563058Z         "RemoteSha": "3.4.3"
2026-07-03T19:07:03.5563137Z       },
2026-07-03T19:07:03.5563480Z       "sources": ["https://packagemanager.posit.co/cran/__linux__/noble/latest/src/contrib/sys_3.4.3.tar.gz"],
2026-07-03T19:07:03.5563711Z       "target": "src/contrib/x86_64-pc-linux-gnu-ubuntu-24.04/4.6/sys_3.4.3.tar.gz",
2026-07-03T19:07:03.5563853Z       "platform": "x86_64-pc-linux-gnu-ubuntu-24.04",
2026-07-03T19:07:03.5563955Z       "rversion": "4.6",
2026-07-03T19:07:03.5564047Z       "directpkg": false,
2026-07-03T19:07:03.5564201Z       "license": "MIT + file LICENSE",
2026-07-03T19:07:03.5564343Z       "dep_types": ["Depends", "Imports", "LinkingTo"],
2026-07-03T19:07:03.5564436Z       "params": [],
2026-07-03T19:07:03.5564595Z       "install_args": "",
2026-07-03T19:07:03.5564711Z       "repotype": "cranlike",
2026-07-03T19:07:03.5564796Z       "sysreqs": "",
2026-07-03T19:07:03.5564903Z       "sysreqs_packages": {}
2026-07-03T19:07:03.5564966Z     },
2026-07-03T19:07:03.5565039Z     {
2026-07-03T19:07:03.5565138Z       "ref": "systemfonts",
2026-07-03T19:07:03.5565249Z       "package": "systemfonts",
2026-07-03T19:07:03.5565338Z       "version": "1.3.2",
2026-07-03T19:07:03.5565440Z       "type": "standard",
2026-07-03T19:07:03.5565527Z       "direct": false,
2026-07-03T19:07:03.5565622Z       "binary": true,
2026-07-03T19:07:03.5565791Z       "dependencies": ["base64enc", "jsonlite", "lifecycle"],
2026-07-03T19:07:03.5565884Z       "vignettes": false,
2026-07-03T19:07:03.5565996Z       "needscompilation": false,
2026-07-03T19:07:03.5566084Z       "metadata": {
2026-07-03T19:07:03.5566192Z         "RemoteType": "standard",
2026-07-03T19:07:03.5566307Z         "RemotePkgRef": "systemfonts",
2026-07-03T19:07:03.5566421Z         "RemoteRef": "systemfonts",
2026-07-03T19:07:03.5566657Z         "RemoteRepos": "https://packagemanager.posit.co/cran/__linux__/noble/latest",
2026-07-03T19:07:03.5566835Z         "RemotePkgPlatform": "x86_64-pc-linux-gnu-ubuntu-24.04",
2026-07-03T19:07:03.5566931Z         "RemoteSha": "1.3.2"
2026-07-03T19:07:03.5567009Z       },
2026-07-03T19:07:03.5567351Z       "sources": ["https://packagemanager.posit.co/cran/__linux__/noble/latest/src/contrib/systemfonts_1.3.2.tar.gz"],
2026-07-03T19:07:03.5567612Z       "target": "src/contrib/x86_64-pc-linux-gnu-ubuntu-24.04/4.6/systemfonts_1.3.2.tar.gz",
2026-07-03T19:07:03.5567755Z       "platform": "x86_64-pc-linux-gnu-ubuntu-24.04",
2026-07-03T19:07:03.5567855Z       "rversion": "4.6",
2026-07-03T19:07:03.5567949Z       "directpkg": false,
2026-07-03T19:07:03.5568071Z       "license": "MIT + file LICENSE",
2026-07-03T19:07:03.5568212Z       "dep_types": ["Depends", "Imports", "LinkingTo"],
2026-07-03T19:07:03.5568306Z       "params": [],
2026-07-03T19:07:03.5568400Z       "install_args": "",
2026-07-03T19:07:03.5568508Z       "repotype": "cranlike",
2026-07-03T19:07:03.5568628Z       "sysreqs": "fontconfig, freetype2",
2026-07-03T19:07:03.5568733Z       "sysreqs_packages": [
2026-07-03T19:07:03.5568812Z         {
2026-07-03T19:07:03.5568915Z           "sysreq": "fontconfig",
2026-07-03T19:07:03.5569049Z           "packages": ["libfontconfig1-dev"],
2026-07-03T19:07:03.5569145Z           "pre_install": {},
2026-07-03T19:07:03.5569250Z           "post_install": {}
2026-07-03T19:07:03.5569328Z         },
2026-07-03T19:07:03.5569404Z         {
2026-07-03T19:07:03.5569505Z           "sysreq": "freetype",
2026-07-03T19:07:03.5569631Z           "packages": ["libfreetype6-dev"],
2026-07-03T19:07:03.5569726Z           "pre_install": {},
2026-07-03T19:07:03.5569827Z           "post_install": {}
2026-07-03T19:07:03.5569896Z         }
2026-07-03T19:07:03.5569966Z       ]
2026-07-03T19:07:03.5570028Z     },
2026-07-03T19:07:03.5570095Z     {
2026-07-03T19:07:03.5570189Z       "ref": "textshaping",
2026-07-03T19:07:03.5570299Z       "package": "textshaping",
2026-07-03T19:07:03.5570390Z       "version": "1.0.5",
2026-07-03T19:07:03.5570488Z       "type": "standard",
2026-07-03T19:07:03.5570577Z       "direct": false,
2026-07-03T19:07:03.5570675Z       "binary": true,
2026-07-03T19:07:03.5570844Z       "dependencies": ["lifecycle", "stringi", "systemfonts"],
2026-07-03T19:07:03.5570944Z       "vignettes": false,
2026-07-03T19:07:03.5571095Z       "needscompilation": false,
2026-07-03T19:07:03.5571189Z       "metadata": {
2026-07-03T19:07:03.5571291Z         "RemoteType": "standard",
2026-07-03T19:07:03.5571412Z         "RemotePkgRef": "textshaping",
2026-07-03T19:07:03.5571516Z         "RemoteRef": "textshaping",
2026-07-03T19:07:03.5571754Z         "RemoteRepos": "https://packagemanager.posit.co/cran/__linux__/noble/latest",
2026-07-03T19:07:03.5571971Z         "RemotePkgPlatform": "x86_64-pc-linux-gnu-ubuntu-24.04",
2026-07-03T19:07:03.5572074Z         "RemoteSha": "1.0.5"
2026-07-03T19:07:03.5572151Z       },
2026-07-03T19:07:03.5572494Z       "sources": ["https://packagemanager.posit.co/cran/__linux__/noble/latest/src/contrib/textshaping_1.0.5.tar.gz"],
2026-07-03T19:07:03.5572749Z       "target": "src/contrib/x86_64-pc-linux-gnu-ubuntu-24.04/4.6/textshaping_1.0.5.tar.gz",
2026-07-03T19:07:03.5572893Z       "platform": "x86_64-pc-linux-gnu-ubuntu-24.04",
2026-07-03T19:07:03.5572993Z       "rversion": "4.6",
2026-07-03T19:07:03.5573087Z       "directpkg": false,
2026-07-03T19:07:03.5573202Z       "license": "MIT + file LICENSE",
2026-07-03T19:07:03.5573344Z       "dep_types": ["Depends", "Imports", "LinkingTo"],
2026-07-03T19:07:03.5573435Z       "params": [],
2026-07-03T19:07:03.5573528Z       "install_args": "",
2026-07-03T19:07:03.5573636Z       "repotype": "cranlike",
2026-07-03T19:07:03.5573771Z       "sysreqs": "freetype2, harfbuzz, fribidi",
2026-07-03T19:07:03.5573876Z       "sysreqs_packages": [
2026-07-03T19:07:03.5573945Z         {
2026-07-03T19:07:03.5574052Z           "sysreq": "freetype",
2026-07-03T19:07:03.5574173Z           "packages": ["libfreetype6-dev"],
2026-07-03T19:07:03.5574277Z           "pre_install": {},
2026-07-03T19:07:03.5574372Z           "post_install": {}
2026-07-03T19:07:03.5574458Z         },
2026-07-03T19:07:03.5574593Z         {
2026-07-03T19:07:03.5574705Z           "sysreq": "fribidi",
2026-07-03T19:07:03.5574823Z           "packages": ["libfribidi-dev"],
2026-07-03T19:07:03.5574927Z           "pre_install": {},
2026-07-03T19:07:03.5575024Z           "post_install": {}
2026-07-03T19:07:03.5575107Z         },
2026-07-03T19:07:03.5575180Z         {
2026-07-03T19:07:03.5575277Z           "sysreq": "harfbuzz",
2026-07-03T19:07:03.5575402Z           "packages": ["libharfbuzz-dev"],
2026-07-03T19:07:03.5575497Z           "pre_install": {},
2026-07-03T19:07:03.5575602Z           "post_install": {}
2026-07-03T19:07:03.5575670Z         }
2026-07-03T19:07:03.5575742Z       ]
2026-07-03T19:07:03.5575806Z     },
2026-07-03T19:07:03.5575876Z     {
2026-07-03T19:07:03.5575967Z       "ref": "tinytex",
2026-07-03T19:07:03.5576068Z       "package": "tinytex",
2026-07-03T19:07:03.5576161Z       "version": "0.60",
2026-07-03T19:07:03.5576261Z       "type": "standard",
2026-07-03T19:07:03.5576350Z       "direct": false,
2026-07-03T19:07:03.5576444Z       "binary": true,
2026-07-03T19:07:03.5576548Z       "dependencies": ["xfun"],
2026-07-03T19:07:03.5576646Z       "vignettes": false,
2026-07-03T19:07:03.5576753Z       "needscompilation": false,
2026-07-03T19:07:03.5576846Z       "metadata": {
2026-07-03T19:07:03.5576948Z         "RemoteType": "standard",
2026-07-03T19:07:03.5577062Z         "RemotePkgRef": "tinytex",
2026-07-03T19:07:03.5577162Z         "RemoteRef": "tinytex",
2026-07-03T19:07:03.5577402Z         "RemoteRepos": "https://packagemanager.posit.co/cran/__linux__/noble/latest",
2026-07-03T19:07:03.5577575Z         "RemotePkgPlatform": "x86_64-pc-linux-gnu-ubuntu-24.04",
2026-07-03T19:07:03.5577679Z         "RemoteSha": "0.60"
2026-07-03T19:07:03.5577748Z       },
2026-07-03T19:07:03.5578075Z       "sources": ["https://packagemanager.posit.co/cran/__linux__/noble/latest/src/contrib/tinytex_0.60.tar.gz"],
2026-07-03T19:07:03.5578301Z       "target": "src/contrib/x86_64-pc-linux-gnu-ubuntu-24.04/4.6/tinytex_0.60.tar.gz",
2026-07-03T19:07:03.5578450Z       "platform": "x86_64-pc-linux-gnu-ubuntu-24.04",
2026-07-03T19:07:03.5578551Z       "rversion": "4.6",
2026-07-03T19:07:03.5578645Z       "directpkg": false,
2026-07-03T19:07:03.5578810Z       "license": "MIT + file LICENSE",
2026-07-03T19:07:03.5578955Z       "dep_types": ["Depends", "Imports", "LinkingTo"],
2026-07-03T19:07:03.5579048Z       "params": [],
2026-07-03T19:07:03.5579139Z       "install_args": "",
2026-07-03T19:07:03.5579246Z       "repotype": "cranlike",
2026-07-03T19:07:03.5579376Z       "sysreqs": "",
2026-07-03T19:07:03.5579483Z       "sysreqs_packages": {}
2026-07-03T19:07:03.5579546Z     },
2026-07-03T19:07:03.5579618Z     {
2026-07-03T19:07:03.5579707Z       "ref": "usethis",
2026-07-03T19:07:03.5579812Z       "package": "usethis",
2026-07-03T19:07:03.5579904Z       "version": "3.2.1",
2026-07-03T19:07:03.5580002Z       "type": "standard",
2026-07-03T19:07:03.5580090Z       "direct": false,
2026-07-03T19:07:03.5580186Z       "binary": true,
2026-07-03T19:07:03.5580727Z       "dependencies": ["cli", "clipr", "crayon", "curl", "desc", "fs", "gert", "gh", "glue", "jsonlite", "lifecycle", "purrr", "rappdirs", "rlang", "rprojroot", "rstudioapi", "whisker", "withr", "yaml"],
2026-07-03T19:07:03.5580846Z       "vignettes": false,
2026-07-03T19:07:03.5580952Z       "needscompilation": false,
2026-07-03T19:07:03.5581047Z       "metadata": {
2026-07-03T19:07:03.5581152Z         "RemoteType": "standard",
2026-07-03T19:07:03.5581267Z         "RemotePkgRef": "usethis",
2026-07-03T19:07:03.5581369Z         "RemoteRef": "usethis",
2026-07-03T19:07:03.5581605Z         "RemoteRepos": "https://packagemanager.posit.co/cran/__linux__/noble/latest",
2026-07-03T19:07:03.5581787Z         "RemotePkgPlatform": "x86_64-pc-linux-gnu-ubuntu-24.04",
2026-07-03T19:07:03.5581884Z         "RemoteSha": "3.2.1"
2026-07-03T19:07:03.5581962Z       },
2026-07-03T19:07:03.5582288Z       "sources": ["https://packagemanager.posit.co/cran/__linux__/noble/latest/src/contrib/usethis_3.2.1.tar.gz"],
2026-07-03T19:07:03.5582531Z       "target": "src/contrib/x86_64-pc-linux-gnu-ubuntu-24.04/4.6/usethis_3.2.1.tar.gz",
2026-07-03T19:07:03.5582676Z       "platform": "x86_64-pc-linux-gnu-ubuntu-24.04",
2026-07-03T19:07:03.5582777Z       "rversion": "4.6",
2026-07-03T19:07:03.5582869Z       "directpkg": false,
2026-07-03T19:07:03.5582985Z       "license": "MIT + file LICENSE",
2026-07-03T19:07:03.5583127Z       "dep_types": ["Depends", "Imports", "LinkingTo"],
2026-07-03T19:07:03.5583219Z       "params": [],
2026-07-03T19:07:03.5583314Z       "install_args": "",
2026-07-03T19:07:03.5583422Z       "repotype": "cranlike",
2026-07-03T19:07:03.5583507Z       "sysreqs": "",
2026-07-03T19:07:03.5583611Z       "sysreqs_packages": {}
2026-07-03T19:07:03.5583675Z     },
2026-07-03T19:07:03.5583745Z     {
2026-07-03T19:07:03.5583829Z       "ref": "V8",
2026-07-03T19:07:03.5583927Z       "package": "V8",
2026-07-03T19:07:03.5584016Z       "version": "8.2.0",
2026-07-03T19:07:03.5584114Z       "type": "standard",
2026-07-03T19:07:03.5584200Z       "direct": false,
2026-07-03T19:07:03.5584294Z       "binary": true,
2026-07-03T19:07:03.5584431Z       "dependencies": ["curl", "jsonlite", "Rcpp"],
2026-07-03T19:07:03.5584603Z       "vignettes": false,
2026-07-03T19:07:03.5584714Z       "needscompilation": false,
2026-07-03T19:07:03.5584805Z       "metadata": {
2026-07-03T19:07:03.5584912Z         "RemoteType": "standard",
2026-07-03T19:07:03.5585009Z         "RemotePkgRef": "V8",
2026-07-03T19:07:03.5585110Z         "RemoteRef": "V8",
2026-07-03T19:07:03.5585352Z         "RemoteRepos": "https://packagemanager.posit.co/cran/__linux__/noble/latest",
2026-07-03T19:07:03.5585530Z         "RemotePkgPlatform": "x86_64-pc-linux-gnu-ubuntu-24.04",
2026-07-03T19:07:03.5585626Z         "RemoteSha": "8.2.0"
2026-07-03T19:07:03.5585702Z       },
2026-07-03T19:07:03.5586007Z       "sources": ["https://packagemanager.posit.co/cran/__linux__/noble/latest/src/contrib/V8_8.2.0.tar.gz"],
2026-07-03T19:07:03.5586237Z       "target": "src/contrib/x86_64-pc-linux-gnu-ubuntu-24.04/4.6/V8_8.2.0.tar.gz",
2026-07-03T19:07:03.5586380Z       "platform": "x86_64-pc-linux-gnu-ubuntu-24.04",
2026-07-03T19:07:03.5586481Z       "rversion": "4.6",
2026-07-03T19:07:03.5586623Z       "directpkg": false,
2026-07-03T19:07:03.5586742Z       "license": "MIT + file LICENSE",
2026-07-03T19:07:03.5586889Z       "dep_types": ["Depends", "Imports", "LinkingTo"],
2026-07-03T19:07:03.5586983Z       "params": [],
2026-07-03T19:07:03.5587076Z       "install_args": "",
2026-07-03T19:07:03.5587188Z       "repotype": "cranlike",
2026-07-03T19:07:03.5587832Z       "sysreqs": "On Linux you can build against libv8-dev (Debian)\n        or v8-devel (Fedora). We also provide static libv8 binaries for\n        most platforms, see the README for details.",
2026-07-03T19:07:03.5587937Z       "sysreqs_packages": [
2026-07-03T19:07:03.5588015Z         {
2026-07-03T19:07:03.5588108Z           "sysreq": "v8",
2026-07-03T19:07:03.5588228Z           "packages": ["libnode-dev"],
2026-07-03T19:07:03.5588326Z           "pre_install": {},
2026-07-03T19:07:03.5588431Z           "post_install": {}
2026-07-03T19:07:03.5588503Z         }
2026-07-03T19:07:03.5588579Z       ]
2026-07-03T19:07:03.5588644Z     },
2026-07-03T19:07:03.5588718Z     {
2026-07-03T19:07:03.5588815Z       "ref": "viridisLite",
2026-07-03T19:07:03.5588927Z       "package": "viridisLite",
2026-07-03T19:07:03.5589019Z       "version": "0.4.3",
2026-07-03T19:07:03.5589119Z       "type": "standard",
2026-07-03T19:07:03.5589207Z       "direct": false,
2026-07-03T19:07:03.5589306Z       "binary": true,
2026-07-03T19:07:03.5589400Z       "dependencies": [],
2026-07-03T19:07:03.5589497Z       "vignettes": false,
2026-07-03T19:07:03.5589603Z       "needscompilation": false,
2026-07-03T19:07:03.5589695Z       "metadata": {
2026-07-03T19:07:03.5589798Z         "RemoteType": "standard",
2026-07-03T19:07:03.5589916Z         "RemotePkgRef": "viridisLite",
2026-07-03T19:07:03.5590024Z         "RemoteRef": "viridisLite",
2026-07-03T19:07:03.5590269Z         "RemoteRepos": "https://packagemanager.posit.co/cran/__linux__/noble/latest",
2026-07-03T19:07:03.5590442Z         "RemotePkgPlatform": "x86_64-pc-linux-gnu-ubuntu-24.04",
2026-07-03T19:07:03.5590549Z         "RemoteSha": "0.4.3"
2026-07-03T19:07:03.5590618Z       },
2026-07-03T19:07:03.5590968Z       "sources": ["https://packagemanager.posit.co/cran/__linux__/noble/latest/src/contrib/viridisLite_0.4.3.tar.gz"],
2026-07-03T19:07:03.5591220Z       "target": "src/contrib/x86_64-pc-linux-gnu-ubuntu-24.04/4.6/viridisLite_0.4.3.tar.gz",
2026-07-03T19:07:03.5591366Z       "platform": "x86_64-pc-linux-gnu-ubuntu-24.04",
2026-07-03T19:07:03.5591464Z       "rversion": "4.6",
2026-07-03T19:07:03.5591556Z       "directpkg": false,
2026-07-03T19:07:03.5591673Z       "license": "MIT + file LICENSE",
2026-07-03T19:07:03.5591817Z       "dep_types": ["Depends", "Imports", "LinkingTo"],
2026-07-03T19:07:03.5591912Z       "params": [],
2026-07-03T19:07:03.5592007Z       "install_args": "",
2026-07-03T19:07:03.5592114Z       "repotype": "cranlike",
2026-07-03T19:07:03.5592201Z       "sysreqs": "",
2026-07-03T19:07:03.5592308Z       "sysreqs_packages": {}
2026-07-03T19:07:03.5592373Z     },
2026-07-03T19:07:03.5592442Z     {
2026-07-03T19:07:03.5592537Z       "ref": "whisker",
2026-07-03T19:07:03.5592638Z       "package": "whisker",
2026-07-03T19:07:03.5592730Z       "version": "0.4.1",
2026-07-03T19:07:03.5592830Z       "type": "standard",
2026-07-03T19:07:03.5592918Z       "direct": false,
2026-07-03T19:07:03.5593014Z       "binary": true,
2026-07-03T19:07:03.5593110Z       "dependencies": [],
2026-07-03T19:07:03.5593207Z       "vignettes": false,
2026-07-03T19:07:03.5593310Z       "needscompilation": false,
2026-07-03T19:07:03.5593400Z       "metadata": {
2026-07-03T19:07:03.5593503Z         "RemoteType": "standard",
2026-07-03T19:07:03.5593616Z         "RemotePkgRef": "whisker",
2026-07-03T19:07:03.5593714Z         "RemoteRef": "whisker",
2026-07-03T19:07:03.5593953Z         "RemoteRepos": "https://packagemanager.posit.co/cran/__linux__/noble/latest",
2026-07-03T19:07:03.5594123Z         "RemotePkgPlatform": "x86_64-pc-linux-gnu-ubuntu-24.04",
2026-07-03T19:07:03.5594225Z         "RemoteSha": "0.4.1"
2026-07-03T19:07:03.5594305Z       },
2026-07-03T19:07:03.5594734Z       "sources": ["https://packagemanager.posit.co/cran/__linux__/noble/latest/src/contrib/whisker_0.4.1.tar.gz"],
2026-07-03T19:07:03.5594984Z       "target": "src/contrib/x86_64-pc-linux-gnu-ubuntu-24.04/4.6/whisker_0.4.1.tar.gz",
2026-07-03T19:07:03.5595126Z       "platform": "x86_64-pc-linux-gnu-ubuntu-24.04",
2026-07-03T19:07:03.5595271Z       "rversion": "4.6",
2026-07-03T19:07:03.5595365Z       "directpkg": false,
2026-07-03T19:07:03.5595466Z       "license": "GPL-3",
2026-07-03T19:07:03.5595610Z       "dep_types": ["Depends", "Imports", "LinkingTo"],
2026-07-03T19:07:03.5595701Z       "params": [],
2026-07-03T19:07:03.5595792Z       "install_args": "",
2026-07-03T19:07:03.5595894Z       "repotype": "cranlike",
2026-07-03T19:07:03.5595979Z       "sysreqs": "",
2026-07-03T19:07:03.5596084Z       "sysreqs_packages": {}
2026-07-03T19:07:03.5596147Z     },
2026-07-03T19:07:03.5596218Z     {
2026-07-03T19:07:03.5596304Z       "ref": "xfun",
2026-07-03T19:07:03.5596406Z       "package": "xfun",
2026-07-03T19:07:03.5596496Z       "version": "0.59",
2026-07-03T19:07:03.5596594Z       "type": "standard",
2026-07-03T19:07:03.5596681Z       "direct": false,
2026-07-03T19:07:03.5596774Z       "binary": true,
2026-07-03T19:07:03.5596867Z       "dependencies": [],
2026-07-03T19:07:03.5596966Z       "vignettes": false,
2026-07-03T19:07:03.5597070Z       "needscompilation": false,
2026-07-03T19:07:03.5597160Z       "metadata": {
2026-07-03T19:07:03.5597262Z         "RemoteType": "standard",
2026-07-03T19:07:03.5597369Z         "RemotePkgRef": "xfun",
2026-07-03T19:07:03.5597465Z         "RemoteRef": "xfun",
2026-07-03T19:07:03.5597703Z         "RemoteRepos": "https://packagemanager.posit.co/cran/__linux__/noble/latest",
2026-07-03T19:07:03.5597881Z         "RemotePkgPlatform": "x86_64-pc-linux-gnu-ubuntu-24.04",
2026-07-03T19:07:03.5597977Z         "RemoteSha": "0.59"
2026-07-03T19:07:03.5598055Z       },
2026-07-03T19:07:03.5598365Z       "sources": ["https://packagemanager.posit.co/cran/__linux__/noble/latest/src/contrib/xfun_0.59.tar.gz"],
2026-07-03T19:07:03.5598590Z       "target": "src/contrib/x86_64-pc-linux-gnu-ubuntu-24.04/4.6/xfun_0.59.tar.gz",
2026-07-03T19:07:03.5598730Z       "platform": "x86_64-pc-linux-gnu-ubuntu-24.04",
2026-07-03T19:07:03.5598830Z       "rversion": "4.6",
2026-07-03T19:07:03.5598924Z       "directpkg": false,
2026-07-03T19:07:03.5599040Z       "license": "MIT + file LICENSE",
2026-07-03T19:07:03.5599183Z       "dep_types": ["Depends", "Imports", "LinkingTo"],
2026-07-03T19:07:03.5599278Z       "params": [],
2026-07-03T19:07:03.5599371Z       "install_args": "",
2026-07-03T19:07:03.5599478Z       "repotype": "cranlike",
2026-07-03T19:07:03.5599566Z       "sysreqs": "",
2026-07-03T19:07:03.5599670Z       "sysreqs_packages": {}
2026-07-03T19:07:03.5599733Z     },
2026-07-03T19:07:03.5599803Z     {
2026-07-03T19:07:03.5599889Z       "ref": "xml2",
2026-07-03T19:07:03.5599989Z       "package": "xml2",
2026-07-03T19:07:03.5600082Z       "version": "1.6.0",
2026-07-03T19:07:03.5600184Z       "type": "standard",
2026-07-03T19:07:03.5600272Z       "direct": false,
2026-07-03T19:07:03.5600367Z       "binary": true,
2026-07-03T19:07:03.5600481Z       "dependencies": ["cli", "rlang"],
2026-07-03T19:07:03.5600579Z       "vignettes": false,
2026-07-03T19:07:03.5600683Z       "needscompilation": false,
2026-07-03T19:07:03.5600777Z       "metadata": {
2026-07-03T19:07:03.5600886Z         "RemoteType": "standard",
2026-07-03T19:07:03.5600986Z         "RemotePkgRef": "xml2",
2026-07-03T19:07:03.5601090Z         "RemoteRef": "xml2",
2026-07-03T19:07:03.5601320Z         "RemoteRepos": "https://packagemanager.posit.co/cran/__linux__/noble/latest",
2026-07-03T19:07:03.5601497Z         "RemotePkgPlatform": "x86_64-pc-linux-gnu-ubuntu-24.04",
2026-07-03T19:07:03.5601592Z         "RemoteSha": "1.6.0"
2026-07-03T19:07:03.5601670Z       },
2026-07-03T19:07:03.5601977Z       "sources": ["https://packagemanager.posit.co/cran/__linux__/noble/latest/src/contrib/xml2_1.6.0.tar.gz"],
2026-07-03T19:07:03.5602280Z       "target": "src/contrib/x86_64-pc-linux-gnu-ubuntu-24.04/4.6/xml2_1.6.0.tar.gz",
2026-07-03T19:07:03.5602433Z       "platform": "x86_64-pc-linux-gnu-ubuntu-24.04",
2026-07-03T19:07:03.5602534Z       "rversion": "4.6",
2026-07-03T19:07:03.5602627Z       "directpkg": false,
2026-07-03T19:07:03.5602782Z       "license": "MIT + file LICENSE",
2026-07-03T19:07:03.5602925Z       "dep_types": ["Depends", "Imports", "LinkingTo"],
2026-07-03T19:07:03.5603021Z       "params": [],
2026-07-03T19:07:03.5603115Z       "install_args": "",
2026-07-03T19:07:03.5603223Z       "repotype": "cranlike",
2026-07-03T19:07:03.5603407Z       "sysreqs": "libxml2: libxml2-dev (deb), libxml2-devel (rpm)",
2026-07-03T19:07:03.5603514Z       "sysreqs_packages": [
2026-07-03T19:07:03.5603585Z         {
2026-07-03T19:07:03.5603694Z           "sysreq": "libxml2",
2026-07-03T19:07:03.5603806Z           "packages": ["libxml2-dev"],
2026-07-03T19:07:03.5603910Z           "pre_install": {},
2026-07-03T19:07:03.5604014Z           "post_install": {}
2026-07-03T19:07:03.5604083Z         }
2026-07-03T19:07:03.5604154Z       ]
2026-07-03T19:07:03.5604216Z     },
2026-07-03T19:07:03.5604284Z     {
2026-07-03T19:07:03.5604369Z       "ref": "yaml",
2026-07-03T19:07:03.5604525Z       "package": "yaml",
2026-07-03T19:07:03.5604635Z       "version": "2.3.12",
2026-07-03T19:07:03.5604737Z       "type": "standard",
2026-07-03T19:07:03.5604825Z       "direct": false,
2026-07-03T19:07:03.5604923Z       "binary": true,
2026-07-03T19:07:03.5605017Z       "dependencies": [],
2026-07-03T19:07:03.5605116Z       "vignettes": false,
2026-07-03T19:07:03.5605219Z       "needscompilation": false,
2026-07-03T19:07:03.5605314Z       "metadata": {
2026-07-03T19:07:03.5605419Z         "RemoteType": "standard",
2026-07-03T19:07:03.5605528Z         "RemotePkgRef": "yaml",
2026-07-03T19:07:03.5605622Z         "RemoteRef": "yaml",
2026-07-03T19:07:03.5605857Z         "RemoteRepos": "https://packagemanager.posit.co/cran/__linux__/noble/latest",
2026-07-03T19:07:03.5606028Z         "RemotePkgPlatform": "x86_64-pc-linux-gnu-ubuntu-24.04",
2026-07-03T19:07:03.5606132Z         "RemoteSha": "2.3.12"
2026-07-03T19:07:03.5606202Z       },
2026-07-03T19:07:03.5606517Z       "sources": ["https://packagemanager.posit.co/cran/__linux__/noble/latest/src/contrib/yaml_2.3.12.tar.gz"],
2026-07-03T19:07:03.5606745Z       "target": "src/contrib/x86_64-pc-linux-gnu-ubuntu-24.04/4.6/yaml_2.3.12.tar.gz",
2026-07-03T19:07:03.5606894Z       "platform": "x86_64-pc-linux-gnu-ubuntu-24.04",
2026-07-03T19:07:03.5606988Z       "rversion": "4.6",
2026-07-03T19:07:03.5607088Z       "directpkg": false,
2026-07-03T19:07:03.5607226Z       "license": "BSD_3_clause + file LICENSE",
2026-07-03T19:07:03.5607369Z       "dep_types": ["Depends", "Imports", "LinkingTo"],
2026-07-03T19:07:03.5607463Z       "params": [],
2026-07-03T19:07:03.5607556Z       "install_args": "",
2026-07-03T19:07:03.5607661Z       "repotype": "cranlike",
2026-07-03T19:07:03.5607749Z       "sysreqs": "",
2026-07-03T19:07:03.5607856Z       "sysreqs_packages": {}
2026-07-03T19:07:03.5607920Z     },
2026-07-03T19:07:03.5607989Z     {
2026-07-03T19:07:03.5608076Z       "ref": "zip",
2026-07-03T19:07:03.5608176Z       "package": "zip",
2026-07-03T19:07:03.5608269Z       "version": "3.0.0",
2026-07-03T19:07:03.5608368Z       "type": "standard",
2026-07-03T19:07:03.5608459Z       "direct": false,
2026-07-03T19:07:03.5608554Z       "binary": true,
2026-07-03T19:07:03.5608648Z       "dependencies": [],
2026-07-03T19:07:03.5608747Z       "vignettes": false,
2026-07-03T19:07:03.5608850Z       "needscompilation": false,
2026-07-03T19:07:03.5608942Z       "metadata": {
2026-07-03T19:07:03.5609046Z         "RemoteType": "standard",
2026-07-03T19:07:03.5609155Z         "RemotePkgRef": "zip",
2026-07-03T19:07:03.5609250Z         "RemoteRef": "zip",
2026-07-03T19:07:03.5609487Z         "RemoteRepos": "https://packagemanager.posit.co/cran/__linux__/noble/latest",
2026-07-03T19:07:03.5609656Z         "RemotePkgPlatform": "x86_64-pc-linux-gnu-ubuntu-24.04",
2026-07-03T19:07:03.5609812Z         "RemoteSha": "3.0.0"
2026-07-03T19:07:03.5609883Z       },
2026-07-03T19:07:03.5610204Z       "sources": ["https://packagemanager.posit.co/cran/__linux__/noble/latest/src/contrib/zip_3.0.0.tar.gz"],
2026-07-03T19:07:03.5610433Z       "target": "src/contrib/x86_64-pc-linux-gnu-ubuntu-24.04/4.6/zip_3.0.0.tar.gz",
2026-07-03T19:07:03.5610621Z       "platform": "x86_64-pc-linux-gnu-ubuntu-24.04",
2026-07-03T19:07:03.5610718Z       "rversion": "4.6",
2026-07-03T19:07:03.5610812Z       "directpkg": false,
2026-07-03T19:07:03.5639905Z       "license": "MIT + file LICENSE",
2026-07-03T19:07:03.5640186Z       "dep_types": ["Depends", "Imports", "LinkingTo"],
2026-07-03T19:07:03.5640295Z       "params": [],
2026-07-03T19:07:03.5640398Z       "install_args": "",
2026-07-03T19:07:03.5640511Z       "repotype": "cranlike",
2026-07-03T19:07:03.5640599Z       "sysreqs": "",
2026-07-03T19:07:03.5640707Z       "sysreqs_packages": {}
2026-07-03T19:07:03.5640774Z     },
2026-07-03T19:07:03.5640864Z     {
2026-07-03T19:07:03.5640952Z       "ref": "brew",
2026-07-03T19:07:03.5641055Z       "package": "brew",
2026-07-03T19:07:03.5641150Z       "version": "1.0-10",
2026-07-03T19:07:03.5641252Z       "type": "standard",
2026-07-03T19:07:03.5641340Z       "direct": false,
2026-07-03T19:07:03.5641435Z       "binary": true,
2026-07-03T19:07:03.5641537Z       "dependencies": [],
2026-07-03T19:07:03.5641637Z       "vignettes": false,
2026-07-03T19:07:03.5641743Z       "needscompilation": false,
2026-07-03T19:07:03.5641836Z       "metadata": {
2026-07-03T19:07:03.5641944Z         "RemoteType": "standard",
2026-07-03T19:07:03.5642054Z         "RemotePkgRef": "brew",
2026-07-03T19:07:03.5642151Z         "RemoteRef": "brew",
2026-07-03T19:07:03.5642424Z         "RemoteRepos": "https://packagemanager.posit.co/cran/__linux__/noble/latest",
2026-07-03T19:07:03.5642615Z         "RemotePkgPlatform": "x86_64-pc-linux-gnu-ubuntu-24.04",
2026-07-03T19:07:03.5642719Z         "RemoteSha": "1.0-10"
2026-07-03T19:07:03.5642800Z       },
2026-07-03T19:07:03.5643142Z       "sources": ["https://packagemanager.posit.co/cran/__linux__/noble/latest/src/contrib/brew_1.0-10.tar.gz"],
2026-07-03T19:07:03.5643388Z       "target": "src/contrib/x86_64-pc-linux-gnu-ubuntu-24.04/4.6/brew_1.0-10.tar.gz",
2026-07-03T19:07:03.5643539Z       "platform": "x86_64-pc-linux-gnu-ubuntu-24.04",
2026-07-03T19:07:03.5643642Z       "rversion": "4.6",
2026-07-03T19:07:03.5643737Z       "directpkg": false,
2026-07-03T19:07:03.5643845Z       "license": "GPL (>= 2)",
2026-07-03T19:07:03.5643993Z       "dep_types": ["Depends", "Imports", "LinkingTo"],
2026-07-03T19:07:03.5644087Z       "params": [],
2026-07-03T19:07:03.5644182Z       "install_args": "",
2026-07-03T19:07:03.5644287Z       "repotype": "cranlike",
2026-07-03T19:07:03.5644371Z       "sysreqs": "",
2026-07-03T19:07:03.5644583Z       "sysreqs_packages": {}
2026-07-03T19:07:03.5644659Z     },
2026-07-03T19:07:03.5644732Z     {
2026-07-03T19:07:03.5644834Z       "ref": "R.methodsS3",
2026-07-03T19:07:03.5644948Z       "package": "R.methodsS3",
2026-07-03T19:07:03.5645041Z       "version": "1.8.2",
2026-07-03T19:07:03.5645141Z       "type": "standard",
2026-07-03T19:07:03.5645231Z       "direct": false,
2026-07-03T19:07:03.5645326Z       "binary": true,
2026-07-03T19:07:03.5645420Z       "dependencies": [],
2026-07-03T19:07:03.5645523Z       "vignettes": false,
2026-07-03T19:07:03.5645629Z       "needscompilation": false,
2026-07-03T19:07:03.5645722Z       "metadata": {
2026-07-03T19:07:03.5645836Z         "RemoteType": "standard",
2026-07-03T19:07:03.5645953Z         "RemotePkgRef": "R.methodsS3",
2026-07-03T19:07:03.5646070Z         "RemoteRef": "R.methodsS3",
2026-07-03T19:07:03.5646314Z         "RemoteRepos": "https://packagemanager.posit.co/cran/__linux__/noble/latest",
2026-07-03T19:07:03.5646505Z         "RemotePkgPlatform": "x86_64-pc-linux-gnu-ubuntu-24.04",
2026-07-03T19:07:03.5646605Z         "RemoteSha": "1.8.2"
2026-07-03T19:07:03.5646686Z       },
2026-07-03T19:07:03.5647165Z       "sources": ["https://packagemanager.posit.co/cran/__linux__/noble/latest/src/contrib/R.methodsS3_1.8.2.tar.gz"],
2026-07-03T19:07:03.5647432Z       "target": "src/contrib/x86_64-pc-linux-gnu-ubuntu-24.04/4.6/R.methodsS3_1.8.2.tar.gz",
2026-07-03T19:07:03.5647580Z       "platform": "x86_64-pc-linux-gnu-ubuntu-24.04",
2026-07-03T19:07:03.5647751Z       "rversion": "4.6",
2026-07-03T19:07:03.5647845Z       "directpkg": false,
2026-07-03T19:07:03.5647960Z       "license": "LGPL (>= 2.1)",
2026-07-03T19:07:03.5648109Z       "dep_types": ["Depends", "Imports", "LinkingTo"],
2026-07-03T19:07:03.5648207Z       "params": [],
2026-07-03T19:07:03.5648301Z       "install_args": "",
2026-07-03T19:07:03.5648411Z       "repotype": "cranlike",
2026-07-03T19:07:03.5648499Z       "sysreqs": "",
2026-07-03T19:07:03.5648605Z       "sysreqs_packages": {}
2026-07-03T19:07:03.5648669Z     },
2026-07-03T19:07:03.5648741Z     {
2026-07-03T19:07:03.5648826Z       "ref": "R.oo",
2026-07-03T19:07:03.5648926Z       "package": "R.oo",
2026-07-03T19:07:03.5649024Z       "version": "1.27.1",
2026-07-03T19:07:03.5649124Z       "type": "standard",
2026-07-03T19:07:03.5649218Z       "direct": false,
2026-07-03T19:07:03.5649307Z       "binary": true,
2026-07-03T19:07:03.5649426Z       "dependencies": ["R.methodsS3"],
2026-07-03T19:07:03.5649518Z       "vignettes": false,
2026-07-03T19:07:03.5649634Z       "needscompilation": false,
2026-07-03T19:07:03.5649720Z       "metadata": {
2026-07-03T19:07:03.5649827Z         "RemoteType": "standard",
2026-07-03T19:07:03.5649928Z         "RemotePkgRef": "R.oo",
2026-07-03T19:07:03.5650029Z         "RemoteRef": "R.oo",
2026-07-03T19:07:03.5650265Z         "RemoteRepos": "https://packagemanager.posit.co/cran/__linux__/noble/latest",
2026-07-03T19:07:03.5650450Z         "RemotePkgPlatform": "x86_64-pc-linux-gnu-ubuntu-24.04",
2026-07-03T19:07:03.5650549Z         "RemoteSha": "1.27.1"
2026-07-03T19:07:03.5650622Z       },
2026-07-03T19:07:03.5650943Z       "sources": ["https://packagemanager.posit.co/cran/__linux__/noble/latest/src/contrib/R.oo_1.27.1.tar.gz"],
2026-07-03T19:07:03.5651177Z       "target": "src/contrib/x86_64-pc-linux-gnu-ubuntu-24.04/4.6/R.oo_1.27.1.tar.gz",
2026-07-03T19:07:03.5651319Z       "platform": "x86_64-pc-linux-gnu-ubuntu-24.04",
2026-07-03T19:07:03.5651420Z       "rversion": "4.6",
2026-07-03T19:07:03.5651517Z       "directpkg": false,
2026-07-03T19:07:03.5651627Z       "license": "LGPL (>= 2.1)",
2026-07-03T19:07:03.5651770Z       "dep_types": ["Depends", "Imports", "LinkingTo"],
2026-07-03T19:07:03.5651863Z       "params": [],
2026-07-03T19:07:03.5651955Z       "install_args": "",
2026-07-03T19:07:03.5652059Z       "repotype": "cranlike",
2026-07-03T19:07:03.5652149Z       "sysreqs": "",
2026-07-03T19:07:03.5652244Z       "sysreqs_packages": {}
2026-07-03T19:07:03.5652314Z     },
2026-07-03T19:07:03.5652376Z     {
2026-07-03T19:07:03.5652466Z       "ref": "S7",
2026-07-03T19:07:03.5652556Z       "package": "S7",
2026-07-03T19:07:03.5652652Z       "version": "0.2.2",
2026-07-03T19:07:03.5652747Z       "type": "standard",
2026-07-03T19:07:03.5652841Z       "direct": false,
2026-07-03T19:07:03.5652929Z       "binary": true,
2026-07-03T19:07:03.5653027Z       "dependencies": [],
2026-07-03T19:07:03.5653119Z       "vignettes": false,
2026-07-03T19:07:03.5653229Z       "needscompilation": false,
2026-07-03T19:07:03.5653317Z       "metadata": {
2026-07-03T19:07:03.5653424Z         "RemoteType": "standard",
2026-07-03T19:07:03.5653522Z         "RemotePkgRef": "S7",
2026-07-03T19:07:03.5653622Z         "RemoteRef": "S7",
2026-07-03T19:07:03.5653859Z         "RemoteRepos": "https://packagemanager.posit.co/cran/__linux__/noble/latest",
2026-07-03T19:07:03.5654041Z         "RemotePkgPlatform": "x86_64-pc-linux-gnu-ubuntu-24.04",
2026-07-03T19:07:03.5654137Z         "RemoteSha": "0.2.2"
2026-07-03T19:07:03.5654213Z       },
2026-07-03T19:07:03.5654610Z       "sources": ["https://packagemanager.posit.co/cran/__linux__/noble/latest/src/contrib/S7_0.2.2.tar.gz"],
2026-07-03T19:07:03.5654908Z       "target": "src/contrib/x86_64-pc-linux-gnu-ubuntu-24.04/4.6/S7_0.2.2.tar.gz",
2026-07-03T19:07:03.5655057Z       "platform": "x86_64-pc-linux-gnu-ubuntu-24.04",
2026-07-03T19:07:03.5655155Z       "rversion": "4.6",
2026-07-03T19:07:03.5655247Z       "directpkg": false,
2026-07-03T19:07:03.5655368Z       "license": "MIT + file LICENSE",
2026-07-03T19:07:03.5655567Z       "dep_types": ["Depends", "Imports", "LinkingTo"],
2026-07-03T19:07:03.5655656Z       "params": [],
2026-07-03T19:07:03.5655758Z       "install_args": "",
2026-07-03T19:07:03.5655856Z       "repotype": "cranlike",
2026-07-03T19:07:03.5655950Z       "sysreqs": "",
2026-07-03T19:07:03.5656048Z       "sysreqs_packages": {}
2026-07-03T19:07:03.5656120Z     },
2026-07-03T19:07:03.5656184Z     {
2026-07-03T19:07:03.5656319Z       "ref": "any::sessioninfo",
2026-07-03T19:07:03.5656423Z       "package": "sessioninfo",
2026-07-03T19:07:03.5656520Z       "version": "1.2.4",
2026-07-03T19:07:03.5656605Z       "type": "any",
2026-07-03T19:07:03.5656703Z       "direct": true,
2026-07-03T19:07:03.5656790Z       "binary": true,
2026-07-03T19:07:03.5656901Z       "dependencies": ["cli"],
2026-07-03T19:07:03.5656996Z       "vignettes": false,
2026-07-03T19:07:03.5657105Z       "needscompilation": false,
2026-07-03T19:07:03.5657192Z       "metadata": {
2026-07-03T19:07:03.5657299Z         "RemoteType": "any",
2026-07-03T19:07:03.5657425Z         "RemotePkgRef": "any::sessioninfo",
2026-07-03T19:07:03.5657548Z         "RemoteRef": "any::sessioninfo",
2026-07-03T19:07:03.5657783Z         "RemoteRepos": "https://packagemanager.posit.co/cran/__linux__/noble/latest",
2026-07-03T19:07:03.5657968Z         "RemotePkgPlatform": "x86_64-pc-linux-gnu-ubuntu-24.04",
2026-07-03T19:07:03.5658065Z         "RemoteSha": "1.2.4"
2026-07-03T19:07:03.5658144Z       },
2026-07-03T19:07:03.5658487Z       "sources": ["https://packagemanager.posit.co/cran/__linux__/noble/latest/src/contrib/sessioninfo_1.2.4.tar.gz"],
2026-07-03T19:07:03.5658753Z       "target": "src/contrib/x86_64-pc-linux-gnu-ubuntu-24.04/4.6/sessioninfo_1.2.4.tar.gz",
2026-07-03T19:07:03.5658903Z       "platform": "x86_64-pc-linux-gnu-ubuntu-24.04",
2026-07-03T19:07:03.5658995Z       "rversion": "4.6",
2026-07-03T19:07:03.5659092Z       "directpkg": true,
2026-07-03T19:07:03.5659187Z       "license": "GPL-2",
2026-07-03T19:07:03.5659338Z       "dep_types": ["Depends", "Imports", "LinkingTo"],
2026-07-03T19:07:03.5659427Z       "params": [],
2026-07-03T19:07:03.5659527Z       "install_args": "",
2026-07-03T19:07:03.5659625Z       "repotype": "cranlike",
2026-07-03T19:07:03.5659716Z       "sysreqs": "",
2026-07-03T19:07:03.5659811Z       "sysreqs_packages": {}
2026-07-03T19:07:03.5659880Z     },
2026-07-03T19:07:03.5659944Z     {
2026-07-03T19:07:03.5660051Z       "ref": "prettyunits",
2026-07-03T19:07:03.5660153Z       "package": "prettyunits",
2026-07-03T19:07:03.5660251Z       "version": "1.2.0",
2026-07-03T19:07:03.5660343Z       "type": "standard",
2026-07-03T19:07:03.5660439Z       "direct": false,
2026-07-03T19:07:03.5660529Z       "binary": true,
2026-07-03T19:07:03.5660631Z       "dependencies": [],
2026-07-03T19:07:03.5660725Z       "vignettes": false,
2026-07-03T19:07:03.5660835Z       "needscompilation": false,
2026-07-03T19:07:03.5660920Z       "metadata": {
2026-07-03T19:07:03.5661030Z         "RemoteType": "standard",
2026-07-03T19:07:03.5661147Z         "RemotePkgRef": "prettyunits",
2026-07-03T19:07:03.5661264Z         "RemoteRef": "prettyunits",
2026-07-03T19:07:03.5661495Z         "RemoteRepos": "https://packagemanager.posit.co/cran/__linux__/noble/latest",
2026-07-03T19:07:03.5661674Z         "RemotePkgPlatform": "x86_64-pc-linux-gnu-ubuntu-24.04",
2026-07-03T19:07:03.5661777Z         "RemoteSha": "1.2.0"
2026-07-03T19:07:03.5661844Z       },
2026-07-03T19:07:03.5662187Z       "sources": ["https://packagemanager.posit.co/cran/__linux__/noble/latest/src/contrib/prettyunits_1.2.0.tar.gz"],
2026-07-03T19:07:03.5662440Z       "target": "src/contrib/x86_64-pc-linux-gnu-ubuntu-24.04/4.6/prettyunits_1.2.0.tar.gz",
2026-07-03T19:07:03.5662622Z       "platform": "x86_64-pc-linux-gnu-ubuntu-24.04",
2026-07-03T19:07:03.5662716Z       "rversion": "4.6",
2026-07-03T19:07:03.5662815Z       "directpkg": false,
2026-07-03T19:07:03.5662926Z       "license": "MIT + file LICENSE",
2026-07-03T19:07:03.5663077Z       "dep_types": ["Depends", "Imports", "LinkingTo"],
2026-07-03T19:07:03.5663199Z       "params": [],
2026-07-03T19:07:03.5663294Z       "install_args": "",
2026-07-03T19:07:03.5663392Z       "repotype": "cranlike",
2026-07-03T19:07:03.5663483Z       "sysreqs": "",
2026-07-03T19:07:03.5663578Z       "sysreqs_packages": {}
2026-07-03T19:07:03.5663649Z     },
2026-07-03T19:07:03.5663713Z     {
2026-07-03T19:07:03.5663823Z       "ref": "any::rcmdcheck",
2026-07-03T19:07:03.5663920Z       "package": "rcmdcheck",
2026-07-03T19:07:03.5664017Z       "version": "1.4.0",
2026-07-03T19:07:03.5664103Z       "type": "any",
2026-07-03T19:07:03.5664199Z       "direct": true,
2026-07-03T19:07:03.5664285Z       "binary": true,
2026-07-03T19:07:03.5664782Z       "dependencies": ["callr", "cli", "curl", "desc", "digest", "pkgbuild", "prettyunits", "R6", "rprojroot", "sessioninfo", "withr", "xopen"],
2026-07-03T19:07:03.5664890Z       "vignettes": false,
2026-07-03T19:07:03.5664993Z       "needscompilation": false,
2026-07-03T19:07:03.5665081Z       "metadata": {
2026-07-03T19:07:03.5665182Z         "RemoteType": "any",
2026-07-03T19:07:03.5665310Z         "RemotePkgRef": "any::rcmdcheck",
2026-07-03T19:07:03.5665422Z         "RemoteRef": "any::rcmdcheck",
2026-07-03T19:07:03.5665662Z         "RemoteRepos": "https://packagemanager.posit.co/cran/__linux__/noble/latest",
2026-07-03T19:07:03.5665831Z         "RemotePkgPlatform": "x86_64-pc-linux-gnu-ubuntu-24.04",
2026-07-03T19:07:03.5665935Z         "RemoteSha": "1.4.0"
2026-07-03T19:07:03.5666005Z       },
2026-07-03T19:07:03.5666340Z       "sources": ["https://packagemanager.posit.co/cran/__linux__/noble/latest/src/contrib/rcmdcheck_1.4.0.tar.gz"],
2026-07-03T19:07:03.5666584Z       "target": "src/contrib/x86_64-pc-linux-gnu-ubuntu-24.04/4.6/rcmdcheck_1.4.0.tar.gz",
2026-07-03T19:07:03.5666733Z       "platform": "x86_64-pc-linux-gnu-ubuntu-24.04",
2026-07-03T19:07:03.5666826Z       "rversion": "4.6",
2026-07-03T19:07:03.5666926Z       "directpkg": true,
2026-07-03T19:07:03.5667035Z       "license": "MIT + file LICENSE",
2026-07-03T19:07:03.5667186Z       "dep_types": ["Depends", "Imports", "LinkingTo"],
2026-07-03T19:07:03.5667272Z       "params": [],
2026-07-03T19:07:03.5667372Z       "install_args": "",
2026-07-03T19:07:03.5667470Z       "repotype": "cranlike",
2026-07-03T19:07:03.5667563Z       "sysreqs": "",
2026-07-03T19:07:03.5667669Z       "sysreqs_packages": {}
2026-07-03T19:07:03.5667732Z     },
2026-07-03T19:07:03.5667803Z     {
2026-07-03T19:07:03.5667890Z       "ref": "xopen",
2026-07-03T19:07:03.5667989Z       "package": "xopen",
2026-07-03T19:07:03.5668078Z       "version": "1.0.1",
2026-07-03T19:07:03.5668176Z       "type": "standard",
2026-07-03T19:07:03.5668263Z       "direct": false,
2026-07-03T19:07:03.5668358Z       "binary": true,
2026-07-03T19:07:03.5668469Z       "dependencies": ["processx"],
2026-07-03T19:07:03.5668570Z       "vignettes": false,
2026-07-03T19:07:03.5668675Z       "needscompilation": false,
2026-07-03T19:07:03.5668766Z       "metadata": {
2026-07-03T19:07:03.5668868Z         "RemoteType": "standard",
2026-07-03T19:07:03.5668978Z         "RemotePkgRef": "xopen",
2026-07-03T19:07:03.5669073Z         "RemoteRef": "xopen",
2026-07-03T19:07:03.5669305Z         "RemoteRepos": "https://packagemanager.posit.co/cran/__linux__/noble/latest",
2026-07-03T19:07:03.5669475Z         "RemotePkgPlatform": "x86_64-pc-linux-gnu-ubuntu-24.04",
2026-07-03T19:07:03.5669578Z         "RemoteSha": "1.0.1"
2026-07-03T19:07:03.5669646Z       },
2026-07-03T19:07:03.5669970Z       "sources": ["https://packagemanager.posit.co/cran/__linux__/noble/latest/src/contrib/xopen_1.0.1.tar.gz"],
2026-07-03T19:07:03.5670197Z       "target": "src/contrib/x86_64-pc-linux-gnu-ubuntu-24.04/4.6/xopen_1.0.1.tar.gz",
2026-07-03T19:07:03.5670435Z       "platform": "x86_64-pc-linux-gnu-ubuntu-24.04",
2026-07-03T19:07:03.5670528Z       "rversion": "4.6",
2026-07-03T19:07:03.5670632Z       "directpkg": false,
2026-07-03T19:07:03.5670744Z       "license": "MIT + file LICENSE",
2026-07-03T19:07:03.5670895Z       "dep_types": ["Depends", "Imports", "LinkingTo"],
2026-07-03T19:07:03.5671038Z       "params": [],
2026-07-03T19:07:03.5671130Z       "install_args": "",
2026-07-03T19:07:03.5671235Z       "repotype": "cranlike",
2026-07-03T19:07:03.5671319Z       "sysreqs": "",
2026-07-03T19:07:03.5671424Z       "sysreqs_packages": {}
2026-07-03T19:07:03.5671486Z     },
2026-07-03T19:07:03.5671555Z     {
2026-07-03T19:07:03.5671653Z       "ref": "any::decor",
2026-07-03T19:07:03.5671753Z       "package": "decor",
2026-07-03T19:07:03.5671844Z       "version": "1.0.2",
2026-07-03T19:07:03.5671937Z       "type": "any",
2026-07-03T19:07:03.5672024Z       "direct": true,
2026-07-03T19:07:03.5672118Z       "binary": true,
2026-07-03T19:07:03.5672242Z       "dependencies": ["tibble", "vctrs"],
2026-07-03T19:07:03.5672341Z       "vignettes": false,
2026-07-03T19:07:03.5672445Z       "needscompilation": false,
2026-07-03T19:07:03.5672538Z       "metadata": {
2026-07-03T19:07:03.5672634Z         "RemoteType": "any",
2026-07-03T19:07:03.5672754Z         "RemotePkgRef": "any::decor",
2026-07-03T19:07:03.5672863Z         "RemoteRef": "any::decor",
2026-07-03T19:07:03.5673099Z         "RemoteRepos": "https://packagemanager.posit.co/cran/__linux__/noble/latest",
2026-07-03T19:07:03.5673267Z         "RemotePkgPlatform": "x86_64-pc-linux-gnu-ubuntu-24.04",
2026-07-03T19:07:03.5673368Z         "RemoteSha": "1.0.2"
2026-07-03T19:07:03.5673437Z       },
2026-07-03T19:07:03.5673755Z       "sources": ["https://packagemanager.posit.co/cran/__linux__/noble/latest/src/contrib/decor_1.0.2.tar.gz"],
2026-07-03T19:07:03.5673983Z       "target": "src/contrib/x86_64-pc-linux-gnu-ubuntu-24.04/4.6/decor_1.0.2.tar.gz",
2026-07-03T19:07:03.5674129Z       "platform": "x86_64-pc-linux-gnu-ubuntu-24.04",
2026-07-03T19:07:03.5674227Z       "rversion": "4.6",
2026-07-03T19:07:03.5674319Z       "directpkg": true,
2026-07-03T19:07:03.5674434Z       "license": "MIT + file LICENSE",
2026-07-03T19:07:03.5674656Z       "dep_types": ["Depends", "Imports", "LinkingTo"],
2026-07-03T19:07:03.5674751Z       "params": [],
2026-07-03T19:07:03.5674848Z       "install_args": "",
2026-07-03T19:07:03.5674956Z       "repotype": "cranlike",
2026-07-03T19:07:03.5675042Z       "sysreqs": "",
2026-07-03T19:07:03.5675145Z       "sysreqs_packages": {}
2026-07-03T19:07:03.5675208Z     },
2026-07-03T19:07:03.5675279Z     {
2026-07-03T19:07:03.5675443Z       "ref": "installed::/opt/R/4.6.1/lib/R/library/class",
2026-07-03T19:07:03.5675543Z       "package": "class",
2026-07-03T19:07:03.5675638Z       "version": "7.3-23",
2026-07-03T19:07:03.5675740Z       "type": "installed",
2026-07-03T19:07:03.5675829Z       "direct": false,
2026-07-03T19:07:03.5675923Z       "binary": true,
2026-07-03T19:07:03.5676029Z       "dependencies": ["MASS"],
2026-07-03T19:07:03.5676132Z       "vignettes": false,
2026-07-03T19:07:03.5676235Z       "needscompilation": true,
2026-07-03T19:07:03.5676329Z       "metadata": {
2026-07-03T19:07:03.5676439Z         "RemoteType": "installed",
2026-07-03T19:07:03.5676641Z         "RemotePkgRef": "installed::/opt/R/4.6.1/lib/R/library/class",
2026-07-03T19:07:03.5676784Z         "RemotePkgPlatform": "x86_64-pc-linux-gnu",
2026-07-03T19:07:03.5676891Z         "RemoteSha": "7.3-23"
2026-07-03T19:07:03.5676968Z       },
2026-07-03T19:07:03.5677054Z       "sources": [],
2026-07-03T19:07:03.5677194Z       "target": "src/contrib/class_7.3-23.tar.gz",
2026-07-03T19:07:03.5677309Z       "platform": "x86_64-pc-linux-gnu",
2026-07-03T19:07:03.5677417Z       "rversion": "R 4.6.1",
2026-07-03T19:07:03.5677627Z       "built": "R 4.6.1; x86_64-pc-linux-gnu; 2026-06-24 19:18:25 UTC; unix",
2026-07-03T19:07:03.5677729Z       "directpkg": false,
2026-07-03T19:07:03.5677835Z       "license": "GPL-2 | GPL-3",
2026-07-03T19:07:03.5678028Z       "dep_types": ["Depends", "Imports", "LinkingTo"],
2026-07-03T19:07:03.5678115Z       "params": [],
2026-07-03T19:07:03.5678216Z       "install_args": "",
2026-07-03T19:07:03.5678310Z       "repotype": "cran",
2026-07-03T19:07:03.5678412Z       "sysreqs_packages": {}
2026-07-03T19:07:03.5678475Z     },
2026-07-03T19:07:03.5678604Z     {
2026-07-03T19:07:03.5678771Z       "ref": "installed::/opt/R/4.6.1/lib/R/library/KernSmooth",
2026-07-03T19:07:03.5678882Z       "package": "KernSmooth",
2026-07-03T19:07:03.5678977Z       "version": "2.23-26",
2026-07-03T19:07:03.5679080Z       "type": "installed",
2026-07-03T19:07:03.5679168Z       "direct": false,
2026-07-03T19:07:03.5679264Z       "binary": true,
2026-07-03T19:07:03.5679356Z       "dependencies": [],
2026-07-03T19:07:03.5679454Z       "vignettes": false,
2026-07-03T19:07:03.5679557Z       "needscompilation": true,
2026-07-03T19:07:03.5679649Z       "metadata": {
2026-07-03T19:07:03.5679755Z         "RemoteType": "installed",
2026-07-03T19:07:03.5679968Z         "RemotePkgRef": "installed::/opt/R/4.6.1/lib/R/library/KernSmooth",
2026-07-03T19:07:03.5680112Z         "RemotePkgPlatform": "x86_64-pc-linux-gnu",
2026-07-03T19:07:03.5680212Z         "RemoteSha": "2.23-26"
2026-07-03T19:07:03.5680288Z       },
2026-07-03T19:07:03.5680374Z       "sources": [],
2026-07-03T19:07:03.5680530Z       "target": "src/contrib/KernSmooth_2.23-26.tar.gz",
2026-07-03T19:07:03.5680649Z       "platform": "x86_64-pc-linux-gnu",
2026-07-03T19:07:03.5680757Z       "rversion": "R 4.6.1",
2026-07-03T19:07:03.5680962Z       "built": "R 4.6.1; x86_64-pc-linux-gnu; 2026-06-24 19:18:19 UTC; unix",
2026-07-03T19:07:03.5681060Z       "directpkg": false,
2026-07-03T19:07:03.5681157Z       "license": "Unlimited",
2026-07-03T19:07:03.5681307Z       "dep_types": ["Depends", "Imports", "LinkingTo"],
2026-07-03T19:07:03.5681393Z       "params": [],
2026-07-03T19:07:03.5681493Z       "install_args": "",
2026-07-03T19:07:03.5681585Z       "repotype": "cran",
2026-07-03T19:07:03.5681690Z       "sysreqs_packages": {}
2026-07-03T19:07:03.5681754Z     },
2026-07-03T19:07:03.5681825Z     {
2026-07-03T19:07:03.5681980Z       "ref": "installed::/opt/R/4.6.1/lib/R/library/MASS",
2026-07-03T19:07:03.5682083Z       "package": "MASS",
2026-07-03T19:07:03.5682178Z       "version": "7.3-65",
2026-07-03T19:07:03.5682283Z       "type": "installed",
2026-07-03T19:07:03.5682372Z       "direct": false,
2026-07-03T19:07:03.5682465Z       "binary": true,
2026-07-03T19:07:03.5682566Z       "dependencies": [],
2026-07-03T19:07:03.5682657Z       "vignettes": false,
2026-07-03T19:07:03.5682766Z       "needscompilation": true,
2026-07-03T19:07:03.5682849Z       "metadata": {
2026-07-03T19:07:03.5682958Z         "RemoteType": "installed",
2026-07-03T19:07:03.5683140Z         "RemotePkgRef": "installed::/opt/R/4.6.1/lib/R/library/MASS",
2026-07-03T19:07:03.5683284Z         "RemotePkgPlatform": "x86_64-pc-linux-gnu",
2026-07-03T19:07:03.5683381Z         "RemoteSha": "7.3-65"
2026-07-03T19:07:03.5683456Z       },
2026-07-03T19:07:03.5683542Z       "sources": [],
2026-07-03T19:07:03.5683780Z       "target": "src/contrib/MASS_7.3-65.tar.gz",
2026-07-03T19:07:03.5683898Z       "platform": "x86_64-pc-linux-gnu",
2026-07-03T19:07:03.5684004Z       "rversion": "R 4.6.1",
2026-07-03T19:07:03.5684202Z       "built": "R 4.6.1; x86_64-pc-linux-gnu; 2026-06-24 19:14:59 UTC; unix",
2026-07-03T19:07:03.5684383Z       "directpkg": false,
2026-07-03T19:07:03.5684814Z       "license": "GPL-2 | GPL-3",
2026-07-03T19:07:03.5685114Z       "dep_types": ["Depends", "Imports", "LinkingTo"],
2026-07-03T19:07:03.5685389Z       "params": [],
2026-07-03T19:07:03.5685597Z       "install_args": "",
2026-07-03T19:07:03.5685824Z       "repotype": "cran",
2026-07-03T19:07:03.5686038Z       "sysreqs_packages": {}
2026-07-03T19:07:03.5686225Z     }
2026-07-03T19:07:03.5686381Z   ],
2026-07-03T19:07:03.5686548Z   "sysreqs": {
2026-07-03T19:07:03.5686729Z     "os": "linux",
2026-07-03T19:07:03.5686929Z     "distribution": "ubuntu",
2026-07-03T19:07:03.5687210Z     "version": "24.04",
2026-07-03T19:07:03.5687409Z     "url": null,
2026-07-03T19:07:03.5687627Z     "pre_install": ["apt-get -y update"],
2026-07-03T19:07:03.5689164Z     "install_scripts": ["apt-get -y install xz-utils pandoc cmake libcurl4-openssl-dev libssl-dev make libuv1-dev libzstd-dev libabsl-dev libgdal-dev gdal-bin libgeos-dev libproj-dev libsqlite3-dev libicu-dev libudunits2-dev libx11-dev git libgit2-dev zlib1g-dev libmagick++-dev gsfonts libfreetype6-dev libjpeg-dev libpng-dev libtiff-dev libwebp-dev libfontconfig1-dev libfribidi-dev libharfbuzz-dev libnode-dev libxml2-dev"],
2026-07-03T19:07:03.5690499Z     "post_install": {},
2026-07-03T19:07:03.5692053Z     "packages": ["xz-utils", "pandoc", "cmake", "libcurl4-openssl-dev", "libssl-dev", "make", "libuv1-dev", "libzstd-dev", "libabsl-dev", "libgdal-dev", "gdal-bin", "libgeos-dev", "libproj-dev", "libsqlite3-dev", "libicu-dev", "libudunits2-dev", "libx11-dev", "git", "libgit2-dev", "zlib1g-dev", "libmagick++-dev", "gsfonts", "libfreetype6-dev", "libjpeg-dev", "libpng-dev", "libtiff-dev", "libwebp-dev", "libfontconfig1-dev", "libfribidi-dev", "libharfbuzz-dev", "libnode-dev", "libxml2-dev"]
2026-07-03T19:07:03.5693261Z   }
2026-07-03T19:07:03.5693417Z }
2026-07-03T19:07:03.5694144Z ##[endgroup]
2026-07-03T19:07:03.6247990Z ##[group]Run actions/cache@27d5ce7f107fe9357f9df03efb73ab90386fccae
2026-07-03T19:07:03.6248292Z with:
2026-07-03T19:07:03.6248694Z   path: /home/runner/work/_temp/Library/*
renv/library
!/home/runner/work/_temp/Library/pak
!/home/runner/work/_temp/Library/_cache

2026-07-03T19:07:03.6249401Z   key: Ubuntu 24.04.4 LTS-R version 4.6.1 (2026-06-24)-x86_64-rcc-smoke-2-6a5682894dafa8b1b57e3561f8822f5a518c038bd78388b11fcc901fda36807c
2026-07-03T19:07:03.6249964Z   restore-keys: Ubuntu 24.04.4 LTS-R version 4.6.1 (2026-06-24)-x86_64-rcc-smoke-2-
2026-07-03T19:07:03.6250291Z   enableCrossOsArchive: false
2026-07-03T19:07:03.6250505Z   fail-on-cache-miss: false
2026-07-03T19:07:03.6250705Z   lookup-only: false
2026-07-03T19:07:03.6250892Z   save-always: false
2026-07-03T19:07:03.6251062Z env:
2026-07-03T19:07:03.6251229Z   _R_CHECK_PKG_SIZES_: FALSE
2026-07-03T19:07:03.6251436Z   R_REMOTES_NO_ERRORS_FROM_WARNINGS: true
2026-07-03T19:07:03.6251665Z   R_KEEP_PKG_SOURCE: yes
2026-07-03T19:07:03.6251857Z   _R_CHECK_SYSTEM_CLOCK_: FALSE
2026-07-03T19:07:03.6252073Z   _R_CHECK_FUTURE_FILE_TIMESTAMPS_: false
2026-07-03T19:07:03.6252291Z   RGL_USE_NULL: true
2026-07-03T19:07:03.6252492Z   _R_CHECK_CRAN_INCOMING_CHECK_FILE_URIS_: true
2026-07-03T19:07:03.6252743Z   _R_CHECK_CRAN_INCOMING_NOTE_GNU_MAKE_: true
2026-07-03T19:07:03.6253014Z   _R_CHECK_PACKAGE_DEPENDS_IGNORE_MISSING_ENHANCES_: true
2026-07-03T19:07:03.6253277Z   _R_CHECK_CODE_CLASS_IS_STRING_: true
2026-07-03T19:07:03.6253504Z   _R_CHECK_CODOC_VARIABLES_IN_USAGES_: true
2026-07-03T19:07:03.6253738Z   _R_CHECK_CONNECTIONS_LEFT_OPEN_: true
2026-07-03T19:07:03.6253956Z   _R_CHECK_DATALIST_: true
2026-07-03T19:07:03.6254155Z   _R_CHECK_NEWS_IN_PLAIN_TEXT_: true
2026-07-03T19:07:03.6254394Z   _R_CHECK_PACKAGES_USED_CRAN_INCOMING_NOTES_: true
2026-07-03T19:07:03.6255001Z   _R_CHECK_RD_CONTENTS_KEYWORDS_: true
2026-07-03T19:07:03.6255227Z   _R_CHECK_R_DEPENDS_: warn
2026-07-03T19:07:03.6255456Z   _R_CHECK_S3_METHODS_SHOW_POSSIBLE_ISSUES_: true
2026-07-03T19:07:03.6255700Z   _R_CHECK_THINGS_IN_TEMP_DIR_: true
2026-07-03T19:07:03.6255926Z   _R_CHECK_UNDOC_USE_ALL_NAMES_: true
2026-07-03T19:07:03.6256145Z   _R_CHECK_URLS_SHOW_301_STATUS_: true
2026-07-03T19:07:03.6256361Z   _R_CXX_USE_NO_REMAP_: true
2026-07-03T19:07:03.6256589Z   _R_CHECK_CRAN_INCOMING_SKIP_LARGE_VERSION_: true
2026-07-03T19:07:03.6256836Z   _R_CHECK_FORCE_SUGGESTS_: false
2026-07-03T19:07:03.6257059Z   _R_CHECK_THINGS_IN_OTHER_DIRS_: true
2026-07-03T19:07:03.6257271Z   _R_CHECK_BASHISMS_: true
2026-07-03T19:07:03.6257475Z   _R_CHECK_CRAN_INCOMING_USE_ASPELL_: true
2026-07-03T19:07:03.6257719Z   R_LIBS_USER: /home/runner/work/_temp/Library
2026-07-03T19:07:03.6257951Z   TZ: UTC
2026-07-03T19:07:03.6258109Z   NOT_CRAN: true
2026-07-03T19:07:03.6258466Z   RSPM: https://packagemanager.posit.co/cran/__linux__/noble/latest
2026-07-03T19:07:03.6258895Z   RENV_CONFIG_REPOS_OVERRIDE: https://packagemanager.posit.co/cran/__linux__/noble/latest
2026-07-03T19:07:03.6259272Z   R_LIB_FOR_PAK: /opt/R/4.6.1/lib/R/site-library
2026-07-03T19:07:03.6261343Z   GITHUB_PAT: ***
2026-07-03T19:07:03.6261532Z ##[endgroup]
2026-07-03T19:07:03.8606996Z Cache not found for input keys: Ubuntu 24.04.4 LTS-R version 4.6.1 (2026-06-24)-x86_64-rcc-smoke-2-6a5682894dafa8b1b57e3561f8822f5a518c038bd78388b11fcc901fda36807c, Ubuntu 24.04.4 LTS-R version 4.6.1 (2026-06-24)-x86_64-rcc-smoke-2-
2026-07-03T19:07:03.8650267Z ##[group]Run # Install/Update packages
2026-07-03T19:07:03.8650533Z [36;1m# Install/Update packages[0m
2026-07-03T19:07:03.8650776Z [36;1mcat("::group::Install/update packages\n")[0m
2026-07-03T19:07:03.8651054Z [36;1mSys.setenv("PKGCACHE_HTTP_VERSION" = "2")[0m
2026-07-03T19:07:03.8651358Z [36;1mlibrary(pak, lib.loc = Sys.getenv("R_LIB_FOR_PAK"))[0m
2026-07-03T19:07:03.8651657Z [36;1mpak::lockfile_install(".github/pkg.lock")[0m
2026-07-03T19:07:03.8651906Z [36;1m## Clean up lock file[0m
2026-07-03T19:07:03.8652119Z [36;1munlink(".github/pkg.lock")[0m
2026-07-03T19:07:03.8652334Z [36;1mcat("::endgroup::\n")[0m
2026-07-03T19:07:03.8655847Z shell: /usr/local/bin/Rscript {0}
2026-07-03T19:07:03.8656067Z env:
2026-07-03T19:07:03.8656234Z   _R_CHECK_PKG_SIZES_: FALSE
2026-07-03T19:07:03.8656446Z   R_REMOTES_NO_ERRORS_FROM_WARNINGS: true
2026-07-03T19:07:03.8656666Z   R_KEEP_PKG_SOURCE: yes
2026-07-03T19:07:03.8656856Z   _R_CHECK_SYSTEM_CLOCK_: FALSE
2026-07-03T19:07:03.8657064Z   _R_CHECK_FUTURE_FILE_TIMESTAMPS_: false
2026-07-03T19:07:03.8657278Z   RGL_USE_NULL: true
2026-07-03T19:07:03.8657474Z   _R_CHECK_CRAN_INCOMING_CHECK_FILE_URIS_: true
2026-07-03T19:07:03.8657721Z   _R_CHECK_CRAN_INCOMING_NOTE_GNU_MAKE_: true
2026-07-03T19:07:03.8657984Z   _R_CHECK_PACKAGE_DEPENDS_IGNORE_MISSING_ENHANCES_: true
2026-07-03T19:07:03.8658249Z   _R_CHECK_CODE_CLASS_IS_STRING_: true
2026-07-03T19:07:03.8658472Z   _R_CHECK_CODOC_VARIABLES_IN_USAGES_: true
2026-07-03T19:07:03.8658701Z   _R_CHECK_CONNECTIONS_LEFT_OPEN_: true
2026-07-03T19:07:03.8658912Z   _R_CHECK_DATALIST_: true
2026-07-03T19:07:03.8659102Z   _R_CHECK_NEWS_IN_PLAIN_TEXT_: true
2026-07-03T19:07:03.8659332Z   _R_CHECK_PACKAGES_USED_CRAN_INCOMING_NOTES_: true
2026-07-03T19:07:03.8659577Z   _R_CHECK_RD_CONTENTS_KEYWORDS_: true
2026-07-03T19:07:03.8659784Z   _R_CHECK_R_DEPENDS_: warn
2026-07-03T19:07:03.8659996Z   _R_CHECK_S3_METHODS_SHOW_POSSIBLE_ISSUES_: true
2026-07-03T19:07:03.8660236Z   _R_CHECK_THINGS_IN_TEMP_DIR_: true
2026-07-03T19:07:03.8660449Z   _R_CHECK_UNDOC_USE_ALL_NAMES_: true
2026-07-03T19:07:03.8660661Z   _R_CHECK_URLS_SHOW_301_STATUS_: true
2026-07-03T19:07:03.8660868Z   _R_CXX_USE_NO_REMAP_: true
2026-07-03T19:07:03.8661085Z   _R_CHECK_CRAN_INCOMING_SKIP_LARGE_VERSION_: true
2026-07-03T19:07:03.8661323Z   _R_CHECK_FORCE_SUGGESTS_: false
2026-07-03T19:07:03.8661534Z   _R_CHECK_THINGS_IN_OTHER_DIRS_: true
2026-07-03T19:07:03.8661738Z   _R_CHECK_BASHISMS_: true
2026-07-03T19:07:03.8661937Z   _R_CHECK_CRAN_INCOMING_USE_ASPELL_: true
2026-07-03T19:07:03.8662171Z   R_LIBS_USER: /home/runner/work/_temp/Library
2026-07-03T19:07:03.8662392Z   TZ: UTC
2026-07-03T19:07:03.8662546Z   NOT_CRAN: true
2026-07-03T19:07:03.8662801Z   RSPM: https://packagemanager.posit.co/cran/__linux__/noble/latest
2026-07-03T19:07:03.8663217Z   RENV_CONFIG_REPOS_OVERRIDE: https://packagemanager.posit.co/cran/__linux__/noble/latest
2026-07-03T19:07:03.8663581Z   R_LIB_FOR_PAK: /opt/R/4.6.1/lib/R/site-library
2026-07-03T19:07:03.8665694Z   GITHUB_PAT: ***
2026-07-03T19:07:03.8665880Z ##[endgroup]
2026-07-03T19:07:04.0195188Z ##[group]Install/update packages
2026-07-03T19:07:04.5901309Z ℹ Installing lockfile '.github/pkg.lock'
2026-07-03T19:07:04.7011110Z  
2026-07-03T19:07:04.7108703Z → Package library at '/home/runner/work/_temp/Library'.
2026-07-03T19:07:04.7345038Z → Will install 151 packages.
2026-07-03T19:07:04.7430854Z → Will download 151 packages with unknown size.
2026-07-03T19:07:04.7488666Z + adbcdrivermanager   0.23.0-2   [dl]
2026-07-03T19:07:04.7489373Z + arrow               24.0.0     [dl] + cmake, libcurl4-openssl-dev, libssl-dev
2026-07-03T19:07:04.7489837Z + askpass             1.2.1      [dl]
2026-07-03T19:07:04.7490479Z + assertthat          0.2.1      [dl]
2026-07-03T19:07:04.7490814Z + base64enc           0.1-6      [dl]
2026-07-03T19:07:04.7491135Z + bigD                0.3.1      [dl]
2026-07-03T19:07:04.7491368Z + bit                 4.6.0      [dl]
2026-07-03T19:07:04.7491600Z + bit64               4.8.2      [dl]
2026-07-03T19:07:04.7491832Z + bitops              1.0-9      [dl]
2026-07-03T19:07:04.7492064Z + blob                1.3.0      [dl]
2026-07-03T19:07:04.7492293Z + brew                1.0-10     [dl]
2026-07-03T19:07:04.7492518Z + brio                1.1.5      [dl]
2026-07-03T19:07:04.7492742Z + bslib               0.11.0     [dl]
2026-07-03T19:07:04.7492982Z + cachem              1.1.0      [dl]
2026-07-03T19:07:04.7493209Z + callr               3.8.0      [dl]
2026-07-03T19:07:04.7493438Z + classInt            0.4-11     [dl]
2026-07-03T19:07:04.7493661Z + cli                 3.6.6      [dl]
2026-07-03T19:07:04.7493918Z + clipr               0.8.1      [dl] + libx11-dev
2026-07-03T19:07:04.7494185Z + clock               0.7.4      [dl]
2026-07-03T19:07:04.7494414Z + commonmark          2.0.0      [dl]
2026-07-03T19:07:04.7494934Z + covr                3.6.5      [dl]
2026-07-03T19:07:04.7495168Z + cpp11               0.5.5      [dl]
2026-07-03T19:07:04.7495395Z + crayon              1.5.3      [dl]
2026-07-03T19:07:04.7495641Z + credentials         2.0.3      [dl] + git
2026-07-03T19:07:04.7495973Z + curl                7.1.0      [dl] + libcurl4-openssl-dev, libssl-dev
2026-07-03T19:07:04.7496278Z + DBI                 1.3.0      [dl]
2026-07-03T19:07:04.7496505Z + DBItest             1.8.2      [dl]
2026-07-03T19:07:04.7496735Z + dbplyr              2.6.0      [dl]
2026-07-03T19:07:04.7496973Z + decor               1.0.2      [dl]
2026-07-03T19:07:04.7497201Z + desc                1.4.3      [dl]
2026-07-03T19:07:04.7497426Z + diffobj             0.3.6      [dl]
2026-07-03T19:07:04.7497655Z + diffviewer          0.1.2      [dl]
2026-07-03T19:07:04.7497882Z + digest              0.6.39     [dl]
2026-07-03T19:07:04.7498115Z + downlit             0.4.5      [dl]
2026-07-03T19:07:04.7498346Z + dplyr               1.2.1      [dl]
2026-07-03T19:07:04.7498575Z + e1071               1.7-17     [dl]
2026-07-03T19:07:04.7498804Z + evaluate            1.0.5      [dl]
2026-07-03T19:07:04.7499032Z + fansi               1.0.7      [dl]
2026-07-03T19:07:04.7499258Z + farver              2.1.2      [dl]
2026-07-03T19:07:04.7499487Z + fastmap             1.2.0      [dl]
2026-07-03T19:07:04.7499718Z + fontawesome         0.5.3      [dl]
2026-07-03T19:07:04.7500006Z + fs                  2.1.0      [dl] + cmake, make, libuv1-dev
2026-07-03T19:07:04.7500288Z + generics            0.1.4      [dl]
2026-07-03T19:07:04.7500551Z + gert                2.3.1      [dl] + libgit2-dev
2026-07-03T19:07:04.7500813Z + gh                  1.6.0      [dl]
2026-07-03T19:07:04.7501060Z + gitcreds            0.1.2      [dl] + git
2026-07-03T19:07:04.7501307Z + glue                1.8.1      [dl]
2026-07-03T19:07:04.7501532Z + gt                  1.3.0      [dl]
2026-07-03T19:07:04.7501766Z + highr               0.12       [dl]
2026-07-03T19:07:04.7501993Z + hms                 1.1.4      [dl]
2026-07-03T19:07:04.7502219Z + htmltools           0.5.9      [dl]
2026-07-03T19:07:04.7502450Z + htmlwidgets         1.6.4      [dl]
2026-07-03T19:07:04.7502728Z + httpuv              1.6.17     [dl] + make, zlib1g-dev
2026-07-03T19:07:04.7502995Z + httr                1.4.8      [dl]
2026-07-03T19:07:04.7503217Z + httr2               1.2.3      [dl]
2026-07-03T19:07:04.7503442Z + ini                 0.3.1      [dl]
2026-07-03T19:07:04.7503667Z + jose                2.0.0      [dl]
2026-07-03T19:07:04.7503891Z + jquerylib           0.1.4      [dl]
2026-07-03T19:07:04.7504216Z + jsonlite            2.0.0      [dl]
2026-07-03T19:07:04.7504454Z + juicyjuice          0.1.0      [dl]
2026-07-03T19:07:04.7505002Z + knitr               1.51       [dl] + pandoc
2026-07-03T19:07:04.7505264Z + labeling            0.4.3      [dl]
2026-07-03T19:07:04.7505497Z + later               1.4.8      [dl]
2026-07-03T19:07:04.7505798Z + lifecycle           1.0.5      [dl]
2026-07-03T19:07:04.7506029Z + litedown            0.9        [dl]
2026-07-03T19:07:04.7506259Z + lubridate           1.9.5      [dl]
2026-07-03T19:07:04.7506554Z + magick              2.9.1      [dl] + libmagick++-dev, gsfonts
2026-07-03T19:07:04.7506844Z + magrittr            2.0.5      [dl]
2026-07-03T19:07:04.7507072Z + markdown            2.0        [dl]
2026-07-03T19:07:04.7507300Z + memoise             2.0.1      [dl]
2026-07-03T19:07:04.7507527Z + mime                0.13       [dl]
2026-07-03T19:07:04.7507790Z + nanoarrow           0.8.0-1    [dl] + libzstd-dev
2026-07-03T19:07:04.7508059Z + nanonext            1.10.0     [dl]
2026-07-03T19:07:04.7508321Z + openssl             2.4.2      [dl] + libssl-dev
2026-07-03T19:07:04.7508578Z + otel                0.2.0      [dl]
2026-07-03T19:07:04.7508807Z + packrat             0.9.3      [dl]
2026-07-03T19:07:04.7509039Z + palmerpenguins      0.1.1      [dl]
2026-07-03T19:07:04.7509274Z + pillar              1.11.1     [dl]
2026-07-03T19:07:04.7509504Z + pkgbuild            1.4.8      [dl]
2026-07-03T19:07:04.7509734Z + pkgconfig           2.0.3      [dl]
2026-07-03T19:07:04.7510057Z + pkgdown             2.2.0.9000 [bld][cmp][dl] (GitHub: a6abe43) + pandoc
2026-07-03T19:07:04.7510368Z + pkgload             1.5.3      [dl]
2026-07-03T19:07:04.7510627Z + PKI                 0.1-15     [dl] + libssl-dev
2026-07-03T19:07:04.7510883Z + praise              1.0.0      [dl]
2026-07-03T19:07:04.7511115Z + prettyunits         1.2.0      [dl]
2026-07-03T19:07:04.7511353Z + processx            3.9.0      [dl]
2026-07-03T19:07:04.7511587Z + promises            1.5.0      [dl]
2026-07-03T19:07:04.7511818Z + proxy               0.4-29     [dl]
2026-07-03T19:07:04.7512045Z + ps                  1.9.3      [dl]
2026-07-03T19:07:04.7512271Z + purrr               1.2.2      [dl]
2026-07-03T19:07:04.7512499Z + quarto              1.5.1      [dl]
2026-07-03T19:07:04.7512728Z + R.methodsS3         1.8.2      [dl]
2026-07-03T19:07:04.7512960Z + R.oo                1.27.1     [dl]
2026-07-03T19:07:04.7513183Z + R6                  2.6.1      [dl]
2026-07-03T19:07:04.7513601Z + ragg                1.5.2      [dl] + libfreetype6-dev, libjpeg-dev, libpng-dev, libtiff-dev, libwebp-dev
2026-07-03T19:07:04.7513994Z + rappdirs            0.3.4      [dl]
2026-07-03T19:07:04.7514227Z + rcmdcheck           1.4.0      [dl]
2026-07-03T19:07:04.7514460Z + RColorBrewer        1.1-3      [dl]
2026-07-03T19:07:04.7514788Z + Rcpp                1.1.1-1.1  [dl]
2026-07-03T19:07:04.7515022Z + RcppTOML            0.2.3      [dl]
2026-07-03T19:07:04.7515252Z + reactable           0.4.5      [dl]
2026-07-03T19:07:04.7515483Z + reactR              0.6.1      [dl]
2026-07-03T19:07:04.7515708Z + renv                1.2.3      [dl]
2026-07-03T19:07:04.7515928Z + rex                 1.2.2      [dl]
2026-07-03T19:07:04.7516152Z + rlang               1.2.0      [dl]
2026-07-03T19:07:04.7516403Z + rmarkdown           2.31       [dl] + pandoc
2026-07-03T19:07:04.7516731Z + roxygen2            8.0.0.9000 [bld][cmp][dl] (GitHub: e74d556)
2026-07-03T19:07:04.7517023Z + rprojroot           2.1.1      [dl]
2026-07-03T19:07:04.7517258Z + rsconnect           1.10.0     [dl]
2026-07-03T19:07:04.7517489Z + rstudioapi          0.19.0     [dl]
2026-07-03T19:07:04.7517737Z + rticles             0.27       [dl] + make
2026-07-03T19:07:04.7518056Z + s2                  1.1.11     [dl] + libabsl-dev, cmake, libssl-dev
2026-07-03T19:07:04.7518338Z + S7                  0.2.2      [dl]
2026-07-03T19:07:04.7518576Z + sass                0.4.10     [dl] + make
2026-07-03T19:07:04.7518818Z + scales              1.4.0      [dl]
2026-07-03T19:07:04.7519119Z + servr               0.33       [dl]
2026-07-03T19:07:04.7519352Z + sessioninfo         1.2.4      [dl]
2026-07-03T19:07:04.7519740Z + sf                  1.1-1      [dl] + libgdal-dev, gdal-bin, libgeos-dev, libproj-dev, libsqlite3-dev
2026-07-03T19:07:04.7520094Z + snowflakeauth       0.2.2      [dl]
2026-07-03T19:07:04.7520495Z + stringi             1.8.7      [dl] + libicu-dev
2026-07-03T19:07:04.7520750Z + stringr             1.6.0      [dl]
2026-07-03T19:07:04.7520977Z + sys                 3.4.3      [dl]
2026-07-03T19:07:04.7521298Z + systemfonts         1.3.2      [dl] + libfontconfig1-dev, libfreetype6-dev
2026-07-03T19:07:04.7521615Z + testthat            3.3.2      [dl]
2026-07-03T19:07:04.7521974Z + textshaping         1.0.5      [dl] + libfreetype6-dev, libfribidi-dev, libharfbuzz-dev
2026-07-03T19:07:04.7522314Z + tibble              3.3.1      [dl]
2026-07-03T19:07:04.7522543Z + tidyr               1.3.2      [dl]
2026-07-03T19:07:04.7522773Z + tidyselect          1.2.1      [dl]
2026-07-03T19:07:04.7523078Z + tidytemplate        1.0.0      [bld][cmp][dl] (GitHub: f7bdedf)
2026-07-03T19:07:04.7523370Z + timechange          0.4.0      [dl]
2026-07-03T19:07:04.7523599Z + tinytex             0.60       [dl]
2026-07-03T19:07:04.7523819Z + tzdb                0.5.0      [dl]
2026-07-03T19:07:04.7524088Z + units               1.0-1      [dl] + libudunits2-dev
2026-07-03T19:07:04.7524353Z + usethis             3.2.1      [dl]
2026-07-03T19:07:04.7524853Z + utf8                1.2.6      [dl]
2026-07-03T19:07:04.7525132Z + V8                  8.2.0      [dl] + libnode-dev
2026-07-03T19:07:04.7525389Z + vctrs               0.7.3      [dl]
2026-07-03T19:07:04.7525622Z + viridisLite         0.4.3      [dl]
2026-07-03T19:07:04.7525854Z + waldo               0.6.2      [dl]
2026-07-03T19:07:04.7526081Z + whisker             0.4.1      [dl]
2026-07-03T19:07:04.7526305Z + withr               3.0.3      [dl]
2026-07-03T19:07:04.7526527Z + wk                  0.9.5      [dl]
2026-07-03T19:07:04.7526756Z + xfun                0.59       [dl]
2026-07-03T19:07:04.7527006Z + xml2                1.6.0      [dl] + libxml2-dev
2026-07-03T19:07:04.7527259Z + xopen               1.0.1      [dl]
2026-07-03T19:07:04.7527484Z + yaml                2.3.12     [dl]
2026-07-03T19:07:04.7527714Z + zip                 3.0.0      [dl]
2026-07-03T19:07:04.7779648Z → Will install 32 system packages:
2026-07-03T19:07:04.7804189Z * cmake                 - arrow, fs, s2                 
2026-07-03T19:07:04.7804893Z * gdal-bin              - sf                            
2026-07-03T19:07:04.7805226Z * git                   - credentials, gitcreds         
2026-07-03T19:07:04.7805532Z * gsfonts               - magick                        
2026-07-03T19:07:04.7805843Z * libabsl-dev           - s2                            
2026-07-03T19:07:04.7806163Z * libcurl4-openssl-dev  - arrow, curl                   
2026-07-03T19:07:04.7806493Z * libfontconfig1-dev    - systemfonts                   
2026-07-03T19:07:04.7806849Z * libfreetype6-dev      - ragg, systemfonts, textshaping
2026-07-03T19:07:04.7807178Z * libfribidi-dev        - textshaping                   
2026-07-03T19:07:04.7807486Z * libgdal-dev           - sf                            
2026-07-03T19:07:04.7807783Z * libgeos-dev           - sf                            
2026-07-03T19:07:04.7808091Z * libgit2-dev           - gert                          
2026-07-03T19:07:04.7808401Z * libharfbuzz-dev       - textshaping                   
2026-07-03T19:07:04.7808711Z * libicu-dev            - stringi                       
2026-07-03T19:07:04.7809019Z * libjpeg-dev           - ragg                          
2026-07-03T19:07:04.7809342Z * libmagick++-dev       - magick                        
2026-07-03T19:07:04.7809644Z * libnode-dev           - V8                            
2026-07-03T19:07:04.7809941Z * libpng-dev            - ragg                          
2026-07-03T19:07:04.7810241Z * libproj-dev           - sf                            
2026-07-03T19:07:04.7810732Z * libsqlite3-dev        - sf                            
2026-07-03T19:07:04.7811061Z * libssl-dev            - arrow, s2, curl, openssl, PKI 
2026-07-03T19:07:04.7811371Z * libtiff-dev           - ragg                          
2026-07-03T19:07:04.7811678Z * libudunits2-dev       - units                         
2026-07-03T19:07:04.7812065Z * libuv1-dev            - fs                            
2026-07-03T19:07:04.7812365Z * libwebp-dev           - ragg                          
2026-07-03T19:07:04.7812665Z * libx11-dev            - clipr                         
2026-07-03T19:07:04.7812964Z * libxml2-dev           - xml2                          
2026-07-03T19:07:04.7813264Z * libzstd-dev           - nanoarrow                     
2026-07-03T19:07:04.7813568Z * make                  - fs, httpuv, rticles, sass     
2026-07-03T19:07:04.7813881Z * pandoc                - pkgdown, knitr, rmarkdown     
2026-07-03T19:07:04.7814198Z * xz-utils              - duckdb.dev-deps               
2026-07-03T19:07:04.7814635Z * zlib1g-dev            - httpuv                        
2026-07-03T19:07:04.7876752Z ℹ Getting 147 pkgs with unknown sizes
2026-07-03T19:07:05.3608475Z ✔ Cached copy of class 7.3-23 (x86_64-pc-linux-gnu) is the latest build
2026-07-03T19:07:05.3701038Z ✔ Cached copy of KernSmooth 2.23-26 (x86_64-pc-linux-gnu) is the latest build
2026-07-03T19:07:05.3752485Z ✔ Cached copy of MASS 7.3-65 (x86_64-pc-linux-gnu) is the latest build
2026-07-03T19:07:05.8655775Z ✔ Got assertthat 0.2.1 (x86_64-pc-linux-gnu-ubuntu-24.04) (57.19 kB)
2026-07-03T19:07:05.8887672Z ✔ Got blob 1.3.0 (x86_64-pc-linux-gnu-ubuntu-24.04) (52.39 kB)
2026-07-03T19:07:05.9567187Z ✔ Got PKI 0.1-15 (x86_64-pc-linux-gnu-ubuntu-24.04) (122.50 kB)
2026-07-03T19:07:05.9868174Z ✔ Got htmltools 0.5.9 (x86_64-pc-linux-gnu-ubuntu-24.04) (356.99 kB)
2026-07-03T19:07:06.0581816Z ✔ Got bit64 4.8.2 (x86_64-pc-linux-gnu-ubuntu-24.04) (564.56 kB)
2026-07-03T19:07:06.0953912Z ✔ Got bit 4.6.0 (x86_64-pc-linux-gnu-ubuntu-24.04) (629.25 kB)
2026-07-03T19:07:06.1408949Z ✔ Got adbcdrivermanager 0.23.0-2 (x86_64-pc-linux-gnu-ubuntu-24.04) (364.66 kB)
2026-07-03T19:07:06.1855075Z ✔ Got tidytemplate 1.0.0 (source) (67.44 kB)
2026-07-03T19:07:06.2063529Z ✔ Got highr 0.12 (x86_64-pc-linux-gnu-ubuntu-24.04) (39.97 kB)
2026-07-03T19:07:06.2266901Z ✔ Got callr 3.8.0 (x86_64-pc-linux-gnu-ubuntu-24.04) (479.91 kB)
2026-07-03T19:07:06.2456651Z ✔ Got withr 3.0.3 (x86_64-pc-linux-gnu-ubuntu-24.04) (229.14 kB)
2026-07-03T19:07:06.2566828Z ✔ Got mime 0.13 (x86_64-pc-linux-gnu-ubuntu-24.04) (46.72 kB)
2026-07-03T19:07:06.2681806Z ✔ Got memoise 2.0.1 (x86_64-pc-linux-gnu-ubuntu-24.04) (53.25 kB)
2026-07-03T19:07:06.3147634Z ✔ Got rex 1.2.2 (x86_64-pc-linux-gnu-ubuntu-24.04) (128.60 kB)
2026-07-03T19:07:06.3300387Z ✔ Got pillar 1.11.1 (x86_64-pc-linux-gnu-ubuntu-24.04) (665.39 kB)
2026-07-03T19:07:06.4060702Z ✔ Got lifecycle 1.0.5 (x86_64-pc-linux-gnu-ubuntu-24.04) (135.22 kB)
2026-07-03T19:07:06.4191580Z ✔ Got glue 1.8.1 (x86_64-pc-linux-gnu-ubuntu-24.04) (178.50 kB)
2026-07-03T19:07:06.4331752Z ✔ Got httr 1.4.8 (x86_64-pc-linux-gnu-ubuntu-24.04) (484.54 kB)
2026-07-03T19:07:06.4655657Z ✔ Got praise 1.0.0 (x86_64-pc-linux-gnu-ubuntu-24.04) (18.03 kB)
2026-07-03T19:07:06.5192199Z ✔ Got otel 0.2.0 (x86_64-pc-linux-gnu-ubuntu-24.04) (283.36 kB)
2026-07-03T19:07:06.5545015Z ✔ Got R6 2.6.1 (x86_64-pc-linux-gnu-ubuntu-24.04) (90.09 kB)
2026-07-03T19:07:06.5968563Z ✔ Got processx 3.9.0 (x86_64-pc-linux-gnu-ubuntu-24.04) (412.56 kB)
2026-07-03T19:07:06.7111556Z ✔ Got viridisLite 0.4.3 (x86_64-pc-linux-gnu-ubuntu-24.04) (1.30 MB)
2026-07-03T19:07:06.7280067Z ✔ Got stringr 1.6.0 (x86_64-pc-linux-gnu-ubuntu-24.04) (341.79 kB)
2026-07-03T19:07:06.7692743Z ✔ Got jsonlite 2.0.0 (x86_64-pc-linux-gnu-ubuntu-24.04) (1.09 MB)
2026-07-03T19:07:06.8155845Z ✔ Got timechange 0.4.0 (x86_64-pc-linux-gnu-ubuntu-24.04) (184.17 kB)
2026-07-03T19:07:06.8642188Z ✔ Got testthat 3.3.2 (x86_64-pc-linux-gnu-ubuntu-24.04) (2.16 MB)
2026-07-03T19:07:06.9756122Z ✔ Got units 1.0-1 (x86_64-pc-linux-gnu-ubuntu-24.04) (494.63 kB)
2026-07-03T19:07:07.0112167Z ✔ Got base64enc 0.1-6 (x86_64-pc-linux-gnu-ubuntu-24.04) (30.25 kB)
2026-07-03T19:07:07.0700184Z ✔ Got rlang 1.2.0 (x86_64-pc-linux-gnu-ubuntu-24.04) (1.62 MB)
2026-07-03T19:07:07.1110806Z ✔ Got tidyr 1.3.2 (x86_64-pc-linux-gnu-ubuntu-24.04) (1.19 MB)
2026-07-03T19:07:07.1802252Z ✔ Got covr 3.6.5 (x86_64-pc-linux-gnu-ubuntu-24.04) (349.14 kB)
2026-07-03T19:07:07.2975583Z ✔ Got curl 7.1.0 (x86_64-pc-linux-gnu-ubuntu-24.04) (776.71 kB)
2026-07-03T19:07:07.3608459Z ✔ Got wk 0.9.5 (x86_64-pc-linux-gnu-ubuntu-24.04) (1.74 MB)
2026-07-03T19:07:07.3712658Z ✔ Got gitcreds 0.1.2 (x86_64-pc-linux-gnu-ubuntu-24.04) (101.03 kB)
2026-07-03T19:07:07.4505162Z ✔ Got digest 0.6.39 (x86_64-pc-linux-gnu-ubuntu-24.04) (236.17 kB)
2026-07-03T19:07:07.4851344Z ✔ Got fansi 1.0.7 (x86_64-pc-linux-gnu-ubuntu-24.04) (327.55 kB)
2026-07-03T19:07:07.5941886Z ✔ Got fontawesome 0.5.3 (x86_64-pc-linux-gnu-ubuntu-24.04) (1.40 MB)
2026-07-03T19:07:07.6377227Z ✔ Got jquerylib 0.1.4 (x86_64-pc-linux-gnu-ubuntu-24.04) (529.77 kB)
2026-07-03T19:07:07.6518620Z ✔ Got roxygen2 8.0.0.9000 (source) (475.66 kB)
2026-07-03T19:07:07.8000509Z ✔ Got htmlwidgets 1.6.4 (x86_64-pc-linux-gnu-ubuntu-24.04) (818.23 kB)
2026-07-03T19:07:07.8609476Z ✔ Got farver 2.1.2 (x86_64-pc-linux-gnu-ubuntu-24.04) (1.47 MB)
2026-07-03T19:07:07.8692273Z ✔ Got RColorBrewer 1.1-3 (x86_64-pc-linux-gnu-ubuntu-24.04) (53.41 kB)
2026-07-03T19:07:07.9102754Z ✔ Got rappdirs 0.3.4 (x86_64-pc-linux-gnu-ubuntu-24.04) (48.66 kB)
2026-07-03T19:07:08.0058562Z ✔ Got reactable 0.4.5 (x86_64-pc-linux-gnu-ubuntu-24.04) (1.06 MB)
2026-07-03T19:07:08.0185335Z ✔ Got sf 1.1-1 (x86_64-pc-linux-gnu-ubuntu-24.04) (4.19 MB)
2026-07-03T19:07:08.0277482Z ✔ Got snowflakeauth 0.2.2 (x86_64-pc-linux-gnu-ubuntu-24.04) (70.09 kB)
2026-07-03T19:07:08.0922737Z ✔ Got yaml 2.3.12 (x86_64-pc-linux-gnu-ubuntu-24.04) (123.78 kB)
2026-07-03T19:07:08.1118674Z ✔ Got textshaping 1.0.5 (x86_64-pc-linux-gnu-ubuntu-24.04) (194.91 kB)
2026-07-03T19:07:08.1590657Z ✔ Got R.methodsS3 1.8.2 (x86_64-pc-linux-gnu-ubuntu-24.04) (84.47 kB)
2026-07-03T19:07:08.2341180Z ✔ Got xfun 0.59 (x86_64-pc-linux-gnu-ubuntu-24.04) (645.41 kB)
2026-07-03T19:07:08.2732041Z ✔ Got xopen 1.0.1 (x86_64-pc-linux-gnu-ubuntu-24.04) (27.52 kB)
2026-07-03T19:07:08.2940501Z ✔ Got brio 1.1.5 (x86_64-pc-linux-gnu-ubuntu-24.04) (38.53 kB)
2026-07-03T19:07:08.3276962Z ✔ Got classInt 0.4-11 (x86_64-pc-linux-gnu-ubuntu-24.04) (498.66 kB)
2026-07-03T19:07:08.4049079Z ✔ Got zip 3.0.0 (x86_64-pc-linux-gnu-ubuntu-24.04) (958.57 kB)
2026-07-03T19:07:08.4242512Z ✔ Got cpp11 0.5.5 (x86_64-pc-linux-gnu-ubuntu-24.04) (308.76 kB)
2026-07-03T19:07:08.6171622Z ✔ Got dbplyr 2.6.0 (x86_64-pc-linux-gnu-ubuntu-24.04) (1.33 MB)
2026-07-03T19:07:08.6305605Z ✔ Got DBI 1.3.0 (x86_64-pc-linux-gnu-ubuntu-24.04) (944.32 kB)
2026-07-03T19:07:08.7058178Z ✔ Got rmarkdown 2.31 (x86_64-pc-linux-gnu-ubuntu-24.04) (2.65 MB)
2026-07-03T19:07:08.7159730Z ✔ Got diffobj 0.3.6 (x86_64-pc-linux-gnu-ubuntu-24.04) (1.03 MB)
2026-07-03T19:07:08.7283451Z ✔ Got evaluate 1.0.5 (x86_64-pc-linux-gnu-ubuntu-24.04) (105.44 kB)
2026-07-03T19:07:08.8542191Z ✔ Got magrittr 2.0.5 (x86_64-pc-linux-gnu-ubuntu-24.04) (226.06 kB)
2026-07-03T19:07:08.8755848Z ✔ Got pkgbuild 1.4.8 (x86_64-pc-linux-gnu-ubuntu-24.04) (212.65 kB)
2026-07-03T19:07:08.8877091Z ✔ Got bslib 0.11.0 (x86_64-pc-linux-gnu-ubuntu-24.04) (6.19 MB)
2026-07-03T19:07:08.9054830Z ✔ Got pkgconfig 2.0.3 (x86_64-pc-linux-gnu-ubuntu-24.04) (19.82 kB)
2026-07-03T19:07:08.9446436Z ✔ Got rprojroot 2.1.1 (x86_64-pc-linux-gnu-ubuntu-24.04) (117.22 kB)
2026-07-03T19:07:09.0031276Z ✔ Got tidyselect 1.2.1 (x86_64-pc-linux-gnu-ubuntu-24.04) (228.38 kB)
2026-07-03T19:07:09.0432346Z ✔ Got ps 1.9.3 (x86_64-pc-linux-gnu-ubuntu-24.04) (515.33 kB)
2026-07-03T19:07:09.0575737Z ✔ Got clipr 0.8.1 (x86_64-pc-linux-gnu-ubuntu-24.04) (56.56 kB)
2026-07-03T19:07:09.1227676Z ✔ Got lubridate 1.9.5 (x86_64-pc-linux-gnu-ubuntu-24.04) (993.31 kB)
2026-07-03T19:07:09.1355331Z ✔ Got tzdb 0.5.0 (x86_64-pc-linux-gnu-ubuntu-24.04) (675.37 kB)
2026-07-03T19:07:09.1574057Z ✔ Got askpass 1.2.1 (x86_64-pc-linux-gnu-ubuntu-24.04) (23.68 kB)
2026-07-03T19:07:09.2368847Z ✔ Got cachem 1.1.0 (x86_64-pc-linux-gnu-ubuntu-24.04) (76.23 kB)
2026-07-03T19:07:09.2548584Z ✔ Got fastmap 1.2.0 (x86_64-pc-linux-gnu-ubuntu-24.04) (74.70 kB)
2026-07-03T19:07:09.3252715Z ✔ Got dplyr 1.2.1 (x86_64-pc-linux-gnu-ubuntu-24.04) (1.53 MB)
2026-07-03T19:07:09.3363274Z ✔ Got diffviewer 0.1.2 (x86_64-pc-linux-gnu-ubuntu-24.04) (184.44 kB)
2026-07-03T19:07:09.5525423Z ✔ Got juicyjuice 0.1.0 (x86_64-pc-linux-gnu-ubuntu-24.04) (1.13 MB)
2026-07-03T19:07:09.6248629Z ✔ Got vctrs 0.7.3 (x86_64-pc-linux-gnu-ubuntu-24.04) (1.87 MB)
2026-07-03T19:07:09.6801145Z ✔ Got pkgdown 2.2.0.9000 (source) (1.05 MB)
2026-07-03T19:07:09.7801777Z ✔ Got knitr 1.51 (x86_64-pc-linux-gnu-ubuntu-24.04) (1.07 MB)
2026-07-03T19:07:09.9343216Z ✔ Got stringi 1.8.7 (x86_64-pc-linux-gnu-ubuntu-24.04) (3.51 MB)
2026-07-03T19:07:09.9458677Z ✔ Got gert 2.3.1 (x86_64-pc-linux-gnu-ubuntu-24.04) (2.87 MB)
2026-07-03T19:07:10.0031072Z ✔ Got httpuv 1.6.17 (x86_64-pc-linux-gnu-ubuntu-24.04) (679.24 kB)
2026-07-03T19:07:10.1070887Z ✔ Got nanonext 1.10.0 (x86_64-pc-linux-gnu-ubuntu-24.04) (745.94 kB)
2026-07-03T19:07:10.1571364Z ✔ Got reactR 0.6.1 (x86_64-pc-linux-gnu-ubuntu-24.04) (614.35 kB)
2026-07-03T19:07:10.1719510Z ✔ Got httr2 1.2.3 (x86_64-pc-linux-gnu-ubuntu-24.04) (983.12 kB)
2026-07-03T19:07:10.3017526Z ✔ Got ragg 1.5.2 (x86_64-pc-linux-gnu-ubuntu-24.04) (750.83 kB)
2026-07-03T19:07:10.4690281Z ✔ Got usethis 3.2.1 (x86_64-pc-linux-gnu-ubuntu-24.04) (936.48 kB)
2026-07-03T19:07:10.5614287Z ✔ Got gt 1.3.0 (x86_64-pc-linux-gnu-ubuntu-24.04) (6.35 MB)
2026-07-03T19:07:10.6377918Z ✔ Got packrat 0.9.3 (x86_64-pc-linux-gnu-ubuntu-24.04) (732.37 kB)
2026-07-03T19:07:10.7363521Z ✔ Got whisker 0.4.1 (x86_64-pc-linux-gnu-ubuntu-24.04) (69.77 kB)
2026-07-03T19:07:10.7557172Z ✔ Got magick 2.9.1 (x86_64-pc-linux-gnu-ubuntu-24.04) (5.05 MB)
2026-07-03T19:07:10.7970255Z ✔ Got rsconnect 1.10.0 (x86_64-pc-linux-gnu-ubuntu-24.04) (838.61 kB)
2026-07-03T19:07:10.8159386Z ✔ Got sys 3.4.3 (x86_64-pc-linux-gnu-ubuntu-24.04) (42.29 kB)
2026-07-03T19:07:10.8355382Z ✔ Got brew 1.0-10 (x86_64-pc-linux-gnu-ubuntu-24.04) (79.13 kB)
2026-07-03T19:07:10.8665934Z ✔ Got xml2 1.6.0 (x86_64-pc-linux-gnu-ubuntu-24.04) (287.02 kB)
2026-07-03T19:07:10.9203855Z ✔ Got S7 0.2.2 (x86_64-pc-linux-gnu-ubuntu-24.04) (330.24 kB)
2026-07-03T19:07:10.9294132Z ✔ Got rcmdcheck 1.4.0 (x86_64-pc-linux-gnu-ubuntu-24.04) (175.91 kB)
2026-07-03T19:07:10.9835528Z ✔ Got crayon 1.5.3 (x86_64-pc-linux-gnu-ubuntu-24.04) (167.95 kB)
2026-07-03T19:07:11.0976254Z ✔ Got e1071 1.7-17 (x86_64-pc-linux-gnu-ubuntu-24.04) (590.07 kB)
2026-07-03T19:07:11.1913237Z ✔ Got hms 1.1.4 (x86_64-pc-linux-gnu-ubuntu-24.04) (106.27 kB)
2026-07-03T19:07:11.2008870Z ✔ Got sass 0.4.10 (x86_64-pc-linux-gnu-ubuntu-24.04) (2.46 MB)
2026-07-03T19:07:11.2112980Z ✔ Got cli 3.6.6 (x86_64-pc-linux-gnu-ubuntu-24.04) (1.35 MB)
2026-07-03T19:07:11.2696032Z ✔ Got pkgload 1.5.3 (x86_64-pc-linux-gnu-ubuntu-24.04) (227.80 kB)
2026-07-03T19:07:11.3387711Z ✔ Got purrr 1.2.2 (x86_64-pc-linux-gnu-ubuntu-24.04) (558.33 kB)
2026-07-03T19:07:11.4497178Z ✔ Got clock 0.7.4 (x86_64-pc-linux-gnu-ubuntu-24.04) (1.94 MB)
2026-07-03T19:07:11.4749906Z ✔ Got bitops 1.0-9 (x86_64-pc-linux-gnu-ubuntu-24.04) (27.79 kB)
2026-07-03T19:07:11.4885454Z ✔ Got rticles 0.27 (x86_64-pc-linux-gnu-ubuntu-24.04) (5.32 MB)
2026-07-03T19:07:11.5078024Z ✔ Got utf8 1.2.6 (x86_64-pc-linux-gnu-ubuntu-24.04) (155.94 kB)
2026-07-03T19:07:11.5558953Z ✔ Got downlit 0.4.5 (x86_64-pc-linux-gnu-ubuntu-24.04) (116.39 kB)
2026-07-03T19:07:11.5675899Z ✔ Got markdown 2.0 (x86_64-pc-linux-gnu-ubuntu-24.04) (66.68 kB)
2026-07-03T19:07:11.5813183Z ✔ Got credentials 2.0.3 (x86_64-pc-linux-gnu-ubuntu-24.04) (223.42 kB)
2026-07-03T19:07:11.5885343Z ✔ Got labeling 0.4.3 (x86_64-pc-linux-gnu-ubuntu-24.04) (62.51 kB)
2026-07-03T19:07:11.6402452Z ✔ Got RcppTOML 0.2.3 (x86_64-pc-linux-gnu-ubuntu-24.04) (252.01 kB)
2026-07-03T19:07:11.7049621Z ✔ Got quarto 1.5.1 (x86_64-pc-linux-gnu-ubuntu-24.04) (548.66 kB)
2026-07-03T19:07:11.7930901Z ✔ Got rstudioapi 0.19.0 (x86_64-pc-linux-gnu-ubuntu-24.04) (359.82 kB)
2026-07-03T19:07:11.8331548Z ✔ Got systemfonts 1.3.2 (x86_64-pc-linux-gnu-ubuntu-24.04) (834.31 kB)
2026-07-03T19:07:11.8834734Z ✔ Got openssl 2.4.2 (x86_64-pc-linux-gnu-ubuntu-24.04) (1.28 MB)
2026-07-03T19:07:11.8937842Z ✔ Got servr 0.33 (x86_64-pc-linux-gnu-ubuntu-24.04) (96.69 kB)
2026-07-03T19:07:11.9574030Z ✔ Got decor 1.0.2 (x86_64-pc-linux-gnu-ubuntu-24.04) (33.68 kB)
2026-07-03T19:07:11.9671686Z ✔ Got s2 1.1.11 (x86_64-pc-linux-gnu-ubuntu-24.04) (2.22 MB)
2026-07-03T19:07:11.9745144Z ✔ Got prettyunits 1.2.0 (x86_64-pc-linux-gnu-ubuntu-24.04) (157.89 kB)
2026-07-03T19:07:12.0214280Z ✔ Got proxy 0.4-29 (x86_64-pc-linux-gnu-ubuntu-24.04) (174.37 kB)
2026-07-03T19:07:12.0601865Z ✔ Got desc 1.4.3 (x86_64-pc-linux-gnu-ubuntu-24.04) (340.59 kB)
2026-07-03T19:07:12.0864920Z ✔ Got commonmark 2.0.0 (x86_64-pc-linux-gnu-ubuntu-24.04) (149.80 kB)
2026-07-03T19:07:12.3756640Z ✔ Got R.oo 1.27.1 (x86_64-pc-linux-gnu-ubuntu-24.04) (999.43 kB)
2026-07-03T19:07:12.3873270Z ✔ Got nanoarrow 0.8.0-1 (x86_64-pc-linux-gnu-ubuntu-24.04) (696.14 kB)
2026-07-03T19:07:12.3946899Z ✔ Got arrow 24.0.0 (x86_64-pc-linux-gnu-ubuntu-24.04) (22.21 MB)
2026-07-03T19:07:12.4251885Z ✔ Got ini 0.3.1 (x86_64-pc-linux-gnu-ubuntu-24.04) (15.32 kB)
2026-07-03T19:07:12.4670614Z ✔ Got later 1.4.8 (x86_64-pc-linux-gnu-ubuntu-24.04) (160.89 kB)
2026-07-03T19:07:12.4768369Z ✔ Got tinytex 0.60 (x86_64-pc-linux-gnu-ubuntu-24.04) (151.31 kB)
2026-07-03T19:07:12.5120479Z ✔ Got generics 0.1.4 (x86_64-pc-linux-gnu-ubuntu-24.04) (83.33 kB)
2026-07-03T19:07:12.6014141Z ✔ Got V8 8.2.0 (x86_64-pc-linux-gnu-ubuntu-24.04) (724.23 kB)
2026-07-03T19:07:12.6121605Z ✔ Got bigD 0.3.1 (x86_64-pc-linux-gnu-ubuntu-24.04) (1.17 MB)
2026-07-03T19:07:12.6545797Z ✔ Got jose 2.0.0 (x86_64-pc-linux-gnu-ubuntu-24.04) (466.38 kB)
2026-07-03T19:07:12.6961453Z ✔ Got tibble 3.3.1 (x86_64-pc-linux-gnu-ubuntu-24.04) (653.82 kB)
2026-07-03T19:07:12.7040405Z ✔ Got gh 1.6.0 (x86_64-pc-linux-gnu-ubuntu-24.04) (174.86 kB)
2026-07-03T19:07:12.7446323Z ✔ Got litedown 0.9 (x86_64-pc-linux-gnu-ubuntu-24.04) (379.52 kB)
2026-07-03T19:07:12.7872803Z ✔ Got fs 2.1.0 (x86_64-pc-linux-gnu-ubuntu-24.04) (247.06 kB)
2026-07-03T19:07:12.8280705Z ✔ Got waldo 0.6.2 (x86_64-pc-linux-gnu-ubuntu-24.04) (138.83 kB)
2026-07-03T19:07:12.8859785Z ✔ Got scales 1.4.0 (x86_64-pc-linux-gnu-ubuntu-24.04) (848.37 kB)
2026-07-03T19:07:12.8980657Z ✔ Got sessioninfo 1.2.4 (x86_64-pc-linux-gnu-ubuntu-24.04) (200.78 kB)
2026-07-03T19:07:12.9793212Z ✔ Got DBItest 1.8.2 (x86_64-pc-linux-gnu-ubuntu-24.04) (1.99 MB)
2026-07-03T19:07:13.1439141Z ✔ Got Rcpp 1.1.1-1.1 (x86_64-pc-linux-gnu-ubuntu-24.04) (2.26 MB)
2026-07-03T19:07:13.2423605Z ✔ Got promises 1.5.0 (x86_64-pc-linux-gnu-ubuntu-24.04) (1.68 MB)
2026-07-03T19:07:13.2512788Z ✔ Got renv 1.2.3 (x86_64-pc-linux-gnu-ubuntu-24.04) (2.54 MB)
2026-07-03T19:07:13.4869654Z ✔ Got palmerpenguins 0.1.1 (x86_64-pc-linux-gnu-ubuntu-24.04) (3.01 MB)
2026-07-03T19:07:13.5240405Z ℹ Installing system requirements
2026-07-03T19:07:13.5293226Z ℹ Executing `sudo sh -c apt-get -y update`
2026-07-03T19:07:13.5825506Z Get:1 file:/etc/apt/apt-mirrors.txt Mirrorlist [144 B]
2026-07-03T19:07:13.6247802Z Hit:6 https://packages.microsoft.com/repos/azure-cli noble InRelease
2026-07-03T19:07:13.6252296Z Hit:7 https://packages.microsoft.com/ubuntu/24.04/prod noble InRelease
2026-07-03T19:07:13.6395495Z Hit:2 http://azure.archive.ubuntu.com/ubuntu noble InRelease
2026-07-03T19:07:13.6401853Z Hit:3 http://azure.archive.ubuntu.com/ubuntu noble-updates InRelease
2026-07-03T19:07:13.6425426Z Hit:4 http://azure.archive.ubuntu.com/ubuntu noble-backports InRelease
2026-07-03T19:07:13.6445659Z Hit:5 http://azure.archive.ubuntu.com/ubuntu noble-security InRelease
2026-07-03T19:07:13.9513974Z Hit:8 https://dl.google.com/linux/chrome-stable/deb stable InRelease
2026-07-03T19:07:14.9534642Z Reading package lists...
2026-07-03T19:07:15.5244274Z ℹ Executing `sudo sh -c apt-get -y install xz-utils pandoc cmake libcurl4-openssl-dev libssl-dev make libuv1-dev libzstd-dev libabsl-dev libgdal-dev gdal-bin libgeos-dev libproj-dev libsqlite3-dev libicu-dev libudunits2-dev libx11-dev git libgit2-dev zlib1g-dev libmagick++-dev gsfonts libfreetype6-dev libjpeg-dev libpng-dev libtiff-dev libwebp-dev libfontconfig1-dev libfribidi-dev libharfbuzz-dev libnode-dev libxml2-dev`
2026-07-03T19:07:15.5391220Z Reading package lists...
2026-07-03T19:07:15.5492321Z Building dependency tree...
2026-07-03T19:07:15.6406206Z Reading state information...
2026-07-03T19:07:15.7748224Z xz-utils is already the newest version (5.6.1+really5.4.5-1ubuntu0.3).
2026-07-03T19:07:15.7749129Z libssl-dev is already the newest version (3.0.13-0ubuntu3.11).
2026-07-03T19:07:15.7749849Z make is already the newest version (4.3-4.1build2).
2026-07-03T19:07:15.7750496Z libzstd-dev is already the newest version (1.5.5+dfsg2-2build1.1).
2026-07-03T19:07:15.7751277Z libzstd-dev set to manually installed.
2026-07-03T19:07:15.7751925Z libicu-dev is already the newest version (74.2-1ubuntu3.1).
2026-07-03T19:07:15.7752533Z git is already the newest version (1:2.54.0-0ppa1~ubuntu24.04.1).
2026-07-03T19:07:15.7752999Z git set to manually installed.
2026-07-03T19:07:15.7753487Z zlib1g-dev is already the newest version (1:1.3.dfsg-3.1ubuntu2.1).
2026-07-03T19:07:15.7754117Z libxml2-dev is already the newest version (2.9.14+dfsg-1.3ubuntu3.8).
2026-07-03T19:07:15.7754761Z libxml2-dev set to manually installed.
2026-07-03T19:07:15.7755153Z The following additional packages will be installed:
2026-07-03T19:07:15.7755560Z   build-essential cmake-data curl default-libmysqlclient-dev gdal-data
2026-07-03T19:07:15.7756049Z   gdal-plugins gir1.2-freedesktop gir1.2-freedesktop-dev gir1.2-gdkpixbuf-2.0
2026-07-03T19:07:15.7756520Z   gir1.2-girepository-2.0-dev gir1.2-glib-2.0-dev gir1.2-harfbuzz-0.0
2026-07-03T19:07:15.7757218Z   gir1.2-rsvg-2.0 gobject-introspection gobject-introspection-bin hdf5-helpers
2026-07-03T19:07:15.7757931Z   libabsl20220623t64 libaec-dev libaec0 libaom-dev libarmadillo-dev
2026-07-03T19:07:15.7758617Z   libarmadillo12 libarpack2-dev libarpack2t64 libblkid-dev libblosc-dev
2026-07-03T19:07:15.7759250Z   libblosc1 libboost-dev libboost1.83-dev libbrotli-dev
2026-07-03T19:07:15.7759947Z   libcairo-script-interpreter2 libcairo2-dev libcfitsio-dev libcfitsio-doc
2026-07-03T19:07:15.7760708Z   libcfitsio10t64 libcurl3t64-gnutls libcurl4t64 libdav1d-dev libdav1d7
2026-07-03T19:07:15.7764235Z libde265-0 libde265-dev libdjvulibre-dev libdjvulibre-text libdjvulibre21
2026-07-03T19:07:15.7765322Z   libexif-dev libexif-doc libexif12 libfontconfig-dev libfreexl-dev libfreexl1
2026-07-03T19:07:15.7766372Z   libfyba-dev libfyba0t64 libgdal34t64 libgdk-pixbuf-2.0-dev
2026-07-03T19:07:15.7766988Z   libgdk-pixbuf2.0-bin libgeos-c1t64 libgeos3.12.1t64 libgeotiff-dev
2026-07-03T19:07:15.7767618Z   libgeotiff5 libgif-dev libgif7 libgirepository-1.0-dev libgirepository-2.0-0
2026-07-03T19:07:15.7768114Z   libgirepository1.0-dev libgit2-1.7 libglib2.0-dev libglib2.0-dev-bin
2026-07-03T19:07:15.7768600Z   libgraphite2-dev libharfbuzz-cairo0 libharfbuzz-gobject0 libharfbuzz-icu0
2026-07-03T19:07:15.7769063Z   libharfbuzz-subset0 libhdf4-0-alt libhdf4-alt-dev libhdf5-103-1t64
2026-07-03T19:07:15.7769813Z   libhdf5-cpp-103-1t64 libhdf5-dev libhdf5-fortran-102t64 libhdf5-hl-100t64
2026-07-03T19:07:15.7770505Z   libhdf5-hl-cpp-100t64 libhdf5-hl-fortran-100t64 libheif-dev
2026-07-03T19:07:15.7771171Z   libhttp-parser-dev libhttp-parser2.9 libice-dev libimath-3-1-29t64
2026-07-03T19:07:15.7771888Z   libimath-dev libjbig-dev libjpeg-turbo8-dev libjpeg8-dev libjson-c-dev
2026-07-03T19:07:15.7772549Z   libjsoncpp25 libjxr-tools libjxr0t64 libkml-dev libkmlbase1t64
2026-07-03T19:07:15.7773261Z   libkmlconvenience1t64 libkmldom1t64 libkmlengine1t64 libkmlregionator1t64
2026-07-03T19:07:15.7773982Z   libkmlxsd1t64 liblcms2-dev liblerc-dev liblqr-1-0-dev libltdl-dev
2026-07-03T19:07:15.7774772Z   libmagick++-6-headers libmagick++-6.q16-9t64 libmagick++-6.q16-dev
2026-07-03T19:07:15.7775680Z   libmagickcore-6-arch-config libmagickcore-6-headers
2026-07-03T19:07:15.7776329Z   libmagickcore-6.q16-7-extra libmagickcore-6.q16-dev libmagickwand-6-headers
2026-07-03T19:07:15.7777060Z   libmagickwand-6.q16-dev libminizip-dev libminizip1t64 libmount-dev
2026-07-03T19:07:15.7777808Z   libnetcdf-dev libnetcdf19t64 libnode109 libodbccr2 libodbcinst2 libogdi-dev
2026-07-03T19:07:15.7778655Z   libogdi4.1 libopenexr-3-1-30 libopenexr-dev libopenjp2-7-dev libpixman-1-dev
2026-07-03T19:07:15.7779406Z   libpng-tools libpoppler-dev libpoppler-private-dev libpoppler134 libproj25
2026-07-03T19:07:15.7780158Z   libpthread-stubs0-dev libqhull-dev libqhull-r8.0 libqhull8.0 libqhullcpp8.0
2026-07-03T19:07:15.7780944Z   librhash0 librsvg2-2 librsvg2-common librsvg2-dev librttopo-dev librttopo1
2026-07-03T19:07:15.7781699Z   libselinux1-dev libsepol-dev libsharpyuv-dev libsm-dev libspatialite-dev
2026-07-03T19:07:15.7782560Z   libspatialite8t64 libsqlite3-0 libssh2-1-dev libssh2-1t64 libsuperlu-dev
2026-07-03T19:07:15.7783275Z   libsuperlu6 libsz2 libtiffxx6 libudunits2-0 libudunits2-data
2026-07-03T19:07:15.7783899Z   liburiparser-dev liburiparser1 libwebpdecoder3 libwmf-0.2
2026-07-03T19:07:15.7784384Z -7 libwmf-dev
2026-07-03T19:07:15.7785066Z   libwmflite-0.2-7 libx265-199 libx265-dev libxau-dev libxcb-render0-dev
2026-07-03T19:07:15.7785842Z   libxcb-shm0-dev libxcb1-dev libxdmcp-dev libxerces-c-dev libxerces-c3.2t64
2026-07-03T19:07:15.7786520Z   libxext-dev libxrender-dev libxt-dev node-acorn node-busboy
2026-07-03T19:07:15.7787240Z   node-cjs-module-lexer node-undici node-xtend nodejs nodejs-doc pandoc-data
2026-07-03T19:07:15.7788053Z   proj-bin proj-data python3-gdal python3-mako python3-markdown python3-numpy
2026-07-03T19:07:15.7788648Z   sqlite3 unixodbc-common unixodbc-dev uuid-dev x11proto-dev
2026-07-03T19:07:15.7789126Z   xorg-sgml-doctools xtrans-dev
2026-07-03T19:07:15.7789469Z Suggested packages:
2026-07-03T19:07:15.7790000Z   cmake-doc cmake-format elpa-cmake-mode ninja-build libgdal-grass libitpp-dev
2026-07-03T19:07:15.7790646Z   libboost-doc libboost1.83-doc libboost-atomic1.83-dev
2026-07-03T19:07:15.7791318Z   libboost-chrono1.83-dev libboost-container1.83-dev libboost-context1.83-dev
2026-07-03T19:07:15.7791860Z   libboost-contract1.83-dev libboost-coroutine1.83-dev
2026-07-03T19:07:15.7792291Z   libboost-date-time1.83-dev libboost-exception1.83-dev libboost-fiber1.83-dev
2026-07-03T19:07:15.7792743Z   libboost-filesystem1.83-dev libboost-graph-parallel1.83-dev
2026-07-03T19:07:15.7793181Z   libboost-graph1.83-dev libboost-iostreams1.83-dev libboost-json1.83-dev
2026-07-03T19:07:15.7793624Z   libboost-locale1.83-dev libboost-log1.83-dev libboost-math1.83-dev
2026-07-03T19:07:15.7794076Z   libboost-mpi-python1.83-dev libboost-mpi1.83-dev libboost-nowide1.83-dev
2026-07-03T19:07:15.7794658Z   libboost-numpy1.83-dev libboost-program-options1.83-dev
2026-07-03T19:07:15.7795206Z   libboost-python1.83-dev libboost-random1.83-dev libboost-regex1.83-dev
2026-07-03T19:07:15.7795639Z   libboost-serialization1.83-dev libboost-stacktrace1.83-dev
2026-07-03T19:07:15.7796067Z   libboost-system1.83-dev libboost-test1.83-dev libboost-thread1.83-dev
2026-07-03T19:07:15.7796538Z   libboost-timer1.83-dev libboost-type-erasure1.83-dev libboost-url1.83-dev
2026-07-03T19:07:15.7797000Z   libboost-wave1.83-dev libboost1.83-tools-dev libmpfrc++-dev libntl-dev
2026-07-03T19:07:15.7797470Z   libcairo2-doc libcurl4-doc libidn-dev libkrb5-dev libldap2-dev librtmp-dev
2026-07-03T19:07:15.7797959Z freetype2-doc libgdal-doc libgeotiff-epsg geotiff-bin libgirepository1.0-doc
2026-07-03T19:07:15.7798401Z   libglib2.0-doc libxml2-utils libgraphite2-utils libhdf4-doc hdf4-tools
2026-07-03T19:07:15.7798827Z   libhdf5-doc libice-doc libtool-doc inkscape netcdf-bin netcdf-doc ogdi-bin
2026-07-03T19:07:15.7799238Z   librsvg2-bin librsvg2-doc libsm-doc sqlite3-doc libsuperlu-doc
2026-07-03T19:07:15.7799615Z   libwmf-0.2-7-gtk libwmf-doc libx11-doc libx265-doc libxcb-doc
2026-07-03T19:07:15.7800192Z   libxerces-c-doc libxext-doc libxt-doc npm texlive-latex-recommended
2026-07-03T19:07:15.7800635Z   texlive-xetex texlive-luatex pandoc-citeproc texlive-latex-extra context
2026-07-03T19:07:15.7801072Z   wkhtmltopdf groff ghc python r-base-core libjs-mathjax libjs-katex
2026-07-03T19:07:15.7801485Z   citation-style-language-styles python-mako-doc python3-beaker
2026-07-03T19:07:15.7801905Z   python-markdown-doc python3-pytest
2026-07-03T19:07:15.8329857Z The following NEW packages will be installed:
2026-07-03T19:07:15.8330775Z   build-essential cmake cmake-data default-libmysqlclient-dev gdal-bin
2026-07-03T19:07:15.8331564Z   gdal-data gdal-plugins gir1.2-freedesktop gir1.2-freedesktop-dev
2026-07-03T19:07:15.8332337Z   gir1.2-gdkpixbuf-2.0 gir1.2-girepository-2.0-dev gir1.2-glib-2.0-dev
2026-07-03T19:07:15.8332948Z   gir1.2-harfbuzz-0.0 gir1.2-rsvg-2.0 gobject-introspection
2026-07-03T19:07:15.8333328Z   gobject-introspection-bin gsfonts hdf5-helpers libabsl-dev
2026-07-03T19:07:15.8333751Z   libabsl20220623t64 libaec-dev libaec0 libaom-dev libarmadillo-dev
2026-07-03T19:07:15.8334174Z   libarmadillo12 libarpack2-dev libarpack2t64 libblkid-dev libblosc-dev
2026-07-03T19:07:15.8341507Z libblosc1 libboost-dev libboost1.83-dev libbrotli-dev
2026-07-03T19:07:15.8342308Z   libcairo-script-interpreter2 libcairo2-dev libcfitsio-dev libcfitsio-doc
2026-07-03T19:07:15.8343143Z   libcfitsio10t64 libcurl4-openssl-dev libdav1d-dev libdav1d7 libde265-0
2026-07-03T19:07:15.8343806Z   libde265-dev libdjvulibre-dev libdjvulibre-text libdjvulibre21 libexif-dev
2026-07-03T19:07:15.8344632Z   libexif-doc libexif12 libfontconfig-dev libfontconfig1-dev libfreetype-dev
2026-07-03T19:07:15.8345362Z   libfreexl-dev libfreexl1 libfribidi-dev libfyba-dev libfyba0t64 libgdal-dev
2026-07-03T19:07:15.8346049Z   libgdal34t64 libgdk-pixbuf-2.0-dev libgdk-pixbuf2.0-bin libgeos-c1t64
2026-07-03T19:07:15.8346735Z   libgeos-dev libgeos3.12.1t64 libgeotiff-dev libgeotiff5 libgif-dev libgif7
2026-07-03T19:07:15.8347342Z   libgirepository-1.0-dev libgirepository-2.0-0 libgirepository1.0-dev
2026-07-03T19:07:15.8347866Z   libgit2-1.7 libgit2-dev libglib2.0-dev libglib2.0-dev-bin libgraphite2-dev
2026-07-03T19:07:15.8348575Z   libharfbuzz-cairo0 libharfbuzz-dev libharfbuzz-gobject0 libharfbuzz-icu0
2026-07-03T19:07:15.8349271Z   libharfbuzz-subset0 libhdf4-0-alt libhdf4-alt-dev libhdf5-103-1t64
2026-07-03T19:07:15.8349975Z   libhdf5-cpp-103-1t64 libhdf5-dev libhdf5-fortran-102t64 libhdf5-hl-100t64
2026-07-03T19:07:15.8350642Z   libhdf5-hl-cpp-100t64 libhdf5-hl-fortran-100t64 libheif-dev
2026-07-03T19:07:15.8351256Z   libhttp-parser-dev libhttp-parser2.9 libice-dev libimath-3-1-29t64
2026-07-03T19:07:15.8351902Z   libimath-dev libjbig-dev libjpeg-dev libjpeg-turbo8-dev libjpeg8-dev
2026-07-03T19:07:15.8352607Z   libjson-c-dev libjsoncpp25 libjxr-tools libjxr0t64 libkml-dev libkmlbase1t64
2026-07-03T19:07:15.8353347Z   libkmlconvenience1t64 libkmldom1t64 libkmlengine1t64 libkmlregionator1t64
2026-07-03T19:07:15.8354023Z   libkmlxsd1t64 liblcms2-dev liblerc-dev liblqr-1-0-dev libltdl-dev
2026-07-03T19:07:15.8354796Z   libmagick++-6-headers libmagick++-6.q16-9t64 libmagick++-6.q16-dev
2026-07-03T19:07:15.8355474Z   libmagick++-dev libmagickcore-6-arch-config libmagickcore-6-headers
2026-07-03T19:07:15.8356122Z   libmagickcore-6.q16-7-extra libmagickcore-6.q16-dev libmagickwand-6-headers
2026-07-03T19:07:15.8356792Z   libmagickwand-6.q16-dev libminizip-dev libminizip1t64 libmount-dev
2026-07-03T19:07:15.8357463Z   libnetcdf-dev libnetcdf19t64 libnode-dev libnode109 libodbccr2 libodbcinst2
2026-07-03T19:07:15.8358151Z   libogdi-dev libogdi4.1 libopenexr-3-1-30 libopenexr-dev libopenjp2-7-dev
2026-07-03T19:07:15.8358761Z   libpixman-1-dev libpng-dev libpng-tools libpoppler-dev
2026-07-03T19:07:15.8359353Z   libpoppler-private-dev libpoppler134 libproj-dev libproj25
2026-07-03T19:07:15.8359970Z   libpthread-stubs0-dev libqhull-dev libqhull-r8.0 libqhull8.0 li
2026-07-03T19:07:15.8360458Z bqhullcpp8.0
2026-07-03T19:07:15.8360945Z   librhash0 librsvg2-2 librsvg2-common librsvg2-dev librttopo-dev librttopo1
2026-07-03T19:07:15.8361873Z   libselinux1-dev libsepol-dev libsharpyuv-dev libsm-dev libspatialite-dev
2026-07-03T19:07:15.8362619Z   libspatialite8t64 libssh2-1-dev libsuperlu-dev libsuperlu6 libsz2
2026-07-03T19:07:15.8363267Z   libtiff-dev libtiffxx6 libudunits2-0 libudunits2-data libudunits2-dev
2026-07-03T19:07:15.8364085Z   liburiparser-dev liburiparser1 libuv1-dev libwebp-dev libwebpdecoder3
2026-07-03T19:07:15.8364969Z   libwmf-0.2-7 libwmf-dev libwmflite-0.2-7 libx11-dev libx265-199 libx265-dev
2026-07-03T19:07:15.8365662Z   libxau-dev libxcb-render0-dev libxcb-shm0-dev libxcb1-dev libxdmcp-dev
2026-07-03T19:07:15.8366267Z   libxerces-c-dev libxerces-c3.2t64 libxext-dev libxrender-dev libxt-dev
2026-07-03T19:07:15.8366728Z   node-acorn node-busboy node-cjs-module-lexer node-undici node-xtend nodejs
2026-07-03T19:07:15.8367193Z   nodejs-doc pandoc pandoc-data proj-bin proj-data python3-gdal python3-mako
2026-07-03T19:07:15.8367640Z   python3-markdown python3-numpy unixodbc-common unixodbc-dev uuid-dev
2026-07-03T19:07:15.8368003Z   x11proto-dev xorg-sgml-doctools xtrans-dev
2026-07-03T19:07:15.8368284Z The following packages will be upgraded:
2026-07-03T19:07:15.8368667Z curl libcurl3t64-gnutls libcurl4t64 libsqlite3-0 libsqlite3-dev libssh2-1t64
2026-07-03T19:07:15.8368982Z   sqlite3
2026-07-03T19:07:15.8512033Z 7 upgraded, 215 newly installed, 0 to remove and 24 not upgraded.
2026-07-03T19:07:15.8512414Z Need to get 150 MB of archives.
2026-07-03T19:07:15.8512756Z After this operation, 853 MB of additional disk space will be used.
2026-07-03T19:07:15.8513141Z Get:1 file:/etc/apt/apt-mirrors.txt Mirrorlist [144 B]
2026-07-03T19:07:15.9186081Z Get:2 http://azure.archive.ubuntu.com/ubuntu noble/universe amd64 libmagickcore-6-headers all 8:6.9.12.98+dfsg1-5.2build2 [52.4 kB]
2026-07-03T19:07:15.9535444Z Get:3 http://azure.archive.ubuntu.com/ubuntu noble/universe amd64 libmagickwand-6-headers all 8:6.9.12.98+dfsg1-5.2build2 [10.2 kB]
2026-07-03T19:07:15.9859815Z Get:4 http://azure.archive.ubuntu.com/ubuntu noble/universe amd64 libmagick++-6-headers all 8:6.9.12.98+dfsg1-5.2build2 [48.2 kB]
2026-07-03T19:07:16.0192693Z Get:5 http://azure.archive.ubuntu.com/ubuntu noble/universe amd64 libmagick++-6.q16-9t64 amd64 8:6.9.12.98+dfsg1-5.2build2 [148 kB]
2026-07-03T19:07:16.0566428Z Get:6 http://azure.archive.ubuntu.com/ubuntu noble/universe amd64 libmagickcore-6-arch-config amd64 8:6.9.12.98+dfsg1-5.2build2 [28.0 kB]
2026-07-03T19:07:16.0891462Z Get:7 http://azure.archive.ubuntu.com/ubuntu noble-updates/main amd64 libdjvulibre-text all 3.5.28-2ubuntu0.24.04.2 [51.1 kB]
2026-07-03T19:07:16.1227503Z Get:8 http://azure.archive.ubuntu.com/ubuntu noble-updates/main amd64 libdjvulibre21 amd64 3.5.28-2ubuntu0.24.04.2 [638 kB]
2026-07-03T19:07:16.1603085Z Get:9 http://azure.archive.ubuntu.com/ubuntu noble/universe amd64 libimath-3-1-29t64 amd64 3.1.9-3.1ubuntu2 [72.2 kB]
2026-07-03T19:07:16.1930883Z Get:10 http://azure.archive.ubuntu.com/ubuntu noble/universe amd64 libopenexr-3-1-30 amd64 3.1.5-5.1build3 [1004 kB]
2026-07-03T19:07:16.2335367Z Get:11 http://azure.archive.ubuntu.com/ubuntu noble/main amd64 libwmflite-0.2-7 amd64 0.2.13-1.1build3 [68.6 kB]
2026-07-03T19:07:16.2661398Z Get:12 http://azure.archive.ubuntu.com/ubuntu noble/universe amd64 libmagickcore-6.q16-7-extra amd64 8:6.9.12.98+dfsg1-5.2build2 [70.1 kB]
2026-07-03T19:07:16.2982261Z Get:13 http://azure.archive.ubuntu.com/ubuntu noble/main amd64 libjpeg-turbo8-dev amd64 2.1.5-2ubuntu2 [295 kB]
2026-07-03T19:07:16.3320490Z Get:14 http://azure.archive.ubuntu.com/ubuntu noble/main amd64 libjpeg8-dev amd64 8c-2ubuntu11 [1484 B]
2026-07-03T19:07:16.3641249Z Get:15 http://azure.archive.ubuntu.com/ubuntu noble/main amd64 libjpeg-dev amd64 8c-2ubuntu11 [1482 B]
2026-07-03T19:07:16.3966786Z Get:16 http://azure.archive.ubuntu.com/ubuntu noble-updates/main amd64 libdjvulibre-dev amd64 3.5.28-2ubuntu0.24.04.2 [2484 kB]
2026-07-03T19:07:16.4512435Z Get:17 http://azure.archive.ubuntu.com/ubuntu noble/main amd64 libexif12 amd64 0.6.24-1build2 [87.9 kB]
2026-07-03T19:07:16.4843181Z Get:18 http://azure.archive.ubuntu.com/ubuntu noble/main amd64 libexif-dev amd64 0.6.24-1build2 [110 kB]
2026-07-03T19:07:16.5602688Z Get:19 http://azure.archive.ubuntu.com/ubuntu noble/main amd64 libbrotli-dev amd64 1.1.0-2build2 [353 kB]
2026-07-03T19:07:16.5954630Z Get:20 http://azure.archive.ubuntu.com/ubuntu noble-updates/main amd64 libpng-dev amd64 1.6.43-5ubuntu0.6 [265 kB]
2026-07-03T19:07:16.6291277Z Get:21 http://azure.archive.ubuntu.com/ubuntu noble-updates/main amd64 libfreetype-dev amd64 2.13.2+dfsg-1ubuntu0.1 [575 kB]
2026-07-03T19:07:16.6651337Z Get:22 http://azure.archive.ubuntu.com/ubuntu noble-updates/main amd64 libopenjp2-7-dev amd64 2.5.0-2ubuntu0.5 [258 kB]
2026-07-03T19:07:16.6993652Z Get:23 http://azure.archive.ubuntu.com/ubuntu noble-updates/main amd64 liblcms2-dev amd64 2.14-2ubuntu0.1 [1809 kB]
2026-07-03T19:07:16.7445269Z Get:24 http://azure.archive.ubuntu.com/ubuntu noble/universe amd64 liblqr-1-0-dev amd64 0.4.2-2.1build2 [68.7 kB]
2026-07-03T19:07:16.7766708Z Get:25 http://azure.archive.ubuntu.com/ubuntu noble/main amd64 libltdl-dev amd64 2.4.7-7build1 [168 kB]
2026-07-03T19:07:16.8094190Z Get:26 http://azure.archive.ubuntu.com/ubuntu noble/universe amd64 libimath-dev amd64 3.1.9-3.1ubuntu2 [115 kB]
2026-07-03T19:07:16.8421023Z Get:27 http://azure.archive.ubuntu.com/ubuntu noble/universe amd64 libopenexr-dev amd64 3.1.5-5.1build3 [106 kB]
2026-07-03T19:07:16.8754201Z Get:28 http://azure.archive.ubuntu.com/ubuntu noble/main amd64 gir1.2-freedesktop amd64 1.80.1-1 [49.7 kB]
2026-07-03T19:07:16.9072409Z Get:29 http://azure.archive.ubuntu.com/ubuntu noble-updates/main amd64 gir1.2-gdkpixbuf-2.0 amd64 2.42.10+dfsg-3ubuntu3.3 [9482 B]
2026-07-03T19:07:16.9398244Z Get:30 http://azure.archive.ubuntu.com/ubuntu noble/main amd64 librsvg2-2 amd64 2.58.0+dfsg-1build1 [2135 kB]
2026-07-03T19:07:16.9879736Z Get:31 http://azure.archive.ubuntu.com/ubuntu noble/main amd64 gir1.2-rsvg-2.0 amd64 2.58.0+dfsg-1build1 [11.1 kB]
2026-07-03T19:07:17.0200201Z Get:32 http://azure.archive.ubuntu.com/ubuntu noble/main amd64 libcairo-script-interpreter2 amd64 1.18.0-3build1 [60.3 kB]
2026-07-03T19:07:17.0536373Z Get:33 http://azure.archive.ubuntu.com/ubuntu noble-updates/main amd64 uuid-dev amd64 2.39.3-9ubuntu6.5 [33.5 kB]
2026-07-03T19:07:17.0871475Z Get:34 http://azure.archive.ubuntu.com/ubuntu noble/main amd64 libfontconfig-dev amd64 2.15.0-1.1ubuntu2 [161 kB]
2026-07-03T19:07:17.1202911Z Get:35 http://azure.archive.ubuntu.com/ubuntu noble-updates/main amd64 libglib2.0-dev-bin amd64 2.80.0-6ubuntu3.8 [138 kB]
2026-07-03T19:07:17.1529715Z Get:36 http://azure.archive.ubuntu.com/ubuntu noble-updates/main amd64 libblkid-dev amd64 2.39.3-9ubuntu6.5 [204 kB]
2026-07-03T19:07:17.1856997Z Get:37 http://azure.archive.ubuntu.com/ubuntu noble/main amd64 libsepol-dev amd64 3.5-2build1 [384 kB]
2026-07-03T19:07:17.2635185Z Get:38 http://azure.archive.ubuntu.com/ubuntu noble-updates/main amd64 libselinux1-dev amd64 3.5-2ubuntu2.1 [164 kB]
2026-07-03T19:07:17.2975708Z Get:39 http://azure.archive.ubuntu.com/ubuntu noble-updates/main amd64 libmount-dev amd64 2.39.3-9ubuntu6.5 [14.9 kB]
2026-07-03T19:07:17.3304041Z Get:40 http://azure.archive.ubuntu.com/ubuntu noble-updates/main amd64 libgirepository-2.0-0 amd64 2.80.0-6ubuntu3.8 [73.6 kB]
2026-07-03T19:07:17.3633283Z Get:41 http://azure.archive.ubuntu.com/ubuntu noble-updates/main amd64 libglib2.0-dev amd64 2.80.0-6ubuntu3.8 [1860 kB]
2026-07-03T19:07:17.4182890Z Get:42 http://azure.archive.ubuntu.com/ubuntu noble/main amd64 libpixman-1-dev amd64 0.42.2-1build1 [296 kB]
2026-07-03T19:07:17.4597380Z Get:43 http://azure.archive.ubuntu.com/ubuntu noble/main amd64 xorg-sgml-doctools all 1:1.11-1.1 [10.9 kB]
2026-07-03T19:07:17.4971895Z Get:44 http://azure.archive.ubuntu.com/ubuntu noble/main amd64 x11proto-dev all 2023.2-1 [602 kB]
2026-07-03T19:07:17.5459359Z Get:45 http://azure.archive.ubuntu.com/ubuntu noble/main amd64 libice-dev amd64 2:1.0.10-1build3 [51.0 kB]
2026-07-03T19:07:17.5824965Z Get:46 http://azure.archive.ubuntu.com/ubuntu noble/main amd64 libsm-dev amd64 2:1.2.3-1build3 [17.8 kB]
2026-07-03T19:07:17.6188506Z Get:47 http://azure.archive.ubuntu.com/ubuntu noble/main amd64 libxau-dev amd64 1:1.0.9-1build6 [9570 B]
2026-07-03T19:07:17.6554001Z Get:48 http://azure.archive.ubuntu.com/ubuntu noble/main amd64 libxdmcp-dev amd64 1:1.1.3-0ubuntu6 [26.5 kB]
2026-07-03T19:07:17.6921664Z Get:49 http://azure.archive.ubuntu.com/ubuntu noble/main amd64 xtrans-dev all 1.4.0-1 [68.9 kB]
2026-07-03T19:07:17.7289169Z Get:50 http://azure.archive.ubuntu.com/ubuntu noble/main amd64 libpthread-stubs0-dev amd64 0.4-1build3 [4746 B]
2026-07-03T19:07:17.7653808Z Get:51 http://azure.archive.ubuntu.com/ubuntu noble/main amd64 libxcb1-dev amd64 1.15-1ubuntu2 [85.8 kB]
2026-07-03T19:07:17.8036496Z Get:52 http://azure.archive.ubuntu.com/ubuntu noble/main amd64 libx11-dev amd64 2:1.8.7-1build1 [732 kB]
2026-07-03T19:07:17.8536705Z Get:53 http://azure.archive.ubuntu.com/ubuntu noble/main amd64 libxcb-render0-dev amd64 1.15-1ubuntu2 [19.6 kB]
2026-07-03T19:07:17.8897513Z Get:54 http://azure.archive.ubuntu.com/ubuntu noble/main amd64 libxcb-shm0-dev amd64 1.15-1ubuntu2 [8246 B]
2026-07-03T19:07:17.9268116Z Get:55 http://azure.archive.ubuntu.com/ubuntu noble/main amd64 libxext-dev amd64 2:1.3.4-1build2 [83.5 kB]
2026-07-03T19:07:17.9593208Z Get:56 http://azure.archive.ubuntu.com/ubuntu noble/main amd64 libxrender-dev amd64 1:0.9.10-1.1build1 [26.3 kB]
2026-07-03T19:07:18.0359247Z Get:57 http://azure.archive.ubuntu.com/ubuntu noble/main amd64 libcairo2-dev amd64 1.18.0-3build1 [41.1 kB]
2026-07-03T19:07:18.0682053Z Get:58 http://azure.archive.ubuntu.com/ubuntu noble-updates/main amd64 libgdk-pixbuf2.0-bin amd64 2.42.10+dfsg-3ubuntu3.3 [13.9 kB]
2026-07-03T19:07:18.1005317Z Get:59 http://azure.archive.ubuntu.com/ubuntu noble/main amd64 libjbig-dev amd64 2.1-6.1ubuntu2 [27.9 kB]
2026-07-03T19:07:18.1333459Z Get:60 http://azure.archive.ubuntu.com/ubuntu noble/main amd64 libwebpdecoder3 amd64 1.3.2-0.4build3 [114 kB]
2026-07-03T19:07:18.1656725Z Get:61 http://azure.archive.ubuntu.com/ubuntu noble/main amd64 libsharpyuv-dev amd64 1.3.2-0.4build3 [16.0 kB]
2026-07-03T19:07:18.1950294Z Get:62 http://azure.archive.ubuntu.com/ubuntu noble/main amd64 libwebp-dev amd64 1.3.2-0.4build3 [367 kB]
2026-07-03T19:07:18.2305788Z Get:63 http://azure.archive.ubuntu.com/ubuntu noble-updates/main amd64 libtiffxx6 amd64 4.5.1+git230720-4ubuntu2.5 [5642 B]
2026-07-03T19:07:18.2598290Z Get:64 http://azure.archive.ubuntu.com/ubuntu noble/main amd64 liblerc-dev amd64 4.0.0+ds-4ubuntu2 [182 kB]
2026-07-03T19:07:18.2989016Z Get:65 http://azure.archive.ubuntu.com/ubuntu noble-updates/main amd64 libtiff-dev amd64 4.5.1+git230720-4ubuntu2.5 [338 kB]
2026-07-03T19:07:18.3446929Z Get:66 http://azure.archive.ubuntu.com/ubuntu noble-updates/main amd64 gir1.2-glib-2.0-dev amd64 2.80.0-6ubuntu3.8 [848 kB]
2026-07-03T19:07:18.3843508Z Get:67 http://azure.archive.ubuntu.com/ubuntu noble-updates/main amd64 libgdk-pixbuf-2.0-dev amd64 2.42.10+dfsg-3ubuntu3.3 [47.9 kB]
2026-07-03T19:07:18.4171507Z Get:68 http://azure.archive.ubuntu.com/ubuntu noble/main amd64 librsvg2-common amd64 2.58.0+dfsg-1build1 [11.8 kB]
2026-07-03T19:07:18.4491425Z Get:69 http://azure.archive.ubuntu.com/ubuntu noble/main amd64 gir1.2-freedesktop-dev amd64 1.80.1-1 [28.8 kB]
2026-07-03T19:07:18.4830940Z Get:70 http://azure.archive.ubuntu.com/ubuntu noble/main amd64 gir1.2-girepository-2.0-dev amd64 1.80.1-1 [41.5 kB]
2026-07-03T19:07:18.5143555Z Get:71 http://azure.archive.ubuntu.com/ubuntu noble/main amd64 build-essential amd64 12.10ubuntu1 [4928 B]
2026-07-03T19:07:18.5495812Z Get:72 http://azure.archive.ubuntu.com/ubuntu noble-updates/main amd64 python3-mako all 1.3.2-1ubuntu0.1 [63.4 kB]
2026-07-03T19:07:18.5870119Z Get:73 http://azure.archive.ubuntu.com/ubuntu noble/main amd64 python3-markdown all 3.5.2-1 [72.0 kB]
2026-07-03T19:07:18.6249692Z Get:74 http://azure.archive.ubuntu.com/ubuntu noble/main amd64 gobject-introspection-bin amd64 1.80.1-1 [254 kB]
2026-07-03T19:07:18.7117771Z Get:75 http://azure.archive.ubuntu.com/ubuntu noble/main amd64 gobject-introspection amd64 1.80.1-1 [105 kB]
2026-07-03T19:07:18.7526015Z Get:76 http://azure.archive.ubuntu.com/ubuntu noble/main amd64 libgirepository-1.0-dev amd64 1.80.1-1 [28.5 kB]
2026-07-03T19:07:18.7879795Z Get:77 http://azure.archive.ubuntu.com/ubuntu noble/main amd64 libgirepository1.0-dev amd64 1.80.1-1 [17.0 kB]
2026-07-03T19:07:18.8212177Z Get:78 http://azure.archive.ubuntu.com/ubuntu noble/universe amd64 librsvg2-dev amd64 2.58.0+dfsg-1build1 [38.0 kB]
2026-07-03T19:07:18.8546081Z Get:79 http://azure.archive.ubuntu.com/ubuntu noble/main amd64 libwmf-0.2-7 amd64 0.2.13-1.1build3 [92.0 kB]
2026-07-03T19:07:18.8880192Z Get:80 http://azure.archive.ubuntu.com/ubuntu noble/main amd64 libwmf-dev amd64 0.2.13-1.1build3 [236 kB]
2026-07-03T19:07:18.9217726Z Get:81 http://azure.archive.ubuntu.com/ubuntu noble/main amd64 libxt-dev amd64 1:1.2.1-1.2build1 [394 kB]
2026-07-03T19:07:18.9581609Z Get:82 http://azure.archive.ubuntu.com/ubuntu noble/universe amd64 libmagickcore-6.q16-dev amd64 8:6.9.12.98+dfsg1-5.2build2 [1114 kB]
2026-07-03T19:07:19.0004151Z Get:83 http://azure.archive.ubuntu.com/ubuntu noble/universe amd64 libmagickwand-6.q16-dev amd64 8:6.9.12.98+dfsg1-5.2build2 [340 kB]
2026-07-03T19:07:19.0351940Z Get:84 http://azure.archive.ubuntu.com/ubuntu noble/universe amd64 libmagick++-6.q16-dev amd64 8:6.9.12.98+dfsg1-5.2build2 [143 kB]
2026-07-03T19:07:19.0678013Z Get:85 http://azure.archive.ubuntu.com/ubuntu noble/universe amd64 libmagick++-dev all 8:6.9.12.98+dfsg1-5.2build2 [1030 B]
2026-07-03T19:07:19.0996030Z Get:86 http://azure.archive.ubuntu.com/ubuntu noble-updates/main amd64 libsqlite3-dev amd64 3.45.1-1ubuntu2.6 [911 kB]
2026-07-03T19:07:19.1402016Z Get:87 http://azure.archive.ubuntu.com/ubuntu noble-updates/main amd64 sqlite3 amd64 3.45.1-1ubuntu2.6 [144 kB]
2026-07-03T19:07:19.1729450Z Get:88 http://azure.archive.ubuntu.com/ubuntu noble-updates/main amd64 libsqlite3-0 amd64 3.45.1-1ubuntu2.6 [701 kB]
2026-07-03T19:07:19.2343565Z Get:89 http://azure.archive.ubuntu.com/ubuntu noble-updates/main amd64 curl amd64 8.5.0-2ubuntu10.10 [227 kB]
2026-07-03T19:07:19.2759277Z Get:90 http://azure.archive.ubuntu.com/ubuntu noble-updates/main amd64 libcurl4t64 amd64 8.5.0-2ubuntu10.10 [343 kB]
2026-07-03T19:07:19.3296948Z Get:91 http://azure.archive.ubuntu.com/ubuntu noble/main amd64 libjsoncpp25 amd64 1.9.5-6build1 [82.8 kB]
2026-07-03T19:07:19.3662178Z Get:92 http://azure.archive.ubuntu.com/ubuntu noble/main amd64 librhash0 amd64 1.4.3-3build1 [129 kB]
2026-07-03T19:07:19.4526836Z Get:93 http://azure.archive.ubuntu.com/ubuntu noble/main amd64 cmake-data all 3.28.3-1build7 [2155 kB]
2026-07-03T19:07:19.4995316Z Get:94 http://azure.archive.ubuntu.com/ubuntu noble/main amd64 cmake amd64 3.28.3-1build7 [11.2 MB]
2026-07-03T19:07:19.6748197Z Get:95 http://azure.archive.ubuntu.com/ubuntu noble/main amd64 default-libmysqlclient-dev amd64 1.1.0build1 [3132 B]
2026-07-03T19:07:19.7096446Z Get:96 http://azure.archive.ubuntu.com/ubuntu noble/main amd64 python3-numpy amd64 1:1.26.4+ds-6ubuntu1 [4437 kB]
2026-07-03T19:07:20.0241480Z Get:97 http://azure.archive.ubuntu.com/ubuntu noble/universe amd64 gdal-data all 3.8.4+dfsg-3ubuntu3 [261 kB]
2026-07-03T19:07:20.0721987Z Get:98 http://azure.archive.ubuntu.com/ubuntu noble/universe amd64 gdal-plugins amd64 3.8.4+dfsg-3ubuntu3 [24.8 kB]
2026-07-03T19:07:20.1025161Z Get:99 http://azure.archive.ubuntu.com/ubuntu noble/universe amd64 libaec0 amd64 1.1.2-1build1 [22.9 kB]
2026-07-03T19:07:20.1340014Z Get:100 http://azure.archive.ubuntu.com/ubuntu noble/universe amd64 libarpack2t64 amd64 3.9.1-1.1build2 [106 kB]
2026-07-03T19:07:20.1701605Z Get:101 http://azure.archive.ubuntu.com/ubuntu noble/universe amd64 libsuperlu6 amd64 6.0.1+dfsg1-1build1 [180 kB]
2026-07-03T19:07:20.2210991Z Get:102 http://azure.archive.ubuntu.com/ubuntu noble/universe amd64 libarmadillo12 amd64 1:12.6.7+dfsg-1build2 [106 kB]
2026-07-03T19:07:20.2628123Z Get:103 http://azure.archive.ubuntu.com/ubuntu noble/universe amd64 libblosc1 amd64 1.21.5+ds-1build1 [36.2 kB]
2026-07-03T19:07:20.2974032Z Get:104 http://azure.archive.ubuntu.com/ubuntu noble-updates/main amd64 libcurl3t64-gnutls amd64 8.5.0-2ubuntu10.10 [335 kB]
2026-07-03T19:07:20.3323521Z Get:105 http://azure.archive.ubuntu.com/ubuntu noble/universe amd64 libcfitsio10t64 amd64 4.3.1-1.1build2 [528 kB]
2026-07-03T19:07:20.3684017Z Get:106 http://azure.archive.ubuntu.com/ubuntu noble-updates/universe amd64 libminizip1t64 amd64 1:1.3.dfsg-3.1ubuntu2.1 [22.2 kB]
2026-07-03T19:07:20.4008845Z Get:107 http://azure.archive.ubuntu.com/ubuntu noble/universe amd64 libfreexl1 amd64 2.0.0-1build2 [41.7 kB]
2026-07-03T19:07:20.4349285Z Get:108 http://azure.archive.ubuntu.com/ubuntu noble/universe amd64 libfyba0t64 amd64 4.1.1-11build1 [119 kB]
2026-07-03T19:07:20.4687091Z Get:109 http://azure.archive.ubuntu.com/ubuntu noble/universe amd64 libgeos3.12.1t64 amd64 3.12.1-3build1 [849 kB]
2026-07-03T19:07:20.5085948Z Get:110 http://azure.archive.ubuntu.com/ubuntu noble/universe amd64 libgeos-c1t64 amd64 3.12.1-3build1 [94.5 kB]
2026-07-03T19:07:20.5387263Z Get:111 http://azure.archive.ubuntu.com/ubuntu noble/universe amd64 proj-data all 9.4.0-1build2 [7885 kB]
2026-07-03T19:07:20.6531006Z Get:112 http://azure.archive.ubuntu.com/ubuntu noble/universe amd64 libproj25 amd64 9.4.0-1build2 [1396 kB]
2026-07-03T19:07:20.6947668Z Get:113 http://azure.archive.ubuntu.com/ubuntu noble/universe amd64 libgeotiff5 amd64 1.7.1-5build1 [62.9 kB]
2026-07-03T19:07:20.7245361Z Get:114 http://azure.archive.ubuntu.com/ubuntu noble/main amd64 libgif7 amd64 5.2.2-1ubuntu1 [35.2 kB]
2026-07-03T19:07:20.7542438Z Get:115 http://azure.archive.ubuntu.com/ubuntu noble/universe amd64 libhdf4-0-alt amd64 4.2.16-4build1 [282 kB]
2026-07-03T19:07:20.7857596Z Get:116 http://azure.archive.ubuntu.com/ubuntu noble/universe amd64 libsz2 amd64 1.1.2-1build1 [5476 B]
2026-07-03T19:07:20.8160552Z Get:117 http://azure.archive.ubuntu.com/ubuntu noble/universe amd64 libhdf5-103-1t64 amd64 1.10.10+repack-3.1ubuntu4 [1270 kB]
2026-07-03T19:07:20.8595772Z Get:118 http://azure.archive.ubuntu.com/ubuntu noble/universe amd64 liburiparser1 amd64 0.9.7+dfsg-2build1 [35.8 kB]
2026-07-03T19:07:20.8902381Z Get:119 http://azure.archive.ubuntu.com/ubuntu noble/universe amd64 libkmlbase1t64 amd64 1.3.0-12build1 [49.9 kB]
2026-07-03T19:07:20.9200441Z Get:120 http://azure.archive.ubuntu.com/ubuntu noble/universe amd64 libkmldom1t64 amd64 1.3.0-12build1 [156 kB]
2026-07-03T19:07:20.9942190Z Get:121 http://azure.archive.ubuntu.com/ubuntu noble/universe amd64 libkmlengine1t64 amd64 1.3.0-12build1 [71.4 kB]
2026-07-03T19:07:21.0240510Z Get:122 http://azure.archive.ubuntu.com/ubuntu noble/universe amd64 libhdf5-hl-100t64 amd64 1.10.10+repack-3.1ubuntu4 [56.0 kB]
2026-07-03T19:07:21.1707261Z Get:123 http://azure.archive.ubuntu.com/ubuntu noble/universe amd64 libnetcdf19t64 amd64 1:4.9.2-5ubuntu4 [473 kB]
2026-07-03T19:07:21.2193531Z Get:124 http://azure.archive.ubuntu.com/ubuntu noble-updates/main amd64 unixodbc-common all 2.3.12-1ubuntu0.24.04.1 [8806 B]
2026-07-03T19:07:21.2518686Z Get:125 http://azure.archive.ubuntu.com/ubuntu noble-updates/main amd64 libodbcinst2 amd64 2.3.12-1ubuntu0.24.04.1 [30.7 kB]
2026-07-03T19:07:21.2841140Z Get:126 http://azure.archive.ubuntu.com/ubuntu noble/universe amd64 libogdi4.1 amd64 4.1.1+ds-3build1 [226 kB]
2026-07-03T19:07:21.3169161Z Get:127 http://azure.archive.ubuntu.com/ubuntu noble-updates/main amd64 libpoppler134 amd64 24.02.0-1ubuntu9.9 [1118 kB]
2026-07-03T19:07:21.3566174Z Get:128 http://azure.archive.ubuntu.com/ubuntu noble/universe amd64 libqhull-r8.0 amd64 2020.2-6build1 [193 kB]
2026-07-03T19:07:21.3880267Z Get:129 http://azure.archive.ubuntu.com/ubuntu noble/universe amd64 librttopo1 amd64 1.1.0-3build2 [191 kB]
2026-07-03T19:07:21.4191727Z Get:130 http://azure.archive.ubuntu.com/ubuntu noble/universe amd64 libspatialite8t64 amd64 5.1.0-3build1 [1919 kB]
2026-07-03T19:07:21.4656337Z Get:131 http://azure.archive.ubuntu.com/ubuntu noble/universe amd64 libxerces-c3.2t64 amd64 3.2.4+debian-1.2ubuntu2 [919 kB]
2026-07-03T19:07:21.5021636Z Get:132 http://azure.archive.ubuntu.com/ubuntu noble/universe amd64 libgdal34t64 amd64 3.8.4+dfsg-3ubuntu3 [8346 kB]
2026-07-03T19:07:21.6055399Z Get:133 http://azure.archive.ubuntu.com/ubuntu noble/universe amd64 python3-gdal amd64 3.8.4+dfsg-3ubuntu3 [754 kB]
2026-07-03T19:07:21.6467690Z Get:134 http://azure.archive.ubuntu.com/ubuntu noble/universe amd64 gdal-bin amd64 3.8.4+dfsg-3ubuntu3 [277 kB]
2026-07-03T19:07:21.6806952Z Get:135 http://azure.archive.ubuntu.com/ubuntu noble/main amd64 libharfbuzz-gobject0 amd64 8.3.0-2build2 [34.3 kB]
2026-07-03T19:07:21.7134685Z Get:136 http://azure.archive.ubuntu.com/ubuntu noble/main amd64 gir1.2-harfbuzz-0.0 amd64 8.3.0-2build2 [44.5 kB]
2026-07-03T19:07:21.7460979Z Get:137 http://azure.archive.ubuntu.com/ubuntu noble/universe amd64 gsfonts all 2:20200910-8 [17.1 kB]
2026-07-03T19:07:21.7790945Z Get:138 http://azure.archive.ubuntu.com/ubuntu noble/universe amd64 hdf5-helpers amd64 1.10.10+repack-3.1ubuntu4 [15.8 kB]
2026-07-03T19:07:21.8118287Z Get:139 http://azure.archive.ubuntu.com/ubuntu noble-updates/main amd64 libabsl20220623t64 amd64 20220623.1-3.1ubuntu3.2 [423 kB]
2026-07-03T19:07:21.8932936Z Get:140 http://azure.archive.ubuntu.com/ubuntu noble-updates/main amd64 libabsl-dev amd64 20220623.1-3.1ubuntu3.2 [1020 kB]
2026-07-03T19:07:21.9329322Z Get:141 http://azure.archive.ubuntu.com/ubuntu noble-updates/main amd64 libaom-dev amd64 3.8.2-2ubuntu0.1 [2266 kB]
2026-07-03T19:07:22.0091387Z Get:142 http://azure.archive.ubuntu.com/ubuntu noble/universe amd64 libarpack2-dev amd64 3.9.1-1.1build2 [122 kB]
2026-07-03T19:07:22.0426895Z Get:143 http://azure.archive.ubuntu.com/ubuntu noble/universe amd64 libhdf5-fortran-102t64 amd64 1.10.10+repack-3.1ubuntu4 [85.2 kB]
2026-07-03T19:07:22.0778088Z Get:144 http://azure.archive.ubuntu.com/ubuntu noble/universe amd64 libhdf5-hl-fortran-100t64 amd64 1.10.10+repack-3.1ubuntu4 [31.5 kB]
2026-07-03T19:07:22.1103093Z Get:145 http://azure.archive.ubuntu.com/ubuntu noble/universe amd64 libhdf5-cpp-103-1t64 amd64 1.10.10+repack-3.1ubuntu4 [128 kB]
2026-07-03T19:07:22.1439245Z Get:146 http://azure.archive.ubuntu.com/ubuntu noble/universe amd64 libhdf5-hl-cpp-100t64 amd64 1.10.10+repack-3.1ubuntu4 [11.2 kB]
2026-07-03T19:07:22.1763768Z Get:147 http://azure.archive.ubuntu.com/ubuntu noble/universe amd64 libaec-dev amd64 1.1.2-1build1 [19.8 kB]
2026-07-03T19:07:22.2090127Z Get:148 http://azure.archive.ubuntu.com/ubuntu noble-updates/main amd64 libcurl4-openssl-dev amd64 8.5.0-2ubuntu10.10 [446 kB]
2026-07-03T19:07:22.2513588Z Get:149 http://azure.archive.ubuntu.com/ubuntu noble/universe amd64 libhdf5-dev amd64 1.10.10+repack-3.1ubuntu4 [2777 kB]
2026-07-03T19:07:22.3415516Z Get:150 http://azure.archive.ubuntu.com/ubuntu noble/universe amd64 libsuperlu-dev amd64 6.0.1+dfsg1-1build1 [20.7 kB]
2026-07-03T19:07:22.3715465Z Get:151 http://azure.archive.ubuntu.com/ubuntu noble/universe amd64 libarmadillo-dev amd64 1:12.6.7+dfsg-1build2 [409 kB]
2026-07-03T19:07:22.4080448Z Get:152 http://azure.archive.ubuntu.com/ubuntu noble/universe amd64 libblosc-dev amd64 1.21.5+ds-1build1 [43.7 kB]
2026-07-03T19:07:22.4757350Z Get:153 http://azure.archive.ubuntu.com/ubuntu noble-updates/main amd64 libboost1.83-dev amd64 1.83.0-2.1ubuntu3.2 [10.7 MB]
2026-07-03T19:07:22.7345010Z Get:154 http://azure.archive.ubuntu.com/ubuntu noble/main amd64 libboost-dev amd64 1.83.0.1ubuntu2 [4308 B]
2026-07-03T19:07:22.7641270Z Get:155 http://azure.archive.ubuntu.com/ubuntu noble/universe amd64 libcfitsio-dev amd64 4.3.1-1.1build2 [598 kB]
2026-07-03T19:07:22.7987776Z Get:156 http://azure.archive.ubuntu.com/ubuntu noble/universe amd64 libcfitsio-doc all 4.3.1-1.1build2 [2076 kB]
2026-07-03T19:07:22.8643299Z Get:157 http://azure.archive.ubuntu.com/ubuntu noble/universe amd64 libdav1d7 amd64 1.4.1-1build1 [604 kB]
2026-07-03T19:07:22.9745830Z Get:158 http://azure.archive.ubuntu.com/ubuntu noble/universe amd64 libdav1d-dev amd64 1.4.1-1build1 [25.3 kB]
2026-07-03T19:07:23.0375338Z Get:159 http://azure.archive.ubuntu.com/ubuntu noble/main amd64 libde265-0 amd64 1.0.15-1build3 [166 kB]
2026-07-03T19:07:23.1403070Z Get:160 http://azure.archive.ubuntu.com/ubuntu noble/main amd64 libde265-dev amd64 1.0.15-1build3 [12.6 kB]
2026-07-03T19:07:23.1749773Z Get:161 http://azure.archive.ubuntu.com/ubuntu noble/main amd64 libexif-doc all 0.6.24-1build2 [366 kB]
2026-07-03T19:07:23.2443822Z Get:162 http://azure.archive.ubuntu.com/ubuntu noble/main amd64 libfontconfig1-dev amd64 2.15.0-1.1ubuntu2 [1840 B]
2026-07-03T19:07:23.2755620Z Get:163 http://azure.archive.ubuntu.com/ubuntu noble/main amd64 libfribidi-dev amd64 1.0.13-3build1 [64.8 kB]
2026-07-03T19:07:23.3135436Z Get:164 http://azure.archive.ubuntu.com/ubuntu noble/universe amd64 libfyba-dev amd64 4.1.1-11build1 [178 kB]
2026-07-03T19:07:23.3490288Z Get:165 http://azure.archive.ubuntu.com/ubuntu noble/universe amd64 libgeos-dev amd64 3.12.1-3build1 [54.4 kB]
2026-07-03T19:07:23.3806457Z Get:166 http://azure.archive.ubuntu.com/ubuntu noble/main amd64 libgif-dev amd64 5.2.2-1ubuntu1 [22.7 kB]
2026-07-03T19:07:23.4103763Z Get:167 http://azure.archive.ubuntu.com/ubuntu noble/main amd64 libhttp-parser2.9 amd64 2.9.4-6build1 [22.3 kB]
2026-07-03T19:07:23.4405626Z Get:168 http://azure.archive.ubuntu.com/ubuntu noble-updates/main amd64 libssh2-1t64 amd64 1.11.0-4.1ubuntu0.24.04.2 [120 kB]
2026-07-03T19:07:23.4735034Z Get:169 http://azure.archive.ubuntu.com/ubuntu noble/main amd64 libgit2-1.7 amd64 1.7.2+ds-1ubuntu3 [529 kB]
2026-07-03T19:07:23.5249287Z Get:170 http://azure.archive.ubuntu.com/ubuntu noble-updates/main amd64 libgraphite2-dev amd64 1.3.14-2ubuntu0.24.04.1 [14.7 kB]
2026-07-03T19:07:23.5546806Z Get:171 http://azure.archive.ubuntu.com/ubuntu noble/main amd64 libharfbuzz-cairo0 amd64 8.3.0-2build2 [26.2 kB]
2026-07-03T19:07:23.5839948Z Get:172 http://azure.archive.ubuntu.com/ubuntu noble/main amd64 libharfbuzz-icu0 amd64 8.3.0-2build2 [13.3 kB]
2026-07-03T19:07:23.6175103Z Get:173 http://azure.archive.ubuntu.com/ubuntu noble/main amd64 libharfbuzz-subset0 amd64 8.3.0-2build2 [448 kB]
2026-07-03T19:07:23.6628546Z Get:174 http://azure.archive.ubuntu.com/ubuntu noble/main amd64 libharfbuzz-dev amd64 8.3.0-2build2 [142 kB]
2026-07-03T19:07:23.6977715Z Get:175 http://azure.archive.ubuntu.com/ubuntu noble/universe amd64 libx265-199 amd64 3.5-2build1 [1226 kB]
2026-07-03T19:07:23.7685699Z Get:176 http://azure.archive.ubuntu.com/ubuntu noble/universe amd64 libx265-dev amd64 3.5-2build1 [1351 kB]
2026-07-03T19:07:23.8624843Z Get:177 http://azure.archive.ubuntu.com/ubuntu noble-updates/universe amd64 libheif-dev amd64 1.17.6-1ubuntu4.4 [41.6 kB]
2026-07-03T19:07:23.8927852Z Get:178 http://azure.archive.ubuntu.com/ubuntu noble/universe amd64 libjxr0t64 amd64 1.2~git20170615.f752187-5.1ubuntu2 [181 kB]
2026-07-03T19:07:23.9299194Z Get:179 http://azure.archive.ubuntu.com/ubuntu noble/universe amd64 libjxr-tools amd64 1.2~git20170615.f752187-5.1ubuntu2 [15.8 kB]
2026-07-03T19:07:23.9568894Z Get:180 http://azure.archive.ubuntu.com/ubuntu noble/universe amd64 libkmlconvenience1t64 amd64 1.3.0-12build1 [49.8 kB]
2026-07-03T19:07:23.9865184Z Get:181 http://azure.archive.ubuntu.com/ubuntu noble/universe amd64 libkmlregionator1t64 amd64 1.3.0-12build1 [21.4 kB]
2026-07-03T19:07:24.0164447Z Get:182 http://azure.archive.ubuntu.com/ubuntu noble/universe amd64 libkmlxsd1t64 amd64 1.3.0-12build1 [29.7 kB]
2026-07-03T19:07:24.0459732Z Get:183 http://azure.archive.ubuntu.com/ubuntu noble-updates/universe amd64 libminizip-dev amd64 1:1.3.dfsg-3.1ubuntu2.1 [30.2 kB]
2026-07-03T19:07:24.0754918Z Get:184 http://azure.archive.ubuntu.com/ubuntu noble/universe amd64 libnetcdf-dev amd64 1:4.9.2-5ubuntu4 [58.0 kB]
2026-07-03T19:07:24.1054714Z Get:185 http://azure.archive.ubuntu.com/ubuntu noble/main amd64 libuv1-dev amd64 1.48.0-1.1build1 [136 kB]
2026-07-03T19:07:24.1370288Z Get:186 http://azure.archive.ubuntu.com/ubuntu noble/universe amd64 node-xtend all 4.0.2-3 [3902 B]
2026-07-03T19:07:24.1666285Z Get:187 http://azure.archive.ubuntu.com/ubuntu noble/universe amd64 nodejs amd64 18.19.1+dfsg-6ubuntu5 [306 kB]
2026-07-03T19:07:24.2032691Z Get:188 http://azure.archive.ubuntu.com/ubuntu noble/universe amd64 node-acorn all 8.8.1+ds+~cs25.17.7-2 [115 kB]
2026-07-03T19:07:24.2352726Z Get:189 http://azure.archive.ubuntu.com/ubuntu noble/universe amd64 node-cjs-module-lexer all 1.2.3+dfsg-1 [32.1 kB]
2026-07-03T19:07:24.2659075Z Get:190 http://azure.archive.ubuntu.com/ubuntu noble/universe amd64 node-busboy all 1.6.0+~cs2.6.0-2 [17.3 kB]
2026-07-03T19:07:24.2963992Z Get:191 http://azure.archive.ubuntu.com/ubuntu noble/universe amd64 node-undici all 5.26.3+dfsg1+~cs23.10.12-2 [325 kB]
2026-07-03T19:07:24.3415596Z Get:192 http://azure.archive.ubuntu.com/ubuntu noble/universe amd64 libnode109 amd64 18.19.1+dfsg-6ubuntu5 [11.6 MB]
2026-07-03T19:07:24.5306335Z Get:193 http://azure.archive.ubuntu.com/ubuntu noble/universe amd64 libnode-dev amd64 18.19.1+dfsg-6ubuntu5 [501 kB]
2026-07-03T19:07:24.5651982Z Get:194 http://azure.archive.ubuntu.com/ubuntu noble-updates/main amd64 libodbccr2 amd64 2.3.12-1ubuntu0.24.04.1 [16.1 kB]
2026-07-03T19:07:24.6707960Z Get:195 http://azure.archive.ubuntu.com/ubuntu noble/universe amd64 libogdi-dev amd64 4.1.1+ds-3build1 [22.8 kB]
2026-07-03T19:07:24.7406855Z Get:196 http://azure.archive.ubuntu.com/ubuntu noble-updates/main amd64 libpng-tools amd64 1.6.43-5ubuntu0.6 [28.5 kB]
2026-07-03T19:07:24.7729574Z Get:197 http://azure.archive.ubuntu.com/ubuntu noble-updates/main amd64 libpoppler-dev amd64 24.02.0-1ubuntu9.9 [5204 B]
2026-07-03T19:07:24.8052220Z Get:198 http://azure.archive.ubuntu.com/ubuntu noble-updates/main amd64 libpoppler-private-dev amd64 24.02.0-1ubuntu9.9 [197 kB]
2026-07-03T19:07:24.8448268Z Get:199 http://azure.archive.ubuntu.com/ubuntu noble/universe amd64 libqhull8.0 amd64 2020.2-6build1 [192 kB]
2026-07-03T19:07:24.8814749Z Get:200 http://azure.archive.ubuntu.com/ubuntu noble/universe amd64 libqhullcpp8.0 amd64 2020.2-6build1 [51.7 kB]
2026-07-03T19:07:24.9171662Z Get:201 http://azure.archive.ubuntu.com/ubuntu noble/universe amd64 libqhull-dev amd64 2020.2-6build1 [496 kB]
2026-07-03T19:07:24.9629662Z Get:202 http://azure.archive.ubuntu.com/ubuntu noble/universe amd64 librttopo-dev amd64 1.1.0-3build2 [238 kB]
2026-07-03T19:07:25.0072066Z Get:203 http://azure.archive.ubuntu.com/ubuntu noble-updates/main amd64 libssh2-1-dev amd64 1.11.0-4.1ubuntu0.24.04.2 [260 kB]
2026-07-03T19:07:25.0553084Z Get:204 http://azure.archive.ubuntu.com/ubuntu noble/universe amd64 libudunits2-data all 2.2.28-7build1 [19.4 kB]
2026-07-03T19:07:25.0872987Z Get:205 http://azure.archive.ubuntu.com/ubuntu noble/universe amd64 libudunits2-0 amd64 2.2.28-7build1 [54.1 kB]
2026-07-03T19:07:25.1174641Z Get:206 http://azure.archive.ubuntu.com/ubuntu noble/universe amd64 libudunits2-dev amd64 2.2.28-7build1 [359 kB]
2026-07-03T19:07:25.1514270Z Get:207 http://azure.archive.ubuntu.com/ubuntu noble/universe amd64 liburiparser-dev amd64 0.9.7+dfsg-2build1 [15.0 kB]
2026-07-03T19:07:25.1810827Z Get:208 http://azure.archive.ubuntu.com/ubuntu noble/universe amd64 libxerces-c-dev amd64 3.2.4+debian-1.2ubuntu2 [1815 kB]
2026-07-03T19:07:25.2254682Z Get:209 http://azure.archive.ubuntu.com/ubuntu noble/universe amd64 nodejs-doc all 18.19.1+dfsg-6ubuntu5 [3552 kB]
2026-07-03T19:07:25.2862263Z Get:210 http://azure.archive.ubuntu.com/ubuntu noble/universe amd64 pandoc-data all 3.1.3-1 [92.4 kB]
2026-07-03T19:07:25.3160434Z Get:211 http://azure.archive.ubuntu.com/ubuntu noble/universe amd64 pandoc amd64 3.1.3+ds-2 [26.9 MB]
2026-07-03T19:07:25.8647564Z Get:212 http://azure.archive.ubuntu.com/ubuntu noble/universe amd64 libfreexl-dev amd64 2.0.0-1build2 [43.8 kB]
2026-07-03T19:07:25.8950306Z Get:213 http://azure.archive.ubuntu.com/ubuntu noble/universe amd64 libproj-dev amd64 9.4.0-1build2 [75.9 kB]
2026-07-03T19:07:25.9275279Z Get:214 http://azure.archive.ubuntu.com/ubuntu noble/universe amd64 libgeotiff-dev amd64 1.7.1-5build1 [88.7 kB]
2026-07-03T19:07:25.9597845Z Get:215 http://azure.archive.ubuntu.com/ubuntu noble/universe amd64 libhdf4-alt-dev amd64 4.2.16-4build1 [387 kB]
2026-07-03T19:07:26.0018462Z Get:216 http://azure.archive.ubuntu.com/ubuntu noble/main amd64 libjson-c-dev amd64 0.17-1build1 [63.6 kB]
2026-07-03T19:07:26.0328581Z Get:217 http://azure.archive.ubuntu.com/ubuntu noble/universe amd64 libkml-dev amd64 1.3.0-12build1 [659 kB]
2026-07-03T19:07:26.0832214Z Get:218 http://azure.archive.ubuntu.com/ubuntu noble/universe amd64 libspatialite-dev amd64 5.1.0-3build1 [2331 kB]
2026-07-03T19:07:26.1645955Z Get:219 http://azure.archive.ubuntu.com/ubuntu noble-updates/main amd64 unixodbc-dev amd64 2.3.12-1ubuntu0.24.04.1 [250 kB]
2026-07-03T19:07:26.2003667Z Get:220 http://azure.archive.ubuntu.com/ubuntu noble/universe amd64 libgdal-dev amd64 3.8.4+dfsg-3ubuntu3 [211 kB]
2026-07-03T19:07:26.2412525Z Get:221 http://azure.archive.ubuntu.com/ubuntu noble/main amd64 libhttp-parser-dev amd64 2.9.4-6build1 [21.5 kB]
2026-07-03T19:07:26.3208257Z Get:222 http://azure.archive.ubuntu.com/ubuntu noble/main amd64 libgit2-dev amd64 1.7.2+ds-1ubuntu3 [814 kB]
2026-07-03T19:07:26.3968607Z Get:223 http://azure.archive.ubuntu.com/ubuntu noble/universe amd64 proj-bin amd64 9.4.0-1build2 [164 kB]
2026-07-03T19:07:26.7533089Z Fetched 150 MB in 11s (14.2 MB/s)
2026-07-03T19:07:26.7707564Z Selecting previously unselected package libmagickcore-6-headers.
2026-07-03T19:07:26.7708151Z (Reading database ...
2026-07-03T19:07:26.7745018Z (Reading database ... 5%
2026-07-03T19:07:26.7745500Z (Reading database ... 10%
2026-07-03T19:07:26.7746102Z (Reading database ... 15%
2026-07-03T19:07:26.7746574Z (Reading database ... 20%
2026-07-03T19:07:26.7746909Z (Reading database ... 25%
2026-07-03T19:07:26.7747248Z (Reading database ... 30%
2026-07-03T19:07:26.7747481Z (Reading database ... 35%
2026-07-03T19:07:26.7747712Z (Reading database ... 40%
2026-07-03T19:07:26.7747944Z (Reading database ... 45%
2026-07-03T19:07:26.7751296Z (Reading database ... 50%
2026-07-03T19:07:26.7751875Z (Reading database ... 55%
2026-07-03T19:07:26.7783574Z (Reading database ... 60%
2026-07-03T19:07:26.7876201Z (Reading database ... 65%
2026-07-03T19:07:26.7896707Z (Reading database ... 70%
2026-07-03T19:07:26.7913288Z (Reading database ... 75%
2026-07-03T19:07:26.7947599Z (Reading database ... 80%
2026-07-03T19:07:26.7989670Z (Reading database ... 85%
2026-07-03T19:07:26.8116487Z (Reading database ... 90%
2026-07-03T19:07:26.8325703Z (Reading database ... 95%
2026-07-03T19:07:26.8363067Z (Reading database ... 100%
2026-07-03T19:07:26.8363671Z (Reading database ... 212488 files and directories currently installed.)
2026-07-03T19:07:26.8396438Z Preparing to unpack .../000-libmagickcore-6-headers_8%3a6.9.12.98+dfsg1-5.2build2_all.deb ...
2026-07-03T19:07:26.8413870Z Unpacking libmagickcore-6-headers (8:6.9.12.98+dfsg1-5.2build2) ...
2026-07-03T19:07:26.8670424Z Selecting previously unselected package libmagickwand-6-headers.
2026-07-03T19:07:26.8764211Z Preparing to unpack .../001-libmagickwand-6-headers_8%3a6.9.12.98+dfsg1-5.2build2_all.deb ...
2026-07-03T19:07:26.8777121Z Unpacking libmagickwand-6-headers (8:6.9.12.98+dfsg1-5.2build2) ...
2026-07-03T19:07:26.8933453Z Selecting previously unselected package libmagick++-6-headers.
2026-07-03T19:07:26.9026531Z Preparing to unpack .../002-libmagick++-6-headers_8%3a6.9.12.98+dfsg1-5.2build2_all.deb ...
2026-07-03T19:07:26.9039662Z Unpacking libmagick++-6-headers (8:6.9.12.98+dfsg1-5.2build2) ...
2026-07-03T19:07:26.9199470Z Selecting previously unselected package libmagick++-6.q16-9t64:amd64.
2026-07-03T19:07:26.9295647Z Preparing to unpack .../003-libmagick++-6.q16-9t64_8%3a6.9.12.98+dfsg1-5.2build2_amd64.deb ...
2026-07-03T19:07:26.9313744Z Unpacking libmagick++-6.q16-9t64:amd64 (8:6.9.12.98+dfsg1-5.2build2) ...
2026-07-03T19:07:26.9468910Z Selecting previously unselected package libmagickcore-6-arch-config:amd64.
2026-07-03T19:07:26.9563860Z Preparing to unpack .../004-libmagickcore-6-arch-config_8%3a6.9.12.98+dfsg1-5.2build2_amd64.deb ...
2026-07-03T19:07:26.9576671Z Unpacking libmagickcore-6-arch-config:amd64 (8:6.9.12.98+dfsg1-5.2build2) ...
2026-07-03T19:07:26.9718657Z Selecting previously unselected package libdjvulibre-text.
2026-07-03T19:07:26.9812021Z Preparing to unpack .../005-libdjvulibre-text_3.5.28-2ubuntu0.24.04.2_all.deb ...
2026-07-03T19:07:26.9824918Z Unpacking libdjvulibre-text (3.5.28-2ubuntu0.24.04.2) ...
2026-07-03T19:07:27.0002586Z Selecting previously unselected package libdjvulibre21:amd64.
2026-07-03T19:07:27.0094757Z Preparing to unpack .../006-libdjvulibre21_3.5.28-2ubuntu0.24.04.2_amd64.deb ...
2026-07-03T19:07:27.0108928Z Unpacking libdjvulibre21:amd64 (3.5.28-2ubuntu0.24.04.2) ...
2026-07-03T19:07:27.0319047Z Selecting previously unselected package libimath-3-1-29t64:amd64.
2026-07-03T19:07:27.0412085Z Preparing to unpack .../007-libimath-3-1-29t64_3.1.9-3.1ubuntu2_amd64.deb ...
2026-07-03T19:07:27.0426097Z Unpacking libimath-3-1-29t64:amd64 (3.1.9-3.1ubuntu2) ...
2026-07-03T19:07:27.0587264Z Selecting previously unselected package libopenexr-3-1-30:amd64.
2026-07-03T19:07:27.0678044Z Preparing to unpack .../008-libopenexr-3-1-30_3.1.5-5.1build3_amd64.deb ...
2026-07-03T19:07:27.0690889Z Unpacking libopenexr-3-1-30:amd64 (3.1.5-5.1build3) ...
2026-07-03T19:07:27.1061585Z Selecting previously unselected package libwmflite-0.2-7:amd64.
2026-07-03T19:07:27.1153414Z Preparing to unpack .../009-libwmflite-0.2-7_0.2.13-1.1build3_amd64.deb ...
2026-07-03T19:07:27.1170039Z Unpacking libwmflite-0.2-7:amd64 (0.2.13-1.1build3) ...
2026-07-03T19:07:27.1316183Z Selecting previously unselected package libmagickcore-6.q16-7-extra:amd64.
2026-07-03T19:07:27.1406452Z Preparing to unpack .../010-libmagickcore-6.q16-7-extra_8%3a6.9.12.98+dfsg1-5.2build2_amd64.deb ...
2026-07-03T19:07:27.1420271Z Unpacking libmagickcore-6.q16-7-extra:amd64 (8:6.9.12.98+dfsg1-5.2build2) ...
2026-07-03T19:07:27.1642125Z Selecting previously unselected package libjpeg-turbo8-dev:amd64.
2026-07-03T19:07:27.1735139Z Preparing to unpack .../011-libjpeg-turbo8-dev_2.1.5-2ubuntu2_amd64.deb ...
2026-07-03T19:07:27.1752716Z Unpacking libjpeg-turbo8-dev:amd64 (2.1.5-2ubuntu2) ...
2026-07-03T19:07:27.1936647Z Selecting previously unselected package libjpeg8-dev:amd64.
2026-07-03T19:07:27.2039354Z Preparing to unpack .../012-libjpeg8-dev_8c-2ubuntu11_amd64.deb ...
2026-07-03T19:07:27.2054001Z Unpacking libjpeg8-dev:amd64 (8c-2ubuntu11) ...
2026-07-03T19:07:27.2196551Z Selecting previously unselected package libjpeg-dev:amd64.
2026-07-03T19:07:27.2296950Z Preparing to unpack .../013-libjpeg-dev_8c-2ubuntu11_amd64.deb ...
2026-07-03T19:07:27.2307075Z Unpacking libjpeg-dev:amd64 (8c-2ubuntu11) ...
2026-07-03T19:07:27.2450480Z Selecting previously unselected package libdjvulibre-dev:amd64.
2026-07-03T19:07:27.2551647Z Preparing to unpack .../014-libdjvulibre-dev_3.5.28-2ubuntu0.24.04.2_amd64.deb ...
2026-07-03T19:07:27.2566012Z Unpacking libdjvulibre-dev:amd64 (3.5.28-2ubuntu0.24.04.2) ...
2026-07-03T19:07:27.3124164Z Selecting previously unselected package libexif12:amd64.
2026-07-03T19:07:27.3217054Z Preparing to unpack .../015-libexif12_0.6.24-1build2_amd64.deb ...
2026-07-03T19:07:27.3234749Z Unpacking libexif12:amd64 (0.6.24-1build2) ...
2026-07-03T19:07:27.3377890Z Selecting previously unselected package libexif-dev:amd64.
2026-07-03T19:07:27.3471841Z Preparing to unpack .../016-libexif-dev_0.6.24-1build2_amd64.deb ...
2026-07-03T19:07:27.3490469Z Unpacking libexif-dev:amd64 (0.6.24-1build2) ...
2026-07-03T19:07:27.3658045Z Selecting previously unselected package libbrotli-dev:amd64.
2026-07-03T19:07:27.3750709Z Preparing to unpack .../017-libbrotli-dev_1.1.0-2build2_amd64.deb ...
2026-07-03T19:07:27.3769336Z Unpacking libbrotli-dev:amd64 (1.1.0-2build2) ...
2026-07-03T19:07:27.3945677Z Selecting previously unselected package libpng-dev:amd64.
2026-07-03T19:07:27.4076821Z Preparing to unpack .../018-libpng-dev_1.6.43-5ubuntu0.6_amd64.deb ...
2026-07-03T19:07:27.4077505Z Unpacking libpng-dev:amd64 (1.6.43-5ubuntu0.6) ...
2026-07-03T19:07:27.4346674Z Selecting previously unselected package libfreetype-dev:amd64.
2026-07-03T19:07:27.4452274Z Preparing to unpack .../019-libfreetype-dev_2.13.2+dfsg-1ubuntu0.1_amd64.deb ...
2026-07-03T19:07:27.4493709Z Unpacking libfreetype-dev:amd64 (2.13.2+dfsg-1ubuntu0.1) ...
2026-07-03T19:07:27.4794614Z Selecting previously unselected package libopenjp2-7-dev:amd64.
2026-07-03T19:07:27.4906218Z Preparing to unpack .../020-libopenjp2-7-dev_2.5.0-2ubuntu0.5_amd64.deb ...
2026-07-03T19:07:27.4919490Z Unpacking libopenjp2-7-dev:amd64 (2.5.0-2ubuntu0.5) ...
2026-07-03T19:07:27.5111569Z Selecting previously unselected package liblcms2-dev:amd64.
2026-07-03T19:07:27.5210701Z Preparing to unpack .../021-liblcms2-dev_2.14-2ubuntu0.1_amd64.deb ...
2026-07-03T19:07:27.5228916Z Unpacking liblcms2-dev:amd64 (2.14-2ubuntu0.1) ...
2026-07-03T19:07:27.5485287Z Selecting previously unselected package liblqr-1-0-dev:amd64.
2026-07-03T19:07:27.5578556Z Preparing to unpack .../022-liblqr-1-0-dev_0.4.2-2.1build2_amd64.deb ...
2026-07-03T19:07:27.5597190Z Unpacking liblqr-1-0-dev:amd64 (0.4.2-2.1build2) ...
2026-07-03T19:07:27.5882083Z Selecting previously unselected package libltdl-dev:amd64.
2026-07-03T19:07:27.5974148Z Preparing to unpack .../023-libltdl-dev_2.4.7-7build1_amd64.deb ...
2026-07-03T19:07:27.5994158Z Unpacking libltdl-dev:amd64 (2.4.7-7build1) ...
2026-07-03T19:07:27.6240305Z Selecting previously unselected package libimath-dev:amd64.
2026-07-03T19:07:27.6332889Z Preparing to unpack .../024-libimath-dev_3.1.9-3.1ubuntu2_amd64.deb ...
2026-07-03T19:07:27.6350759Z Unpacking libimath-dev:amd64 (3.1.9-3.1ubuntu2) ...
2026-07-03T19:07:27.6640690Z Selecting previously unselected package libopenexr-dev.
2026-07-03T19:07:27.6733090Z Preparing to unpack .../025-libopenexr-dev_3.1.5-5.1build3_amd64.deb ...
2026-07-03T19:07:27.6749909Z Unpacking libopenexr-dev (3.1.5-5.1build3) ...
2026-07-03T19:07:27.7078249Z Selecting previously unselected package gir1.2-freedesktop:amd64.
2026-07-03T19:07:27.7175558Z Preparing to unpack .../026-gir1.2-freedesktop_1.80.1-1_amd64.deb ...
2026-07-03T19:07:27.7188440Z Unpacking gir1.2-freedesktop:amd64 (1.80.1-1) ...
2026-07-03T19:07:27.7345474Z Selecting previously unselected package gir1.2-gdkpixbuf-2.0:amd64.
2026-07-03T19:07:27.7443374Z Preparing to unpack .../027-gir1.2-gdkpixbuf-2.0_2.42.10+dfsg-3ubuntu3.3_amd64.deb ...
2026-07-03T19:07:27.7456860Z Unpacking gir1.2-gdkpixbuf-2.0:amd64 (2.42.10+dfsg-3ubuntu3.3) ...
2026-07-03T19:07:27.7612974Z Selecting previously unselected package librsvg2-2:amd64.
2026-07-03T19:07:27.7711083Z Preparing to unpack .../028-librsvg2-2_2.58.0+dfsg-1build1_amd64.deb ...
2026-07-03T19:07:27.7730781Z Unpacking librsvg2-2:amd64 (2.58.0+dfsg-1build1) ...
2026-07-03T19:07:27.8336642Z Selecting previously unselected package gir1.2-rsvg-2.0:amd64.
2026-07-03T19:07:27.8434155Z Preparing to unpack .../029-gir1.2-rsvg-2.0_2.58.0+dfsg-1build1_amd64.deb ...
2026-07-03T19:07:27.8443694Z Unpacking gir1.2-rsvg-2.0:amd64 (2.58.0+dfsg-1build1) ...
2026-07-03T19:07:27.8594146Z Selecting previously unselected package libcairo-script-interpreter2:amd64.
2026-07-03T19:07:27.8687266Z Preparing to unpack .../030-libcairo-script-interpreter2_1.18.0-3build1_amd64.deb ...
2026-07-03T19:07:27.8701961Z Unpacking libcairo-script-interpreter2:amd64 (1.18.0-3build1) ...
2026-07-03T19:07:27.8855803Z Selecting previously unselected package uuid-dev:amd64.
2026-07-03T19:07:27.8950498Z Preparing to unpack .../031-uuid-dev_2.39.3-9ubuntu6.5_amd64.deb ...
2026-07-03T19:07:27.8970125Z Unpacking uuid-dev:amd64 (2.39.3-9ubuntu6.5) ...
2026-07-03T19:07:27.9132185Z Selecting previously unselected package libfontconfig-dev:amd64.
2026-07-03T19:07:27.9228311Z Preparing to unpack .../032-libfontconfig-dev_2.15.0-1.1ubuntu2_amd64.deb ...
2026-07-03T19:07:27.9241655Z Unpacking libfontconfig-dev:amd64 (2.15.0-1.1ubuntu2) ...
2026-07-03T19:07:27.9428015Z Selecting previously unselected package libglib2.0-dev-bin.
2026-07-03T19:07:27.9523576Z Preparing to unpack .../033-libglib2.0-dev-bin_2.80.0-6ubuntu3.8_amd64.deb ...
2026-07-03T19:07:27.9548290Z Unpacking libglib2.0-dev-bin (2.80.0-6ubuntu3.8) ...
2026-07-03T19:07:27.9762991Z Selecting previously unselected package libblkid-dev:amd64.
2026-07-03T19:07:27.9855987Z Preparing to unpack .../034-libblkid-dev_2.39.3-9ubuntu6.5_amd64.deb ...
2026-07-03T19:07:27.9868199Z Unpacking libblkid-dev:amd64 (2.39.3-9ubuntu6.5) ...
2026-07-03T19:07:28.0060503Z Selecting previously unselected package libsepol-dev:amd64.
2026-07-03T19:07:28.0152243Z Preparing to unpack .../035-libsepol-dev_3.5-2build1_amd64.deb ...
2026-07-03T19:07:28.0192865Z Unpacking libsepol-dev:amd64 (3.5-2build1) ...
2026-07-03T19:07:28.0417281Z Selecting previously unselected package libselinux1-dev:amd64.
2026-07-03T19:07:28.0508806Z Preparing to unpack .../036-libselinux1-dev_3.5-2ubuntu2.1_amd64.deb ...
2026-07-03T19:07:28.0520738Z Unpacking libselinux1-dev:amd64 (3.5-2ubuntu2.1) ...
2026-07-03T19:07:28.0931674Z Selecting previously unselected package libmount-dev:amd64.
2026-07-03T19:07:28.1037831Z Preparing to unpack .../037-libmount-dev_2.39.3-9ubuntu6.5_amd64.deb ...
2026-07-03T19:07:28.1054938Z Unpacking libmount-dev:amd64 (2.39.3-9ubuntu6.5) ...
2026-07-03T19:07:28.1222813Z Selecting previously unselected package libgirepository-2.0-0:amd64.
2026-07-03T19:07:28.1329016Z Preparing to unpack .../038-libgirepository-2.0-0_2.80.0-6ubuntu3.8_amd64.deb ...
2026-07-03T19:07:28.1343539Z Unpacking libgirepository-2.0-0:amd64 (2.80.0-6ubuntu3.8) ...
2026-07-03T19:07:28.1501444Z Selecting previously unselected package libglib2.0-dev:amd64.
2026-07-03T19:07:28.1600614Z Preparing to unpack .../039-libglib2.0-dev_2.80.0-6ubuntu3.8_amd64.deb ...
2026-07-03T19:07:28.1615257Z Unpacking libglib2.0-dev:amd64 (2.80.0-6ubuntu3.8) ...
2026-07-03T19:07:28.3109490Z Selecting previously unselected package libpixman-1-dev:amd64.
2026-07-03T19:07:28.3207408Z Preparing to unpack .../040-libpixman-1-dev_0.42.2-1build1_amd64.deb ...
2026-07-03T19:07:28.3220897Z Unpacking libpixman-1-dev:amd64 (0.42.2-1build1) ...
2026-07-03T19:07:28.3739975Z Selecting previously unselected package xorg-sgml-doctools.
2026-07-03T19:07:28.3835404Z Preparing to unpack .../041-xorg-sgml-doctools_1%3a1.11-1.1_all.deb ...
2026-07-03T19:07:28.3847043Z Unpacking xorg-sgml-doctools (1:1.11-1.1) ...
2026-07-03T19:07:28.4028347Z Selecting previously unselected package x11proto-dev.
2026-07-03T19:07:28.4123550Z Preparing to unpack .../042-x11proto-dev_2023.2-1_all.deb ...
2026-07-03T19:07:28.4138573Z Unpacking x11proto-dev (2023.2-1) ...
2026-07-03T19:07:28.4560958Z Selecting previously unselected package libice-dev:amd64.
2026-07-03T19:07:28.4656668Z Preparing to unpack .../043-libice-dev_2%3a1.0.10-1build3_amd64.deb ...
2026-07-03T19:07:28.4668691Z Unpacking libice-dev:amd64 (2:1.0.10-1build3) ...
2026-07-03T19:07:28.4836530Z Selecting previously unselected package libsm-dev:amd64.
2026-07-03T19:07:28.4931104Z Preparing to unpack .../044-libsm-dev_2%3a1.2.3-1build3_amd64.deb ...
2026-07-03T19:07:28.4970856Z Unpacking libsm-dev:amd64 (2:1.2.3-1build3) ...
2026-07-03T19:07:28.5092631Z Selecting previously unselected package libxau-dev:amd64.
2026-07-03T19:07:28.5192550Z Preparing to unpack .../045-libxau-dev_1%3a1.0.9-1build6_amd64.deb ...
2026-07-03T19:07:28.5207850Z Unpacking libxau-dev:amd64 (1:1.0.9-1build6) ...
2026-07-03T19:07:28.5360220Z Selecting previously unselected package libxdmcp-dev:amd64.
2026-07-03T19:07:28.5451747Z Preparing to unpack .../046-libxdmcp-dev_1%3a1.1.3-0ubuntu6_amd64.deb ...
2026-07-03T19:07:28.5473208Z Unpacking libxdmcp-dev:amd64 (1:1.1.3-0ubuntu6) ...
2026-07-03T19:07:28.5616359Z Selecting previously unselected package xtrans-dev.
2026-07-03T19:07:28.5709154Z Preparing to unpack .../047-xtrans-dev_1.4.0-1_all.deb ...
2026-07-03T19:07:28.5719074Z Unpacking xtrans-dev (1.4.0-1) ...
2026-07-03T19:07:28.5904117Z Selecting previously unselected package libpthread-stubs0-dev:amd64.
2026-07-03T19:07:28.5998963Z Preparing to unpack .../048-libpthread-stubs0-dev_0.4-1build3_amd64.deb ...
2026-07-03T19:07:28.6012447Z Unpacking libpthread-stubs0-dev:amd64 (0.4-1build3) ...
2026-07-03T19:07:28.6148651Z Selecting previously unselected package libxcb1-dev:amd64.
2026-07-03T19:07:28.6241410Z Preparing to unpack .../049-libxcb1-dev_1.15-1ubuntu2_amd64.deb ...
2026-07-03T19:07:28.6252994Z Unpacking libxcb1-dev:amd64 (1.15-1ubuntu2) ...
2026-07-03T19:07:28.6420665Z Selecting previously unselected package libx11-dev:amd64.
2026-07-03T19:07:28.6516105Z Preparing to unpack .../050-libx11-dev_2%3a1.8.7-1build1_amd64.deb ...
2026-07-03T19:07:28.6528046Z Unpacking libx11-dev:amd64 (2:1.8.7-1build1) ...
2026-07-03T19:07:28.6836368Z Selecting previously unselected package libxcb-render0-dev:amd64.
2026-07-03T19:07:28.6935301Z Preparing to unpack .../051-libxcb-render0-dev_1.15-1ubuntu2_amd64.deb ...
2026-07-03T19:07:28.6948416Z Unpacking libxcb-render0-dev:amd64 (1.15-1ubuntu2) ...
2026-07-03T19:07:28.7092929Z Selecting previously unselected package libxcb-shm0-dev:amd64.
2026-07-03T19:07:28.7186402Z Preparing to unpack .../052-libxcb-shm0-dev_1.15-1ubuntu2_amd64.deb ...
2026-07-03T19:07:28.7196833Z Unpacking libxcb-shm0-dev:amd64 (1.15-1ubuntu2) ...
2026-07-03T19:07:28.7332341Z Selecting previously unselected package libxext-dev:amd64.
2026-07-03T19:07:28.7425606Z Preparing to unpack .../053-libxext-dev_2%3a1.3.4-1build2_amd64.deb ...
2026-07-03T19:07:28.7439874Z Unpacking libxext-dev:amd64 (2:1.3.4-1build2) ...
2026-07-03T19:07:28.7645421Z Selecting previously unselected package libxrender-dev:amd64.
2026-07-03T19:07:28.7736703Z Preparing to unpack .../054-libxrender-dev_1%3a0.9.10-1.1build1_amd64.deb ...
2026-07-03T19:07:28.7748592Z Unpacking libxrender-dev:amd64 (1:0.9.10-1.1build1) ...
2026-07-03T19:07:28.7890470Z Selecting previously unselected package libcairo2-dev:amd64.
2026-07-03T19:07:28.7982965Z Preparing to unpack .../055-libcairo2-dev_1.18.0-3build1_amd64.deb ...
2026-07-03T19:07:28.7996710Z Unpacking libcairo2-dev:amd64 (1.18.0-3build1) ...
2026-07-03T19:07:28.8195451Z Selecting previously unselected package libgdk-pixbuf2.0-bin.
2026-07-03T19:07:28.8287801Z Preparing to unpack .../056-libgdk-pixbuf2.0-bin_2.42.10+dfsg-3ubuntu3.3_amd64.deb ...
2026-07-03T19:07:28.8300758Z Unpacking libgdk-pixbuf2.0-bin (2.42.10+dfsg-3ubuntu3.3) ...
2026-07-03T19:07:28.8449863Z Selecting previously unselected package libjbig-dev:amd64.
2026-07-03T19:07:28.8543537Z Preparing to unpack .../057-libjbig-dev_2.1-6.1ubuntu2_amd64.deb ...
2026-07-03T19:07:28.8559883Z Unpacking libjbig-dev:amd64 (2.1-6.1ubuntu2) ...
2026-07-03T19:07:28.8718423Z Selecting previously unselected package libwebpdecoder3:amd64.
2026-07-03T19:07:28.8812126Z Preparing to unpack .../058-libwebpdecoder3_1.3.2-0.4build3_amd64.deb ...
2026-07-03T19:07:28.8824725Z Unpacking libwebpdecoder3:amd64 (1.3.2-0.4build3) ...
2026-07-03T19:07:28.8980753Z Selecting previously unselected package libsharpyuv-dev:amd64.
2026-07-03T19:07:28.9080832Z Preparing to unpack .../059-libsharpyuv-dev_1.3.2-0.4build3_amd64.deb ...
2026-07-03T19:07:28.9093521Z Unpacking libsharpyuv-dev:amd64 (1.3.2-0.4build3) ...
2026-07-03T19:07:28.9246555Z Selecting previously unselected package libwebp-dev:amd64.
2026-07-03T19:07:28.9337610Z Preparing to unpack .../060-libwebp-dev_1.3.2-0.4build3_amd64.deb ...
2026-07-03T19:07:28.9350147Z Unpacking libwebp-dev:amd64 (1.3.2-0.4build3) ...
2026-07-03T19:07:28.9572519Z Selecting previously unselected package libtiffxx6:amd64.
2026-07-03T19:07:28.9665075Z Preparing to unpack .../061-libtiffxx6_4.5.1+git230720-4ubuntu2.5_amd64.deb ...
2026-07-03T19:07:28.9677642Z Unpacking libtiffxx6:amd64 (4.5.1+git230720-4ubuntu2.5) ...
2026-07-03T19:07:28.9832277Z Selecting previously unselected package liblerc-dev:amd64.
2026-07-03T19:07:28.9927668Z Preparing to unpack .../062-liblerc-dev_4.0.0+ds-4ubuntu2_amd64.deb ...
2026-07-03T19:07:28.9939646Z Unpacking liblerc-dev:amd64 (4.0.0+ds-4ubuntu2) ...
2026-07-03T19:07:29.0116901Z Selecting previously unselected package libtiff-dev:amd64.
2026-07-03T19:07:29.0207818Z Preparing to unpack .../063-libtiff-dev_4.5.1+git230720-4ubuntu2.5_amd64.deb ...
2026-07-03T19:07:29.0226233Z Unpacking libtiff-dev:amd64 (4.5.1+git230720-4ubuntu2.5) ...
2026-07-03T19:07:29.0466233Z Selecting previously unselected package gir1.2-glib-2.0-dev:amd64.
2026-07-03T19:07:29.0563657Z Preparing to unpack .../064-gir1.2-glib-2.0-dev_2.80.0-6ubuntu3.8_amd64.deb ...
2026-07-03T19:07:29.0576499Z Unpacking gir1.2-glib-2.0-dev:amd64 (2.80.0-6ubuntu3.8) ...
2026-07-03T19:07:29.1379487Z Selecting previously unselected package libgdk-pixbuf-2.0-dev:amd64.
2026-07-03T19:07:29.1485425Z Preparing to unpack .../065-libgdk-pixbuf-2.0-dev_2.42.10+dfsg-3ubuntu3.3_amd64.deb ...
2026-07-03T19:07:29.1499131Z Unpacking libgdk-pixbuf-2.0-dev:amd64 (2.42.10+dfsg-3ubuntu3.3) ...
2026-07-03T19:07:29.1679111Z Selecting previously unselected package librsvg2-common:amd64.
2026-07-03T19:07:29.1772900Z Preparing to unpack .../066-librsvg2-common_2.58.0+dfsg-1build1_amd64.deb ...
2026-07-03T19:07:29.1789222Z Unpacking librsvg2-common:amd64 (2.58.0+dfsg-1build1) ...
2026-07-03T19:07:29.2036061Z Selecting previously unselected package gir1.2-freedesktop-dev:amd64.
2026-07-03T19:07:29.2127937Z Preparing to unpack .../067-gir1.2-freedesktop-dev_1.80.1-1_amd64.deb ...
2026-07-03T19:07:29.2140104Z Unpacking gir1.2-freedesktop-dev:amd64 (1.80.1-1) ...
2026-07-03T19:07:29.2294224Z Selecting previously unselected package gir1.2-girepository-2.0-dev:amd64.
2026-07-03T19:07:29.2386876Z Preparing to unpack .../068-gir1.2-girepository-2.0-dev_1.80.1-1_amd64.deb ...
2026-07-03T19:07:29.2403244Z Unpacking gir1.2-girepository-2.0-dev:amd64 (1.80.1-1) ...
2026-07-03T19:07:29.2586604Z Selecting previously unselected package build-essential.
2026-07-03T19:07:29.2681191Z Preparing to unpack .../069-build-essential_12.10ubuntu1_amd64.deb ...
2026-07-03T19:07:29.2699380Z Unpacking build-essential (12.10ubuntu1) ...
2026-07-03T19:07:29.2858404Z Selecting previously unselected package python3-mako.
2026-07-03T19:07:29.2954641Z Preparing to unpack .../070-python3-mako_1.3.2-1ubuntu0.1_all.deb ...
2026-07-03T19:07:29.3018996Z Unpacking python3-mako (1.3.2-1ubuntu0.1) ...
2026-07-03T19:07:29.3242570Z Selecting previously unselected package python3-markdown.
2026-07-03T19:07:29.3335935Z Preparing to unpack .../071-python3-markdown_3.5.2-1_all.deb ...
2026-07-03T19:07:29.3351917Z Unpacking python3-markdown (3.5.2-1) ...
2026-07-03T19:07:29.3561391Z Selecting previously unselected package gobject-introspection-bin.
2026-07-03T19:07:29.3654986Z Preparing to unpack .../072-gobject-introspection-bin_1.80.1-1_amd64.deb ...
2026-07-03T19:07:29.3670897Z Unpacking gobject-introspection-bin (1.80.1-1) ...
2026-07-03T19:07:29.4024005Z Selecting previously unselected package gobject-introspection:amd64.
2026-07-03T19:07:29.4121042Z Preparing to unpack .../073-gobject-introspection_1.80.1-1_amd64.deb ...
2026-07-03T19:07:29.4134298Z Unpacking gobject-introspection:amd64 (1.80.1-1) ...
2026-07-03T19:07:29.4382546Z Selecting previously unselected package libgirepository-1.0-dev:amd64.
2026-07-03T19:07:29.4490812Z Preparing to unpack .../074-libgirepository-1.0-dev_1.80.1-1_amd64.deb ...
2026-07-03T19:07:29.4505704Z Unpacking libgirepository-1.0-dev:amd64 (1.80.1-1) ...
2026-07-03T19:07:29.4694749Z Selecting previously unselected package libgirepository1.0-dev.
2026-07-03T19:07:29.4799490Z Preparing to unpack .../075-libgirepository1.0-dev_1.80.1-1_amd64.deb ...
2026-07-03T19:07:29.4813234Z Unpacking libgirepository1.0-dev (1.80.1-1) ...
2026-07-03T19:07:29.5033562Z Selecting previously unselected package librsvg2-dev:amd64.
2026-07-03T19:07:29.5135574Z Preparing to unpack .../076-librsvg2-dev_2.58.0+dfsg-1build1_amd64.deb ...
2026-07-03T19:07:29.5149855Z Unpacking librsvg2-dev:amd64 (2.58.0+dfsg-1build1) ...
2026-07-03T19:07:29.5371049Z Selecting previously unselected package libwmf-0.2-7:amd64.
2026-07-03T19:07:29.5469993Z Preparing to unpack .../077-libwmf-0.2-7_0.2.13-1.1build3_amd64.deb ...
2026-07-03T19:07:29.5482224Z Unpacking libwmf-0.2-7:amd64 (0.2.13-1.1build3) ...
2026-07-03T19:07:29.5649692Z Selecting previously unselected package libwmf-dev.
2026-07-03T19:07:29.5747124Z Preparing to unpack .../078-libwmf-dev_0.2.13-1.1build3_amd64.deb ...
2026-07-03T19:07:29.5774386Z Unpacking libwmf-dev (0.2.13-1.1build3) ...
2026-07-03T19:07:29.5981413Z Selecting previously unselected package libxt-dev:amd64.
2026-07-03T19:07:29.6079444Z Preparing to unpack .../079-libxt-dev_1%3a1.2.1-1.2build1_amd64.deb ...
2026-07-03T19:07:29.6093075Z Unpacking libxt-dev:amd64 (1:1.2.1-1.2build1) ...
2026-07-03T19:07:29.6482227Z Selecting previously unselected package libmagickcore-6.q16-dev:amd64.
2026-07-03T19:07:29.6577300Z Preparing to unpack .../080-libmagickcore-6.q16-dev_8%3a6.9.12.98+dfsg1-5.2build2_amd64.deb ...
2026-07-03T19:07:29.6592949Z Unpacking libmagickcore-6.q16-dev:amd64 (8:6.9.12.98+dfsg1-5.2build2) ...
2026-07-03T19:07:29.7066332Z Selecting previously unselected package libmagickwand-6.q16-dev:amd64.
2026-07-03T19:07:29.7159777Z Preparing to unpack .../081-libmagickwand-6.q16-dev_8%3a6.9.12.98+dfsg1-5.2build2_amd64.deb ...
2026-07-03T19:07:29.7246190Z Unpacking libmagickwand-6.q16-dev:amd64 (8:6.9.12.98+dfsg1-5.2build2) ...
2026-07-03T19:07:29.7566418Z Selecting previously unselected package libmagick++-6.q16-dev:amd64.
2026-07-03T19:07:29.7659786Z Preparing to unpack .../082-libmagick++-6.q16-dev_8%3a6.9.12.98+dfsg1-5.2build2_amd64.deb ...
2026-07-03T19:07:29.7675596Z Unpacking libmagick++-6.q16-dev:amd64 (8:6.9.12.98+dfsg1-5.2build2) ...
2026-07-03T19:07:29.7843151Z Selecting previously unselected package libmagick++-dev.
2026-07-03T19:07:29.7936757Z Preparing to unpack .../083-libmagick++-dev_8%3a6.9.12.98+dfsg1-5.2build2_all.deb ...
2026-07-03T19:07:29.7951035Z Unpacking libmagick++-dev (8:6.9.12.98+dfsg1-5.2build2) ...
2026-07-03T19:07:29.8178415Z Preparing to unpack .../084-libsqlite3-dev_3.45.1-1ubuntu2.6_amd64.deb ...
2026-07-03T19:07:29.8206201Z Unpacking libsqlite3-dev:amd64 (3.45.1-1ubuntu2.6) over (3.45.1-1ubuntu2.5) ...
2026-07-03T19:07:29.8697829Z Preparing to unpack .../085-sqlite3_3.45.1-1ubuntu2.6_amd64.deb ...
2026-07-03T19:07:29.8747795Z Unpacking sqlite3 (3.45.1-1ubuntu2.6) over (3.45.1-1ubuntu2.5) ...
2026-07-03T19:07:29.9069709Z Preparing to unpack .../086-libsqlite3-0_3.45.1-1ubuntu2.6_amd64.deb ...
2026-07-03T19:07:29.9155156Z Unpacking libsqlite3-0:amd64 (3.45.1-1ubuntu2.6) over (3.45.1-1ubuntu2.5) ...
2026-07-03T19:07:29.9453864Z Preparing to unpack .../087-curl_8.5.0-2ubuntu10.10_amd64.deb ...
2026-07-03T19:07:29.9478988Z Unpacking curl (8.5.0-2ubuntu10.10) over (8.5.0-2ubuntu10.9) ...
2026-07-03T19:07:29.9810574Z Preparing to unpack .../088-libcurl4t64_8.5.0-2ubuntu10.10_amd64.deb ...
2026-07-03T19:07:29.9881531Z Unpacking libcurl4t64:amd64 (8.5.0-2ubuntu10.10) over (8.5.0-2ubuntu10.9) ...
2026-07-03T19:07:30.0325214Z Selecting previously unselected package libjsoncpp25:amd64.
2026-07-03T19:07:30.0422443Z Preparing to unpack .../089-libjsoncpp25_1.9.5-6build1_amd64.deb ...
2026-07-03T19:07:30.0432115Z Unpacking libjsoncpp25:amd64 (1.9.5-6build1) ...
2026-07-03T19:07:30.0618553Z Selecting previously unselected package librhash0:amd64.
2026-07-03T19:07:30.0711316Z Preparing to unpack .../090-librhash0_1.4.3-3build1_amd64.deb ...
2026-07-03T19:07:30.0725588Z Unpacking librhash0:amd64 (1.4.3-3build1) ...
2026-07-03T19:07:30.0890629Z Selecting previously unselected package cmake-data.
2026-07-03T19:07:30.0984991Z Preparing to unpack .../091-cmake-data_3.28.3-1build7_all.deb ...
2026-07-03T19:07:30.1043703Z Unpacking cmake-data (3.28.3-1build7) ...
2026-07-03T19:07:30.8513386Z Selecting previously unselected package cmake.
2026-07-03T19:07:30.8635138Z Preparing to unpack .../092-cmake_3.28.3-1build7_amd64.deb ...
2026-07-03T19:07:30.8648536Z Unpacking cmake (3.28.3-1build7) ...
2026-07-03T19:07:31.1015175Z Selecting previously unselected package default-libmysqlclient-dev:amd64.
2026-07-03T19:07:31.1126703Z Preparing to unpack .../093-default-libmysqlclient-dev_1.1.0build1_amd64.deb ...
2026-07-03T19:07:31.1142663Z Unpacking default-libmysqlclient-dev:amd64 (1.1.0build1) ...
2026-07-03T19:07:31.1331224Z Selecting previously unselected package python3-numpy.
2026-07-03T19:07:31.1445061Z Preparing to unpack .../094-python3-numpy_1%3a1.26.4+ds-6ubuntu1_amd64.deb ...
2026-07-03T19:07:31.1457350Z Unpacking python3-numpy (1:1.26.4+ds-6ubuntu1) ...
2026-07-03T19:07:31.4188649Z Selecting previously unselected package gdal-data.
2026-07-03T19:07:31.4307065Z Preparing to unpack .../095-gdal-data_3.8.4+dfsg-3ubuntu3_all.deb ...
2026-07-03T19:07:31.4320102Z Unpacking gdal-data (3.8.4+dfsg-3ubuntu3) ...
2026-07-03T19:07:31.4849616Z Selecting previously unselected package gdal-plugins:amd64.
2026-07-03T19:07:31.4965332Z Preparing to unpack .../096-gdal-plugins_3.8.4+dfsg-3ubuntu3_amd64.deb ...
2026-07-03T19:07:31.4979549Z Unpacking gdal-plugins:amd64 (3.8.4+dfsg-3ubuntu3) ...
2026-07-03T19:07:31.5141264Z Selecting previously unselected package libaec0:amd64.
2026-07-03T19:07:31.5240675Z Preparing to unpack .../097-libaec0_1.1.2-1build1_amd64.deb ...
2026-07-03T19:07:31.5251843Z Unpacking libaec0:amd64 (1.1.2-1build1) ...
2026-07-03T19:07:31.5412812Z Selecting previously unselected package libarpack2t64:amd64.
2026-07-03T19:07:31.5509936Z Preparing to unpack .../098-libarpack2t64_3.9.1-1.1build2_amd64.deb ...
2026-07-03T19:07:31.5550488Z Unpacking libarpack2t64:amd64 (3.9.1-1.1build2) ...
2026-07-03T19:07:31.5722798Z Selecting previously unselected package libsuperlu6:amd64.
2026-07-03T19:07:31.5818857Z Preparing to unpack .../099-libsuperlu6_6.0.1+dfsg1-1build1_amd64.deb ...
2026-07-03T19:07:31.5831748Z Unpacking libsuperlu6:amd64 (6.0.1+dfsg1-1build1) ...
2026-07-03T19:07:31.5999673Z Selecting previously unselected package libarmadillo12.
2026-07-03T19:07:31.6095065Z Preparing to unpack .../100-libarmadillo12_1%3a12.6.7+dfsg-1build2_amd64.deb ...
2026-07-03T19:07:31.6106608Z Unpacking libarmadillo12 (1:12.6.7+dfsg-1build2) ...
2026-07-03T19:07:31.6282619Z Selecting previously unselected package libblosc1:amd64.
2026-07-03T19:07:31.6377866Z Preparing to unpack .../101-libblosc1_1.21.5+ds-1build1_amd64.deb ...
2026-07-03T19:07:31.6388057Z Unpacking libblosc1:amd64 (1.21.5+ds-1build1) ...
2026-07-03T19:07:31.6646251Z Preparing to unpack .../102-libcurl3t64-gnutls_8.5.0-2ubuntu10.10_amd64.deb ...
2026-07-03T19:07:31.6682709Z Unpacking libcurl3t64-gnutls:amd64 (8.5.0-2ubuntu10.10) over (8.5.0-2ubuntu10.9) ...
2026-07-03T19:07:31.6963554Z Selecting previously unselected package libcfitsio10t64:amd64.
2026-07-03T19:07:31.7064164Z Preparing to unpack .../103-libcfitsio10t64_4.3.1-1.1build2_amd64.deb ...
2026-07-03T19:07:31.7076314Z Unpacking libcfitsio10t64:amd64 (4.3.1-1.1build2) ...
2026-07-03T19:07:31.7286235Z Selecting previously unselected package libminizip1t64:amd64.
2026-07-03T19:07:31.7379644Z Preparing to unpack .../104-libminizip1t64_1%3a1.3.dfsg-3.1ubuntu2.1_amd64.deb ...
2026-07-03T19:07:31.7393474Z Unpacking libminizip1t64:amd64 (1:1.3.dfsg-3.1ubuntu2.1) ...
2026-07-03T19:07:31.7556743Z Selecting previously unselected package libfreexl1:amd64.
2026-07-03T19:07:31.7654385Z Preparing to unpack .../105-libfreexl1_2.0.0-1build2_amd64.deb ...
2026-07-03T19:07:31.7673115Z Unpacking libfreexl1:amd64 (2.0.0-1build2) ...
2026-07-03T19:07:31.7870884Z Selecting previously unselected package libfyba0t64:amd64.
2026-07-03T19:07:31.7980857Z Preparing to unpack .../106-libfyba0t64_4.1.1-11build1_amd64.deb ...
2026-07-03T19:07:31.7998644Z Unpacking libfyba0t64:amd64 (4.1.1-11build1) ...
2026-07-03T19:07:31.8207292Z Selecting previously unselected package libgeos3.12.1t64:amd64.
2026-07-03T19:07:31.8319008Z Preparing to unpack .../107-libgeos3.12.1t64_3.12.1-3build1_amd64.deb ...
2026-07-03T19:07:31.8338006Z Unpacking libgeos3.12.1t64:amd64 (3.12.1-3build1) ...
2026-07-03T19:07:31.8665915Z Selecting previously unselected package libgeos-c1t64:amd64.
2026-07-03T19:07:31.8761846Z Preparing to unpack .../108-libgeos-c1t64_3.12.1-3build1_amd64.deb ...
2026-07-03T19:07:31.8777232Z Unpacking libgeos-c1t64:amd64 (3.12.1-3build1) ...
2026-07-03T19:07:31.8935014Z Selecting previously unselected package proj-data.
2026-07-03T19:07:31.9042342Z Preparing to unpack .../109-proj-data_9.4.0-1build2_all.deb ...
2026-07-03T19:07:31.9057696Z Unpacking proj-data (9.4.0-1build2) ...
2026-07-03T19:07:32.0567456Z Selecting previously unselected package libproj25:amd64.
2026-07-03T19:07:32.0662464Z Preparing to unpack .../110-libproj25_9.4.0-1build2_amd64.deb ...
2026-07-03T19:07:32.0685052Z Unpacking libproj25:amd64 (9.4.0-1build2) ...
2026-07-03T19:07:32.1160927Z Selecting previously unselected package libgeotiff5:amd64.
2026-07-03T19:07:32.1255362Z Preparing to unpack .../111-libgeotiff5_1.7.1-5build1_amd64.deb ...
2026-07-03T19:07:32.1328675Z Unpacking libgeotiff5:amd64 (1.7.1-5build1) ...
2026-07-03T19:07:32.1502114Z Selecting previously unselected package libgif7:amd64.
2026-07-03T19:07:32.1596584Z Preparing to unpack .../112-libgif7_5.2.2-1ubuntu1_amd64.deb ...
2026-07-03T19:07:32.1609603Z Unpacking libgif7:amd64 (5.2.2-1ubuntu1) ...
2026-07-03T19:07:32.1779103Z Selecting previously unselected package libhdf4-0-alt:amd64.
2026-07-03T19:07:32.1875245Z Preparing to unpack .../113-libhdf4-0-alt_4.2.16-4build1_amd64.deb ...
2026-07-03T19:07:32.1895035Z Unpacking libhdf4-0-alt:amd64 (4.2.16-4build1) ...
2026-07-03T19:07:32.2078806Z Selecting previously unselected package libsz2:amd64.
2026-07-03T19:07:32.2175031Z Preparing to unpack .../114-libsz2_1.1.2-1build1_amd64.deb ...
2026-07-03T19:07:32.2191167Z Unpacking libsz2:amd64 (1.1.2-1build1) ...
2026-07-03T19:07:32.2407339Z Selecting previously unselected package libhdf5-103-1t64:amd64.
2026-07-03T19:07:32.2501515Z Preparing to unpack .../115-libhdf5-103-1t64_1.10.10+repack-3.1ubuntu4_amd64.deb ...
2026-07-03T19:07:32.2517869Z Unpacking libhdf5-103-1t64:amd64 (1.10.10+repack-3.1ubuntu4) ...
2026-07-03T19:07:32.2871258Z Selecting previously unselected package liburiparser1:amd64.
2026-07-03T19:07:32.2966789Z Preparing to unpack .../116-liburiparser1_0.9.7+dfsg-2build1_amd64.deb ...
2026-07-03T19:07:32.2979429Z Unpacking liburiparser1:amd64 (0.9.7+dfsg-2build1) ...
2026-07-03T19:07:32.3144204Z Selecting previously unselected package libkmlbase1t64:amd64.
2026-07-03T19:07:32.3239709Z Preparing to unpack .../117-libkmlbase1t64_1.3.0-12build1_amd64.deb ...
2026-07-03T19:07:32.3260404Z Unpacking libkmlbase1t64:amd64 (1.3.0-12build1) ...
2026-07-03T19:07:32.3433038Z Selecting previously unselected package libkmldom1t64:amd64.
2026-07-03T19:07:32.3529192Z Preparing to unpack .../118-libkmldom1t64_1.3.0-12build1_amd64.deb ...
2026-07-03T19:07:32.3541181Z Unpacking libkmldom1t64:amd64 (1.3.0-12build1) ...
2026-07-03T19:07:32.3724851Z Selecting previously unselected package libkmlengine1t64:amd64.
2026-07-03T19:07:32.3818776Z Preparing to unpack .../119-libkmlengine1t64_1.3.0-12build1_amd64.deb ...
2026-07-03T19:07:32.3830711Z Unpacking libkmlengine1t64:amd64 (1.3.0-12build1) ...
2026-07-03T19:07:32.4084437Z Selecting previously unselected package libhdf5-hl-100t64:amd64.
2026-07-03T19:07:32.4185897Z Preparing to unpack .../120-libhdf5-hl-100t64_1.10.10+repack-3.1ubuntu4_amd64.deb ...
2026-07-03T19:07:32.4201203Z Unpacking libhdf5-hl-100t64:amd64 (1.10.10+repack-3.1ubuntu4) ...
2026-07-03T19:07:32.4369874Z Selecting previously unselected package libnetcdf19t64:amd64.
2026-07-03T19:07:32.4466310Z Preparing to unpack .../121-libnetcdf19t64_1%3a4.9.2-5ubuntu4_amd64.deb ...
2026-07-03T19:07:32.4484360Z Unpacking libnetcdf19t64:amd64 (1:4.9.2-5ubuntu4) ...
2026-07-03T19:07:32.4704930Z Selecting previously unselected package unixodbc-common.
2026-07-03T19:07:32.4799797Z Preparing to unpack .../122-unixodbc-common_2.3.12-1ubuntu0.24.04.1_all.deb ...
2026-07-03T19:07:32.4817459Z Unpacking unixodbc-common (2.3.12-1ubuntu0.24.04.1) ...
2026-07-03T19:07:32.4983290Z Selecting previously unselected package libodbcinst2:amd64.
2026-07-03T19:07:32.5083037Z Preparing to unpack .../123-libodbcinst2_2.3.12-1ubuntu0.24.04.1_amd64.deb ...
2026-07-03T19:07:32.5096735Z Unpacking libodbcinst2:amd64 (2.3.12-1ubuntu0.24.04.1) ...
2026-07-03T19:07:32.5258900Z Selecting previously unselected package libogdi4.1:amd64.
2026-07-03T19:07:32.5352382Z Preparing to unpack .../124-libogdi4.1_4.1.1+ds-3build1_amd64.deb ...
2026-07-03T19:07:32.5366183Z Unpacking libogdi4.1:amd64 (4.1.1+ds-3build1) ...
2026-07-03T19:07:32.5551694Z Selecting previously unselected package libpoppler134:amd64.
2026-07-03T19:07:32.5648286Z Preparing to unpack .../125-libpoppler134_24.02.0-1ubuntu9.9_amd64.deb ...
2026-07-03T19:07:32.5659933Z Unpacking libpoppler134:amd64 (24.02.0-1ubuntu9.9) ...
2026-07-03T19:07:32.6086683Z Selecting previously unselected package libqhull-r8.0:amd64.
2026-07-03T19:07:32.6192887Z Preparing to unpack .../126-libqhull-r8.0_2020.2-6build1_amd64.deb ...
2026-07-03T19:07:32.6196279Z Unpacking libqhull-r8.0:amd64 (2020.2-6build1) ...
2026-07-03T19:07:32.6377015Z Selecting previously unselected package librttopo1:amd64.
2026-07-03T19:07:32.6476052Z Preparing to unpack .../127-librttopo1_1.1.0-3build2_amd64.deb ...
2026-07-03T19:07:32.6493786Z Unpacking librttopo1:amd64 (1.1.0-3build2) ...
2026-07-03T19:07:32.6672990Z Selecting previously unselected package libspatialite8t64:amd64.
2026-07-03T19:07:32.6771518Z Preparing to unpack .../128-libspatialite8t64_5.1.0-3build1_amd64.deb ...
2026-07-03T19:07:32.6788946Z Unpacking libspatialite8t64:amd64 (5.1.0-3build1) ...
2026-07-03T19:07:32.7459767Z Selecting previously unselected package libxerces-c3.2t64:amd64.
2026-07-03T19:07:32.7562067Z Preparing to unpack .../129-libxerces-c3.2t64_3.2.4+debian-1.2ubuntu2_amd64.deb ...
2026-07-03T19:07:32.7576882Z Unpacking libxerces-c3.2t64:amd64 (3.2.4+debian-1.2ubuntu2) ...
2026-07-03T19:07:32.7940919Z Selecting previously unselected package libgdal34t64:amd64.
2026-07-03T19:07:32.8040613Z Preparing to unpack .../130-libgdal34t64_3.8.4+dfsg-3ubuntu3_amd64.deb ...
2026-07-03T19:07:32.8058858Z Unpacking libgdal34t64:amd64 (3.8.4+dfsg-3ubuntu3) ...
2026-07-03T19:07:33.0180745Z Selecting previously unselected package python3-gdal.
2026-07-03T19:07:33.0278139Z Preparing to unpack .../131-python3-gdal_3.8.4+dfsg-3ubuntu3_amd64.deb ...
2026-07-03T19:07:33.0299112Z Unpacking python3-gdal (3.8.4+dfsg-3ubuntu3) ...
2026-07-03T19:07:33.1100005Z Selecting previously unselected package gdal-bin.
2026-07-03T19:07:33.1200965Z Preparing to unpack .../132-gdal-bin_3.8.4+dfsg-3ubuntu3_amd64.deb ...
2026-07-03T19:07:33.1243350Z Unpacking gdal-bin (3.8.4+dfsg-3ubuntu3) ...
2026-07-03T19:07:33.1545210Z Selecting previously unselected package libharfbuzz-gobject0:amd64.
2026-07-03T19:07:33.1645080Z Preparing to unpack .../133-libharfbuzz-gobject0_8.3.0-2build2_amd64.deb ...
2026-07-03T19:07:33.1663850Z Unpacking libharfbuzz-gobject0:amd64 (8.3.0-2build2) ...
2026-07-03T19:07:33.1814097Z Selecting previously unselected package gir1.2-harfbuzz-0.0:amd64.
2026-07-03T19:07:33.1911911Z Preparing to unpack .../134-gir1.2-harfbuzz-0.0_8.3.0-2build2_amd64.deb ...
2026-07-03T19:07:33.1922488Z Unpacking gir1.2-harfbuzz-0.0:amd64 (8.3.0-2build2) ...
2026-07-03T19:07:33.2096002Z Selecting previously unselected package gsfonts.
2026-07-03T19:07:33.2194185Z Preparing to unpack .../135-gsfonts_2%3a20200910-8_all.deb ...
2026-07-03T19:07:33.2265187Z Unpacking gsfonts (2:20200910-8) ...
2026-07-03T19:07:33.2484036Z Selecting previously unselected package hdf5-helpers.
2026-07-03T19:07:33.2583309Z Preparing to unpack .../136-hdf5-helpers_1.10.10+repack-3.1ubuntu4_amd64.deb ...
2026-07-03T19:07:33.2595583Z Unpacking hdf5-helpers (1.10.10+repack-3.1ubuntu4) ...
2026-07-03T19:07:33.3038008Z Selecting previously unselected package libabsl20220623t64:amd64.
2026-07-03T19:07:33.3141054Z Preparing to unpack .../137-libabsl20220623t64_20220623.1-3.1ubuntu3.2_amd64.deb ...
2026-07-03T19:07:33.3182559Z Unpacking libabsl20220623t64:amd64 (20220623.1-3.1ubuntu3.2) ...
2026-07-03T19:07:33.3670275Z Selecting previously unselected package libabsl-dev:amd64.
2026-07-03T19:07:33.3769270Z Preparing to unpack .../138-libabsl-dev_20220623.1-3.1ubuntu3.2_amd64.deb ...
2026-07-03T19:07:33.3783184Z Unpacking libabsl-dev:amd64 (20220623.1-3.1ubuntu3.2) ...
2026-07-03T19:07:34.8148989Z Selecting previously unselected package libaom-dev:amd64.
2026-07-03T19:07:34.8267040Z Preparing to unpack .../139-libaom-dev_3.8.2-2ubuntu0.1_amd64.deb ...
2026-07-03T19:07:34.8278070Z Unpacking libaom-dev:amd64 (3.8.2-2ubuntu0.1) ...
2026-07-03T19:07:34.8945546Z Selecting previously unselected package libarpack2-dev:amd64.
2026-07-03T19:07:34.9069667Z Preparing to unpack .../140-libarpack2-dev_3.9.1-1.1build2_amd64.deb ...
2026-07-03T19:07:34.9085419Z Unpacking libarpack2-dev:amd64 (3.9.1-1.1build2) ...
2026-07-03T19:07:34.9293093Z Selecting previously unselected package libhdf5-fortran-102t64:amd64.
2026-07-03T19:07:34.9409165Z Preparing to unpack .../141-libhdf5-fortran-102t64_1.10.10+repack-3.1ubuntu4_amd64.deb ...
2026-07-03T19:07:34.9472191Z Unpacking libhdf5-fortran-102t64:amd64 (1.10.10+repack-3.1ubuntu4) ...
2026-07-03T19:07:34.9643236Z Selecting previously unselected package libhdf5-hl-fortran-100t64:amd64.
2026-07-03T19:07:34.9743353Z Preparing to unpack .../142-libhdf5-hl-fortran-100t64_1.10.10+repack-3.1ubuntu4_amd64.deb ...
2026-07-03T19:07:34.9754413Z Unpacking libhdf5-hl-fortran-100t64:amd64 (1.10.10+repack-3.1ubuntu4) ...
2026-07-03T19:07:34.9925908Z Selecting previously unselected package libhdf5-cpp-103-1t64:amd64.
2026-07-03T19:07:35.0020346Z Preparing to unpack .../143-libhdf5-cpp-103-1t64_1.10.10+repack-3.1ubuntu4_amd64.deb ...
2026-07-03T19:07:35.0037455Z Unpacking libhdf5-cpp-103-1t64:amd64 (1.10.10+repack-3.1ubuntu4) ...
2026-07-03T19:07:35.0225182Z Selecting previously unselected package libhdf5-hl-cpp-100t64:amd64.
2026-07-03T19:07:35.0329332Z Preparing to unpack .../144-libhdf5-hl-cpp-100t64_1.10.10+repack-3.1ubuntu4_amd64.deb ...
2026-07-03T19:07:35.0346914Z Unpacking libhdf5-hl-cpp-100t64:amd64 (1.10.10+repack-3.1ubuntu4) ...
2026-07-03T19:07:35.0489150Z Selecting previously unselected package libaec-dev:amd64.
2026-07-03T19:07:35.0586341Z Preparing to unpack .../145-libaec-dev_1.1.2-1build1_amd64.deb ...
2026-07-03T19:07:35.0598460Z Unpacking libaec-dev:amd64 (1.1.2-1build1) ...
2026-07-03T19:07:35.0761293Z Selecting previously unselected package libcurl4-openssl-dev:amd64.
2026-07-03T19:07:35.0858560Z Preparing to unpack .../146-libcurl4-openssl-dev_8.5.0-2ubuntu10.10_amd64.deb ...
2026-07-03T19:07:35.0872945Z Unpacking libcurl4-openssl-dev:amd64 (8.5.0-2ubuntu10.10) ...
2026-07-03T19:07:35.1143519Z Selecting previously unselected package libhdf5-dev.
2026-07-03T19:07:35.1240754Z Preparing to unpack .../147-libhdf5-dev_1.10.10+repack-3.1ubuntu4_amd64.deb ...
2026-07-03T19:07:35.1262788Z Unpacking libhdf5-dev (1.10.10+repack-3.1ubuntu4) ...
2026-07-03T19:07:35.2324221Z Selecting previously unselected package libsuperlu-dev:amd64.
2026-07-03T19:07:35.2431859Z Preparing to unpack .../148-libsuperlu-dev_6.0.1+dfsg1-1build1_amd64.deb ...
2026-07-03T19:07:35.2447017Z Unpacking libsuperlu-dev:amd64 (6.0.1+dfsg1-1build1) ...
2026-07-03T19:07:35.2613150Z Selecting previously unselected package libarmadillo-dev.
2026-07-03T19:07:35.2710975Z Preparing to unpack .../149-libarmadillo-dev_1%3a12.6.7+dfsg-1build2_amd64.deb ...
2026-07-03T19:07:35.2730528Z Unpacking libarmadillo-dev (1:12.6.7+dfsg-1build2) ...
2026-07-03T19:07:35.4352871Z Selecting previously unselected package libblosc-dev:amd64.
2026-07-03T19:07:35.4459700Z Preparing to unpack .../150-libblosc-dev_1.21.5+ds-1build1_amd64.deb ...
2026-07-03T19:07:35.4475086Z Unpacking libblosc-dev:amd64 (1.21.5+ds-1build1) ...
2026-07-03T19:07:35.4682095Z Selecting previously unselected package libboost1.83-dev:amd64.
2026-07-03T19:07:35.4788733Z Preparing to unpack .../151-libboost1.83-dev_1.83.0-2.1ubuntu3.2_amd64.deb ...
2026-07-03T19:07:35.4804943Z Unpacking libboost1.83-dev:amd64 (1.83.0-2.1ubuntu3.2) ...
2026-07-03T19:07:39.2981338Z Selecting previously unselected package libboost-dev:amd64.
2026-07-03T19:07:39.3197129Z Preparing to unpack .../152-libboost-dev_1.83.0.1ubuntu2_amd64.deb ...
2026-07-03T19:07:39.3202068Z Unpacking libboost-dev:amd64 (1.83.0.1ubuntu2) ...
2026-07-03T19:07:39.3353289Z Selecting previously unselected package libcfitsio-dev:amd64.
2026-07-03T19:07:39.3478660Z Preparing to unpack .../153-libcfitsio-dev_4.3.1-1.1build2_amd64.deb ...
2026-07-03T19:07:39.3491703Z Unpacking libcfitsio-dev:amd64 (4.3.1-1.1build2) ...
2026-07-03T19:07:39.3766202Z Selecting previously unselected package libcfitsio-doc.
2026-07-03T19:07:39.3887603Z Preparing to unpack .../154-libcfitsio-doc_4.3.1-1.1build2_all.deb ...
2026-07-03T19:07:39.3901262Z Unpacking libcfitsio-doc (4.3.1-1.1build2) ...
2026-07-03T19:07:39.4342078Z Selecting previously unselected package libdav1d7:amd64.
2026-07-03T19:07:39.4465072Z Preparing to unpack .../155-libdav1d7_1.4.1-1build1_amd64.deb ...
2026-07-03T19:07:39.4479328Z Unpacking libdav1d7:amd64 (1.4.1-1build1) ...
2026-07-03T19:07:39.4711747Z Selecting previously unselected package libdav1d-dev:amd64.
2026-07-03T19:07:39.4831213Z Preparing to unpack .../156-libdav1d-dev_1.4.1-1build1_amd64.deb ...
2026-07-03T19:07:39.4846067Z Unpacking libdav1d-dev:amd64 (1.4.1-1build1) ...
2026-07-03T19:07:39.5041940Z Selecting previously unselected package libde265-0:amd64.
2026-07-03T19:07:39.5163345Z Preparing to unpack .../157-libde265-0_1.0.15-1build3_amd64.deb ...
2026-07-03T19:07:39.5176007Z Unpacking libde265-0:amd64 (1.0.15-1build3) ...
2026-07-03T19:07:39.5349002Z Selecting previously unselected package libde265-dev:amd64.
2026-07-03T19:07:39.5458869Z Preparing to unpack .../158-libde265-dev_1.0.15-1build3_amd64.deb ...
2026-07-03T19:07:39.5475422Z Unpacking libde265-dev:amd64 (1.0.15-1build3) ...
2026-07-03T19:07:39.5790520Z Selecting previously unselected package libexif-doc.
2026-07-03T19:07:39.5897294Z Preparing to unpack .../159-libexif-doc_0.6.24-1build2_all.deb ...
2026-07-03T19:07:39.5913994Z Unpacking libexif-doc (0.6.24-1build2) ...
2026-07-03T19:07:39.6373710Z Selecting previously unselected package libfontconfig1-dev:amd64.
2026-07-03T19:07:39.6478584Z Preparing to unpack .../160-libfontconfig1-dev_2.15.0-1.1ubuntu2_amd64.deb ...
2026-07-03T19:07:39.6494104Z Unpacking libfontconfig1-dev:amd64 (2.15.0-1.1ubuntu2) ...
2026-07-03T19:07:39.6637089Z Selecting previously unselected package libfribidi-dev:amd64.
2026-07-03T19:07:39.6742349Z Preparing to unpack .../161-libfribidi-dev_1.0.13-3build1_amd64.deb ...
2026-07-03T19:07:39.6759696Z Unpacking libfribidi-dev:amd64 (1.0.13-3build1) ...
2026-07-03T19:07:39.6978678Z Selecting previously unselected package libfyba-dev:amd64.
2026-07-03T19:07:39.7084118Z Preparing to unpack .../162-libfyba-dev_4.1.1-11build1_amd64.deb ...
2026-07-03T19:07:39.7100600Z Unpacking libfyba-dev:amd64 (4.1.1-11build1) ...
2026-07-03T19:07:39.7282451Z Selecting previously unselected package libgeos-dev.
2026-07-03T19:07:39.7386691Z Preparing to unpack .../163-libgeos-dev_3.12.1-3build1_amd64.deb ...
2026-07-03T19:07:39.7403171Z Unpacking libgeos-dev (3.12.1-3build1) ...
2026-07-03T19:07:39.7571855Z Selecting previously unselected package libgif-dev:amd64.
2026-07-03T19:07:39.7679221Z Preparing to unpack .../164-libgif-dev_5.2.2-1ubuntu1_amd64.deb ...
2026-07-03T19:07:39.7688951Z Unpacking libgif-dev:amd64 (5.2.2-1ubuntu1) ...
2026-07-03T19:07:39.7904373Z Selecting previously unselected package libhttp-parser2.9:amd64.
2026-07-03T19:07:39.8009052Z Preparing to unpack .../165-libhttp-parser2.9_2.9.4-6build1_amd64.deb ...
2026-07-03T19:07:39.8028932Z Unpacking libhttp-parser2.9:amd64 (2.9.4-6build1) ...
2026-07-03T19:07:39.8293062Z Preparing to unpack .../166-libssh2-1t64_1.11.0-4.1ubuntu0.24.04.2_amd64.deb ...
2026-07-03T19:07:39.8325806Z Unpacking libssh2-1t64:amd64 (1.11.0-4.1ubuntu0.24.04.2) over (1.11.0-4.1ubuntu0.24.04.1) ...
2026-07-03T19:07:39.8564308Z Selecting previously unselected package libgit2-1.7:amd64.
2026-07-03T19:07:39.8705425Z Preparing to unpack .../167-libgit2-1.7_1.7.2+ds-1ubuntu3_amd64.deb ...
2026-07-03T19:07:39.8707072Z Unpacking libgit2-1.7:amd64 (1.7.2+ds-1ubuntu3) ...
2026-07-03T19:07:39.8887212Z Selecting previously unselected package libgraphite2-dev:amd64.
2026-07-03T19:07:39.9002462Z Preparing to unpack .../168-libgraphite2-dev_1.3.14-2ubuntu0.24.04.1_amd64.deb ...
2026-07-03T19:07:39.9013644Z Unpacking libgraphite2-dev:amd64 (1.3.14-2ubuntu0.24.04.1) ...
2026-07-03T19:07:39.9177246Z Selecting previously unselected package libharfbuzz-cairo0:amd64.
2026-07-03T19:07:39.9279630Z Preparing to unpack .../169-libharfbuzz-cairo0_8.3.0-2build2_amd64.deb ...
2026-07-03T19:07:39.9290293Z Unpacking libharfbuzz-cairo0:amd64 (8.3.0-2build2) ...
2026-07-03T19:07:39.9452347Z Selecting previously unselected package libharfbuzz-icu0:amd64.
2026-07-03T19:07:39.9556867Z Preparing to unpack .../170-libharfbuzz-icu0_8.3.0-2build2_amd64.deb ...
2026-07-03T19:07:39.9567714Z Unpacking libharfbuzz-icu0:amd64 (8.3.0-2build2) ...
2026-07-03T19:07:39.9723591Z Selecting previously unselected package libharfbuzz-subset0:amd64.
2026-07-03T19:07:39.9828211Z Preparing to unpack .../171-libharfbuzz-subset0_8.3.0-2build2_amd64.deb ...
2026-07-03T19:07:39.9842180Z Unpacking libharfbuzz-subset0:amd64 (8.3.0-2build2) ...
2026-07-03T19:07:40.0026220Z Selecting previously unselected package libharfbuzz-dev:amd64.
2026-07-03T19:07:40.0130252Z Preparing to unpack .../172-libharfbuzz-dev_8.3.0-2build2_amd64.deb ...
2026-07-03T19:07:40.0145659Z Unpacking libharfbuzz-dev:amd64 (8.3.0-2build2) ...
2026-07-03T19:07:40.0419157Z Selecting previously unselected package libx265-199:amd64.
2026-07-03T19:07:40.0531428Z Preparing to unpack .../173-libx265-199_3.5-2build1_amd64.deb ...
2026-07-03T19:07:40.0545116Z Unpacking libx265-199:amd64 (3.5-2build1) ...
2026-07-03T19:07:40.8478052Z Selecting previously unselected package libx265-dev:amd64.
2026-07-03T19:07:40.8607596Z Preparing to unpack .../174-libx265-dev_3.5-2build1_amd64.deb ...
2026-07-03T19:07:41.0078293Z Unpacking libx265-dev:amd64 (3.5-2build1) ...
2026-07-03T19:07:41.2206561Z Selecting previously unselected package libheif-dev:amd64.
2026-07-03T19:07:41.2335710Z Preparing to unpack .../175-libheif-dev_1.17.6-1ubuntu4.4_amd64.deb ...
2026-07-03T19:07:41.2342797Z Unpacking libheif-dev:amd64 (1.17.6-1ubuntu4.4) ...
2026-07-03T19:07:41.2531570Z Selecting previously unselected package libjxr0t64:amd64.
2026-07-03T19:07:41.2653724Z Preparing to unpack .../176-libjxr0t64_1.2~git20170615.f752187-5.1ubuntu2_amd64.deb ...
2026-07-03T19:07:41.2669011Z Unpacking libjxr0t64:amd64 (1.2~git20170615.f752187-5.1ubuntu2) ...
2026-07-03T19:07:41.2840067Z Selecting previously unselected package libjxr-tools.
2026-07-03T19:07:41.2960075Z Preparing to unpack .../177-libjxr-tools_1.2~git20170615.f752187-5.1ubuntu2_amd64.deb ...
2026-07-03T19:07:41.2988475Z Unpacking libjxr-tools (1.2~git20170615.f752187-5.1ubuntu2) ...
2026-07-03T19:07:41.3172440Z Selecting previously unselected package libkmlconvenience1t64:amd64.
2026-07-03T19:07:41.3292854Z Preparing to unpack .../178-libkmlconvenience1t64_1.3.0-12build1_amd64.deb ...
2026-07-03T19:07:41.3308397Z Unpacking libkmlconvenience1t64:amd64 (1.3.0-12build1) ...
2026-07-03T19:07:41.3472568Z Selecting previously unselected package libkmlregionator1t64:amd64.
2026-07-03T19:07:41.3585157Z Preparing to unpack .../179-libkmlregionator1t64_1.3.0-12build1_amd64.deb ...
2026-07-03T19:07:41.3618363Z Unpacking libkmlregionator1t64:amd64 (1.3.0-12build1) ...
2026-07-03T19:07:41.3835492Z Selecting previously unselected package libkmlxsd1t64:amd64.
2026-07-03T19:07:41.3948075Z Preparing to unpack .../180-libkmlxsd1t64_1.3.0-12build1_amd64.deb ...
2026-07-03T19:07:41.3975584Z Unpacking libkmlxsd1t64:amd64 (1.3.0-12build1) ...
2026-07-03T19:07:41.4152282Z Selecting previously unselected package libminizip-dev:amd64.
2026-07-03T19:07:41.4279706Z Preparing to unpack .../181-libminizip-dev_1%3a1.3.dfsg-3.1ubuntu2.1_amd64.deb ...
2026-07-03T19:07:41.4298882Z Unpacking libminizip-dev:amd64 (1:1.3.dfsg-3.1ubuntu2.1) ...
2026-07-03T19:07:41.4478004Z Selecting previously unselected package libnetcdf-dev.
2026-07-03T19:07:41.4597851Z Preparing to unpack .../182-libnetcdf-dev_1%3a4.9.2-5ubuntu4_amd64.deb ...
2026-07-03T19:07:41.4610560Z Unpacking libnetcdf-dev (1:4.9.2-5ubuntu4) ...
2026-07-03T19:07:41.4856952Z Selecting previously unselected package libuv1-dev:amd64.
2026-07-03T19:07:41.5001933Z Preparing to unpack .../183-libuv1-dev_1.48.0-1.1build1_amd64.deb ...
2026-07-03T19:07:41.5013648Z Unpacking libuv1-dev:amd64 (1.48.0-1.1build1) ...
2026-07-03T19:07:41.5220541Z Selecting previously unselected package node-xtend.
2026-07-03T19:07:41.5336429Z Preparing to unpack .../184-node-xtend_4.0.2-3_all.deb ...
2026-07-03T19:07:41.5347331Z Unpacking node-xtend (4.0.2-3) ...
2026-07-03T19:07:41.5507618Z Selecting previously unselected package nodejs.
2026-07-03T19:07:41.5614315Z Preparing to unpack .../185-nodejs_18.19.1+dfsg-6ubuntu5_amd64.deb ...
2026-07-03T19:07:41.5631107Z Unpacking nodejs (18.19.1+dfsg-6ubuntu5) ...
2026-07-03T19:07:41.6217568Z Selecting previously unselected package node-acorn.
2026-07-03T19:07:41.6323356Z Preparing to unpack .../186-node-acorn_8.8.1+ds+~cs25.17.7-2_all.deb ...
2026-07-03T19:07:41.6332472Z Unpacking node-acorn (8.8.1+ds+~cs25.17.7-2) ...
2026-07-03T19:07:41.6619687Z Selecting previously unselected package node-cjs-module-lexer.
2026-07-03T19:07:41.6726680Z Preparing to unpack .../187-node-cjs-module-lexer_1.2.3+dfsg-1_all.deb ...
2026-07-03T19:07:41.6737056Z Unpacking node-cjs-module-lexer (1.2.3+dfsg-1) ...
2026-07-03T19:07:41.6894699Z Selecting previously unselected package node-busboy.
2026-07-03T19:07:41.7001579Z Preparing to unpack .../188-node-busboy_1.6.0+~cs2.6.0-2_all.deb ...
2026-07-03T19:07:41.7018205Z Unpacking node-busboy (1.6.0+~cs2.6.0-2) ...
2026-07-03T19:07:41.7180899Z Selecting previously unselected package node-undici.
2026-07-03T19:07:41.7286255Z Preparing to unpack .../189-node-undici_5.26.3+dfsg1+~cs23.10.12-2_all.deb ...
2026-07-03T19:07:41.7298549Z Unpacking node-undici (5.26.3+dfsg1+~cs23.10.12-2) ...
2026-07-03T19:07:41.7697789Z Selecting previously unselected package libnode109:amd64.
2026-07-03T19:07:41.7820411Z Preparing to unpack .../190-libnode109_18.19.1+dfsg-6ubuntu5_amd64.deb ...
2026-07-03T19:07:41.7841948Z Unpacking libnode109:amd64 (18.19.1+dfsg-6ubuntu5) ...
2026-07-03T19:07:42.1633070Z Selecting previously unselected package libnode-dev.
2026-07-03T19:07:42.1756104Z Preparing to unpack .../191-libnode-dev_18.19.1+dfsg-6ubuntu5_amd64.deb ...
2026-07-03T19:07:42.1769257Z Unpacking libnode-dev (18.19.1+dfsg-6ubuntu5) ...
2026-07-03T19:07:42.2860182Z Selecting previously unselected package libodbccr2:amd64.
2026-07-03T19:07:42.2983533Z Preparing to unpack .../192-libodbccr2_2.3.12-1ubuntu0.24.04.1_amd64.deb ...
2026-07-03T19:07:42.2995911Z Unpacking libodbccr2:amd64 (2.3.12-1ubuntu0.24.04.1) ...
2026-07-03T19:07:42.3161871Z Selecting previously unselected package libogdi-dev.
2026-07-03T19:07:42.3269120Z Preparing to unpack .../193-libogdi-dev_4.1.1+ds-3build1_amd64.deb ...
2026-07-03T19:07:42.3282496Z Unpacking libogdi-dev (4.1.1+ds-3build1) ...
2026-07-03T19:07:42.3438049Z Selecting previously unselected package libpng-tools.
2026-07-03T19:07:42.3543035Z Preparing to unpack .../194-libpng-tools_1.6.43-5ubuntu0.6_amd64.deb ...
2026-07-03T19:07:42.3558714Z Unpacking libpng-tools (1.6.43-5ubuntu0.6) ...
2026-07-03T19:07:42.3710592Z Selecting previously unselected package libpoppler-dev:amd64.
2026-07-03T19:07:42.3818651Z Preparing to unpack .../195-libpoppler-dev_24.02.0-1ubuntu9.9_amd64.deb ...
2026-07-03T19:07:42.3832468Z Unpacking libpoppler-dev:amd64 (24.02.0-1ubuntu9.9) ...
2026-07-03T19:07:42.4123598Z Selecting previously unselected package libpoppler-private-dev:amd64.
2026-07-03T19:07:42.4228806Z Preparing to unpack .../196-libpoppler-private-dev_24.02.0-1ubuntu9.9_amd64.deb ...
2026-07-03T19:07:42.4243319Z Unpacking libpoppler-private-dev:amd64 (24.02.0-1ubuntu9.9) ...
2026-07-03T19:07:42.4566414Z Selecting previously unselected package libqhull8.0:amd64.
2026-07-03T19:07:42.4680618Z Preparing to unpack .../197-libqhull8.0_2020.2-6build1_amd64.deb ...
2026-07-03T19:07:42.4693771Z Unpacking libqhull8.0:amd64 (2020.2-6build1) ...
2026-07-03T19:07:42.4877558Z Selecting previously unselected package libqhullcpp8.0:amd64.
2026-07-03T19:07:42.4995301Z Preparing to unpack .../198-libqhullcpp8.0_2020.2-6build1_amd64.deb ...
2026-07-03T19:07:42.5009388Z Unpacking libqhullcpp8.0:amd64 (2020.2-6build1) ...
2026-07-03T19:07:42.5232664Z Selecting previously unselected package libqhull-dev:amd64.
2026-07-03T19:07:42.5338489Z Preparing to unpack .../199-libqhull-dev_2020.2-6build1_amd64.deb ...
2026-07-03T19:07:42.5351814Z Unpacking libqhull-dev:amd64 (2020.2-6build1) ...
2026-07-03T19:07:42.5675384Z Selecting previously unselected package librttopo-dev:amd64.
2026-07-03T19:07:42.5780022Z Preparing to unpack .../200-librttopo-dev_1.1.0-3build2_amd64.deb ...
2026-07-03T19:07:42.5796421Z Unpacking librttopo-dev:amd64 (1.1.0-3build2) ...
2026-07-03T19:07:42.5975094Z Selecting previously unselected package libssh2-1-dev:amd64.
2026-07-03T19:07:42.6078895Z Preparing to unpack .../201-libssh2-1-dev_1.11.0-4.1ubuntu0.24.04.2_amd64.deb ...
2026-07-03T19:07:42.6097467Z Unpacking libssh2-1-dev:amd64 (1.11.0-4.1ubuntu0.24.04.2) ...
2026-07-03T19:07:42.6510585Z Selecting previously unselected package libudunits2-data.
2026-07-03T19:07:42.6615341Z Preparing to unpack .../202-libudunits2-data_2.2.28-7build1_all.deb ...
2026-07-03T19:07:42.6623819Z Unpacking libudunits2-data (2.2.28-7build1) ...
2026-07-03T19:07:42.6807190Z Selecting previously unselected package libudunits2-0.
2026-07-03T19:07:42.6911845Z Preparing to unpack .../203-libudunits2-0_2.2.28-7build1_amd64.deb ...
2026-07-03T19:07:42.6922219Z Unpacking libudunits2-0 (2.2.28-7build1) ...
2026-07-03T19:07:42.7085344Z Selecting previously unselected package libudunits2-dev.
2026-07-03T19:07:42.7185040Z Preparing to unpack .../204-libudunits2-dev_2.2.28-7build1_amd64.deb ...
2026-07-03T19:07:42.7194646Z Unpacking libudunits2-dev (2.2.28-7build1) ...
2026-07-03T19:07:42.7377072Z Selecting previously unselected package liburiparser-dev.
2026-07-03T19:07:42.7489590Z Preparing to unpack .../205-liburiparser-dev_0.9.7+dfsg-2build1_amd64.deb ...
2026-07-03T19:07:42.7507838Z Unpacking liburiparser-dev (0.9.7+dfsg-2build1) ...
2026-07-03T19:07:42.7670792Z Selecting previously unselected package libxerces-c-dev:amd64.
2026-07-03T19:07:42.7785293Z Preparing to unpack .../206-libxerces-c-dev_3.2.4+debian-1.2ubuntu2_amd64.deb ...
2026-07-03T19:07:42.8650531Z Unpacking libxerces-c-dev:amd64 (3.2.4+debian-1.2ubuntu2) ...
2026-07-03T19:07:43.1307775Z Selecting previously unselected package nodejs-doc.
2026-07-03T19:07:43.1440206Z Preparing to unpack .../207-nodejs-doc_18.19.1+dfsg-6ubuntu5_all.deb ...
2026-07-03T19:07:43.1456988Z Unpacking nodejs-doc (18.19.1+dfsg-6ubuntu5) ...
2026-07-03T19:07:43.2936371Z Selecting previously unselected package pandoc-data.
2026-07-03T19:07:43.3059932Z Preparing to unpack .../208-pandoc-data_3.1.3-1_all.deb ...
2026-07-03T19:07:43.3076305Z Unpacking pandoc-data (3.1.3-1) ...
2026-07-03T19:07:43.3597649Z Selecting previously unselected package pandoc.
2026-07-03T19:07:43.3714979Z Preparing to unpack .../209-pandoc_3.1.3+ds-2_amd64.deb ...
2026-07-03T19:07:43.3728494Z Unpacking pandoc (3.1.3+ds-2) ...
2026-07-03T19:07:44.8130728Z Selecting previously unselected package libfreexl-dev:amd64.
2026-07-03T19:07:44.8261523Z Preparing to unpack .../210-libfreexl-dev_2.0.0-1build2_amd64.deb ...
2026-07-03T19:07:44.8276752Z Unpacking libfreexl-dev:amd64 (2.0.0-1build2) ...
2026-07-03T19:07:44.8437294Z Selecting previously unselected package libproj-dev:amd64.
2026-07-03T19:07:44.8564053Z Preparing to unpack .../211-libproj-dev_9.4.0-1build2_amd64.deb ...
2026-07-03T19:07:44.8595799Z Unpacking libproj-dev:amd64 (9.4.0-1build2) ...
2026-07-03T19:07:44.8789533Z Selecting previously unselected package libgeotiff-dev:amd64.
2026-07-03T19:07:44.8897441Z Preparing to unpack .../212-libgeotiff-dev_1.7.1-5build1_amd64.deb ...
2026-07-03T19:07:44.8907678Z Unpacking libgeotiff-dev:amd64 (1.7.1-5build1) ...
2026-07-03T19:07:44.9299418Z Selecting previously unselected package libhdf4-alt-dev.
2026-07-03T19:07:44.9405412Z Preparing to unpack .../213-libhdf4-alt-dev_4.2.16-4build1_amd64.deb ...
2026-07-03T19:07:44.9751031Z Unpacking libhdf4-alt-dev (4.2.16-4build1) ...
2026-07-03T19:07:45.0042476Z Selecting previously unselected package libjson-c-dev:amd64.
2026-07-03T19:07:45.0149851Z Preparing to unpack .../214-libjson-c-dev_0.17-1build1_amd64.deb ...
2026-07-03T19:07:45.0161551Z Unpacking libjson-c-dev:amd64 (0.17-1build1) ...
2026-07-03T19:07:45.0335607Z Selecting previously unselected package libkml-dev:amd64.
2026-07-03T19:07:45.0440516Z Preparing to unpack .../215-libkml-dev_1.3.0-12build1_amd64.deb ...
2026-07-03T19:07:45.0469718Z Unpacking libkml-dev:amd64 (1.3.0-12build1) ...
2026-07-03T19:07:45.1314881Z Selecting previously unselected package libspatialite-dev:amd64.
2026-07-03T19:07:45.1423049Z Preparing to unpack .../216-libspatialite-dev_5.1.0-3build1_amd64.deb ...
2026-07-03T19:07:45.1441043Z Unpacking libspatialite-dev:amd64 (5.1.0-3build1) ...
2026-07-03T19:07:45.2960383Z Selecting previously unselected package unixodbc-dev:amd64.
2026-07-03T19:07:45.3078847Z Preparing to unpack .../217-unixodbc-dev_2.3.12-1ubuntu0.24.04.1_amd64.deb ...
2026-07-03T19:07:45.3094877Z Unpacking unixodbc-dev:amd64 (2.3.12-1ubuntu0.24.04.1) ...
2026-07-03T19:07:45.3364963Z Selecting previously unselected package libgdal-dev.
2026-07-03T19:07:45.3478911Z Preparing to unpack .../218-libgdal-dev_3.8.4+dfsg-3ubuntu3_amd64.deb ...
2026-07-03T19:07:45.3490058Z Unpacking libgdal-dev (3.8.4+dfsg-3ubuntu3) ...
2026-07-03T19:07:45.3808334Z Selecting previously unselected package libhttp-parser-dev:amd64.
2026-07-03T19:07:45.3915103Z Preparing to unpack .../219-libhttp-parser-dev_2.9.4-6build1_amd64.deb ...
2026-07-03T19:07:45.3926975Z Unpacking libhttp-parser-dev:amd64 (2.9.4-6build1) ...
2026-07-03T19:07:45.4083701Z Selecting previously unselected package libgit2-dev:amd64.
2026-07-03T19:07:45.4199156Z Preparing to unpack .../220-libgit2-dev_1.7.2+ds-1ubuntu3_amd64.deb ...
2026-07-03T19:07:45.4213955Z Unpacking libgit2-dev:amd64 (1.7.2+ds-1ubuntu3) ...
2026-07-03T19:07:45.4790735Z Selecting previously unselected package proj-bin.
2026-07-03T19:07:45.4910870Z Preparing to unpack .../221-proj-bin_9.4.0-1build2_amd64.deb ...
2026-07-03T19:07:45.4925062Z Unpacking proj-bin (9.4.0-1build2) ...
2026-07-03T19:07:45.5419874Z Setting up default-libmysqlclient-dev:amd64 (1.1.0build1) ...
2026-07-03T19:07:45.5447958Z Setting up libcairo-script-interpreter2:amd64 (1.18.0-3build1) ...
2026-07-03T19:07:45.5471710Z Setting up libuv1-dev:amd64 (1.48.0-1.1build1) ...
2026-07-03T19:07:45.5496016Z Setting up libglib2.0-dev-bin (2.80.0-6ubuntu3.8) ...
2026-07-03T19:07:45.6630591Z Setting up libjpeg-turbo8-dev:amd64 (2.1.5-2ubuntu2) ...
2026-07-03T19:07:45.6654358Z Setting up libboost1.83-dev:amd64 (1.83.0-2.1ubuntu3.2) ...
2026-07-03T19:07:45.6679487Z Setting up gir1.2-freedesktop:amd64 (1.80.1-1) ...
2026-07-03T19:07:45.6702602Z Setting up libharfbuzz-icu0:amd64 (8.3.0-2build2) ...
2026-07-03T19:07:45.6732046Z Setting up libarpack2t64:amd64 (3.9.1-1.1build2) ...
2026-07-03T19:07:45.6753821Z Setting up libpixman-1-dev:amd64 (0.42.2-1build1) ...
2026-07-03T19:07:45.6777936Z Setting up proj-data (9.4.0-1build2) ...
2026-07-03T19:07:45.6807211Z Setting up hdf5-helpers (1.10.10+repack-3.1ubuntu4) ...
2026-07-03T19:07:45.7103114Z Setting up libwmflite-0.2-7:amd64 (0.2.13-1.1build3) ...
2026-07-03T19:07:45.7128667Z Setting up gir1.2-gdkpixbuf-2.0:amd64 (2.42.10+dfsg-3ubuntu3.3) ...
2026-07-03T19:07:45.7156410Z Setting up libcurl4t64:amd64 (8.5.0-2ubuntu10.10) ...
2026-07-03T19:07:45.7291220Z Setting up libpng-tools (1.6.43-5ubuntu0.6) ...
2026-07-03T19:07:45.7314458Z Setting up libogdi4.1:amd64 (4.1.1+ds-3build1) ...
2026-07-03T19:07:45.7343067Z Setting up libqhull8.0:amd64 (2020.2-6build1) ...
2026-07-03T19:07:45.7373386Z Setting up libgirepository-2.0-0:amd64 (2.80.0-6ubuntu3.8) ...
2026-07-03T19:07:45.7402202Z Setting up libgeos3.12.1t64:amd64 (3.12.1-3build1) ...
2026-07-03T19:07:45.7429618Z Setting up libjson-c-dev:amd64 (0.17-1build1) ...
2026-07-03T19:07:45.7462890Z Setting up libgeos-c1t64:amd64 (3.12.1-3build1) ...
2026-07-03T19:07:45.7478260Z Setting up libfribidi-dev:amd64 (1.0.13-3build1) ...
2026-07-03T19:07:45.7505670Z Setting up libsqlite3-0:amd64 (3.45.1-1ubuntu2.6) ...
2026-07-03T19:07:45.7531201Z Setting up libpng-dev:amd64 (1.6.43-5ubuntu0.6) ...
2026-07-03T19:07:45.7555166Z Setting up libjbig-dev:amd64 (2.1-6.1ubuntu2) ...
2026-07-03T19:07:45.7581211Z Setting up libcurl3t64-gnutls:amd64 (8.5.0-2ubuntu10.10) ...
2026-07-03T19:07:45.7603961Z Setting up libwebpdecoder3:amd64 (1.3.2-0.4build3) ...
2026-07-03T19:07:45.7636336Z Setting up liblqr-1-0-dev:amd64 (0.4.2-2.1build2) ...
2026-07-03T19:07:45.7662853Z Setting up libqhull-r8.0:amd64 (2020.2-6build1) ...
2026-07-03T19:07:45.7688272Z Setting up node-cjs-module-lexer (1.2.3+dfsg-1) ...
2026-07-03T19:07:45.7714987Z Setting up libharfbuzz-gobject0:amd64 (8.3.0-2build2) ...
2026-07-03T19:07:45.7741993Z Setting up libsuperlu6:amd64 (6.0.1+dfsg1-1build1) ...
2026-07-03T19:07:45.7766258Z Setting up libxerces-c3.2t64:amd64 (3.2.4+debian-1.2ubuntu2) ...
2026-07-03T19:07:45.7792920Z Setting up gir1.2-harfbuzz-0.0:amd64 (8.3.0-2build2) ...
2026-07-03T19:07:45.7816969Z Setting up libpthread-stubs0-dev:amd64 (0.4-1build3) ...
2026-07-03T19:07:45.7839983Z Setting up libaec0:amd64 (1.1.2-1build1) ...
2026-07-03T19:07:45.7863978Z Setting up gdal-data (3.8.4+dfsg-3ubuntu3) ...
2026-07-03T19:07:45.7890269Z Setting up libaom-dev:amd64 (3.8.2-2ubuntu0.1) ...
2026-07-03T19:07:45.7921614Z Setting up librsvg2-2:amd64 (2.58.0+dfsg-1build1) ...
2026-07-03T19:07:45.7947846Z Setting up libltdl-dev:amd64 (2.4.7-7build1) ...
2026-07-03T19:07:45.7970731Z Setting up xtrans-dev (1.4.0-1) ...
2026-07-03T19:07:45.7994464Z Setting up libgraphite2-dev:amd64 (1.3.14-2ubuntu0.24.04.1) ...
2026-07-03T19:07:45.8015527Z Setting up libcfitsio10t64:amd64 (4.3.1-1.1build2) ...
2026-07-03T19:07:45.8041525Z Setting up libjxr0t64:amd64 (1.2~git20170615.f752187-5.1ubuntu2) ...
2026-07-03T19:07:45.8067098Z Setting up libharfbuzz-cairo0:amd64 (8.3.0-2build2) ...
2026-07-03T19:07:45.8096414Z Setting up libwmf-0.2-7:amd64 (0.2.13-1.1build3) ...
2026-07-03T19:07:45.8121425Z Setting up libsqlite3-dev:amd64 (3.45.1-1ubuntu2.6) ...
2026-07-03T19:07:45.8146811Z Setting up libopenjp2-7-dev:amd64 (2.5.0-2ubuntu0.5) ...
2026-07-03T19:07:45.8169163Z Setting up libcurl4-openssl-dev:amd64 (8.5.0-2ubuntu10.10) ...
2026-07-03T19:07:45.8195624Z Setting up libxerces-c-dev:amd64 (3.2.4+debian-1.2ubuntu2) ...
2026-07-03T19:07:45.8223991Z Setting up uuid-dev:amd64 (2.39.3-9ubuntu6.5) ...
2026-07-03T19:07:45.8252034Z Setting up gsfonts (2:20200910-8) ...
2026-07-03T19:07:45.8331966Z Setting up libgeos-dev (3.12.1-3build1) ...
2026-07-03T19:07:45.8358262Z Setting up libexif12:amd64 (0.6.24-1build2) ...
2026-07-03T19:07:45.8383173Z Setting up libimath-3-1-29t64:amd64 (3.1.9-3.1ubuntu2) ...
2026-07-03T19:07:45.8406149Z Setting up python3-markdown (3.5.2-1) ...
2026-07-03T19:07:45.9626221Z Setting up libjsoncpp25:amd64 (1.9.5-6build1) ...
2026-07-03T19:07:45.9635542Z Setting up unixodbc-common (2.3.12-1ubuntu0.24.04.1) ...
2026-07-03T19:07:45.9768842Z Setting up libqhullcpp8.0:amd64 (2020.2-6build1) ...
2026-07-03T19:07:45.9795315Z Setting up libsepol-dev:amd64 (3.5-2build1) ...
2026-07-03T19:07:45.9826453Z Setting up liblerc-dev:amd64 (4.0.0+ds-4ubuntu2) ...
2026-07-03T19:07:45.9849715Z Setting up librsvg2-common:amd64 (2.58.0+dfsg-1build1) ...
2026-07-03T19:07:45.9892723Z Setting up python3-numpy (1:1.26.4+ds-6ubuntu1) ...
2026-07-03T19:07:47.2166393Z Setting up libqhull-dev:amd64 (2020.2-6build1) ...
2026-07-03T19:07:47.2193116Z Setting up libhdf4-0-alt:amd64 (4.2.16-4build1) ...
2026-07-03T19:07:47.2277119Z Setting up nodejs-doc (18.19.1+dfsg-6ubuntu5) ...
2026-07-03T19:07:47.2300833Z Setting up libx265-199:amd64 (3.5-2build1) ...
2026-07-03T19:07:47.2327528Z Setting up libmagick++-6.q16-9t64:amd64 (8:6.9.12.98+dfsg1-5.2build2) ...
2026-07-03T19:07:47.2355378Z Setting up liblcms2-dev:amd64 (2.14-2ubuntu0.1) ...
2026-07-03T19:07:47.2380482Z Setting up libgif7:amd64 (5.2.2-1ubuntu1) ...
2026-07-03T19:07:47.2412662Z Setting up liburiparser1:amd64 (0.9.7+dfsg-2build1) ...
2026-07-03T19:07:47.2441555Z Setting up libfyba0t64:amd64 (4.1.1-11build1) ...
2026-07-03T19:07:47.2475689Z Setting up librttopo1:amd64 (1.1.0-3build2) ...
2026-07-03T19:07:47.2501334Z Setting up libudunits2-data (2.2.28-7build1) ...
2026-07-03T19:07:47.2528720Z Setting up libdav1d7:amd64 (1.4.1-1build1) ...
2026-07-03T19:07:47.2556684Z Setting up libminizip1t64:amd64 (1:1.3.dfsg-3.1ubuntu2.1) ...
2026-07-03T19:07:47.2583614Z Setting up libgif-dev:amd64 (5.2.2-1ubuntu1) ...
2026-07-03T19:07:47.2610765Z Setting up gir1.2-glib-2.0-dev:amd64 (2.80.0-6ubuntu3.8) ...
2026-07-03T19:07:47.2636313Z Setting up libexif-doc (0.6.24-1build2) ...
2026-07-03T19:07:47.2663388Z Setting up libgdk-pixbuf2.0-bin (2.42.10+dfsg-3ubuntu3.3) ...
2026-07-03T19:07:47.2690889Z Setting up librhash0:amd64 (1.4.3-3build1) ...
2026-07-03T19:07:47.2719229Z Setting up libblosc1:amd64 (1.21.5+ds-1build1) ...
2026-07-03T19:07:47.2746410Z Setting up libharfbuzz-subset0:amd64 (8.3.0-2build2) ...
2026-07-03T19:07:47.2859836Z Setting up build-essential (12.10ubuntu1) ...
2026-07-03T19:07:47.2884019Z Setting up xorg-sgml-doctools (1:1.11-1.1) ...
2026-07-03T19:07:47.2956472Z Setting up cmake-data (3.28.3-1build7) ...
2026-07-03T19:07:47.3021225Z Setting up libboost-dev:amd64 (1.83.0.1ubuntu2) ...
2026-07-03T19:07:47.3044938Z Setting up libabsl20220623t64:amd64 (20220623.1-3.1ubuntu3.2) ...
2026-07-03T19:07:47.3072580Z Setting up curl (8.5.0-2ubuntu10.10) ...
2026-07-03T19:07:47.3096715Z Setting up libmagickcore-6-headers (8:6.9.12.98+dfsg1-5.2build2) ...
2026-07-03T19:07:47.3124148Z Setting up libdjvulibre-text (3.5.28-2ubuntu0.24.04.2) ...
2026-07-03T19:07:47.3148094Z Setting up libssh2-1t64:amd64 (1.11.0-4.1ubuntu0.24.04.2) ...
2026-07-03T19:07:47.3176880Z Setting up pandoc-data (3.1.3-1) ...
2026-07-03T19:07:47.3203478Z Setting up libjpeg8-dev:amd64 (8c-2ubuntu11) ...
2026-07-03T19:07:47.3233562Z Setting up node-xtend (4.0.2-3) ...
2026-07-03T19:07:47.3258855Z Setting up gir1.2-rsvg-2.0:amd64 (2.58.0+dfsg-1build1) ...
2026-07-03T19:07:47.3289355Z Setting up libde265-0:amd64 (1.0.15-1build3) ...
2026-07-03T19:07:47.3312882Z Setting up libsharpyuv-dev:amd64 (1.3.2-0.4build3) ...
2026-07-03T19:07:47.3335896Z Setting up libkmlbase1t64:amd64 (1.3.0-12build1) ...
2026-07-03T19:07:47.3387205Z Setting up libsuperlu-dev:amd64 (6.0.1+dfsg1-1build1) ...
2026-07-03T19:07:47.3415116Z Setting up libtiffxx6:amd64 (4.5.1+git230720-4ubuntu2.5) ...
2026-07-03T19:07:47.3450722Z Setting up libogdi-dev (4.1.1+ds-3build1) ...
2026-07-03T19:07:47.3474927Z Setting up libcfitsio-doc (4.3.1-1.1build2) ...
2026-07-03T19:07:47.3497968Z Setting up sqlite3 (3.45.1-1ubuntu2.6) ...
2026-07-03T19:07:47.3530720Z Setting up libbrotli-dev:amd64 (1.1.0-2build2) ...
2026-07-03T19:07:47.3556852Z Setting up libarmadillo12 (1:12.6.7+dfsg-1build2) ...
2026-07-03T19:07:47.3580885Z Setting up libsz2:amd64 (1.1.2-1build1) ...
2026-07-03T19:07:47.3606602Z Setting up python3-mako (1.3.2-1ubuntu0.1) ...
2026-07-03T19:07:47.4856821Z Setting up libhttp-parser2.9:amd64 (2.9.4-6build1) ...
2026-07-03T19:07:47.4888865Z Setting up libodbccr2:amd64 (2.3.12-1ubuntu0.24.04.1) ...
2026-07-03T19:07:47.4912979Z Setting up gdal-plugins:amd64 (3.8.4+dfsg-3ubuntu3) ...
2026-07-03T19:07:47.4935490Z Setting up node-busboy (1.6.0+~cs2.6.0-2) ...
2026-07-03T19:07:47.4961584Z Setting up libblkid-dev:amd64 (2.39.3-9ubuntu6.5) ...
2026-07-03T19:07:47.4985996Z Setting up libhttp-parser-dev:amd64 (2.9.4-6build1) ...
2026-07-03T19:07:47.5010577Z Setting up libimath-dev:amd64 (3.1.9-3.1ubuntu2) ...
2026-07-03T19:07:47.5033996Z Setting up librttopo-dev:amd64 (1.1.0-3build2) ...
2026-07-03T19:07:47.5057500Z Setting up libodbcinst2:amd64 (2.3.12-1ubuntu0.24.04.1) ...
2026-07-03T19:07:47.5082731Z Setting up libmagickcore-6-arch-config:amd64 (8:6.9.12.98+dfsg1-5.2build2) ...
2026-07-03T19:07:47.5113378Z Setting up libexif-dev:amd64 (0.6.24-1build2) ...
2026-07-03T19:07:47.5140274Z Setting up libkmlxsd1t64:amd64 (1.3.0-12build1) ...
2026-07-03T19:07:47.5164921Z Setting up libarpack2-dev:amd64 (3.9.1-1.1build2) ...
2026-07-03T19:07:47.5190170Z Setting up libcfitsio-dev:amd64 (4.3.1-1.1build2) ...
2026-07-03T19:07:47.5213773Z Setting up libjxr-tools (1.2~git20170615.f752187-5.1ubuntu2) ...
2026-07-03T19:07:47.5235998Z Setting up libproj25:amd64 (9.4.0-1build2) ...
2026-07-03T19:07:47.5264129Z Setting up libpoppler134:amd64 (24.02.0-1ubuntu9.9) ...
2026-07-03T19:07:47.5289012Z Setting up libblosc-dev:amd64 (1.21.5+ds-1build1) ...
2026-07-03T19:07:47.5316024Z Setting up libselinux1-dev:amd64 (3.5-2ubuntu2.1) ...
2026-07-03T19:07:47.5341184Z Setting up libmagickwand-6-headers (8:6.9.12.98+dfsg1-5.2build2) ...
2026-07-03T19:07:47.5364000Z Setting up libfyba-dev:amd64 (4.1.1-11build1) ...
2026-07-03T19:07:47.5389020Z Setting up gobject-introspection-bin (1.80.1-1) ...
2026-07-03T19:07:47.6840943Z Setting up libaec-dev:amd64 (1.1.2-1build1) ...
2026-07-03T19:07:47.6869379Z Setting up libdjvulibre21:amd64 (3.5.28-2ubuntu0.24.04.2) ...
2026-07-03T19:07:47.6893503Z Setting up libjpeg-dev:amd64 (8c-2ubuntu11) ...
2026-07-03T19:07:47.6916020Z Setting up proj-bin (9.4.0-1build2) ...
2026-07-03T19:07:47.6938689Z Setting up gir1.2-girepository-2.0-dev:amd64 (1.80.1-1) ...
2026-07-03T19:07:47.6962743Z Setting up libdjvulibre-dev:amd64 (3.5.28-2ubuntu0.24.04.2) ...
2026-07-03T19:07:47.6985506Z Setting up libgeotiff5:amd64 (1.7.1-5build1) ...
2026-07-03T19:07:47.7012857Z Setting up libfreetype-dev:amd64 (2.13.2+dfsg-1ubuntu0.1) ...
2026-07-03T19:07:47.7037493Z Setting up liburiparser-dev (0.9.7+dfsg-2build1) ...
2026-07-03T19:07:47.7059676Z Setting up libkmldom1t64:amd64 (1.3.0-12build1) ...
2026-07-03T19:07:47.7092954Z Setting up libminizip-dev:amd64 (1:1.3.dfsg-3.1ubuntu2.1) ...
2026-07-03T19:07:47.7116683Z Setting up libwebp-dev:amd64 (1.3.2-0.4build3) ...
2026-07-03T19:07:47.7139449Z Setting up pandoc (3.1.3+ds-2) ...
2026-07-03T19:07:47.7169576Z Setting up libtiff-dev:amd64 (4.5.1+git230720-4ubuntu2.5) ...
2026-07-03T19:07:47.7201472Z Setting up libde265-dev:amd64 (1.0.15-1build3) ...
2026-07-03T19:07:47.7226062Z Setting up libdav1d-dev:amd64 (1.4.1-1build1) ...
2026-07-03T19:07:47.7251488Z Setting up libopenexr-3-1-30:amd64 (3.1.5-5.1build3) ...
2026-07-03T19:07:47.7277849Z Setting up gir1.2-freedesktop-dev:amd64 (1.80.1-1) ...
2026-07-03T19:07:47.7303170Z Setting up libx265-dev:amd64 (3.5-2build1) ...
2026-07-03T19:07:47.7329682Z Setting up libproj-dev:amd64 (9.4.0-1build2) ...
2026-07-03T19:07:47.7354889Z Setting up libssh2-1-dev:amd64 (1.11.0-4.1ubuntu0.24.04.2) ...
2026-07-03T19:07:47.7385004Z Setting up libabsl-dev:amd64 (20220623.1-3.1ubuntu3.2) ...
2026-07-03T19:07:47.7409864Z Setting up node-undici (5.26.3+dfsg1+~cs23.10.12-2) ...
2026-07-03T19:07:47.7434056Z Setting up libfreexl1:amd64 (2.0.0-1build2) ...
2026-07-03T19:07:47.7459267Z Setting up cmake (3.28.3-1build7) ...
2026-07-03T19:07:47.7487327Z Setting up libgit2-1.7:amd64 (1.7.2+ds-1ubuntu3) ...
2026-07-03T19:07:47.7521849Z Setting up libmagickcore-6.q16-7-extra:amd64 (8:6.9.12.98+dfsg1-5.2build2) ...
2026-07-03T19:07:47.7539302Z Setting up libhdf5-103-1t64:amd64 (1.10.10+repack-3.1ubuntu4) ...
2026-07-03T19:07:47.7567705Z Setting up unixodbc-dev:amd64 (2.3.12-1ubuntu0.24.04.1) ...
2026-07-03T19:07:47.7591197Z Setting up libmount-dev:amd64 (2.39.3-9ubuntu6.5) ...
2026-07-03T19:07:47.7611754Z Setting up libgit2-dev:amd64 (1.7.2+ds-1ubuntu3) ...
2026-07-03T19:07:47.7635556Z Setting up libspatialite8t64:amd64 (5.1.0-3build1) ...
2026-07-03T19:07:47.7660641Z Setting up libpoppler-dev:amd64 (24.02.0-1ubuntu9.9) ...
2026-07-03T19:07:47.7685868Z Setting up libhdf5-hl-100t64:amd64 (1.10.10+repack-3.1ubuntu4) ...
2026-07-03T19:07:47.7710960Z Setting up libnetcdf19t64:amd64 (1:4.9.2-5ubuntu4) ...
2026-07-03T19:07:47.7745031Z Setting up libmagick++-6-headers (8:6.9.12.98+dfsg1-5.2build2) ...
2026-07-03T19:07:47.7877302Z Setting up libgeotiff-dev:amd64 (1.7.1-5build1) ...
2026-07-03T19:07:47.7901093Z Setting up libfontconfig-dev:amd64 (2.15.0-1.1ubuntu2) ...
2026-07-03T19:07:47.7940901Z Setting up libfreexl-dev:amd64 (2.0.0-1build2) ...
2026-07-03T19:07:47.7962885Z Setting up libpoppler-private-dev:amd64 (24.02.0-1ubuntu9.9) ...
2026-07-03T19:07:47.7995846Z Setting up libhdf5-cpp-103-1t64:amd64 (1.10.10+repack-3.1ubuntu4) ...
2026-07-03T19:07:47.8028528Z Setting up libheif-dev:amd64 (1.17.6-1ubuntu4.4) ...
2026-07-03T19:07:47.8061063Z Setting up libhdf5-fortran-102t64:amd64 (1.10.10+repack-3.1ubuntu4) ...
2026-07-03T19:07:47.8085803Z Setting up libkmlengine1t64:amd64 (1.3.0-12build1) ...
2026-07-03T19:07:47.8117612Z Setting up libgdal34t64:amd64 (3.8.4+dfsg-3ubuntu3) ...
2026-07-03T19:07:47.8139429Z Setting up libopenexr-dev (3.1.5-5.1build3) ...
2026-07-03T19:07:47.8164379Z Setting up libglib2.0-dev:amd64 (2.80.0-6ubuntu3.8) ...
2026-07-03T19:07:47.8193459Z Setting up libspatialite-dev:amd64 (5.1.0-3build1) ...
2026-07-03T19:07:47.8222626Z Setting up libkmlconvenience1t64:amd64 (1.3.0-12build1) ...
2026-07-03T19:07:47.8245418Z Setting up libhdf5-hl-cpp-100t64:amd64 (1.10.10+repack-3.1ubuntu4) ...
2026-07-03T19:07:47.8270826Z Setting up python3-gdal (3.8.4+dfsg-3ubuntu3) ...
2026-07-03T19:07:48.1031071Z Setting up libfontconfig1-dev:amd64 (2.15.0-1.1ubuntu2) ...
2026-07-03T19:07:48.1058011Z Setting up libkmlregionator1t64:amd64 (1.3.0-12build1) ...
2026-07-03T19:07:48.1086188Z Setting up libhdf5-hl-fortran-100t64:amd64 (1.10.10+repack-3.1ubuntu4) ...
2026-07-03T19:07:48.1116384Z Setting up gdal-bin (3.8.4+dfsg-3ubuntu3) ...
2026-07-03T19:07:48.1780771Z Setting up libhdf5-dev (1.10.10+repack-3.1ubuntu4) ...
2026-07-03T19:07:48.1837348Z update-alternatives: using /usr/lib/x86_64-linux-gnu/pkgconfig/hdf5-serial.pc to provide /usr/lib/x86_64-linux-gnu/pkgconfig/hdf5.pc (hdf5.pc) in auto mode
2026-07-03T19:07:48.1860249Z Setting up libnetcdf-dev (1:4.9.2-5ubuntu4) ...
2026-07-03T19:07:48.1928733Z Setting up libkml-dev:amd64 (1.3.0-12build1) ...
2026-07-03T19:07:48.1962131Z Setting up libarmadillo-dev (1:12.6.7+dfsg-1build2) ...
2026-07-03T19:07:48.1992267Z Setting up libhdf4-alt-dev (4.2.16-4build1) ...
2026-07-03T19:07:48.2018106Z Setting up libgdal-dev (3.8.4+dfsg-3ubuntu3) ...
2026-07-03T19:07:48.2200974Z Setting up node-acorn (8.8.1+ds+~cs25.17.7-2) ...
2026-07-03T19:07:48.2339556Z Setting up libnode109:amd64 (18.19.1+dfsg-6ubuntu5) ...
2026-07-03T19:07:48.2389719Z Setting up nodejs (18.19.1+dfsg-6ubuntu5) ...
2026-07-03T19:07:48.2447826Z update-alternatives: using /usr/bin/nodejs to provide /usr/bin/js (js) in auto mode
2026-07-03T19:07:48.2587696Z Setting up libnode-dev (18.19.1+dfsg-6ubuntu5) ...
2026-07-03T19:07:48.2968789Z Processing triggers for libc-bin (2.39-0ubuntu8.7) ...
2026-07-03T19:07:48.3245468Z Processing triggers for man-db (2.12.0-4build2) ...
2026-07-03T19:07:48.3261581Z Not building database; man-db/auto-update is not 'true'.
2026-07-03T19:07:48.3314751Z Processing triggers for libglib2.0-0t64:amd64 (2.80.0-6ubuntu3.8) ...
2026-07-03T19:07:48.3589512Z Processing triggers for libgdk-pixbuf-2.0-0:amd64 (2.42.10+dfsg-3ubuntu3.3) ...
2026-07-03T19:07:48.4002559Z Processing triggers for sgml-base (1.31) ...
2026-07-03T19:07:48.4206680Z Processing triggers for install-info (7.1-3build2) ...
2026-07-03T19:07:48.5073012Z Setting up x11proto-dev (2023.2-1) ...
2026-07-03T19:07:48.5107826Z Setting up libgdk-pixbuf-2.0-dev:amd64 (2.42.10+dfsg-3ubuntu3.3) ...
2026-07-03T19:07:48.5146220Z Setting up libharfbuzz-dev:amd64 (8.3.0-2build2) ...
2026-07-03T19:07:48.5170770Z Setting up libudunits2-0 (2.2.28-7build1) ...
2026-07-03T19:07:48.5220947Z Setting up libxau-dev:amd64 (1:1.0.9-1build6) ...
2026-07-03T19:07:48.5248734Z Setting up libice-dev:amd64 (2:1.0.10-1build3) ...
2026-07-03T19:07:48.5276662Z Setting up libudunits2-dev (2.2.28-7build1) ...
2026-07-03T19:07:48.5303214Z Setting up libsm-dev:amd64 (2:1.2.3-1build3) ...
2026-07-03T19:07:48.5336408Z Setting up gobject-introspection:amd64 (1.80.1-1) ...
2026-07-03T19:07:48.5473333Z Setting up libxdmcp-dev:amd64 (1:1.1.3-0ubuntu6) ...
2026-07-03T19:07:48.5519333Z Setting up libgirepository-1.0-dev:amd64 (1.80.1-1) ...
2026-07-03T19:07:48.5617602Z Setting up libxcb1-dev:amd64 (1.15-1ubuntu2) ...
2026-07-03T19:07:48.5642991Z Setting up libx11-dev:amd64 (2:1.8.7-1build1) ...
2026-07-03T19:07:48.5681782Z Setting up libxcb-shm0-dev:amd64 (1.15-1ubuntu2) ...
2026-07-03T19:07:48.5709446Z Setting up libwmf-dev (0.2.13-1.1build3) ...
2026-07-03T19:07:48.5745163Z Setting up libgirepository1.0-dev (1.80.1-1) ...
2026-07-03T19:07:48.5770742Z Setting up libxt-dev:amd64 (1:1.2.1-1.2build1) ...
2026-07-03T19:07:48.5796802Z Setting up libxcb-render0-dev:amd64 (1.15-1ubuntu2) ...
2026-07-03T19:07:48.5833136Z Setting up libxext-dev:amd64 (2:1.3.4-1build2) ...
2026-07-03T19:07:48.5898496Z Setting up libxrender-dev:amd64 (1:0.9.10-1.1build1) ...
2026-07-03T19:07:48.5996544Z Setting up libcairo2-dev:amd64 (1.18.0-3build1) ...
2026-07-03T19:07:48.6089015Z Setting up librsvg2-dev:amd64 (2.58.0+dfsg-1build1) ...
2026-07-03T19:07:48.6160639Z Setting up libmagickcore-6.q16-dev:amd64 (8:6.9.12.98+dfsg1-5.2build2) ...
2026-07-03T19:07:48.6214623Z Setting up libmagickwand-6.q16-dev:amd64 (8:6.9.12.98+dfsg1-5.2build2) ...
2026-07-03T19:07:48.6268131Z Setting up libmagick++-6.q16-dev:amd64 (8:6.9.12.98+dfsg1-5.2build2) ...
2026-07-03T19:07:48.6305720Z Setting up libmagick++-dev (8:6.9.12.98+dfsg1-5.2build2) ...
2026-07-03T19:07:48.6332881Z Processing triggers for libc-bin (2.39-0ubuntu8.7) ...
2026-07-03T19:07:49.0290877Z Running kernel seems to be up-to-date.
2026-07-03T19:07:49.0291102Z 
2026-07-03T19:07:49.0291210Z Restarting services...
2026-07-03T19:07:49.0417609Z systemctl restart packagekit.service php8.3-fpm.service
2026-07-03T19:07:49.1134003Z No containers need to be restarted.
2026-07-03T19:07:49.1134438Z 
2026-07-03T19:07:49.1134887Z No user sessions are running outdated binaries.
2026-07-03T19:07:49.1135189Z 
2026-07-03T19:07:49.1135558Z No VM guests are running outdated hypervisor (qemu) binaries on this host.
2026-07-03T19:07:49.7642210Z ℹ Packaging tidytemplate 1.0.0
2026-07-03T19:07:50.1844643Z ✔ Packaged tidytemplate 1.0.0 (415ms)
2026-07-03T19:07:50.1932240Z ℹ Building tidytemplate 1.0.0
2026-07-03T19:07:51.3704658Z ✔ Built tidytemplate 1.0.0 (673ms)
2026-07-03T19:07:52.4090617Z ✔ Installed tidytemplate 1.0.0 (github::tidyverse/tidytemplate@f7bdedf) (1s)
2026-07-03T19:07:53.4449813Z ✔ Installed adbcdrivermanager 0.23.0-2  (1s)
2026-07-03T19:07:54.8250501Z ✔ Installed arrow 24.0.0  (1.4s)
2026-07-03T19:07:55.8548307Z ✔ Installed assertthat 0.2.1  (1s)
2026-07-03T19:07:56.8900492Z ✔ Installed bit 4.6.0  (1s)
2026-07-03T19:07:56.9240274Z ✔ Installed bit64 4.8.2  (17ms)
2026-07-03T19:07:57.9555051Z ✔ Installed blob 1.3.0  (1s)
2026-07-03T19:07:57.9867378Z ✔ Installed brio 1.1.5  (14ms)
2026-07-03T19:07:58.0233953Z ✔ Installed callr 3.8.0  (16ms)
2026-07-03T19:07:59.0576951Z ✔ Installed classInt 0.4-11  (1s)
2026-07-03T19:07:59.1034247Z ✔ Installed cli 3.6.6  (26ms)
2026-07-03T19:08:00.1635908Z ✔ Installed clock 0.7.4  (1s)
2026-07-03T19:08:00.2001406Z ✔ Installed cpp11 0.5.5  (19ms)
2026-07-03T19:08:01.2297826Z ✔ Installed crayon 1.5.3  (1s)
2026-07-03T19:08:02.2708410Z ✔ Installed DBI 1.3.0  (1s)
2026-07-03T19:08:02.3187084Z ✔ Installed DBItest 1.8.2  (30ms)
2026-07-03T19:08:02.3652906Z ✔ Installed dbplyr 2.6.0  (28ms)
2026-07-03T19:08:02.4010494Z ✔ Installed desc 1.4.3  (17ms)
2026-07-03T19:08:03.4425917Z ✔ Installed diffobj 0.3.6  (1s)
2026-07-03T19:08:03.4943672Z ✔ Installed dplyr 1.2.1  (32ms)
2026-07-03T19:08:03.5338741Z ✔ Installed e1071 1.7-17  (20ms)
2026-07-03T19:08:04.5635746Z ✔ Installed evaluate 1.0.5  (1s)
2026-07-03T19:08:05.5969089Z ✔ Installed fs 2.1.0  (1s)
2026-07-03T19:08:06.6261143Z ✔ Installed generics 0.1.4  (1s)
2026-07-03T19:08:06.6597825Z ✔ Installed glue 1.8.1  (15ms)
2026-07-03T19:08:07.6884608Z ✔ Installed hms 1.1.4  (1s)
2026-07-03T19:08:07.7337121Z ✔ Installed jsonlite 2.0.0  (27ms)
2026-07-03T19:08:08.7641238Z ✔ Installed lifecycle 1.0.5  (1s)
2026-07-03T19:08:08.8053488Z ✔ Installed lubridate 1.9.5  (23ms)
2026-07-03T19:08:09.8358761Z ✔ Installed magrittr 2.0.5  (1s)
2026-07-03T19:08:10.8764285Z ✔ Installed nanoarrow 0.8.0-1  (1s)
2026-07-03T19:08:11.9073878Z ✔ Installed otel 0.2.0  (1s)
2026-07-03T19:08:11.9597434Z ✔ Installed palmerpenguins 0.1.1  (33ms)
2026-07-03T19:08:12.9996661Z ✔ Installed pillar 1.11.1  (1s)
2026-07-03T19:08:13.0315752Z ✔ Installed pkgbuild 1.4.8  (15ms)
2026-07-03T19:08:14.0599528Z ✔ Installed pkgconfig 2.0.3  (1s)
2026-07-03T19:08:14.0914315Z ✔ Installed pkgload 1.5.3  (14ms)
2026-07-03T19:08:14.1225511Z ✔ Installed praise 1.0.0  (15ms)
2026-07-03T19:08:14.1557606Z ✔ Installed processx 3.9.0  (16ms)
2026-07-03T19:08:15.1855443Z ✔ Installed proxy 0.4-29  (1s)
2026-07-03T19:08:15.2211620Z ✔ Installed ps 1.9.3  (18ms)
2026-07-03T19:08:15.2580923Z ✔ Installed purrr 1.2.2  (20ms)
2026-07-03T19:08:16.2878761Z ✔ Installed R6 2.6.1  (1s)
2026-07-03T19:08:17.3488379Z ✔ Installed Rcpp 1.1.1-1.1  (1s)
2026-07-03T19:08:17.3942277Z ✔ Installed rlang 1.2.0  (26ms)
2026-07-03T19:08:17.4271360Z ✔ Installed rprojroot 2.1.1  (14ms)
2026-07-03T19:08:18.4875327Z ✔ Installed s2 1.1.11  (1s)
2026-07-03T19:08:18.5835030Z ✔ Installed sf 1.1-1  (78ms)
2026-07-03T19:08:19.6696497Z ✔ Installed stringi 1.8.7  (1.1s)
2026-07-03T19:08:19.7048318Z ✔ Installed stringr 1.6.0  (16ms)
2026-07-03T19:08:19.7550329Z ✔ Installed testthat 3.3.2  (33ms)
2026-07-03T19:08:19.7950804Z ✔ Installed tibble 3.3.1  (23ms)
2026-07-03T19:08:19.8410402Z ✔ Installed tidyr 1.3.2  (26ms)
2026-07-03T19:08:20.8714635Z ✔ Installed tidyselect 1.2.1  (1s)
2026-07-03T19:08:20.9065861Z ✔ Installed timechange 0.4.0  (17ms)
2026-07-03T19:08:20.9505197Z ✔ Installed tzdb 0.5.0  (26ms)
2026-07-03T19:08:20.9886034Z ✔ Installed units 1.0-1  (19ms)
2026-07-03T19:08:22.0191706Z ✔ Installed utf8 1.2.6  (1s)
2026-07-03T19:08:23.0672405Z ✔ Installed vctrs 0.7.3  (1s)
2026-07-03T19:08:23.0999255Z ✔ Installed waldo 0.6.2  (13ms)
2026-07-03T19:08:23.2426612Z ✔ Installed withr 3.0.3  (126ms)
2026-07-03T19:08:23.3233351Z ✔ Installed wk 0.9.5  (63ms)
2026-07-03T19:08:24.3558878Z ✔ Installed askpass 1.2.1  (1s)
2026-07-03T19:08:25.3859223Z ✔ Installed base64enc 0.1-6  (1s)
2026-07-03T19:08:26.4220482Z ✔ Installed bigD 0.3.1  (1s)
2026-07-03T19:08:26.4529085Z ✔ Installed bitops 1.0-9  (12ms)
2026-07-03T19:08:26.5586345Z ✔ Installed bslib 0.11.0  (88ms)
2026-07-03T19:08:27.5856275Z ✔ Installed cachem 1.1.0  (1s)
2026-07-03T19:08:27.6167718Z ✔ Installed clipr 0.8.1  (14ms)
2026-07-03T19:08:28.6510644Z ✔ Installed commonmark 2.0.0  (1s)
2026-07-03T19:08:28.7221179Z ✔ Installed covr 3.6.5  (55ms)
2026-07-03T19:08:28.8595308Z ✔ Installed credentials 2.0.3  (120ms)
2026-07-03T19:08:28.9708811Z ✔ Installed curl 7.1.0  (95ms)
2026-07-03T19:08:30.0036073Z ✔ Installed diffviewer 0.1.2  (1s)
2026-07-03T19:08:30.0391260Z ✔ Installed digest 0.6.39  (19ms)
2026-07-03T19:08:30.0716504Z ✔ Installed downlit 0.4.5  (13ms)
2026-07-03T19:08:30.1033692Z ✔ Installed fansi 1.0.7  (15ms)
2026-07-03T19:08:30.1482687Z ✔ Installed farver 2.1.2  (29ms)
2026-07-03T19:08:31.1773966Z ✔ Installed fastmap 1.2.0  (1s)
2026-07-03T19:08:31.2195762Z ✔ Installed fontawesome 0.5.3  (25ms)
2026-07-03T19:08:31.2955075Z ✔ Installed gert 2.3.1  (57ms)
2026-07-03T19:08:32.3255591Z ✔ Installed gh 1.6.0  (1s)
2026-07-03T19:08:32.3573621Z ✔ Installed gitcreds 0.1.2  (15ms)
2026-07-03T19:08:32.4376442Z ✔ Installed gt 1.3.0  (61ms)
2026-07-03T19:08:33.4695950Z ✔ Installed highr 0.12  (1s)
2026-07-03T19:08:33.5067039Z ✔ Installed htmltools 0.5.9  (18ms)
2026-07-03T19:08:33.5522932Z ✔ Installed htmlwidgets 1.6.4  (25ms)
2026-07-03T19:08:33.5970058Z ✔ Installed httpuv 1.6.17  (26ms)
2026-07-03T19:08:33.6315940Z ✔ Installed httr 1.4.8  (15ms)
2026-07-03T19:08:33.6703456Z ✔ Installed httr2 1.2.3  (21ms)
2026-07-03T19:08:34.6980569Z ✔ Installed ini 0.3.1  (1s)
2026-07-03T19:08:35.7357239Z ✔ Installed jose 2.0.0  (1s)
2026-07-03T19:08:35.7738334Z ✔ Installed jquerylib 0.1.4  (21ms)
2026-07-03T19:08:35.8162038Z ✔ Installed juicyjuice 0.1.0  (25ms)
2026-07-03T19:08:36.8599767Z ✔ Installed knitr 1.51  (1s)
2026-07-03T19:08:36.8904913Z ✔ Installed labeling 0.4.3  (11ms)
2026-07-03T19:08:37.9234432Z ✔ Installed later 1.4.8  (1s)
2026-07-03T19:08:38.9579477Z ✔ Installed litedown 0.9  (1s)
2026-07-03T19:08:39.0410852Z ✔ Installed magick 2.9.1  (65ms)
2026-07-03T19:08:39.0708444Z ✔ Installed markdown 2.0  (13ms)
2026-07-03T19:08:40.0991511Z ✔ Installed memoise 2.0.1  (1s)
2026-07-03T19:08:40.1280205Z ✔ Installed mime 0.13  (12ms)
2026-07-03T19:08:40.1691972Z ✔ Installed nanonext 1.10.0  (23ms)
2026-07-03T19:08:40.2176689Z ✔ Installed openssl 2.4.2  (32ms)
2026-07-03T19:08:40.2542988Z ✔ Installed packrat 0.9.3  (20ms)
2026-07-03T19:08:41.2857687Z ✔ Installed PKI 0.1-15  (1s)
2026-07-03T19:08:41.3346235Z ✔ Installed promises 1.5.0  (32ms)
2026-07-03T19:08:42.3724995Z ✔ Installed quarto 1.5.1  (1s)
2026-07-03T19:08:42.4170900Z ✔ Installed ragg 1.5.2  (27ms)
2026-07-03T19:08:42.4470112Z ✔ Installed rappdirs 0.3.4  (13ms)
2026-07-03T19:08:43.4787461Z ✔ Installed RColorBrewer 1.1-3  (1s)
2026-07-03T19:08:43.5189535Z ✔ Installed RcppTOML 0.2.3  (21ms)
2026-07-03T19:08:44.5773866Z ✔ Installed reactable 0.4.5  (1s)
2026-07-03T19:08:44.6245307Z ✔ Installed reactR 0.6.1  (28ms)
2026-07-03T19:08:44.6812878Z ✔ Installed renv 1.2.3  (38ms)
2026-07-03T19:08:45.7114352Z ✔ Installed rex 1.2.2  (1s)
2026-07-03T19:08:45.7885664Z ✔ Installed rmarkdown 2.31  (60ms)
2026-07-03T19:08:46.8244017Z ✔ Installed rsconnect 1.10.0  (1s)
2026-07-03T19:08:47.8555057Z ✔ Installed rstudioapi 0.19.0  (1s)
2026-07-03T19:08:47.9623071Z ✔ Installed rticles 0.27  (91ms)
2026-07-03T19:08:48.0275645Z ✔ Installed sass 0.4.10  (47ms)
2026-07-03T19:08:48.0643114Z ✔ Installed scales 1.4.0  (20ms)
2026-07-03T19:08:49.1481317Z ✔ Installed servr 0.33  (1s)
2026-07-03T19:08:49.1764940Z ✔ Installed snowflakeauth 0.2.2  (13ms)
2026-07-03T19:08:50.2063862Z ✔ Installed sys 3.4.3  (1s)
2026-07-03T19:08:51.2490205Z ✔ Installed systemfonts 1.3.2  (1s)
2026-07-03T19:08:51.2831521Z ✔ Installed textshaping 1.0.5  (17ms)
2026-07-03T19:08:51.3144982Z ✔ Installed tinytex 0.60  (13ms)
2026-07-03T19:08:51.3516615Z ✔ Installed usethis 3.2.1  (21ms)
2026-07-03T19:08:51.3935791Z ✔ Installed V8 8.2.0  (26ms)
2026-07-03T19:08:52.4308277Z ✔ Installed viridisLite 0.4.3  (1s)
2026-07-03T19:08:53.4587416Z ✔ Installed whisker 0.4.1  (1s)
2026-07-03T19:08:53.4954410Z ✔ Installed xfun 0.59  (20ms)
2026-07-03T19:08:53.5292705Z ✔ Installed xml2 1.6.0  (17ms)
2026-07-03T19:08:54.5615627Z ✔ Installed yaml 2.3.12  (1s)
2026-07-03T19:08:54.5677589Z ℹ Packaging pkgdown 2.2.0.9000
2026-07-03T19:08:58.6464653Z ✔ Packaged pkgdown 2.2.0.9000 (4.1s)
2026-07-03T19:08:58.6579646Z ℹ Building pkgdown 2.2.0.9000
2026-07-03T19:09:01.8712532Z ✔ Built pkgdown 2.2.0.9000 (3.2s)
2026-07-03T19:09:02.9159258Z ✔ Installed pkgdown 2.2.0.9000 (github::r-lib/pkgdown@a6abe43) (1s)
2026-07-03T19:09:02.9701877Z ✔ Installed zip 3.0.0  (38ms)
2026-07-03T19:09:03.0033675Z ✔ Installed brew 1.0-10  (16ms)
2026-07-03T19:09:03.0127216Z ℹ Packaging roxygen2 8.0.0.9000
2026-07-03T19:09:03.7275619Z ✔ Packaged roxygen2 8.0.0.9000 (707ms)
2026-07-03T19:09:03.7370081Z ℹ Building roxygen2 8.0.0.9000
2026-07-03T19:09:13.1206703Z ✔ Built roxygen2 8.0.0.9000 (9.4s)
2026-07-03T19:09:13.1758902Z ✔ Installed roxygen2 8.0.0.9000 (github::r-lib/roxygen2@e74d556) (34ms)
2026-07-03T19:09:14.2063112Z ✔ Installed R.methodsS3 1.8.2  (1s)
2026-07-03T19:09:15.2408560Z ✔ Installed R.oo 1.27.1  (1s)
2026-07-03T19:09:16.2739747Z ✔ Installed S7 0.2.2  (1s)
2026-07-03T19:09:16.3076146Z ✔ Installed sessioninfo 1.2.4  (16ms)
2026-07-03T19:09:17.3376527Z ✔ Installed prettyunits 1.2.0  (1s)
2026-07-03T19:09:18.3667749Z ✔ Installed rcmdcheck 1.4.0  (1s)
2026-07-03T19:09:18.3989082Z ✔ Installed xopen 1.0.1  (13ms)
2026-07-03T19:09:18.4285038Z ✔ Installed decor 1.0.2  (12ms)
2026-07-03T19:09:18.4474293Z ✔ 5 pkgs + 145 deps: added 150, dld 147 (NA B) [2m 14.4s]
2026-07-03T19:09:18.4518140Z ✔ Installed lockfile '.github/pkg.lock'
2026-07-03T19:09:18.5166335Z ##[endgroup]
2026-07-03T19:09:18.5276019Z ##[group]Run # Pandoc check
2026-07-03T19:09:18.5276273Z [36;1m# Pandoc check[0m
2026-07-03T19:09:18.5276559Z [36;1mcat("::group::Check if package needs pandoc\n")[0m
2026-07-03T19:09:18.5276832Z [36;1mo <- ''[0m
2026-07-03T19:09:18.5277057Z [36;1mif (! o %in% c('true', 'false')) {[0m
2026-07-03T19:09:18.5277316Z [36;1m  if (Sys.which("pandoc") != "") {[0m
2026-07-03T19:09:18.5277667Z [36;1m    cat("Pandoc is already installed at", Sys.which("pandoc"), "\n")[0m
2026-07-03T19:09:18.5278006Z [36;1m    o <- 'false'[0m
2026-07-03T19:09:18.5278233Z [36;1m  } else if (file.exists("DESCRIPTION")) {[0m
2026-07-03T19:09:18.5278544Z [36;1m    deptypes <- list(direct = "all", indirect = character())[0m
2026-07-03T19:09:18.5278885Z [36;1m    deps <- pak::pkg_deps(".", dependencies = deptypes)[0m
2026-07-03T19:09:18.5279179Z [36;1m    if ("rmarkdown" %in% deps$package) {[0m
2026-07-03T19:09:18.5279456Z [36;1m      cat("Pandoc is needed for rmarkdown\n")[0m
2026-07-03T19:09:18.5279705Z [36;1m      o <- 'true'[0m
2026-07-03T19:09:18.5279897Z [36;1m    } else {[0m
2026-07-03T19:09:18.5280207Z [36;1m      cat("Pandoc is not needed\n")[0m
2026-07-03T19:09:18.5280443Z [36;1m      o <- 'false'[0m
2026-07-03T19:09:18.5280635Z [36;1m    }[0m
2026-07-03T19:09:18.5280804Z [36;1m  } else {[0m
2026-07-03T19:09:18.5281029Z [36;1m    cat("Pandoc is not needed, no R package found\n")[0m
2026-07-03T19:09:18.5281379Z [36;1m    o <- 'false'[0m
2026-07-03T19:09:18.5281560Z [36;1m  }[0m
2026-07-03T19:09:18.5281719Z [36;1m}[0m
2026-07-03T19:09:18.5281994Z [36;1mcat("install=", o, "\n", file = Sys.getenv("GITHUB_OUTPUT"), sep = "", append = TRUE)[0m
2026-07-03T19:09:18.5282332Z [36;1mcat("::endgroup::\n")[0m
2026-07-03T19:09:18.5286186Z shell: /usr/local/bin/Rscript {0}
2026-07-03T19:09:18.5286473Z env:
2026-07-03T19:09:18.5286660Z   _R_CHECK_PKG_SIZES_: FALSE
2026-07-03T19:09:18.5286884Z   R_REMOTES_NO_ERRORS_FROM_WARNINGS: true
2026-07-03T19:09:18.5287118Z   R_KEEP_PKG_SOURCE: yes
2026-07-03T19:09:18.5287324Z   _R_CHECK_SYSTEM_CLOCK_: FALSE
2026-07-03T19:09:18.5287553Z   _R_CHECK_FUTURE_FILE_TIMESTAMPS_: false
2026-07-03T19:09:18.5287776Z   RGL_USE_NULL: true
2026-07-03T19:09:18.5287981Z   _R_CHECK_CRAN_INCOMING_CHECK_FILE_URIS_: true
2026-07-03T19:09:18.5288241Z   _R_CHECK_CRAN_INCOMING_NOTE_GNU_MAKE_: true
2026-07-03T19:09:18.5288513Z   _R_CHECK_PACKAGE_DEPENDS_IGNORE_MISSING_ENHANCES_: true
2026-07-03T19:09:18.5288784Z   _R_CHECK_CODE_CLASS_IS_STRING_: true
2026-07-03T19:09:18.5289014Z   _R_CHECK_CODOC_VARIABLES_IN_USAGES_: true
2026-07-03T19:09:18.5289250Z   _R_CHECK_CONNECTIONS_LEFT_OPEN_: true
2026-07-03T19:09:18.5289468Z   _R_CHECK_DATALIST_: true
2026-07-03T19:09:18.5289667Z   _R_CHECK_NEWS_IN_PLAIN_TEXT_: true
2026-07-03T19:09:18.5289907Z   _R_CHECK_PACKAGES_USED_CRAN_INCOMING_NOTES_: true
2026-07-03T19:09:18.5290162Z   _R_CHECK_RD_CONTENTS_KEYWORDS_: true
2026-07-03T19:09:18.5290378Z   _R_CHECK_R_DEPENDS_: warn
2026-07-03T19:09:18.5290598Z   _R_CHECK_S3_METHODS_SHOW_POSSIBLE_ISSUES_: true
2026-07-03T19:09:18.5290849Z   _R_CHECK_THINGS_IN_TEMP_DIR_: true
2026-07-03T19:09:18.5291075Z   _R_CHECK_UNDOC_USE_ALL_NAMES_: true
2026-07-03T19:09:18.5291294Z   _R_CHECK_URLS_SHOW_301_STATUS_: true
2026-07-03T19:09:18.5291507Z   _R_CXX_USE_NO_REMAP_: true
2026-07-03T19:09:18.5291732Z   _R_CHECK_CRAN_INCOMING_SKIP_LARGE_VERSION_: true
2026-07-03T19:09:18.5291981Z   _R_CHECK_FORCE_SUGGESTS_: false
2026-07-03T19:09:18.5292202Z   _R_CHECK_THINGS_IN_OTHER_DIRS_: true
2026-07-03T19:09:18.5292414Z   _R_CHECK_BASHISMS_: true
2026-07-03T19:09:18.5292629Z   _R_CHECK_CRAN_INCOMING_USE_ASPELL_: true
2026-07-03T19:09:18.5292875Z   R_LIBS_USER: /home/runner/work/_temp/Library
2026-07-03T19:09:18.5293106Z   TZ: UTC
2026-07-03T19:09:18.5293265Z   NOT_CRAN: true
2026-07-03T19:09:18.5293532Z   RSPM: https://packagemanager.posit.co/cran/__linux__/noble/latest
2026-07-03T19:09:18.5293959Z   RENV_CONFIG_REPOS_OVERRIDE: https://packagemanager.posit.co/cran/__linux__/noble/latest
2026-07-03T19:09:18.5294341Z   R_LIB_FOR_PAK: /opt/R/4.6.1/lib/R/site-library
2026-07-03T19:09:18.5296835Z   GITHUB_PAT: ***
2026-07-03T19:09:18.5297026Z ##[endgroup]
2026-07-03T19:09:18.6753084Z ##[group]Check if package needs pandoc
2026-07-03T19:09:18.6780328Z Pandoc is already installed at /opt/hostedtoolcache/pandoc/3.8.3/x64/pandoc 
2026-07-03T19:09:18.6781929Z ##[endgroup]
2026-07-03T19:09:18.6830221Z ##[group]Run # Quarto check
2026-07-03T19:09:18.6830474Z [36;1m# Quarto check[0m
2026-07-03T19:09:18.6830701Z [36;1mcat("::group::Check if package needs quarto\n")[0m
2026-07-03T19:09:18.6830956Z [36;1mo <- 'auto'[0m
2026-07-03T19:09:18.6831144Z [36;1mif (! o %in% c('true', 'false')) {[0m
2026-07-03T19:09:18.6831381Z [36;1m  if (Sys.which("quarto") != "") {[0m
2026-07-03T19:09:18.6831673Z [36;1m    cat("Quarto is already installed at", Sys.which("quarto"), "\n")[0m
2026-07-03T19:09:18.6831996Z [36;1m    o <- "false"[0m
2026-07-03T19:09:18.6832195Z [36;1m  } else {[0m
2026-07-03T19:09:18.6832436Z [36;1m    qmd <- dir(recursive = TRUE, pattern = "[.]qmd$")[0m
2026-07-03T19:09:18.6832827Z [36;1m    if (length(qmd) > 0) {[0m
2026-07-03T19:09:18.6833098Z [36;1m      cat("Quarto is needed for qmd file(s):", qmd[1], "...\n")[0m
2026-07-03T19:09:18.6833373Z [36;1m      o <- "true"[0m
2026-07-03T19:09:18.6833559Z [36;1m    } else {[0m
2026-07-03T19:09:18.6833808Z [36;1m      cat("No qmd files found, Quarto is not needed.\n")[0m
2026-07-03T19:09:18.6834202Z [36;1m      o <- "false"[0m
2026-07-03T19:09:18.6834391Z [36;1m    }[0m
2026-07-03T19:09:18.6834751Z [36;1m  }[0m
2026-07-03T19:09:18.6834947Z [36;1m}[0m
2026-07-03T19:09:18.6835224Z [36;1mcat("install=", o, "\n", file = Sys.getenv("GITHUB_OUTPUT"), sep = "", append = TRUE)[0m
2026-07-03T19:09:18.6835566Z [36;1mcat("::endgroup::\n")[0m
2026-07-03T19:09:18.6838618Z shell: /usr/local/bin/Rscript {0}
2026-07-03T19:09:18.6838832Z env:
2026-07-03T19:09:18.6839001Z   _R_CHECK_PKG_SIZES_: FALSE
2026-07-03T19:09:18.6839211Z   R_REMOTES_NO_ERRORS_FROM_WARNINGS: true
2026-07-03T19:09:18.6839435Z   R_KEEP_PKG_SOURCE: yes
2026-07-03T19:09:18.6839634Z   _R_CHECK_SYSTEM_CLOCK_: FALSE
2026-07-03T19:09:18.6839844Z   _R_CHECK_FUTURE_FILE_TIMESTAMPS_: false
2026-07-03T19:09:18.6840055Z   RGL_USE_NULL: true
2026-07-03T19:09:18.6840251Z   _R_CHECK_CRAN_INCOMING_CHECK_FILE_URIS_: true
2026-07-03T19:09:18.6840496Z   _R_CHECK_CRAN_INCOMING_NOTE_GNU_MAKE_: true
2026-07-03T19:09:18.6840761Z   _R_CHECK_PACKAGE_DEPENDS_IGNORE_MISSING_ENHANCES_: true
2026-07-03T19:09:18.6841018Z   _R_CHECK_CODE_CLASS_IS_STRING_: true
2026-07-03T19:09:18.6841242Z   _R_CHECK_CODOC_VARIABLES_IN_USAGES_: true
2026-07-03T19:09:18.6841473Z   _R_CHECK_CONNECTIONS_LEFT_OPEN_: true
2026-07-03T19:09:18.6841689Z   _R_CHECK_DATALIST_: true
2026-07-03T19:09:18.6841881Z   _R_CHECK_NEWS_IN_PLAIN_TEXT_: true
2026-07-03T19:09:18.6842116Z   _R_CHECK_PACKAGES_USED_CRAN_INCOMING_NOTES_: true
2026-07-03T19:09:18.6842359Z   _R_CHECK_RD_CONTENTS_KEYWORDS_: true
2026-07-03T19:09:18.6842568Z   _R_CHECK_R_DEPENDS_: warn
2026-07-03T19:09:18.6842780Z   _R_CHECK_S3_METHODS_SHOW_POSSIBLE_ISSUES_: true
2026-07-03T19:09:18.6843028Z   _R_CHECK_THINGS_IN_TEMP_DIR_: true
2026-07-03T19:09:18.6843242Z   _R_CHECK_UNDOC_USE_ALL_NAMES_: true
2026-07-03T19:09:18.6843456Z   _R_CHECK_URLS_SHOW_301_STATUS_: true
2026-07-03T19:09:18.6843662Z   _R_CXX_USE_NO_REMAP_: true
2026-07-03T19:09:18.6843878Z   _R_CHECK_CRAN_INCOMING_SKIP_LARGE_VERSION_: true
2026-07-03T19:09:18.6844120Z   _R_CHECK_FORCE_SUGGESTS_: false
2026-07-03T19:09:18.6844326Z   _R_CHECK_THINGS_IN_OTHER_DIRS_: true
2026-07-03T19:09:18.6844704Z   _R_CHECK_BASHISMS_: true
2026-07-03T19:09:18.6844973Z   _R_CHECK_CRAN_INCOMING_USE_ASPELL_: true
2026-07-03T19:09:18.6845265Z   R_LIBS_USER: /home/runner/work/_temp/Library
2026-07-03T19:09:18.6845519Z   TZ: UTC
2026-07-03T19:09:18.6845684Z   NOT_CRAN: true
2026-07-03T19:09:18.6845946Z   RSPM: https://packagemanager.posit.co/cran/__linux__/noble/latest
2026-07-03T19:09:18.6846408Z   RENV_CONFIG_REPOS_OVERRIDE: https://packagemanager.posit.co/cran/__linux__/noble/latest
2026-07-03T19:09:18.6846785Z   R_LIB_FOR_PAK: /opt/R/4.6.1/lib/R/site-library
2026-07-03T19:09:18.6848923Z   GITHUB_PAT: ***
2026-07-03T19:09:18.6849107Z ##[endgroup]
2026-07-03T19:09:18.8267168Z ##[group]Check if package needs quarto
2026-07-03T19:09:18.8383390Z No qmd files found, Quarto is not needed.
2026-07-03T19:09:18.8385258Z ##[endgroup]
2026-07-03T19:09:18.8436447Z ##[group]Run # Session info
2026-07-03T19:09:18.8436809Z [36;1m# Session info[0m
2026-07-03T19:09:18.8437117Z [36;1mcat("::group::Session info\n")[0m
2026-07-03T19:09:18.8437570Z [36;1mif (requireNamespace("sessioninfo", quietly = TRUE)) {[0m
2026-07-03T19:09:18.8438166Z [36;1m  if (packageVersion("sessioninfo") >= "1.2.1") {[0m
2026-07-03T19:09:18.8438792Z [36;1m    sessioninfo::session_info(pkgs = "installed", include_base = TRUE)[0m
2026-07-03T19:09:18.8439273Z [36;1m  } else {[0m
2026-07-03T19:09:18.8439560Z [36;1m    options(width = 200)[0m
2026-07-03T19:09:18.8440048Z [36;1m    sessioninfo::session_info(rownames(installed.packages()), include_base=TRUE)[0m
2026-07-03T19:09:18.8440579Z [36;1m  }[0m
2026-07-03T19:09:18.8441010Z [36;1m} else {[0m
2026-07-03T19:09:18.8441284Z [36;1m  sessionInfo()[0m
2026-07-03T19:09:18.8441571Z [36;1m}[0m
2026-07-03T19:09:18.8441834Z [36;1mcat("::endgroup::\n")[0m
2026-07-03T19:09:18.8445948Z shell: /usr/local/bin/Rscript {0}
2026-07-03T19:09:18.8446278Z env:
2026-07-03T19:09:18.8446675Z   _R_CHECK_PKG_SIZES_: FALSE
2026-07-03T19:09:18.8446990Z   R_REMOTES_NO_ERRORS_FROM_WARNINGS: true
2026-07-03T19:09:18.8447331Z   R_KEEP_PKG_SOURCE: yes
2026-07-03T19:09:18.8447629Z   _R_CHECK_SYSTEM_CLOCK_: FALSE
2026-07-03T19:09:18.8447935Z   _R_CHECK_FUTURE_FILE_TIMESTAMPS_: false
2026-07-03T19:09:18.8448266Z   RGL_USE_NULL: true
2026-07-03T19:09:18.8448554Z   _R_CHECK_CRAN_INCOMING_CHECK_FILE_URIS_: true
2026-07-03T19:09:18.8448895Z   _R_CHECK_CRAN_INCOMING_NOTE_GNU_MAKE_: true
2026-07-03T19:09:18.8449253Z   _R_CHECK_PACKAGE_DEPENDS_IGNORE_MISSING_ENHANCES_: true
2026-07-03T19:09:18.8449621Z   _R_CHECK_CODE_CLASS_IS_STRING_: true
2026-07-03T19:09:18.8449964Z   _R_CHECK_CODOC_VARIABLES_IN_USAGES_: true
2026-07-03T19:09:18.8450306Z   _R_CHECK_CONNECTIONS_LEFT_OPEN_: true
2026-07-03T19:09:18.8450619Z   _R_CHECK_DATALIST_: true
2026-07-03T19:09:18.8450906Z   _R_CHECK_NEWS_IN_PLAIN_TEXT_: true
2026-07-03T19:09:18.8451341Z   _R_CHECK_PACKAGES_USED_CRAN_INCOMING_NOTES_: true
2026-07-03T19:09:18.8451736Z   _R_CHECK_RD_CONTENTS_KEYWORDS_: true
2026-07-03T19:09:18.8452062Z   _R_CHECK_R_DEPENDS_: warn
2026-07-03T19:09:18.8452385Z   _R_CHECK_S3_METHODS_SHOW_POSSIBLE_ISSUES_: true
2026-07-03T19:09:18.8452747Z   _R_CHECK_THINGS_IN_TEMP_DIR_: true
2026-07-03T19:09:18.8453041Z   _R_CHECK_UNDOC_USE_ALL_NAMES_: true
2026-07-03T19:09:18.8453360Z   _R_CHECK_URLS_SHOW_301_STATUS_: true
2026-07-03T19:09:18.8453695Z   _R_CXX_USE_NO_REMAP_: true
2026-07-03T19:09:18.8454007Z   _R_CHECK_CRAN_INCOMING_SKIP_LARGE_VERSION_: true
2026-07-03T19:09:18.8454348Z   _R_CHECK_FORCE_SUGGESTS_: false
2026-07-03T19:09:18.8454844Z   _R_CHECK_THINGS_IN_OTHER_DIRS_: true
2026-07-03T19:09:18.8455085Z   _R_CHECK_BASHISMS_: true
2026-07-03T19:09:18.8455300Z   _R_CHECK_CRAN_INCOMING_USE_ASPELL_: true
2026-07-03T19:09:18.8455551Z   R_LIBS_USER: /home/runner/work/_temp/Library
2026-07-03T19:09:18.8455785Z   TZ: UTC
2026-07-03T19:09:18.8455967Z   NOT_CRAN: true
2026-07-03T19:09:18.8456230Z   RSPM: https://packagemanager.posit.co/cran/__linux__/noble/latest
2026-07-03T19:09:18.8456687Z   RENV_CONFIG_REPOS_OVERRIDE: https://packagemanager.posit.co/cran/__linux__/noble/latest
2026-07-03T19:09:18.8457087Z   R_LIB_FOR_PAK: /opt/R/4.6.1/lib/R/site-library
2026-07-03T19:09:18.8459105Z   GITHUB_PAT: ***
2026-07-03T19:09:18.8459302Z ##[endgroup]
2026-07-03T19:09:18.9876425Z ##[group]Session info
2026-07-03T19:09:19.1532053Z ─ Session info ───────────────────────────────────────────────────────────────
2026-07-03T19:09:19.1532590Z  setting  value
2026-07-03T19:09:19.1532843Z  version  R version 4.6.1 (2026-06-24)
2026-07-03T19:09:19.1533107Z  os       Ubuntu 24.04.4 LTS
2026-07-03T19:09:19.1533422Z  system   x86_64, linux-gnu
2026-07-03T19:09:19.1533728Z  ui       X11
2026-07-03T19:09:19.1533961Z  language (EN)
2026-07-03T19:09:19.1534271Z  collate  C.UTF-8
2026-07-03T19:09:19.1534713Z  ctype    C.UTF-8
2026-07-03T19:09:19.1534983Z  tz       UTC
2026-07-03T19:09:19.1535246Z  date     2026-07-03
2026-07-03T19:09:19.1535688Z  pandoc   3.8.3 @ /opt/hostedtoolcache/pandoc/3.8.3/x64/pandoc
2026-07-03T19:09:19.1536157Z  quarto   NA
2026-07-03T19:09:19.1536302Z 
2026-07-03T19:09:19.1536784Z ─ Packages ───────────────────────────────────────────────────────────────────
2026-07-03T19:09:19.1537330Z  package           * version    date (UTC) lib source
2026-07-03T19:09:19.1537800Z  adbcdrivermanager   0.23.0-2   2026-06-04 [1] RSPM
2026-07-03T19:09:19.1538258Z  arrow               24.0.0     2026-04-29 [1] RSPM
2026-07-03T19:09:19.1538739Z  askpass             1.2.1      2024-10-04 [1] RSPM
2026-07-03T19:09:19.1539183Z  assertthat          0.2.1      2019-03-21 [1] RSPM
2026-07-03T19:09:19.1539610Z  base              * 4.6.1      2026-06-24 [3] local
2026-07-03T19:09:19.1540271Z  base64enc           0.1-6      2026-02-02 [1] RSPM
2026-07-03T19:09:19.1540711Z  bigD                0.3.1      2025-04-03 [1] RSPM
2026-07-03T19:09:19.1541132Z  bit                 4.6.0      2025-03-06 [1] RSPM
2026-07-03T19:09:19.1541540Z  bit64               4.8.2      2026-05-19 [1] RSPM
2026-07-03T19:09:19.1542045Z  bitops              1.0-9      2024-10-03 [1] RSPM
2026-07-03T19:09:19.1542336Z  blob                1.3.0      2026-01-14 [1] RSPM
2026-07-03T19:09:19.1542633Z  boot                1.3-32     2025-08-29 [3] CRAN (R 4.6.1)
2026-07-03T19:09:19.1542925Z  brew                1.0-10     2023-12-16 [1] RSPM
2026-07-03T19:09:19.1543195Z  brio                1.1.5      2024-04-24 [1] RSPM
2026-07-03T19:09:19.1543469Z  bslib               0.11.0     2026-05-16 [1] RSPM
2026-07-03T19:09:19.1543742Z  cachem              1.1.0      2024-05-16 [1] RSPM
2026-07-03T19:09:19.1544015Z  callr               3.8.0      2026-06-05 [1] RSPM
2026-07-03T19:09:19.1544319Z  class               7.3-23     2025-01-01 [3] CRAN (R 4.6.1)
2026-07-03T19:09:19.1544892Z  classInt            0.4-11     2025-01-08 [1] RSPM
2026-07-03T19:09:19.1545178Z  cli                 3.6.6      2026-04-09 [1] RSPM
2026-07-03T19:09:19.1545448Z  clipr               0.8.1      2026-05-25 [1] RSPM
2026-07-03T19:09:19.1545725Z  clock               0.7.4      2026-01-13 [1] RSPM
2026-07-03T19:09:19.1546163Z  cluster             2.1.8.2    2026-02-05 [3] CRAN (R 4.6.1)
2026-07-03T19:09:19.1546609Z  codetools           0.2-20     2024-03-31 [3] CRAN (R 4.6.1)
2026-07-03T19:09:19.1547004Z  commonmark          2.0.0      2025-07-07 [1] RSPM
2026-07-03T19:09:19.1547517Z  compiler            4.6.1      2026-06-24 [3] local
2026-07-03T19:09:19.1548003Z  covr                3.6.5      2025-11-09 [1] RSPM
2026-07-03T19:09:19.1548362Z  cpp11               0.5.5      2026-05-06 [1] RSPM
2026-07-03T19:09:19.1548734Z  crayon              1.5.3      2024-06-20 [1] RSPM
2026-07-03T19:09:19.1549126Z  credentials         2.0.3      2025-09-12 [1] RSPM
2026-07-03T19:09:19.1549509Z  curl                7.1.0      2026-04-22 [1] RSPM
2026-07-03T19:09:19.1549904Z  datasets          * 4.6.1      2026-06-24 [3] local
2026-07-03T19:09:19.1550295Z  DBI                 1.3.0      2026-02-25 [1] RSPM
2026-07-03T19:09:19.1550675Z  DBItest             1.8.2      2024-12-07 [1] RSPM
2026-07-03T19:09:19.1551068Z  dbplyr              2.6.0      2026-06-17 [1] RSPM
2026-07-03T19:09:19.1551485Z  decor               1.0.2      2023-07-01 [1] any (@1.0.2)
2026-07-03T19:09:19.1551891Z  desc                1.4.3      2023-12-10 [1] RSPM
2026-07-03T19:09:19.1552269Z  diffobj             0.3.6      2025-04-21 [1] RSPM
2026-07-03T19:09:19.1552653Z  diffviewer          0.1.2      2024-06-12 [1] RSPM
2026-07-03T19:09:19.1553033Z  digest              0.6.39     2025-11-19 [1] RSPM
2026-07-03T19:09:19.1553408Z  downlit             0.4.5      2025-11-14 [1] RSPM
2026-07-03T19:09:19.1553778Z  dplyr               1.2.1      2026-04-03 [1] RSPM
2026-07-03T19:09:19.1554184Z  e1071               1.7-17     2025-12-18 [1] RSPM
2026-07-03T19:09:19.1554703Z  evaluate            1.0.5      2025-08-27 [1] RSPM
2026-07-03T19:09:19.1555112Z  fansi               1.0.7      2025-11-19 [1] RSPM
2026-07-03T19:09:19.1555505Z  farver              2.1.2      2024-05-13 [1] RSPM
2026-07-03T19:09:19.1555957Z  fastmap             1.2.0      2024-05-15 [1] RSPM
2026-07-03T19:09:19.1556374Z  fontawesome         0.5.3      2024-11-16 [1] RSPM
2026-07-03T19:09:19.1556819Z  foreign             0.8-91     2026-01-29 [3] CRAN (R 4.6.1)
2026-07-03T19:09:19.1557180Z  fs                  2.1.0      2026-04-18 [1] RSPM
2026-07-03T19:09:19.1557541Z  generics            0.1.4      2025-05-09 [1] RSPM
2026-07-03T19:09:19.1557937Z  gert                2.3.1      2026-01-11 [1] RSPM
2026-07-03T19:09:19.1558329Z  gh                  1.6.0      2026-05-29 [1] RSPM
2026-07-03T19:09:19.1558718Z  gitcreds            0.1.2      2022-09-08 [1] RSPM
2026-07-03T19:09:19.1559245Z  glue                1.8.1      2026-04-17 [1] RSPM
2026-07-03T19:09:19.1559649Z  graphics          * 4.6.1      2026-06-24 [3] local
2026-07-03T19:09:19.1560073Z  grDevices         * 4.6.1      2026-06-24 [3] local
2026-07-03T19:09:19.1560484Z  grid                4.6.1      2026-06-24 [3] local
2026-07-03T19:09:19.1560883Z  gt                  1.3.0      2026-01-22 [1] RSPM
2026-07-03T19:09:19.1561370Z  highr               0.12       2026-03-06 [1] RSPM
2026-07-03T19:09:19.1561764Z  hms                 1.1.4      2025-10-17 [1] RSPM
2026-07-03T19:09:19.1562158Z  htmltools           0.5.9      2025-12-04 [1] RSPM
2026-07-03T19:09:19.1562576Z  htmlwidgets         1.6.4      2023-12-06 [1] RSPM
2026-07-03T19:09:19.1562989Z  httpuv              1.6.17     2026-03-18 [1] RSPM
2026-07-03T19:09:19.1563390Z  httr                1.4.8      2026-02-13 [1] RSPM
2026-07-03T19:09:19.1563786Z  httr2               1.2.3      2026-06-23 [1] RSPM
2026-07-03T19:09:19.1564179Z  ini                 0.3.1      2018-05-20 [1] RSPM
2026-07-03T19:09:19.1564672Z  jose                2.0.0      2026-04-22 [1] RSPM
2026-07-03T19:09:19.1565081Z  jquerylib           0.1.4      2021-04-26 [1] RSPM
2026-07-03T19:09:19.1565485Z  jsonlite            2.0.0      2025-03-27 [1] RSPM
2026-07-03T19:09:19.1565899Z  juicyjuice          0.1.0      2022-11-10 [1] RSPM
2026-07-03T19:09:19.1566368Z  KernSmooth          2.23-26    2025-01-01 [3] CRAN (R 4.6.1)
2026-07-03T19:09:19.1566826Z  knitr               1.51       2025-12-20 [1] RSPM
2026-07-03T19:09:19.1567220Z  labeling            0.4.3      2023-08-29 [1] RSPM
2026-07-03T19:09:19.1567587Z  later               1.4.8      2026-03-05 [1] RSPM
2026-07-03T19:09:19.1567985Z  lattice             0.22-9     2026-02-09 [3] CRAN (R 4.6.1)
2026-07-03T19:09:19.1568414Z  lifecycle           1.0.5      2026-01-08 [1] RSPM
2026-07-03T19:09:19.1568830Z  litedown            0.9        2025-12-18 [1] RSPM
2026-07-03T19:09:19.1569237Z  lubridate           1.9.5      2026-02-04 [1] RSPM
2026-07-03T19:09:19.1569648Z  magick              2.9.1      2026-02-28 [1] RSPM
2026-07-03T19:09:19.1570045Z  magrittr            2.0.5      2026-04-04 [1] RSPM
2026-07-03T19:09:19.1570452Z  markdown            2.0        2025-03-23 [1] RSPM
2026-07-03T19:09:19.1570908Z  MASS                7.3-65     2025-02-28 [3] CRAN (R 4.6.1)
2026-07-03T19:09:19.1571379Z  Matrix              1.7-5      2026-03-21 [3] CRAN (R 4.6.1)
2026-07-03T19:09:19.1571790Z  memoise             2.0.1      2021-11-26 [1] RSPM
2026-07-03T19:09:19.1572184Z  methods           * 4.6.1      2026-06-24 [3] local
2026-07-03T19:09:19.1572611Z  mgcv                1.9-4      2025-11-07 [3] CRAN (R 4.6.1)
2026-07-03T19:09:19.1573015Z  mime                0.13       2025-03-17 [1] RSPM
2026-07-03T19:09:19.1573395Z  nanoarrow           0.8.0-1    2026-06-04 [1] RSPM
2026-07-03T19:09:19.1573778Z  nanonext            1.10.0     2026-07-02 [1] RSPM
2026-07-03T19:09:19.1574192Z  nlme                3.1-169    2026-03-27 [3] CRAN (R 4.6.1)
2026-07-03T19:09:19.1574738Z  nnet                7.3-20     2025-01-01 [3] CRAN (R 4.6.1)
2026-07-03T19:09:19.1575144Z  openssl             2.4.2      2026-06-09 [1] RSPM
2026-07-03T19:09:19.1575530Z  otel                0.2.0      2025-08-29 [1] RSPM
2026-07-03T19:09:19.1575909Z  packrat             0.9.3      2025-06-16 [1] RSPM
2026-07-03T19:09:19.1576363Z  pak                 0.10.0     2026-06-07 [2] local
2026-07-03T19:09:19.1576802Z  palmerpenguins      0.1.1      2022-08-15 [1] RSPM
2026-07-03T19:09:19.1577193Z  parallel            4.6.1      2026-06-24 [3] local
2026-07-03T19:09:19.1577582Z  pillar              1.11.1     2025-09-17 [1] RSPM
2026-07-03T19:09:19.1577997Z  pkgbuild            1.4.8      2025-05-26 [1] RSPM
2026-07-03T19:09:19.1578416Z  pkgconfig           2.0.3      2019-09-22 [1] RSPM
2026-07-03T19:09:19.1578957Z  pkgdown             2.2.0.9000 2026-07-03 [1] Github (r-lib/pkgdown@a6abe43)
2026-07-03T19:09:19.1579423Z  pkgload             1.5.3      2026-06-15 [1] RSPM
2026-07-03T19:09:19.1579783Z  PKI                 0.1-15     2025-08-19 [1] RSPM
2026-07-03T19:09:19.1580267Z  praise              1.0.0      2015-08-11 [1] RSPM
2026-07-03T19:09:19.1580683Z  prettyunits         1.2.0      2023-09-24 [1] RSPM
2026-07-03T19:09:19.1581178Z  processx            3.9.0      2026-04-22 [1] RSPM
2026-07-03T19:09:19.1581599Z  promises            1.5.0      2025-11-01 [1] RSPM
2026-07-03T19:09:19.1582077Z  proxy               0.4-29     2025-12-29 [1] RSPM
2026-07-03T19:09:19.1582412Z  ps                  1.9.3      2026-04-20 [1] RSPM
2026-07-03T19:09:19.1582751Z  purrr               1.2.2      2026-04-10 [1] RSPM
2026-07-03T19:09:19.1583108Z  quarto              1.5.1      2025-09-04 [1] RSPM
2026-07-03T19:09:19.1583468Z  R.methodsS3         1.8.2      2022-06-13 [1] RSPM
2026-07-03T19:09:19.1583798Z  R.oo                1.27.1     2025-05-02 [1] RSPM
2026-07-03T19:09:19.1584233Z  R6                  2.6.1      2025-02-15 [1] RSPM
2026-07-03T19:09:19.1584724Z  ragg                1.5.2      2026-03-23 [1] RSPM
2026-07-03T19:09:19.1585136Z  rappdirs            0.3.4      2026-01-17 [1] RSPM
2026-07-03T19:09:19.1585580Z  rcmdcheck           1.4.0      2021-09-27 [1] any (@1.4.0)
2026-07-03T19:09:19.1585999Z  RColorBrewer        1.1-3      2022-04-03 [1] RSPM
2026-07-03T19:09:19.1586370Z  Rcpp                1.1.1-1.1  2026-04-24 [1] RSPM
2026-07-03T19:09:19.1586800Z  RcppTOML            0.2.3      2025-03-08 [1] RSPM
2026-07-03T19:09:19.1587164Z  reactable           0.4.5      2025-12-01 [1] RSPM
2026-07-03T19:09:19.1587525Z  reactR              0.6.1      2024-09-14 [1] RSPM
2026-07-03T19:09:19.1587929Z  renv                1.2.3      2026-05-16 [1] RSPM
2026-07-03T19:09:19.1588195Z  rex                 1.2.2      2026-03-28 [1] RSPM
2026-07-03T19:09:19.1588465Z  rlang               1.2.0      2026-04-06 [1] RSPM
2026-07-03T19:09:19.1588738Z  rmarkdown           2.31       2026-03-26 [1] RSPM
2026-07-03T19:09:19.1589090Z  roxygen2            8.0.0.9000 2026-07-03 [1] Github (r-lib/roxygen2@e74d556)
2026-07-03T19:09:19.1589465Z  rpart               4.1.27     2026-03-27 [3] CRAN (R 4.6.1)
2026-07-03T19:09:19.1589767Z  rprojroot           2.1.1      2025-08-26 [1] RSPM
2026-07-03T19:09:19.1590049Z  rsconnect           1.10.0     2026-06-08 [1] RSPM
2026-07-03T19:09:19.1590325Z  rstudioapi          0.19.0     2026-06-11 [1] RSPM
2026-07-03T19:09:19.1590602Z  rticles             0.27       2024-04-06 [1] RSPM
2026-07-03T19:09:19.1590868Z  s2                  1.1.11     2026-06-01 [1] RSPM
2026-07-03T19:09:19.1591126Z  S7                  0.2.2      2026-04-22 [1] RSPM
2026-07-03T19:09:19.1591384Z  sass                0.4.10     2025-04-11 [1] RSPM
2026-07-03T19:09:19.1591650Z  scales              1.4.0      2025-04-24 [1] RSPM
2026-07-03T19:09:19.1591916Z  servr               0.33       2026-06-16 [1] RSPM
2026-07-03T19:09:19.1592213Z  sessioninfo         1.2.4      2026-06-04 [1] any (@1.2.4)
2026-07-03T19:09:19.1592504Z  sf                  1.1-1      2026-05-06 [1] RSPM
2026-07-03T19:09:19.1592775Z  snowflakeauth       0.2.2      2026-02-25 [1] RSPM
2026-07-03T19:09:19.1593082Z  spatial             7.3-18     2025-01-01 [3] CRAN (R 4.6.1)
2026-07-03T19:09:19.1593386Z  splines             4.6.1      2026-06-24 [3] local
2026-07-03T19:09:19.1593663Z  stats             * 4.6.1      2026-06-24 [3] local
2026-07-03T19:09:19.1593939Z  stats4              4.6.1      2026-06-24 [3] local
2026-07-03T19:09:19.1594217Z  stringi             1.8.7      2025-03-27 [1] RSPM
2026-07-03T19:09:19.1594609Z  stringr             1.6.0      2025-11-04 [1] RSPM
2026-07-03T19:09:19.1595016Z  survival            3.8-6      2026-01-16 [3] CRAN (R 4.6.1)
2026-07-03T19:09:19.1595312Z  sys                 3.4.3      2024-10-04 [1] RSPM
2026-07-03T19:09:19.1595588Z  systemfonts         1.3.2      2026-03-05 [1] RSPM
2026-07-03T19:09:19.1595869Z  tcltk               4.6.1      2026-06-24 [3] local
2026-07-03T19:09:19.1596144Z  testthat            3.3.2      2026-01-11 [1] RSPM
2026-07-03T19:09:19.1596423Z  textshaping         1.0.5      2026-03-06 [1] RSPM
2026-07-03T19:09:19.1596791Z  tibble              3.3.1      2026-01-11 [1] RSPM
2026-07-03T19:09:19.1597067Z  tidyr               1.3.2      2025-12-19 [1] RSPM
2026-07-03T19:09:19.1597343Z  tidyselect          1.2.1      2024-03-11 [1] RSPM
2026-07-03T19:09:19.1597716Z  tidytemplate        1.0.0      2026-07-03 [1] Github (tidyverse/tidytemplate@f7bdedf)
2026-07-03T19:09:19.1598147Z  timechange          0.4.0      2026-01-29 [1] RSPM
2026-07-03T19:09:19.1598429Z  tinytex             0.60       2026-06-16 [1] RSPM
2026-07-03T19:09:19.1598701Z  tools               4.6.1      2026-06-24 [3] local
2026-07-03T19:09:19.1598968Z  tzdb                0.5.0      2025-03-15 [1] RSPM
2026-07-03T19:09:19.1599234Z  units               1.0-1      2026-03-11 [1] RSPM
2026-07-03T19:09:19.1599504Z  usethis             3.2.1      2025-09-06 [1] RSPM
2026-07-03T19:09:19.1599772Z  utf8                1.2.6      2025-06-08 [1] RSPM
2026-07-03T19:09:19.1600040Z  utils             * 4.6.1      2026-06-24 [3] local
2026-07-03T19:09:19.1600303Z  V8                  8.2.0      2026-04-21 [1] RSPM
2026-07-03T19:09:19.1600663Z  vctrs               0.7.3      2026-04-11 [1] RSPM
2026-07-03T19:09:19.1600948Z  viridisLite         0.4.3      2026-02-04 [1] RSPM
2026-07-03T19:09:19.1601226Z  waldo               0.6.2      2025-07-11 [1] RSPM
2026-07-03T19:09:19.1601498Z  whisker             0.4.1      2022-12-05 [1] RSPM
2026-07-03T19:09:19.1601849Z  withr               3.0.3      2026-06-19 [1] RSPM
2026-07-03T19:09:19.1602232Z  wk                  0.9.5      2025-12-18 [1] RSPM
2026-07-03T19:09:19.1602499Z  xfun                0.59       2026-06-19 [1] RSPM
2026-07-03T19:09:19.1602770Z  xml2                1.6.0      2026-06-22 [1] RSPM
2026-07-03T19:09:19.1603042Z  xopen               1.0.1      2024-04-25 [1] RSPM
2026-07-03T19:09:19.1603309Z  yaml                2.3.12     2025-12-10 [1] RSPM
2026-07-03T19:09:19.1603574Z  zip                 3.0.0      2026-06-10 [1] RSPM
2026-07-03T19:09:19.1603726Z 
2026-07-03T19:09:19.1603847Z  [1] /home/runner/work/_temp/Library
2026-07-03T19:09:19.1604107Z  [2] /opt/R/4.6.1/lib/R/site-library
2026-07-03T19:09:19.1604349Z  [3] /opt/R/4.6.1/lib/R/library
2026-07-03T19:09:19.1604953Z  * ── Packages attached to the search path.
2026-07-03T19:09:19.1605121Z 
2026-07-03T19:09:19.1605397Z ──────────────────────────────────────────────────────────────────────────────
2026-07-03T19:09:19.1605889Z ##[endgroup]
2026-07-03T19:09:19.1641895Z ##[group]Run set -x
2026-07-03T19:09:19.1642095Z [36;1mset -x[0m
2026-07-03T19:09:19.1642402Z [36;1mif ! [ -f .github/.gitignore ] || [ -z "$(grep '^/pkg.lock$' .github/.gitignore)" ]; then[0m
2026-07-03T19:09:19.1642776Z [36;1m  echo /pkg.lock >> .github/.gitignore[0m
2026-07-03T19:09:19.1643074Z [36;1mfi[0m
2026-07-03T19:09:19.1661729Z shell: /usr/bin/bash --noprofile --norc -e -o pipefail {0}
2026-07-03T19:09:19.1662014Z env:
2026-07-03T19:09:19.1662199Z   _R_CHECK_PKG_SIZES_: FALSE
2026-07-03T19:09:19.1662417Z   R_REMOTES_NO_ERRORS_FROM_WARNINGS: true
2026-07-03T19:09:19.1662644Z   R_KEEP_PKG_SOURCE: yes
2026-07-03T19:09:19.1662960Z   _R_CHECK_SYSTEM_CLOCK_: FALSE
2026-07-03T19:09:19.1663175Z   _R_CHECK_FUTURE_FILE_TIMESTAMPS_: false
2026-07-03T19:09:19.1663391Z   RGL_USE_NULL: true
2026-07-03T19:09:19.1663599Z   _R_CHECK_CRAN_INCOMING_CHECK_FILE_URIS_: true
2026-07-03T19:09:19.1663856Z   _R_CHECK_CRAN_INCOMING_NOTE_GNU_MAKE_: true
2026-07-03T19:09:19.1664205Z   _R_CHECK_PACKAGE_DEPENDS_IGNORE_MISSING_ENHANCES_: true
2026-07-03T19:09:19.1664570Z   _R_CHECK_CODE_CLASS_IS_STRING_: true
2026-07-03T19:09:19.1664823Z   _R_CHECK_CODOC_VARIABLES_IN_USAGES_: true
2026-07-03T19:09:19.1665059Z   _R_CHECK_CONNECTIONS_LEFT_OPEN_: true
2026-07-03T19:09:19.1665278Z   _R_CHECK_DATALIST_: true
2026-07-03T19:09:19.1665475Z   _R_CHECK_NEWS_IN_PLAIN_TEXT_: true
2026-07-03T19:09:19.1665711Z   _R_CHECK_PACKAGES_USED_CRAN_INCOMING_NOTES_: true
2026-07-03T19:09:19.1665959Z   _R_CHECK_RD_CONTENTS_KEYWORDS_: true
2026-07-03T19:09:19.1666176Z   _R_CHECK_R_DEPENDS_: warn
2026-07-03T19:09:19.1666391Z   _R_CHECK_S3_METHODS_SHOW_POSSIBLE_ISSUES_: true
2026-07-03T19:09:19.1666639Z   _R_CHECK_THINGS_IN_TEMP_DIR_: true
2026-07-03T19:09:19.1666852Z   _R_CHECK_UNDOC_USE_ALL_NAMES_: true
2026-07-03T19:09:19.1667060Z   _R_CHECK_URLS_SHOW_301_STATUS_: true
2026-07-03T19:09:19.1667266Z   _R_CXX_USE_NO_REMAP_: true
2026-07-03T19:09:19.1667481Z   _R_CHECK_CRAN_INCOMING_SKIP_LARGE_VERSION_: true
2026-07-03T19:09:19.1667722Z   _R_CHECK_FORCE_SUGGESTS_: false
2026-07-03T19:09:19.1667930Z   _R_CHECK_THINGS_IN_OTHER_DIRS_: true
2026-07-03T19:09:19.1668134Z   _R_CHECK_BASHISMS_: true
2026-07-03T19:09:19.1668331Z   _R_CHECK_CRAN_INCOMING_USE_ASPELL_: true
2026-07-03T19:09:19.1668592Z   R_LIBS_USER: /home/runner/work/_temp/Library
2026-07-03T19:09:19.1668809Z   TZ: UTC
2026-07-03T19:09:19.1668961Z   NOT_CRAN: true
2026-07-03T19:09:19.1669226Z   RSPM: https://packagemanager.posit.co/cran/__linux__/noble/latest
2026-07-03T19:09:19.1669646Z   RENV_CONFIG_REPOS_OVERRIDE: https://packagemanager.posit.co/cran/__linux__/noble/latest
2026-07-03T19:09:19.1670022Z   R_LIB_FOR_PAK: /opt/R/4.6.1/lib/R/site-library
2026-07-03T19:09:19.1670255Z ##[endgroup]
2026-07-03T19:09:19.1704823Z + '[' -f .github/.gitignore ']'
2026-07-03T19:09:19.1707247Z ++ grep '^/pkg.lock$' .github/.gitignore
2026-07-03T19:09:19.1716658Z + '[' -z /pkg.lock ']'
2026-07-03T19:09:19.1732053Z ##[group]Run sudo ln -s $(which true) /usr/local/bin/qpdf
2026-07-03T19:09:19.1732382Z [36;1msudo ln -s $(which true) /usr/local/bin/qpdf[0m
2026-07-03T19:09:19.1732689Z [36;1msudo ln -s $(which true) /usr/local/bin/checkbashisms[0m
2026-07-03T19:09:19.1747379Z shell: /usr/bin/bash --noprofile --norc -e -o pipefail {0}
2026-07-03T19:09:19.1747663Z env:
2026-07-03T19:09:19.1747847Z   _R_CHECK_PKG_SIZES_: FALSE
2026-07-03T19:09:19.1748068Z   R_REMOTES_NO_ERRORS_FROM_WARNINGS: true
2026-07-03T19:09:19.1748298Z   R_KEEP_PKG_SOURCE: yes
2026-07-03T19:09:19.1748492Z   _R_CHECK_SYSTEM_CLOCK_: FALSE
2026-07-03T19:09:19.1748706Z   _R_CHECK_FUTURE_FILE_TIMESTAMPS_: false
2026-07-03T19:09:19.1748924Z   RGL_USE_NULL: true
2026-07-03T19:09:19.1749135Z   _R_CHECK_CRAN_INCOMING_CHECK_FILE_URIS_: true
2026-07-03T19:09:19.1749390Z   _R_CHECK_CRAN_INCOMING_NOTE_GNU_MAKE_: true
2026-07-03T19:09:19.1749663Z   _R_CHECK_PACKAGE_DEPENDS_IGNORE_MISSING_ENHANCES_: true
2026-07-03T19:09:19.1749931Z   _R_CHECK_CODE_CLASS_IS_STRING_: true
2026-07-03T19:09:19.1750158Z   _R_CHECK_CODOC_VARIABLES_IN_USAGES_: true
2026-07-03T19:09:19.1750397Z   _R_CHECK_CONNECTIONS_LEFT_OPEN_: true
2026-07-03T19:09:19.1750611Z   _R_CHECK_DATALIST_: true
2026-07-03T19:09:19.1750805Z   _R_CHECK_NEWS_IN_PLAIN_TEXT_: true
2026-07-03T19:09:19.1751037Z   _R_CHECK_PACKAGES_USED_CRAN_INCOMING_NOTES_: true
2026-07-03T19:09:19.1751287Z   _R_CHECK_RD_CONTENTS_KEYWORDS_: true
2026-07-03T19:09:19.1751500Z   _R_CHECK_R_DEPENDS_: warn
2026-07-03T19:09:19.1751713Z   _R_CHECK_S3_METHODS_SHOW_POSSIBLE_ISSUES_: true
2026-07-03T19:09:19.1751955Z   _R_CHECK_THINGS_IN_TEMP_DIR_: true
2026-07-03T19:09:19.1752166Z   _R_CHECK_UNDOC_USE_ALL_NAMES_: true
2026-07-03T19:09:19.1752469Z   _R_CHECK_URLS_SHOW_301_STATUS_: true
2026-07-03T19:09:19.1752682Z   _R_CXX_USE_NO_REMAP_: true
2026-07-03T19:09:19.1752898Z   _R_CHECK_CRAN_INCOMING_SKIP_LARGE_VERSION_: true
2026-07-03T19:09:19.1753140Z   _R_CHECK_FORCE_SUGGESTS_: false
2026-07-03T19:09:19.1753348Z   _R_CHECK_THINGS_IN_OTHER_DIRS_: true
2026-07-03T19:09:19.1753553Z   _R_CHECK_BASHISMS_: true
2026-07-03T19:09:19.1753822Z   _R_CHECK_CRAN_INCOMING_USE_ASPELL_: true
2026-07-03T19:09:19.1754055Z   R_LIBS_USER: /home/runner/work/_temp/Library
2026-07-03T19:09:19.1754276Z   TZ: UTC
2026-07-03T19:09:19.1754429Z   NOT_CRAN: true
2026-07-03T19:09:19.1754954Z   RSPM: https://packagemanager.posit.co/cran/__linux__/noble/latest
2026-07-03T19:09:19.1755380Z   RENV_CONFIG_REPOS_OVERRIDE: https://packagemanager.posit.co/cran/__linux__/noble/latest
2026-07-03T19:09:19.1755758Z   R_LIB_FOR_PAK: /opt/R/4.6.1/lib/R/site-library
2026-07-03T19:09:19.1755996Z ##[endgroup]
2026-07-03T19:09:19.1946849Z Node 20 is being deprecated. This workflow is running with Node 24 by default. If you need to temporarily use Node 20, you can set the ACTIONS_ALLOW_USE_UNSECURE_NODE_VERSION=true environment variable. For more information see: https://github.blog/changelog/2025-09-19-deprecation-of-node-20-on-github-actions-runners/
2026-07-03T19:09:19.1947840Z ##[group]Run krlmlr/ccache-action@parallel-dir
2026-07-03T19:09:19.1948087Z with:
2026-07-03T19:09:19.1948256Z   max-size: 10G
2026-07-03T19:09:19.1948427Z   verbose: 1
2026-07-03T19:09:19.1948591Z   save: false
2026-07-03T19:09:19.1948754Z   restore: false
2026-07-03T19:09:19.1948927Z   variant: ccache
2026-07-03T19:09:19.1949107Z   append-timestamp: true
2026-07-03T19:09:19.1949304Z   create-symlink: false
2026-07-03T19:09:19.1949483Z env:
2026-07-03T19:09:19.1949648Z   _R_CHECK_PKG_SIZES_: FALSE
2026-07-03T19:09:19.1949857Z   R_REMOTES_NO_ERRORS_FROM_WARNINGS: true
2026-07-03T19:09:19.1950078Z   R_KEEP_PKG_SOURCE: yes
2026-07-03T19:09:19.1950267Z   _R_CHECK_SYSTEM_CLOCK_: FALSE
2026-07-03T19:09:19.1950476Z   _R_CHECK_FUTURE_FILE_TIMESTAMPS_: false
2026-07-03T19:09:19.1950694Z   RGL_USE_NULL: true
2026-07-03T19:09:19.1950891Z   _R_CHECK_CRAN_INCOMING_CHECK_FILE_URIS_: true
2026-07-03T19:09:19.1951142Z   _R_CHECK_CRAN_INCOMING_NOTE_GNU_MAKE_: true
2026-07-03T19:09:19.1951414Z   _R_CHECK_PACKAGE_DEPENDS_IGNORE_MISSING_ENHANCES_: true
2026-07-03T19:09:19.1951676Z   _R_CHECK_CODE_CLASS_IS_STRING_: true
2026-07-03T19:09:19.1951903Z   _R_CHECK_CODOC_VARIABLES_IN_USAGES_: true
2026-07-03T19:09:19.1952136Z   _R_CHECK_CONNECTIONS_LEFT_OPEN_: true
2026-07-03T19:09:19.1952350Z   _R_CHECK_DATALIST_: true
2026-07-03T19:09:19.1952546Z   _R_CHECK_NEWS_IN_PLAIN_TEXT_: true
2026-07-03T19:09:19.1952783Z   _R_CHECK_PACKAGES_USED_CRAN_INCOMING_NOTES_: true
2026-07-03T19:09:19.1953030Z   _R_CHECK_RD_CONTENTS_KEYWORDS_: true
2026-07-03T19:09:19.1953245Z   _R_CHECK_R_DEPENDS_: warn
2026-07-03T19:09:19.1953459Z   _R_CHECK_S3_METHODS_SHOW_POSSIBLE_ISSUES_: true
2026-07-03T19:09:19.1953701Z   _R_CHECK_THINGS_IN_TEMP_DIR_: true
2026-07-03T19:09:19.1953915Z   _R_CHECK_UNDOC_USE_ALL_NAMES_: true
2026-07-03T19:09:19.1954130Z   _R_CHECK_URLS_SHOW_301_STATUS_: true
2026-07-03T19:09:19.1954340Z   _R_CXX_USE_NO_REMAP_: true
2026-07-03T19:09:19.1954674Z   _R_CHECK_CRAN_INCOMING_SKIP_LARGE_VERSION_: true
2026-07-03T19:09:19.1954927Z   _R_CHECK_FORCE_SUGGESTS_: false
2026-07-03T19:09:19.1955142Z   _R_CHECK_THINGS_IN_OTHER_DIRS_: true
2026-07-03T19:09:19.1955354Z   _R_CHECK_BASHISMS_: true
2026-07-03T19:09:19.1955559Z   _R_CHECK_CRAN_INCOMING_USE_ASPELL_: true
2026-07-03T19:09:19.1955799Z   R_LIBS_USER: /home/runner/work/_temp/Library
2026-07-03T19:09:19.1956018Z   TZ: UTC
2026-07-03T19:09:19.1956170Z   NOT_CRAN: true
2026-07-03T19:09:19.1956421Z   RSPM: https://packagemanager.posit.co/cran/__linux__/noble/latest
2026-07-03T19:09:19.1957211Z   RENV_CONFIG_REPOS_OVERRIDE: https://packagemanager.posit.co/cran/__linux__/noble/latest
2026-07-03T19:09:19.1957731Z   R_LIB_FOR_PAK: /opt/R/4.6.1/lib/R/site-library
2026-07-03T19:09:19.1957964Z ##[endgroup]
2026-07-03T19:09:19.2846716Z (node:9523) [DEP0040] DeprecationWarning: The `punycode` module is deprecated. Please use a userland alternative instead.
2026-07-03T19:09:19.2847691Z (Use `node --trace-deprecation ...` to show where the warning was created)
2026-07-03T19:09:19.2861557Z ##[group]Install ccache
2026-07-03T19:09:19.2886367Z [command]/usr/bin/sh -xc $(which sudo) apt-get install -y ccache
2026-07-03T19:09:19.2917481Z + which sudo
2026-07-03T19:09:19.2919165Z + /usr/bin/sudo apt-get install -y ccache
2026-07-03T19:09:19.3095898Z Reading package lists...
2026-07-03T19:09:19.4216031Z Building dependency tree...
2026-07-03T19:09:19.4226303Z Reading state information...
2026-07-03T19:09:19.5588876Z The following additional packages will be installed:
2026-07-03T19:09:19.5593061Z   libhiredis1.1.0
2026-07-03T19:09:19.5599281Z Suggested packages:
2026-07-03T19:09:19.5599703Z   distcc | icecc
2026-07-03T19:09:19.5708622Z The following NEW packages will be installed:
2026-07-03T19:09:19.5713804Z   ccache libhiredis1.1.0
2026-07-03T19:09:19.5849802Z 0 upgraded, 2 newly installed, 0 to remove and 24 not upgraded.
2026-07-03T19:09:19.5850393Z Need to get 633 kB of archives.
2026-07-03T19:09:19.5850940Z After this operation, 1756 kB of additional disk space will be used.
2026-07-03T19:09:19.5851577Z Get:1 file:/etc/apt/apt-mirrors.txt Mirrorlist [144 B]
2026-07-03T19:09:19.7685681Z Get:2 http://azure.archive.ubuntu.com/ubuntu noble/universe amd64 libhiredis1.1.0 amd64 1.2.0-6ubuntu3 [41.4 kB]
2026-07-03T19:09:19.8001281Z Get:3 http://azure.archive.ubuntu.com/ubuntu noble/universe amd64 ccache amd64 4.9.1-1 [592 kB]
2026-07-03T19:09:20.0328184Z Fetched 633 kB in 0s (2796 kB/s)
2026-07-03T19:09:20.0526823Z Selecting previously unselected package libhiredis1.1.0:amd64.
2026-07-03T19:09:20.0566243Z (Reading database ... 
2026-07-03T19:09:20.0566684Z (Reading database ... 5%
2026-07-03T19:09:20.0567034Z (Reading database ... 10%
2026-07-03T19:09:20.0567448Z (Reading database ... 15%
2026-07-03T19:09:20.0567664Z (Reading database ... 20%
2026-07-03T19:09:20.0567917Z (Reading database ... 25%
2026-07-03T19:09:20.0568133Z (Reading database ... 30%
2026-07-03T19:09:20.0568345Z (Reading database ... 35%
2026-07-03T19:09:20.0568559Z (Reading database ... 40%
2026-07-03T19:09:20.0568774Z (Reading database ... 45%
2026-07-03T19:09:20.0568985Z (Reading database ... 50%
2026-07-03T19:09:20.0596516Z (Reading database ... 55%
2026-07-03T19:09:20.0679900Z (Reading database ... 60%
2026-07-03T19:09:20.0704054Z (Reading database ... 65%
2026-07-03T19:09:20.0722561Z (Reading database ... 70%
2026-07-03T19:09:20.0753007Z (Reading database ... 75%
2026-07-03T19:09:20.0861412Z (Reading database ... 80%
2026-07-03T19:09:20.0930175Z (Reading database ... 85%
2026-07-03T19:09:20.1109823Z (Reading database ... 90%
2026-07-03T19:09:20.1206126Z (Reading database ... 95%
2026-07-03T19:09:20.1206453Z (Reading database ... 100%
2026-07-03T19:09:20.1206965Z (Reading database ... 243119 files and directories currently installed.)
2026-07-03T19:09:20.1242859Z Preparing to unpack .../libhiredis1.1.0_1.2.0-6ubuntu3_amd64.deb ...
2026-07-03T19:09:20.1269510Z Unpacking libhiredis1.1.0:amd64 (1.2.0-6ubuntu3) ...
2026-07-03T19:09:20.1448481Z Selecting previously unselected package ccache.
2026-07-03T19:09:20.1555496Z Preparing to unpack .../ccache_4.9.1-1_amd64.deb ...
2026-07-03T19:09:20.1568327Z Unpacking ccache (4.9.1-1) ...
2026-07-03T19:09:20.1949233Z Setting up libhiredis1.1.0:amd64 (1.2.0-6ubuntu3) ...
2026-07-03T19:09:20.1976220Z Setting up ccache (4.9.1-1) ...
2026-07-03T19:09:20.2015235Z Updating symlinks in /usr/lib/ccache ...
2026-07-03T19:09:20.2164637Z Processing triggers for libc-bin (2.39-0ubuntu8.7) ...
2026-07-03T19:09:20.2311071Z Processing triggers for man-db (2.12.0-4build2) ...
2026-07-03T19:09:20.2325661Z Not building database; man-db/auto-update is not 'true'.
2026-07-03T19:09:20.6183656Z 
2026-07-03T19:09:20.6184380Z Running kernel seems to be up-to-date.
2026-07-03T19:09:20.6185071Z 
2026-07-03T19:09:20.6185338Z No services need to be restarted.
2026-07-03T19:09:20.6185567Z 
2026-07-03T19:09:20.6186168Z No containers need to be restarted.
2026-07-03T19:09:20.6186408Z 
2026-07-03T19:09:20.6186690Z No user sessions are running outdated binaries.
2026-07-03T19:09:20.6186877Z 
2026-07-03T19:09:20.6187231Z No VM guests are running outdated hypervisor (qemu) binaries on this host.
2026-07-03T19:09:21.2241910Z 
2026-07-03T19:09:21.2251352Z ##[endgroup]
2026-07-03T19:09:21.2251731Z ##[group]Restore cache
2026-07-03T19:09:21.2253551Z Restore set to false, skip restoring cache.
2026-07-03T19:09:21.2254061Z ##[endgroup]
2026-07-03T19:09:21.2254565Z ##[group]Configure ccache, linux
2026-07-03T19:09:21.2264138Z [command]/usr/bin/sh -xc ccache --set-config=cache_dir='/home/runner/work/duckdb-r/ccache'
2026-07-03T19:09:21.2295466Z + ccache --set-config=cache_dir=/home/runner/work/duckdb-r/ccache
2026-07-03T19:09:21.2310981Z [command]/usr/bin/sh -xc ccache --set-config=max_size='10G'
2026-07-03T19:09:21.2327119Z + ccache --set-config=max_size=10G
2026-07-03T19:09:21.2352137Z [command]/usr/bin/sh -xc ccache --set-config=compression=true
2026-07-03T19:09:21.2366655Z + ccache --set-config=compression=true
2026-07-03T19:09:21.2382313Z Cccache config:
2026-07-03T19:09:21.2390640Z [command]/usr/bin/sh -xc ccache -p
2026-07-03T19:09:21.2405405Z + ccache -p
2026-07-03T19:09:21.2416572Z (default) absolute_paths_in_stderr = false
2026-07-03T19:09:21.2417136Z (default) base_dir = 
2026-07-03T19:09:21.2417644Z (/home/runner/.config/ccache/ccache.conf) cache_dir = /home/runner/work/duckdb-r/ccache
2026-07-03T19:09:21.2418144Z (default) compiler = 
2026-07-03T19:09:21.2418465Z (default) compiler_check = mtime
2026-07-03T19:09:21.2418816Z (default) compiler_type = auto
2026-07-03T19:09:21.2419271Z (/home/runner/.config/ccache/ccache.conf) compression = true
2026-07-03T19:09:21.2419742Z (default) compression_level = 0
2026-07-03T19:09:21.2420107Z (default) cpp_extension = 
2026-07-03T19:09:21.2420399Z (default) debug = false
2026-07-03T19:09:21.2420701Z (default) debug_dir = 
2026-07-03T19:09:21.2420996Z (default) debug_level = 2
2026-07-03T19:09:21.2421332Z (default) depend_mode = false
2026-07-03T19:09:21.2421658Z (default) direct_mode = true
2026-07-03T19:09:21.2421956Z (default) disable = false
2026-07-03T19:09:21.2422261Z (default) extra_files_to_hash = 
2026-07-03T19:09:21.2422588Z (default) file_clone = false
2026-07-03T19:09:21.2422918Z (default) hard_link = false
2026-07-03T19:09:21.2423272Z (default) hash_dir = true
2026-07-03T19:09:21.2423649Z (default) ignore_headers_in_manifest = 
2026-07-03T19:09:21.2424052Z (default) ignore_options = 
2026-07-03T19:09:21.2424648Z (default) inode_cache = true
2026-07-03T19:09:21.2425009Z (default) keep_comments_cpp = false
2026-07-03T19:09:21.2425479Z (default) log_file = 
2026-07-03T19:09:21.2425887Z (default) max_files = 0
2026-07-03T19:09:21.2426352Z (/home/runner/.config/ccache/ccache.conf) max_size = 10.0 GB
2026-07-03T19:09:21.2426988Z (default) msvc_dep_prefix = Note: including file:
2026-07-03T19:09:21.2427491Z (default) namespace = 
2026-07-03T19:09:21.2427896Z (default) path = 
2026-07-03T19:09:21.2428332Z (default) pch_external_checksum = false
2026-07-03T19:09:21.2428810Z (default) prefix_command = 
2026-07-03T19:09:21.2429270Z (default) prefix_command_cpp = 
2026-07-03T19:09:21.2429612Z (default) read_only = false
2026-07-03T19:09:21.2430016Z (default) read_only_direct = false
2026-07-03T19:09:21.2430486Z (default) recache = false
2026-07-03T19:09:21.2430803Z (default) remote_only = false
2026-07-03T19:09:21.2431128Z (default) remote_storage = 
2026-07-03T19:09:21.2431448Z (default) reshare = false
2026-07-03T19:09:21.2431786Z (default) run_second_cpp = true
2026-07-03T19:09:21.2432135Z (default) sloppiness = 
2026-07-03T19:09:21.2432459Z (default) stats = true
2026-07-03T19:09:21.2432773Z (default) stats_log = 
2026-07-03T19:09:21.2433179Z (default) temporary_dir = /run/user/1001/ccache-tmp
2026-07-03T19:09:21.2433586Z (default) umask = 
2026-07-03T19:09:21.2433937Z [command]/usr/bin/sh -xc ccache -z
2026-07-03T19:09:21.2446811Z + ccache -z
2026-07-03T19:09:21.2600325Z Statistics zeroed
2026-07-03T19:09:21.2605887Z ##[endgroup]
2026-07-03T19:09:21.2666299Z ##[group]Run mkdir -p ~/.R
2026-07-03T19:09:21.2666537Z [36;1mmkdir -p ~/.R[0m
2026-07-03T19:09:21.2666781Z [36;1mecho 'CC      :=  ccache $(CC)' >> ~/.R/Makevars[0m
2026-07-03T19:09:21.2667086Z [36;1mecho 'CXX     :=  ccache $(CXX)' >> ~/.R/Makevars[0m
2026-07-03T19:09:21.2667465Z [36;1mecho 'CXX11   :=  ccache $(CXX11)' >> ~/.R/Makevars[0m
2026-07-03T19:09:21.2667755Z [36;1mecho 'CXX14   :=  ccache $(CXX14)' >> ~/.R/Makevars[0m
2026-07-03T19:09:21.2668044Z [36;1mecho 'CXX17   :=  ccache $(CXX17)' >> ~/.R/Makevars[0m
2026-07-03T19:09:21.2668320Z [36;1mecho 'MAKEFLAGS = -j2' >> ~/.R/Makevars[0m
2026-07-03T19:09:21.2668568Z [36;1mcat ~/.R/Makevars[0m
2026-07-03T19:09:21.2668762Z [36;1m[0m
2026-07-03T19:09:21.2669021Z [36;1mecho 'CCACHE_SLOPPINESS=locale,time_macros' | tee -a $GITHUB_ENV[0m
2026-07-03T19:09:21.2669318Z [36;1m[0m
2026-07-03T19:09:21.2669518Z [36;1m# echo 'CCACHE_DEBUG=true' | tee -a $GITHUB_ENV[0m
2026-07-03T19:09:21.2669885Z [36;1m# echo "CCACHE_DEBUGDIR=$(dirname $(pwd))/ccache-debug" | tee -a $GITHUB_ENV[0m
2026-07-03T19:09:21.2670244Z [36;1m# mkdir -p $(dirname $(pwd))/.ccache-debug[0m
2026-07-03T19:09:21.2670483Z [36;1m[0m
2026-07-03T19:09:21.2670703Z [36;1mecho 'PKG_BUILD_EXTRA_FLAGS=false' | tee -a $GITHUB_ENV[0m
2026-07-03T19:09:21.2670972Z [36;1m[0m
2026-07-03T19:09:21.2671130Z [36;1m# Repair[0m
2026-07-03T19:09:21.2671319Z [36;1mgit rm -rf .ccache || true[0m
2026-07-03T19:09:21.2671536Z [36;1mrm -rf .ccache[0m
2026-07-03T19:09:21.2690223Z shell: /usr/bin/bash --noprofile --norc -e -o pipefail {0}
2026-07-03T19:09:21.2690516Z env:
2026-07-03T19:09:21.2690707Z   _R_CHECK_PKG_SIZES_: FALSE
2026-07-03T19:09:21.2690932Z   R_REMOTES_NO_ERRORS_FROM_WARNINGS: true
2026-07-03T19:09:21.2691170Z   R_KEEP_PKG_SOURCE: yes
2026-07-03T19:09:21.2691375Z   _R_CHECK_SYSTEM_CLOCK_: FALSE
2026-07-03T19:09:21.2691596Z   _R_CHECK_FUTURE_FILE_TIMESTAMPS_: false
2026-07-03T19:09:21.2691829Z   RGL_USE_NULL: true
2026-07-03T19:09:21.2692037Z   _R_CHECK_CRAN_INCOMING_CHECK_FILE_URIS_: true
2026-07-03T19:09:21.2692297Z   _R_CHECK_CRAN_INCOMING_NOTE_GNU_MAKE_: true
2026-07-03T19:09:21.2692570Z   _R_CHECK_PACKAGE_DEPENDS_IGNORE_MISSING_ENHANCES_: true
2026-07-03T19:09:21.2692844Z   _R_CHECK_CODE_CLASS_IS_STRING_: true
2026-07-03T19:09:21.2693078Z   _R_CHECK_CODOC_VARIABLES_IN_USAGES_: true
2026-07-03T19:09:21.2693318Z   _R_CHECK_CONNECTIONS_LEFT_OPEN_: true
2026-07-03T19:09:21.2693544Z   _R_CHECK_DATALIST_: true
2026-07-03T19:09:21.2693747Z   _R_CHECK_NEWS_IN_PLAIN_TEXT_: true
2026-07-03T19:09:21.2693987Z   _R_CHECK_PACKAGES_USED_CRAN_INCOMING_NOTES_: true
2026-07-03T19:09:21.2694242Z   _R_CHECK_RD_CONTENTS_KEYWORDS_: true
2026-07-03T19:09:21.2694460Z   _R_CHECK_R_DEPENDS_: warn
2026-07-03T19:09:21.2694891Z   _R_CHECK_S3_METHODS_SHOW_POSSIBLE_ISSUES_: true
2026-07-03T19:09:21.2695206Z   _R_CHECK_THINGS_IN_TEMP_DIR_: true
2026-07-03T19:09:21.2695490Z   _R_CHECK_UNDOC_USE_ALL_NAMES_: true
2026-07-03T19:09:21.2695806Z   _R_CHECK_URLS_SHOW_301_STATUS_: true
2026-07-03T19:09:21.2696186Z   _R_CXX_USE_NO_REMAP_: true
2026-07-03T19:09:21.2696439Z   _R_CHECK_CRAN_INCOMING_SKIP_LARGE_VERSION_: true
2026-07-03T19:09:21.2696728Z   _R_CHECK_FORCE_SUGGESTS_: false
2026-07-03T19:09:21.2696981Z   _R_CHECK_THINGS_IN_OTHER_DIRS_: true
2026-07-03T19:09:21.2697225Z   _R_CHECK_BASHISMS_: true
2026-07-03T19:09:21.2697465Z   _R_CHECK_CRAN_INCOMING_USE_ASPELL_: true
2026-07-03T19:09:21.2697749Z   R_LIBS_USER: /home/runner/work/_temp/Library
2026-07-03T19:09:21.2698002Z   TZ: UTC
2026-07-03T19:09:21.2698179Z   NOT_CRAN: true
2026-07-03T19:09:21.2698474Z   RSPM: https://packagemanager.posit.co/cran/__linux__/noble/latest
2026-07-03T19:09:21.2698985Z   RENV_CONFIG_REPOS_OVERRIDE: https://packagemanager.posit.co/cran/__linux__/noble/latest
2026-07-03T19:09:21.2699437Z   R_LIB_FOR_PAK: /opt/R/4.6.1/lib/R/site-library
2026-07-03T19:09:21.2699702Z ##[endgroup]
2026-07-03T19:09:21.2756198Z CC      :=  ccache $(CC)
2026-07-03T19:09:21.2756658Z CXX     :=  ccache $(CXX)
2026-07-03T19:09:21.2756906Z CXX11   :=  ccache $(CXX11)
2026-07-03T19:09:21.2757143Z CXX14   :=  ccache $(CXX14)
2026-07-03T19:09:21.2757370Z CXX17   :=  ccache $(CXX17)
2026-07-03T19:09:21.2757587Z MAKEFLAGS = -j2
2026-07-03T19:09:21.2770315Z CCACHE_SLOPPINESS=locale,time_macros
2026-07-03T19:09:21.2779299Z PKG_BUILD_EXTRA_FLAGS=false
2026-07-03T19:09:21.2798542Z fatal: pathspec '.ccache' did not match any files
2026-07-03T19:09:21.2824039Z ##[group]Run R CMD config --all
2026-07-03T19:09:21.2824271Z [36;1mR CMD config --all[0m
2026-07-03T19:09:21.2839060Z shell: /usr/bin/bash --noprofile --norc -e -o pipefail {0}
2026-07-03T19:09:21.2839343Z env:
2026-07-03T19:09:21.2839521Z   _R_CHECK_PKG_SIZES_: FALSE
2026-07-03T19:09:21.2839741Z   R_REMOTES_NO_ERRORS_FROM_WARNINGS: true
2026-07-03T19:09:21.2839967Z   R_KEEP_PKG_SOURCE: yes
2026-07-03T19:09:21.2840164Z   _R_CHECK_SYSTEM_CLOCK_: FALSE
2026-07-03T19:09:21.2840379Z   _R_CHECK_FUTURE_FILE_TIMESTAMPS_: false
2026-07-03T19:09:21.2840605Z   RGL_USE_NULL: true
2026-07-03T19:09:21.2840807Z   _R_CHECK_CRAN_INCOMING_CHECK_FILE_URIS_: true
2026-07-03T19:09:21.2841054Z   _R_CHECK_CRAN_INCOMING_NOTE_GNU_MAKE_: true
2026-07-03T19:09:21.2841318Z   _R_CHECK_PACKAGE_DEPENDS_IGNORE_MISSING_ENHANCES_: true
2026-07-03T19:09:21.2841580Z   _R_CHECK_CODE_CLASS_IS_STRING_: true
2026-07-03T19:09:21.2841814Z   _R_CHECK_CODOC_VARIABLES_IN_USAGES_: true
2026-07-03T19:09:21.2842045Z   _R_CHECK_CONNECTIONS_LEFT_OPEN_: true
2026-07-03T19:09:21.2842263Z   _R_CHECK_DATALIST_: true
2026-07-03T19:09:21.2842461Z   _R_CHECK_NEWS_IN_PLAIN_TEXT_: true
2026-07-03T19:09:21.2842698Z   _R_CHECK_PACKAGES_USED_CRAN_INCOMING_NOTES_: true
2026-07-03T19:09:21.2842947Z   _R_CHECK_RD_CONTENTS_KEYWORDS_: true
2026-07-03T19:09:21.2843162Z   _R_CHECK_R_DEPENDS_: warn
2026-07-03T19:09:21.2843380Z   _R_CHECK_S3_METHODS_SHOW_POSSIBLE_ISSUES_: true
2026-07-03T19:09:21.2843620Z   _R_CHECK_THINGS_IN_TEMP_DIR_: true
2026-07-03T19:09:21.2843837Z   _R_CHECK_UNDOC_USE_ALL_NAMES_: true
2026-07-03T19:09:21.2844055Z   _R_CHECK_URLS_SHOW_301_STATUS_: true
2026-07-03T19:09:21.2844266Z   _R_CXX_USE_NO_REMAP_: true
2026-07-03T19:09:21.2844788Z   _R_CHECK_CRAN_INCOMING_SKIP_LARGE_VERSION_: true
2026-07-03T19:09:21.2845225Z   _R_CHECK_FORCE_SUGGESTS_: false
2026-07-03T19:09:21.2845449Z   _R_CHECK_THINGS_IN_OTHER_DIRS_: true
2026-07-03T19:09:21.2845670Z   _R_CHECK_BASHISMS_: true
2026-07-03T19:09:21.2845875Z   _R_CHECK_CRAN_INCOMING_USE_ASPELL_: true
2026-07-03T19:09:21.2846123Z   R_LIBS_USER: /home/runner/work/_temp/Library
2026-07-03T19:09:21.2846354Z   TZ: UTC
2026-07-03T19:09:21.2846517Z   NOT_CRAN: true
2026-07-03T19:09:21.2846777Z   RSPM: https://packagemanager.posit.co/cran/__linux__/noble/latest
2026-07-03T19:09:21.2847196Z   RENV_CONFIG_REPOS_OVERRIDE: https://packagemanager.posit.co/cran/__linux__/noble/latest
2026-07-03T19:09:21.2847563Z   R_LIB_FOR_PAK: /opt/R/4.6.1/lib/R/site-library
2026-07-03T19:09:21.2847808Z   CCACHE_SLOPPINESS: locale,time_macros
2026-07-03T19:09:21.2848057Z   PKG_BUILD_EXTRA_FLAGS: false
2026-07-03T19:09:21.2848263Z ##[endgroup]
2026-07-03T19:09:21.3072097Z CC = ccache gcc -std=gnu2x
2026-07-03T19:09:21.3095099Z CFLAGS = -g -O2
2026-07-03T19:09:21.3117458Z CPICFLAGS = -fpic
2026-07-03T19:09:21.3139913Z CPPFLAGS = -I/usr/local/include
2026-07-03T19:09:21.3161742Z CC17 = gcc -std=gnu17
2026-07-03T19:09:21.3183724Z C17FLAGS = -g -O2
2026-07-03T19:09:21.3205564Z CC23 = gcc -std=gnu2x
2026-07-03T19:09:21.3227966Z C23FLAGS = -g -O2
2026-07-03T19:09:21.3249801Z CC90 = gcc -std=gnu90
2026-07-03T19:09:21.3271906Z C90FLAGS = -g -O2
2026-07-03T19:09:21.3293633Z CC99 = gcc -std=gnu99
2026-07-03T19:09:21.3316282Z C99FLAGS = -g -O2
2026-07-03T19:09:21.3338083Z CXX = ccache g++ -std=gnu++20
2026-07-03T19:09:21.3360103Z CXXFLAGS = -g -O2
2026-07-03T19:09:21.3381739Z CXXPICFLAGS = -fpic
2026-07-03T19:09:21.3403354Z CXX17 = ccache g++
2026-07-03T19:09:21.3425624Z CXX17STD = -std=gnu++17
2026-07-03T19:09:21.3447526Z CXX17FLAGS = -g -O2
2026-07-03T19:09:21.3469537Z CXX17PICFLAGS = -fpic
2026-07-03T19:09:21.3491417Z CXX20 = g++
2026-07-03T19:09:21.3513183Z CXX20STD = -std=gnu++20
2026-07-03T19:09:21.3534939Z CXX20FLAGS = -g -O2
2026-07-03T19:09:21.3557654Z CXX20PICFLAGS = -fpic
2026-07-03T19:09:21.3579548Z CXX23 = g++
2026-07-03T19:09:21.3601433Z CXX23STD = -std=gnu++23
2026-07-03T19:09:21.3624257Z CXX23FLAGS = -g -O2
2026-07-03T19:09:21.3647095Z CXX23PICFLAGS = -fpic
2026-07-03T19:09:21.3668934Z CXX26 =
2026-07-03T19:09:21.3690629Z CXX26STD =
2026-07-03T19:09:21.3712178Z CXX26FLAGS =
2026-07-03T19:09:21.3734161Z CXX26PICFLAGS =
2026-07-03T19:09:21.3757047Z DYLIB_EXT = .so
2026-07-03T19:09:21.3779851Z DYLIB_LD = ccache gcc -std=gnu2x
2026-07-03T19:09:21.3802050Z DYLIB_LDFLAGS = -shared -fopenmp
2026-07-03T19:09:21.3823699Z FC = gfortran
2026-07-03T19:09:21.3845961Z FFLAGS = -g -O2
2026-07-03T19:09:21.3867897Z FPICFLAGS = -fpic
2026-07-03T19:09:21.3889431Z FLIBS = -lgfortran -lm -lquadmath
2026-07-03T19:09:21.3911379Z FCFLAGS = -g -O2
2026-07-03T19:09:21.3933195Z SAFE_FFLAGS = -g -O2 -msse2 -mfpmath=sse
2026-07-03T19:09:21.3958567Z OBJC =
2026-07-03T19:09:21.3981142Z OBJCFLAGS =
2026-07-03T19:09:21.4006196Z JAVA = /usr/bin/java
2026-07-03T19:09:21.4028682Z JAVAC = /usr/bin/javac
2026-07-03T19:09:21.4051014Z JAVAH =
2026-07-03T19:09:21.4073301Z JAR = /usr/bin/jar
2026-07-03T19:09:21.4097365Z JAVA_HOME = /usr/lib/jvm/java-21-openjdk-amd64
2026-07-03T19:09:21.4125153Z JAVA_LIBS = -L/usr/lib/jvm/java-21-openjdk-amd64/lib/server -ljvm
2026-07-03T19:09:21.4149981Z JAVA_CPPFLAGS = -I/usr/lib/jvm/java-21-openjdk-amd64/include -I/usr/lib/jvm/java-21-openjdk-amd64/include/linux
2026-07-03T19:09:21.4173510Z LDFLAGS = -L/usr/local/lib
2026-07-03T19:09:21.4195759Z SHLIB_CFLAGS =
2026-07-03T19:09:21.4219188Z SHLIB_CXXFLAGS =
2026-07-03T19:09:21.4243463Z SHLIB_CXXLD = ccache g++ -std=gnu++20
2026-07-03T19:09:21.4267735Z SHLIB_CXXLDFLAGS = -shared
2026-07-03T19:09:21.4292107Z SHLIB_CXX17LD = ccache g++ -std=gnu++17
2026-07-03T19:09:21.4316725Z SHLIB_CXX17LDFLAGS = -shared
2026-07-03T19:09:21.4340519Z SHLIB_CXX20LD = g++ -std=gnu++20
2026-07-03T19:09:21.4362411Z SHLIB_CXX20LDFLAGS = -shared
2026-07-03T19:09:21.4385782Z SHLIB_CXX23LD = g++ -std=gnu++23
2026-07-03T19:09:21.4409555Z SHLIB_CXX23LDFLAGS = -shared
2026-07-03T19:09:21.4432827Z SHLIB_CXX26LD =
2026-07-03T19:09:21.4456744Z SHLIB_CXX26LDFLAGS = -shared
2026-07-03T19:09:21.4480800Z SHLIB_EXT = .so
2026-07-03T19:09:21.4504890Z SHLIB_FFLAGS =
2026-07-03T19:09:21.4527679Z SHLIB_LD = ccache gcc -std=gnu2x
2026-07-03T19:09:21.4551606Z SHLIB_LDFLAGS = -shared
2026-07-03T19:09:21.4576005Z TCLTK_CPPFLAGS = -I/usr/include/tcl8.6 -I/usr/include/tcl8.6
2026-07-03T19:09:21.4600706Z TCLTK_LIBS = -L/usr/lib/x86_64-linux-gnu -ltcl8.6 -L/usr/lib/x86_64-linux-gnu -ltk8.6 -lX11 -lXss -lXext
2026-07-03T19:09:21.4624663Z BLAS_LIBS = -lblas
2026-07-03T19:09:21.4648784Z LAPACK_LIBS = -llapack
2026-07-03T19:09:21.4671232Z MAKE = make
2026-07-03T19:09:21.4693335Z LIBnn = lib
2026-07-03T19:09:21.4717705Z AR = ar
2026-07-03T19:09:21.4741530Z NM = /usr/bin/nm -B
2026-07-03T19:09:21.4766045Z RANLIB = ranlib
2026-07-03T19:09:21.4791045Z LTO =
2026-07-03T19:09:21.4814946Z LTO_FC =
2026-07-03T19:09:21.4839432Z LTO_LD =
2026-07-03T19:09:21.4841606Z 
2026-07-03T19:09:21.4841827Z ## The following variables are defunct
2026-07-03T19:09:21.4842912Z CPP CXXCPP CXX11 CXX11STD CXX11FLAGS CXX11PICFLAGS CXX14 CXX14STD CXX14FLAGS CXX14PICFLAGS SHLIB_CXX11LD SHLIB_CXX11LDFLAGS SHLIB_CXX14LD SHLIB_CXX14LDFLAGS
2026-07-03T19:09:21.5375404Z Prepare all required actions
2026-07-03T19:09:21.5375873Z Getting action download info
2026-07-03T19:09:21.7288899Z Download action repository 'actions/cache@v4' (SHA:0057852bfaa89a56745cba8c7296529d2fc39830)
2026-07-03T19:09:21.8968498Z Download action repository 'hendrikmuhs/ccache-action@v1.2.14' (SHA:ed74d11c0b343532753ecead8a951bb09bb34bc9)
2026-07-03T19:09:22.3699351Z ##[group]Run ./.github/workflows/custom/after-install
2026-07-03T19:09:22.3699648Z env:
2026-07-03T19:09:22.3699855Z   _R_CHECK_PKG_SIZES_: FALSE
2026-07-03T19:09:22.3700102Z   R_REMOTES_NO_ERRORS_FROM_WARNINGS: true
2026-07-03T19:09:22.3700366Z   R_KEEP_PKG_SOURCE: yes
2026-07-03T19:09:22.3700593Z   _R_CHECK_SYSTEM_CLOCK_: FALSE
2026-07-03T19:09:22.3700844Z   _R_CHECK_FUTURE_FILE_TIMESTAMPS_: false
2026-07-03T19:09:22.3701093Z   RGL_USE_NULL: true
2026-07-03T19:09:22.3701322Z   _R_CHECK_CRAN_INCOMING_CHECK_FILE_URIS_: true
2026-07-03T19:09:22.3701714Z   _R_CHECK_CRAN_INCOMING_NOTE_GNU_MAKE_: true
2026-07-03T19:09:22.3702073Z   _R_CHECK_PACKAGE_DEPENDS_IGNORE_MISSING_ENHANCES_: true
2026-07-03T19:09:22.3702389Z   _R_CHECK_CODE_CLASS_IS_STRING_: true
2026-07-03T19:09:22.3702659Z   _R_CHECK_CODOC_VARIABLES_IN_USAGES_: true
2026-07-03T19:09:22.3702932Z   _R_CHECK_CONNECTIONS_LEFT_OPEN_: true
2026-07-03T19:09:22.3703186Z   _R_CHECK_DATALIST_: true
2026-07-03T19:09:22.3703417Z   _R_CHECK_NEWS_IN_PLAIN_TEXT_: true
2026-07-03T19:09:22.3703692Z   _R_CHECK_PACKAGES_USED_CRAN_INCOMING_NOTES_: true
2026-07-03T19:09:22.3703984Z   _R_CHECK_RD_CONTENTS_KEYWORDS_: true
2026-07-03T19:09:22.3704237Z   _R_CHECK_R_DEPENDS_: warn
2026-07-03T19:09:22.3704591Z   _R_CHECK_S3_METHODS_SHOW_POSSIBLE_ISSUES_: true
2026-07-03T19:09:22.3704979Z   _R_CHECK_THINGS_IN_TEMP_DIR_: true
2026-07-03T19:09:22.3705273Z   _R_CHECK_UNDOC_USE_ALL_NAMES_: true
2026-07-03T19:09:22.3705519Z   _R_CHECK_URLS_SHOW_301_STATUS_: true
2026-07-03T19:09:22.3705762Z   _R_CXX_USE_NO_REMAP_: true
2026-07-03T19:09:22.3706017Z   _R_CHECK_CRAN_INCOMING_SKIP_LARGE_VERSION_: true
2026-07-03T19:09:22.3706297Z   _R_CHECK_FORCE_SUGGESTS_: false
2026-07-03T19:09:22.3706539Z   _R_CHECK_THINGS_IN_OTHER_DIRS_: true
2026-07-03T19:09:22.3706779Z   _R_CHECK_BASHISMS_: true
2026-07-03T19:09:22.3707009Z   _R_CHECK_CRAN_INCOMING_USE_ASPELL_: true
2026-07-03T19:09:22.3707277Z   R_LIBS_USER: /home/runner/work/_temp/Library
2026-07-03T19:09:22.3707528Z   TZ: UTC
2026-07-03T19:09:22.3707702Z   NOT_CRAN: true
2026-07-03T19:09:22.3708000Z   RSPM: https://packagemanager.posit.co/cran/__linux__/noble/latest
2026-07-03T19:09:22.3708482Z   RENV_CONFIG_REPOS_OVERRIDE: https://packagemanager.posit.co/cran/__linux__/noble/latest
2026-07-03T19:09:22.3708905Z   R_LIB_FOR_PAK: /opt/R/4.6.1/lib/R/site-library
2026-07-03T19:09:22.3709185Z   CCACHE_SLOPPINESS: locale,time_macros
2026-07-03T19:09:22.3709440Z   PKG_BUILD_EXTRA_FLAGS: false
2026-07-03T19:09:22.3709668Z ##[endgroup]
2026-07-03T19:09:23.6486470Z ##[group]Run echo "DUCKDB_R_PREBUILT_ARCHIVE_GHA_CACHE_KEY=duckdb-tar-R$(Rscript --vanilla -e 'cat(format(getRversion()))')-Linux-$($(R CMD config CXX) --version | head -n 1 | sed -r 's/[, ]/-/g')-2472a3aa4211f1fe9fc717ad453147a37c8d9572cb6a00246d65222b07c1f275" | tee -a $GITHUB_ENV
2026-07-03T19:09:23.6487978Z [36;1mecho "DUCKDB_R_PREBUILT_ARCHIVE_GHA_CACHE_KEY=duckdb-tar-R$(Rscript --vanilla -e 'cat(format(getRversion()))')-Linux-$($(R CMD config CXX) --version | head -n 1 | sed -r 's/[, ]/-/g')-2472a3aa4211f1fe9fc717ad453147a37c8d9572cb6a00246d65222b07c1f275" | tee -a $GITHUB_ENV[0m
2026-07-03T19:09:23.6488927Z [36;1mecho "DUCKDB_R_PREBUILT_ARCHIVE=/home/runner/work/_temp/duckdb.tar" | tee -a $GITHUB_ENV[0m
2026-07-03T19:09:23.6508882Z shell: /usr/bin/bash --noprofile --norc -e -o pipefail {0}
2026-07-03T19:09:23.6509175Z env:
2026-07-03T19:09:23.6509368Z   _R_CHECK_PKG_SIZES_: FALSE
2026-07-03T19:09:23.6509598Z   R_REMOTES_NO_ERRORS_FROM_WARNINGS: true
2026-07-03T19:09:23.6509842Z   R_KEEP_PKG_SOURCE: yes
2026-07-03T19:09:23.6510058Z   _R_CHECK_SYSTEM_CLOCK_: FALSE
2026-07-03T19:09:23.6510437Z   _R_CHECK_FUTURE_FILE_TIMESTAMPS_: false
2026-07-03T19:09:23.6510668Z   RGL_USE_NULL: true
2026-07-03T19:09:23.6510883Z   _R_CHECK_CRAN_INCOMING_CHECK_FILE_URIS_: true
2026-07-03T19:09:23.6511149Z   _R_CHECK_CRAN_INCOMING_NOTE_GNU_MAKE_: true
2026-07-03T19:09:23.6511433Z   _R_CHECK_PACKAGE_DEPENDS_IGNORE_MISSING_ENHANCES_: true
2026-07-03T19:09:23.6511713Z   _R_CHECK_CODE_CLASS_IS_STRING_: true
2026-07-03T19:09:23.6511954Z   _R_CHECK_CODOC_VARIABLES_IN_USAGES_: true
2026-07-03T19:09:23.6512200Z   _R_CHECK_CONNECTIONS_LEFT_OPEN_: true
2026-07-03T19:09:23.6512429Z   _R_CHECK_DATALIST_: true
2026-07-03T19:09:23.6512639Z   _R_CHECK_NEWS_IN_PLAIN_TEXT_: true
2026-07-03T19:09:23.6512886Z   _R_CHECK_PACKAGES_USED_CRAN_INCOMING_NOTES_: true
2026-07-03T19:09:23.6513148Z   _R_CHECK_RD_CONTENTS_KEYWORDS_: true
2026-07-03T19:09:23.6513373Z   _R_CHECK_R_DEPENDS_: warn
2026-07-03T19:09:23.6513596Z   _R_CHECK_S3_METHODS_SHOW_POSSIBLE_ISSUES_: true
2026-07-03T19:09:23.6513948Z   _R_CHECK_THINGS_IN_TEMP_DIR_: true
2026-07-03T19:09:23.6514174Z   _R_CHECK_UNDOC_USE_ALL_NAMES_: true
2026-07-03T19:09:23.6514399Z   _R_CHECK_URLS_SHOW_301_STATUS_: true
2026-07-03T19:09:23.6514882Z   _R_CXX_USE_NO_REMAP_: true
2026-07-03T19:09:23.6515118Z   _R_CHECK_CRAN_INCOMING_SKIP_LARGE_VERSION_: true
2026-07-03T19:09:23.6515380Z   _R_CHECK_FORCE_SUGGESTS_: false
2026-07-03T19:09:23.6515616Z   _R_CHECK_THINGS_IN_OTHER_DIRS_: true
2026-07-03T19:09:23.6515850Z   _R_CHECK_BASHISMS_: true
2026-07-03T19:09:23.6516068Z   _R_CHECK_CRAN_INCOMING_USE_ASPELL_: true
2026-07-03T19:09:23.6516326Z   R_LIBS_USER: /home/runner/work/_temp/Library
2026-07-03T19:09:23.6516558Z   TZ: UTC
2026-07-03T19:09:23.6516725Z   NOT_CRAN: true
2026-07-03T19:09:23.6517003Z   RSPM: https://packagemanager.posit.co/cran/__linux__/noble/latest
2026-07-03T19:09:23.6517448Z   RENV_CONFIG_REPOS_OVERRIDE: https://packagemanager.posit.co/cran/__linux__/noble/latest
2026-07-03T19:09:23.6517841Z   R_LIB_FOR_PAK: /opt/R/4.6.1/lib/R/site-library
2026-07-03T19:09:23.6518106Z   CCACHE_SLOPPINESS: locale,time_macros
2026-07-03T19:09:23.6518340Z   PKG_BUILD_EXTRA_FLAGS: false
2026-07-03T19:09:23.6518542Z ##[endgroup]
2026-07-03T19:09:23.8200507Z DUCKDB_R_PREBUILT_ARCHIVE_GHA_CACHE_KEY=duckdb-tar-R4.6.1-Linux-g++-(Ubuntu-13.3.0-6ubuntu2~24.04.1)-13.3.0-2472a3aa4211f1fe9fc717ad453147a37c8d9572cb6a00246d65222b07c1f275
2026-07-03T19:09:23.8209507Z DUCKDB_R_PREBUILT_ARCHIVE=/home/runner/work/_temp/duckdb.tar
2026-07-03T19:09:23.8241453Z Node 20 is being deprecated. This workflow is running with Node 24 by default. If you need to temporarily use Node 20, you can set the ACTIONS_ALLOW_USE_UNSECURE_NODE_VERSION=true environment variable. For more information see: https://github.blog/changelog/2025-09-19-deprecation-of-node-20-on-github-actions-runners/
2026-07-03T19:09:23.8242535Z ##[group]Run actions/cache@v4
2026-07-03T19:09:23.8242758Z with:
2026-07-03T19:09:23.8242970Z   path: /home/runner/work/_temp/duckdb.tar
2026-07-03T19:09:23.8243478Z   key: duckdb-tar-R4.6.1-Linux-g++-(Ubuntu-13.3.0-6ubuntu2~24.04.1)-13.3.0-2472a3aa4211f1fe9fc717ad453147a37c8d9572cb6a00246d65222b07c1f275
2026-07-03T19:09:23.8243962Z   enableCrossOsArchive: false
2026-07-03T19:09:23.8244184Z   fail-on-cache-miss: false
2026-07-03T19:09:23.8244389Z   lookup-only: false
2026-07-03T19:09:23.8244709Z   save-always: false
2026-07-03T19:09:23.8244888Z env:
2026-07-03T19:09:23.8245055Z   _R_CHECK_PKG_SIZES_: FALSE
2026-07-03T19:09:23.8245265Z   R_REMOTES_NO_ERRORS_FROM_WARNINGS: true
2026-07-03T19:09:23.8245487Z   R_KEEP_PKG_SOURCE: yes
2026-07-03T19:09:23.8245682Z   _R_CHECK_SYSTEM_CLOCK_: FALSE
2026-07-03T19:09:23.8245896Z   _R_CHECK_FUTURE_FILE_TIMESTAMPS_: false
2026-07-03T19:09:23.8246112Z   RGL_USE_NULL: true
2026-07-03T19:09:23.8246310Z   _R_CHECK_CRAN_INCOMING_CHECK_FILE_URIS_: true
2026-07-03T19:09:23.8246562Z   _R_CHECK_CRAN_INCOMING_NOTE_GNU_MAKE_: true
2026-07-03T19:09:23.8246832Z   _R_CHECK_PACKAGE_DEPENDS_IGNORE_MISSING_ENHANCES_: true
2026-07-03T19:09:23.8247101Z   _R_CHECK_CODE_CLASS_IS_STRING_: true
2026-07-03T19:09:23.8247451Z   _R_CHECK_CODOC_VARIABLES_IN_USAGES_: true
2026-07-03T19:09:23.8247691Z   _R_CHECK_CONNECTIONS_LEFT_OPEN_: true
2026-07-03T19:09:23.8247910Z   _R_CHECK_DATALIST_: true
2026-07-03T19:09:23.8248110Z   _R_CHECK_NEWS_IN_PLAIN_TEXT_: true
2026-07-03T19:09:23.8248349Z   _R_CHECK_PACKAGES_USED_CRAN_INCOMING_NOTES_: true
2026-07-03T19:09:23.8248599Z   _R_CHECK_RD_CONTENTS_KEYWORDS_: true
2026-07-03T19:09:23.8248816Z   _R_CHECK_R_DEPENDS_: warn
2026-07-03T19:09:23.8249040Z   _R_CHECK_S3_METHODS_SHOW_POSSIBLE_ISSUES_: true
2026-07-03T19:09:23.8249292Z   _R_CHECK_THINGS_IN_TEMP_DIR_: true
2026-07-03T19:09:23.8249516Z   _R_CHECK_UNDOC_USE_ALL_NAMES_: true
2026-07-03T19:09:23.8249745Z   _R_CHECK_URLS_SHOW_301_STATUS_: true
2026-07-03T19:09:23.8249963Z   _R_CXX_USE_NO_REMAP_: true
2026-07-03T19:09:23.8250185Z   _R_CHECK_CRAN_INCOMING_SKIP_LARGE_VERSION_: true
2026-07-03T19:09:23.8250427Z   _R_CHECK_FORCE_SUGGESTS_: false
2026-07-03T19:09:23.8250716Z   _R_CHECK_THINGS_IN_OTHER_DIRS_: true
2026-07-03T19:09:23.8250928Z   _R_CHECK_BASHISMS_: true
2026-07-03T19:09:23.8251128Z   _R_CHECK_CRAN_INCOMING_USE_ASPELL_: true
2026-07-03T19:09:23.8251368Z   R_LIBS_USER: /home/runner/work/_temp/Library
2026-07-03T19:09:23.8251589Z   TZ: UTC
2026-07-03T19:09:23.8251741Z   NOT_CRAN: true
2026-07-03T19:09:23.8251993Z   RSPM: https://packagemanager.posit.co/cran/__linux__/noble/latest
2026-07-03T19:09:23.8252404Z   RENV_CONFIG_REPOS_OVERRIDE: https://packagemanager.posit.co/cran/__linux__/noble/latest
2026-07-03T19:09:23.8252772Z   R_LIB_FOR_PAK: /opt/R/4.6.1/lib/R/site-library
2026-07-03T19:09:23.8253017Z   CCACHE_SLOPPINESS: locale,time_macros
2026-07-03T19:09:23.8253235Z   PKG_BUILD_EXTRA_FLAGS: false
2026-07-03T19:09:23.8253766Z   DUCKDB_R_PREBUILT_ARCHIVE_GHA_CACHE_KEY: duckdb-tar-R4.6.1-Linux-g++-(Ubuntu-13.3.0-6ubuntu2~24.04.1)-13.3.0-2472a3aa4211f1fe9fc717ad453147a37c8d9572cb6a00246d65222b07c1f275
2026-07-03T19:09:23.8254361Z   DUCKDB_R_PREBUILT_ARCHIVE: /home/runner/work/_temp/duckdb.tar
2026-07-03T19:09:23.8254799Z ##[endgroup]
2026-07-03T19:09:23.9131911Z (node:9923) [DEP0040] DeprecationWarning: The `punycode` module is deprecated. Please use a userland alternative instead.
2026-07-03T19:09:23.9132533Z (Use `node --trace-deprecation ...` to show where the warning was created)
2026-07-03T19:09:24.0546578Z Cache not found for input keys: duckdb-tar-R4.6.1-Linux-g++-(Ubuntu-13.3.0-6ubuntu2~24.04.1)-13.3.0-2472a3aa4211f1fe9fc717ad453147a37c8d9572cb6a00246d65222b07c1f275
2026-07-03T19:09:24.0586361Z ##[group]Run echo "GHA_CCACHE_KEY=Linux-$($(R CMD config CXX) --version | head -n 1 | sed -r 's/[, ]/-/g')-R-$(Rscript --vanilla -e 'cat(format(getRversion()))')" | tee -a $GITHUB_ENV
2026-07-03T19:09:24.0587188Z [36;1mecho "GHA_CCACHE_KEY=Linux-$($(R CMD config CXX) --version | head -n 1 | sed -r 's/[, ]/-/g')-R-$(Rscript --vanilla -e 'cat(format(getRversion()))')" | tee -a $GITHUB_ENV[0m
2026-07-03T19:09:24.0605317Z shell: /usr/bin/bash --noprofile --norc -e -o pipefail {0}
2026-07-03T19:09:24.0605621Z env:
2026-07-03T19:09:24.0605803Z   _R_CHECK_PKG_SIZES_: FALSE
2026-07-03T19:09:24.0606020Z   R_REMOTES_NO_ERRORS_FROM_WARNINGS: true
2026-07-03T19:09:24.0606245Z   R_KEEP_PKG_SOURCE: yes
2026-07-03T19:09:24.0606443Z   _R_CHECK_SYSTEM_CLOCK_: FALSE
2026-07-03T19:09:24.0606655Z   _R_CHECK_FUTURE_FILE_TIMESTAMPS_: false
2026-07-03T19:09:24.0606867Z   RGL_USE_NULL: true
2026-07-03T19:09:24.0607068Z   _R_CHECK_CRAN_INCOMING_CHECK_FILE_URIS_: true
2026-07-03T19:09:24.0607324Z   _R_CHECK_CRAN_INCOMING_NOTE_GNU_MAKE_: true
2026-07-03T19:09:24.0607590Z   _R_CHECK_PACKAGE_DEPENDS_IGNORE_MISSING_ENHANCES_: true
2026-07-03T19:09:24.0607851Z   _R_CHECK_CODE_CLASS_IS_STRING_: true
2026-07-03T19:09:24.0608076Z   _R_CHECK_CODOC_VARIABLES_IN_USAGES_: true
2026-07-03T19:09:24.0608308Z   _R_CHECK_CONNECTIONS_LEFT_OPEN_: true
2026-07-03T19:09:24.0608526Z   _R_CHECK_DATALIST_: true
2026-07-03T19:09:24.0608723Z   _R_CHECK_NEWS_IN_PLAIN_TEXT_: true
2026-07-03T19:09:24.0608957Z   _R_CHECK_PACKAGES_USED_CRAN_INCOMING_NOTES_: true
2026-07-03T19:09:24.0609318Z   _R_CHECK_RD_CONTENTS_KEYWORDS_: true
2026-07-03T19:09:24.0609537Z   _R_CHECK_R_DEPENDS_: warn
2026-07-03T19:09:24.0609761Z   _R_CHECK_S3_METHODS_SHOW_POSSIBLE_ISSUES_: true
2026-07-03T19:09:24.0610012Z   _R_CHECK_THINGS_IN_TEMP_DIR_: true
2026-07-03T19:09:24.0610236Z   _R_CHECK_UNDOC_USE_ALL_NAMES_: true
2026-07-03T19:09:24.0610460Z   _R_CHECK_URLS_SHOW_301_STATUS_: true
2026-07-03T19:09:24.0610678Z   _R_CXX_USE_NO_REMAP_: true
2026-07-03T19:09:24.0610905Z   _R_CHECK_CRAN_INCOMING_SKIP_LARGE_VERSION_: true
2026-07-03T19:09:24.0611157Z   _R_CHECK_FORCE_SUGGESTS_: false
2026-07-03T19:09:24.0611372Z   _R_CHECK_THINGS_IN_OTHER_DIRS_: true
2026-07-03T19:09:24.0611585Z   _R_CHECK_BASHISMS_: true
2026-07-03T19:09:24.0611790Z   _R_CHECK_CRAN_INCOMING_USE_ASPELL_: true
2026-07-03T19:09:24.0612034Z   R_LIBS_USER: /home/runner/work/_temp/Library
2026-07-03T19:09:24.0612268Z   TZ: UTC
2026-07-03T19:09:24.0612431Z   NOT_CRAN: true
2026-07-03T19:09:24.0612781Z   RSPM: https://packagemanager.posit.co/cran/__linux__/noble/latest
2026-07-03T19:09:24.0613197Z   RENV_CONFIG_REPOS_OVERRIDE: https://packagemanager.posit.co/cran/__linux__/noble/latest
2026-07-03T19:09:24.0613563Z   R_LIB_FOR_PAK: /opt/R/4.6.1/lib/R/site-library
2026-07-03T19:09:24.0613809Z   CCACHE_SLOPPINESS: locale,time_macros
2026-07-03T19:09:24.0614033Z   PKG_BUILD_EXTRA_FLAGS: false
2026-07-03T19:09:24.0614837Z   DUCKDB_R_PREBUILT_ARCHIVE_GHA_CACHE_KEY: duckdb-tar-R4.6.1-Linux-g++-(Ubuntu-13.3.0-6ubuntu2~24.04.1)-13.3.0-2472a3aa4211f1fe9fc717ad453147a37c8d9572cb6a00246d65222b07c1f275
2026-07-03T19:09:24.0615649Z   DUCKDB_R_PREBUILT_ARCHIVE: /home/runner/work/_temp/duckdb.tar
2026-07-03T19:09:24.0615930Z ##[endgroup]
2026-07-03T19:09:24.2299674Z GHA_CCACHE_KEY=Linux-g++-(Ubuntu-13.3.0-6ubuntu2~24.04.1)-13.3.0-R-4.6.1
2026-07-03T19:09:24.2330409Z Node 20 is being deprecated. This workflow is running with Node 24 by default. If you need to temporarily use Node 20, you can set the ACTIONS_ALLOW_USE_UNSECURE_NODE_VERSION=true environment variable. For more information see: https://github.blog/changelog/2025-09-19-deprecation-of-node-20-on-github-actions-runners/
2026-07-03T19:09:24.2331391Z ##[group]Run hendrikmuhs/ccache-action@v1.2.14
2026-07-03T19:09:24.2331624Z with:
2026-07-03T19:09:24.2331843Z   key: Linux-g++-(Ubuntu-13.3.0-6ubuntu2~24.04.1)-13.3.0-R-4.6.1
2026-07-03T19:09:24.2332108Z   max-size: 200M
2026-07-03T19:09:24.2332271Z   verbose: 1
2026-07-03T19:09:24.2332428Z   restore: true
2026-07-03T19:09:24.2332585Z   variant: ccache
2026-07-03T19:09:24.2332747Z   save: true
2026-07-03T19:09:24.2332912Z   append-timestamp: true
2026-07-03T19:09:24.2333100Z   create-symlink: false
2026-07-03T19:09:24.2333274Z env:
2026-07-03T19:09:24.2333435Z   _R_CHECK_PKG_SIZES_: FALSE
2026-07-03T19:09:24.2333637Z   R_REMOTES_NO_ERRORS_FROM_WARNINGS: true
2026-07-03T19:09:24.2333851Z   R_KEEP_PKG_SOURCE: yes
2026-07-03T19:09:24.2334036Z   _R_CHECK_SYSTEM_CLOCK_: FALSE
2026-07-03T19:09:24.2334241Z   _R_CHECK_FUTURE_FILE_TIMESTAMPS_: false
2026-07-03T19:09:24.2334455Z   RGL_USE_NULL: true
2026-07-03T19:09:24.2334937Z   _R_CHECK_CRAN_INCOMING_CHECK_FILE_URIS_: true
2026-07-03T19:09:24.2335186Z   _R_CHECK_CRAN_INCOMING_NOTE_GNU_MAKE_: true
2026-07-03T19:09:24.2335455Z   _R_CHECK_PACKAGE_DEPENDS_IGNORE_MISSING_ENHANCES_: true
2026-07-03T19:09:24.2335716Z   _R_CHECK_CODE_CLASS_IS_STRING_: true
2026-07-03T19:09:24.2335939Z   _R_CHECK_CODOC_VARIABLES_IN_USAGES_: true
2026-07-03T19:09:24.2336171Z   _R_CHECK_CONNECTIONS_LEFT_OPEN_: true
2026-07-03T19:09:24.2336385Z   _R_CHECK_DATALIST_: true
2026-07-03T19:09:24.2336579Z   _R_CHECK_NEWS_IN_PLAIN_TEXT_: true
2026-07-03T19:09:24.2336812Z   _R_CHECK_PACKAGES_USED_CRAN_INCOMING_NOTES_: true
2026-07-03T19:09:24.2337058Z   _R_CHECK_RD_CONTENTS_KEYWORDS_: true
2026-07-03T19:09:24.2337269Z   _R_CHECK_R_DEPENDS_: warn
2026-07-03T19:09:24.2337482Z   _R_CHECK_S3_METHODS_SHOW_POSSIBLE_ISSUES_: true
2026-07-03T19:09:24.2337721Z   _R_CHECK_THINGS_IN_TEMP_DIR_: true
2026-07-03T19:09:24.2337937Z   _R_CHECK_UNDOC_USE_ALL_NAMES_: true
2026-07-03T19:09:24.2338255Z   _R_CHECK_URLS_SHOW_301_STATUS_: true
2026-07-03T19:09:24.2338478Z   _R_CXX_USE_NO_REMAP_: true
2026-07-03T19:09:24.2338699Z   _R_CHECK_CRAN_INCOMING_SKIP_LARGE_VERSION_: true
2026-07-03T19:09:24.2338942Z   _R_CHECK_FORCE_SUGGESTS_: false
2026-07-03T19:09:24.2339152Z   _R_CHECK_THINGS_IN_OTHER_DIRS_: true
2026-07-03T19:09:24.2339363Z   _R_CHECK_BASHISMS_: true
2026-07-03T19:09:24.2339563Z   _R_CHECK_CRAN_INCOMING_USE_ASPELL_: true
2026-07-03T19:09:24.2339801Z   R_LIBS_USER: /home/runner/work/_temp/Library
2026-07-03T19:09:24.2340022Z   TZ: UTC
2026-07-03T19:09:24.2340167Z   NOT_CRAN: true
2026-07-03T19:09:24.2340420Z   RSPM: https://packagemanager.posit.co/cran/__linux__/noble/latest
2026-07-03T19:09:24.2340836Z   RENV_CONFIG_REPOS_OVERRIDE: https://packagemanager.posit.co/cran/__linux__/noble/latest
2026-07-03T19:09:24.2341198Z   R_LIB_FOR_PAK: /opt/R/4.6.1/lib/R/site-library
2026-07-03T19:09:24.2341443Z   CCACHE_SLOPPINESS: locale,time_macros
2026-07-03T19:09:24.2341736Z   PKG_BUILD_EXTRA_FLAGS: false
2026-07-03T19:09:24.2342272Z   DUCKDB_R_PREBUILT_ARCHIVE_GHA_CACHE_KEY: duckdb-tar-R4.6.1-Linux-g++-(Ubuntu-13.3.0-6ubuntu2~24.04.1)-13.3.0-2472a3aa4211f1fe9fc717ad453147a37c8d9572cb6a00246d65222b07c1f275
2026-07-03T19:09:24.2342873Z   DUCKDB_R_PREBUILT_ARCHIVE: /home/runner/work/_temp/duckdb.tar
2026-07-03T19:09:24.2343212Z   GHA_CCACHE_KEY: Linux-g++-(Ubuntu-13.3.0-6ubuntu2~24.04.1)-13.3.0-R-4.6.1
2026-07-03T19:09:24.2343497Z ##[endgroup]
2026-07-03T19:09:24.3114954Z (node:9983) [DEP0040] DeprecationWarning: The `punycode` module is deprecated. Please use a userland alternative instead.
2026-07-03T19:09:24.3115955Z (Use `node --trace-deprecation ...` to show where the warning was created)
2026-07-03T19:09:24.3128997Z ##[group]Restore cache
2026-07-03T19:09:24.4143415Z ##[warning]Failed to restore: Cache service responded with 400
2026-07-03T19:09:24.4144046Z No cache found.
2026-07-03T19:09:24.4144423Z ##[endgroup]
2026-07-03T19:09:24.4145002Z ##[group]Configure ccache, linux
2026-07-03T19:09:24.4145613Z [command]/usr/bin/sh -xc ccache --set-config=cache_dir='/home/runner/work/duckdb-r/duckdb-r/.ccache'
2026-07-03T19:09:24.4159076Z + ccache --set-config=cache_dir=/home/runner/work/duckdb-r/duckdb-r/.ccache
2026-07-03T19:09:24.4196327Z [command]/usr/bin/sh -xc ccache --set-config=max_size='200M'
2026-07-03T19:09:24.4211423Z + ccache --set-config=max_size=200M
2026-07-03T19:09:24.4236428Z [command]/usr/bin/sh -xc ccache --set-config=compression=true
2026-07-03T19:09:24.4250704Z + ccache --set-config=compression=true
2026-07-03T19:09:24.4267181Z Cccache config:
2026-07-03T19:09:24.4275927Z [command]/usr/bin/sh -xc ccache -p
2026-07-03T19:09:24.4290499Z + ccache -p
2026-07-03T19:09:24.4301193Z (default) absolute_paths_in_stderr = false
2026-07-03T19:09:24.4301679Z (default) base_dir = 
2026-07-03T19:09:24.4302189Z (/home/runner/.config/ccache/ccache.conf) cache_dir = /home/runner/work/duckdb-r/duckdb-r/.ccache
2026-07-03T19:09:24.4302686Z (default) compiler = 
2026-07-03T19:09:24.4303014Z (default) compiler_check = mtime
2026-07-03T19:09:24.4303360Z (default) compiler_type = auto
2026-07-03T19:09:24.4303786Z (/home/runner/.config/ccache/ccache.conf) compression = true
2026-07-03T19:09:24.4304230Z (default) compression_level = 0
2026-07-03T19:09:24.4304849Z (default) cpp_extension = 
2026-07-03T19:09:24.4305181Z (default) debug = false
2026-07-03T19:09:24.4305472Z (default) debug_dir = 
2026-07-03T19:09:24.4305762Z (default) debug_level = 2
2026-07-03T19:09:24.4306086Z (default) depend_mode = false
2026-07-03T19:09:24.4306404Z (default) direct_mode = true
2026-07-03T19:09:24.4306703Z (default) disable = false
2026-07-03T19:09:24.4307013Z (default) extra_files_to_hash = 
2026-07-03T19:09:24.4307323Z (default) file_clone = false
2026-07-03T19:09:24.4307622Z (default) hard_link = false
2026-07-03T19:09:24.4307923Z (default) hash_dir = true
2026-07-03T19:09:24.4308278Z (default) ignore_headers_in_manifest = 
2026-07-03T19:09:24.4308653Z (default) ignore_options = 
2026-07-03T19:09:24.4309115Z (default) inode_cache = true
2026-07-03T19:09:24.4309775Z (default) keep_comments_cpp = false
2026-07-03T19:09:24.4310249Z (default) log_file = 
2026-07-03T19:09:24.4310652Z (default) max_files = 0
2026-07-03T19:09:24.4311201Z (/home/runner/.config/ccache/ccache.conf) max_size = 200.0 MB
2026-07-03T19:09:24.4311794Z (default) msvc_dep_prefix = Note: including file:
2026-07-03T19:09:24.4312272Z (default) namespace = 
2026-07-03T19:09:24.4312566Z (default) path = 
2026-07-03T19:09:24.4312999Z (default) pch_external_checksum = false
2026-07-03T19:09:24.4313377Z (default) prefix_command = 
2026-07-03T19:09:24.4313831Z (default) prefix_command_cpp = 
2026-07-03T19:09:24.4314276Z (default) read_only = false
2026-07-03T19:09:24.4314867Z (default) read_only_direct = false
2026-07-03T19:09:24.4315203Z (default) recache = false
2026-07-03T19:09:24.4315643Z (default) remote_only = false
2026-07-03T19:09:24.4315997Z (default) remote_storage = 
2026-07-03T19:09:24.4316425Z (default) reshare = false
2026-07-03T19:09:24.4316866Z (default) run_second_cpp = true
2026-07-03T19:09:24.4317257Z (environment) sloppiness = locale, time_macros
2026-07-03T19:09:24.4317645Z (default) stats = true
2026-07-03T19:09:24.4317939Z (default) stats_log = 
2026-07-03T19:09:24.4318341Z (default) temporary_dir = /run/user/1001/ccache-tmp
2026-07-03T19:09:24.4318747Z (default) umask = 
2026-07-03T19:09:24.4319290Z [command]/usr/bin/sh -xc ccache -z
2026-07-03T19:09:24.4333365Z + ccache -z
2026-07-03T19:09:24.4490469Z Statistics zeroed
2026-07-03T19:09:24.4497048Z ##[endgroup]
2026-07-03T19:09:24.4548264Z ##[group]Run mkdir ../lib
2026-07-03T19:09:24.4548475Z [36;1mmkdir ../lib[0m
2026-07-03T19:09:24.4548763Z [36;1mR CMD INSTALL --library=$(dirname $(pwd))/lib -d --no-byte-compile .[0m
2026-07-03T19:09:24.4569047Z shell: /usr/bin/bash --noprofile --norc -e -o pipefail {0}
2026-07-03T19:09:24.4569405Z env:
2026-07-03T19:09:24.4569624Z   _R_CHECK_PKG_SIZES_: FALSE
2026-07-03T19:09:24.4569901Z   R_REMOTES_NO_ERRORS_FROM_WARNINGS: true
2026-07-03T19:09:24.4570206Z   R_KEEP_PKG_SOURCE: yes
2026-07-03T19:09:24.4570460Z   _R_CHECK_SYSTEM_CLOCK_: FALSE
2026-07-03T19:09:24.4570731Z   _R_CHECK_FUTURE_FILE_TIMESTAMPS_: false
2026-07-03T19:09:24.4571003Z   RGL_USE_NULL: true
2026-07-03T19:09:24.4571255Z   _R_CHECK_CRAN_INCOMING_CHECK_FILE_URIS_: true
2026-07-03T19:09:24.4571575Z   _R_CHECK_CRAN_INCOMING_NOTE_GNU_MAKE_: true
2026-07-03T19:09:24.4571908Z   _R_CHECK_PACKAGE_DEPENDS_IGNORE_MISSING_ENHANCES_: true
2026-07-03T19:09:24.4572238Z   _R_CHECK_CODE_CLASS_IS_STRING_: true
2026-07-03T19:09:24.4572526Z   _R_CHECK_CODOC_VARIABLES_IN_USAGES_: true
2026-07-03T19:09:24.4572823Z   _R_CHECK_CONNECTIONS_LEFT_OPEN_: true
2026-07-03T19:09:24.4573100Z   _R_CHECK_DATALIST_: true
2026-07-03T19:09:24.4573344Z   _R_CHECK_NEWS_IN_PLAIN_TEXT_: true
2026-07-03T19:09:24.4573642Z   _R_CHECK_PACKAGES_USED_CRAN_INCOMING_NOTES_: true
2026-07-03T19:09:24.4573956Z   _R_CHECK_RD_CONTENTS_KEYWORDS_: true
2026-07-03T19:09:24.4574225Z   _R_CHECK_R_DEPENDS_: warn
2026-07-03T19:09:24.4574676Z   _R_CHECK_S3_METHODS_SHOW_POSSIBLE_ISSUES_: true
2026-07-03T19:09:24.4575045Z   _R_CHECK_THINGS_IN_TEMP_DIR_: true
2026-07-03T19:09:24.4575326Z   _R_CHECK_UNDOC_USE_ALL_NAMES_: true
2026-07-03T19:09:24.4575601Z   _R_CHECK_URLS_SHOW_301_STATUS_: true
2026-07-03T19:09:24.4575872Z   _R_CXX_USE_NO_REMAP_: true
2026-07-03T19:09:24.4576150Z   _R_CHECK_CRAN_INCOMING_SKIP_LARGE_VERSION_: true
2026-07-03T19:09:24.4576460Z   _R_CHECK_FORCE_SUGGESTS_: false
2026-07-03T19:09:24.4576731Z   _R_CHECK_THINGS_IN_OTHER_DIRS_: true
2026-07-03T19:09:24.4577007Z   _R_CHECK_BASHISMS_: true
2026-07-03T19:09:24.4577258Z   _R_CHECK_CRAN_INCOMING_USE_ASPELL_: true
2026-07-03T19:09:24.4577549Z   R_LIBS_USER: /home/runner/work/_temp/Library
2026-07-03T19:09:24.4577813Z   TZ: UTC
2026-07-03T19:09:24.4578001Z   NOT_CRAN: true
2026-07-03T19:09:24.4578319Z   RSPM: https://packagemanager.posit.co/cran/__linux__/noble/latest
2026-07-03T19:09:24.4578841Z   RENV_CONFIG_REPOS_OVERRIDE: https://packagemanager.posit.co/cran/__linux__/noble/latest
2026-07-03T19:09:24.4579415Z   R_LIB_FOR_PAK: /opt/R/4.6.1/lib/R/site-library
2026-07-03T19:09:24.4579724Z   CCACHE_SLOPPINESS: locale,time_macros
2026-07-03T19:09:24.4579995Z   PKG_BUILD_EXTRA_FLAGS: false
2026-07-03T19:09:24.4580671Z   DUCKDB_R_PREBUILT_ARCHIVE_GHA_CACHE_KEY: duckdb-tar-R4.6.1-Linux-g++-(Ubuntu-13.3.0-6ubuntu2~24.04.1)-13.3.0-2472a3aa4211f1fe9fc717ad453147a37c8d9572cb6a00246d65222b07c1f275
2026-07-03T19:09:24.4581419Z   DUCKDB_R_PREBUILT_ARCHIVE: /home/runner/work/_temp/duckdb.tar
2026-07-03T19:09:24.4581850Z   GHA_CCACHE_KEY: Linux-g++-(Ubuntu-13.3.0-6ubuntu2~24.04.1)-13.3.0-R-4.6.1
2026-07-03T19:09:24.4582211Z ##[endgroup]
2026-07-03T19:09:24.6230948Z processing ‘.’
2026-07-03T19:09:24.6235203Z a directory
2026-07-03T19:09:24.6235762Z * build_help_types=
2026-07-03T19:09:24.6236534Z * DBG: 'R CMD INSTALL' now doing do_install()
2026-07-03T19:09:24.6238219Z * created lock directory ‘/home/runner/work/duckdb-r/lib/00LOCK-duckdb-r’
2026-07-03T19:09:24.6287520Z * installing *source* package ‘duckdb.dev’ ...
2026-07-03T19:09:24.6288189Z ** this is package ‘duckdb.dev’ version ‘1.5.99.9001.528’
2026-07-03T19:09:24.6291488Z ** using staged installation
2026-07-03T19:09:24.6294169Z configure command: ‘ ./configure ’
2026-07-03T19:09:24.7870229Z + dirname ./configure
2026-07-03T19:09:24.7875775Z + cd .
2026-07-03T19:09:24.7876036Z + [ -z  ]
2026-07-03T19:09:24.7877372Z + Rscript scripts/setup-makeflags.R
2026-07-03T19:09:24.9480467Z + makeflags_value=-j4
2026-07-03T19:09:24.9480973Z Setting MAKEFLAGS=-j4 for parallel compilation
2026-07-03T19:09:24.9481485Z Set NOT_CRAN or MAKEFLAGS to override
2026-07-03T19:09:24.9481852Z + [ -n -j4 ]
2026-07-03T19:09:24.9482093Z + export MAKEFLAGS=-j4
2026-07-03T19:09:24.9482413Z + echo Setting MAKEFLAGS=-j4 for parallel compilation
2026-07-03T19:09:24.9482763Z + echo Set NOT_CRAN or MAKEFLAGS to override
2026-07-03T19:09:24.9483054Z + dirname ./configure
2026-07-03T19:09:24.9487717Z + cd ./src
2026-07-03T19:09:24.9488294Z + echo DUCKDB_RSTRTMGR=1
2026-07-03T19:09:24.9488766Z + echo DUCKDB_RSTRTMGR_LIB=
2026-07-03T19:09:24.9489172Z + [ -f /home/runner/work/_temp/duckdb.tar ]
2026-07-03T19:09:24.9489518Z + cp include/to-tar.mk Makevars.duckdb
2026-07-03T19:09:24.9497592Z + [ -f duckdb.tar.xz ]
2026-07-03T19:09:24.9818376Z ** libs
2026-07-03T19:09:24.9823025Z about to run R CMD SHLIB -o duckdb.dev.so altrepdataframe_relation.cpp connection.cpp convert.cpp cpp11.cpp database.cpp register.cpp relational.cpp reltoaltrep.cpp rfuns.cpp scan.cpp signal.cpp statement.cpp transform.cpp types.cpp utils.cpp
2026-07-03T19:09:24.9838727Z specified C++17
2026-07-03T19:09:24.9924826Z using C++ compiler: ‘g++ (Ubuntu 13.3.0-6ubuntu2~24.04.1) 13.3.0’
2026-07-03T19:09:24.9925354Z using C++17
2026-07-03T19:09:24.9959514Z ccache g++ -std=gnu++17 -I"/opt/R/4.6.1/lib/R/include" -DNDEBUG -Iinclude -I../inst/include -DDUCKDB_DISABLE_PRINT -DDUCKDB_R_BUILD -DBROTLI_ENCODER_CLEANUP_ON_OOM -DDUCKDB_EXTENSION_AUTOLOAD_DEFAULT -DDUCKDB_RSTRTMGR=1 -Iduckdb/src/include -Iduckdb/third_party/concurrentqueue -Iduckdb/third_party/fast_float -Iduckdb/third_party/fastpforlib -Iduckdb/third_party/fmt/include -Iduckdb/third_party/fsst -Iduckdb/third_party/httplib -Iduckdb/third_party/hyperloglog -Iduckdb/third_party/jaro_winkler -Iduckdb/third_party/jaro_winkler/details -Iduckdb/third_party/lz4 -Iduckdb/third_party/brotli/include -Iduckdb/third_party/brotli/common -Iduckdb/third_party/brotli/dec -Iduckdb/third_party/brotli/enc -Iduckdb/third_party/mbedtls/include -Iduckdb/third_party/mbedtls/library -Iduckdb/third_party/miniz -Iduckdb/third_party/pcg -Iduckdb/third_party/pdqsort -Iduckdb/third_party/re2 -Iduckdb/third_party/ska_sort -Iduckdb/third_party/skiplist -Iduckdb/third_party/tdigest -Iduckdb/third_party/utf8proc -Iduckdb/third_party/utf8proc/include -Iduckdb/third_party/vergesort -Iduckdb/third_party/yyjson/include -Iduckdb/third_party/zstd/include -Iduckdb/third_party/jemalloc/include -Iduckdb/extension/parquet/include -Iduckdb/third_party/parquet -Iduckdb/third_party/thrift -Iduckdb/third_party/lz4 -Iduckdb/third_party/brotli/include -Iduckdb/third_party/brotli/common -Iduckdb/third_party/brotli/dec -Iduckdb/third_party/brotli/enc -Iduckdb/third_party/snappy -Iduckdb/third_party/mbedtls -Iduckdb/third_party/mbedtls/include -Iduckdb/third_party/zstd/include -Iduckdb/extension/core_functions/include -I../inst/include -Iduckdb -DDUCKDB_EXTENSION_PARQUET_LINKED -DDUCKDB_BUILD_LIBRARY -DDUCKDB_EXTENSION_CORE_FUNCTIONS_LINKED -DDUCKDB_BUILD_LIBRARY  -I/usr/local/include    -fpic  -g -O2   -c rfuns.cpp -o rfuns.o
2026-07-03T19:09:24.9977769Z ccache g++ -std=gnu++17 -I"/opt/R/4.6.1/lib/R/include" -DNDEBUG -Iinclude -I../inst/include -DDUCKDB_DISABLE_PRINT -DDUCKDB_R_BUILD -DBROTLI_ENCODER_CLEANUP_ON_OOM -DDUCKDB_EXTENSION_AUTOLOAD_DEFAULT -DDUCKDB_RSTRTMGR=1 -Iduckdb/src/include -Iduckdb/third_party/concurrentqueue -Iduckdb/third_party/fast_float -Iduckdb/third_party/fastpforlib -Iduckdb/third_party/fmt/include -Iduckdb/third_party/fsst -Iduckdb/third_party/httplib -Iduckdb/third_party/hyperloglog -Iduckdb/third_party/jaro_winkler -Iduckdb/third_party/jaro_winkler/details -Iduckdb/third_party/lz4 -Iduckdb/third_party/brotli/include -Iduckdb/third_party/brotli/common -Iduckdb/third_party/brotli/dec -Iduckdb/third_party/brotli/enc -Iduckdb/third_party/mbedtls/include -Iduckdb/third_party/mbedtls/library -Iduckdb/third_party/miniz -Iduckdb/third_party/pcg -Iduckdb/third_party/pdqsort -Iduckdb/third_party/re2 -Iduckdb/third_party/ska_sort -Iduckdb/third_party/skiplist -Iduckdb/third_party/tdigest -Iduckdb/third_party/utf8proc -Iduckdb/third_party/utf8proc/include -Iduckdb/third_party/vergesort -Iduckdb/third_party/yyjson/include -Iduckdb/third_party/zstd/include -Iduckdb/third_party/jemalloc/include -Iduckdb/extension/parquet/include -Iduckdb/third_party/parquet -Iduckdb/third_party/thrift -Iduckdb/third_party/lz4 -Iduckdb/third_party/brotli/include -Iduckdb/third_party/brotli/common -Iduckdb/third_party/brotli/dec -Iduckdb/third_party/brotli/enc -Iduckdb/third_party/snappy -Iduckdb/third_party/mbedtls -Iduckdb/third_party/mbedtls/include -Iduckdb/third_party/zstd/include -Iduckdb/extension/core_functions/include -I../inst/include -Iduckdb -DDUCKDB_EXTENSION_PARQUET_LINKED -DDUCKDB_BUILD_LIBRARY -DDUCKDB_EXTENSION_CORE_FUNCTIONS_LINKED -DDUCKDB_BUILD_LIBRARY  -I/usr/local/include    -fpic  -g -O2   -c database.cpp -o database.o
2026-07-03T19:09:29.5630454Z ccache g++ -std=gnu++17 -I"/opt/R/4.6.1/lib/R/include" -DNDEBUG -Iinclude -I../inst/include -DDUCKDB_DISABLE_PRINT -DDUCKDB_R_BUILD -DBROTLI_ENCODER_CLEANUP_ON_OOM -DDUCKDB_EXTENSION_AUTOLOAD_DEFAULT -DDUCKDB_RSTRTMGR=1 -Iduckdb/src/include -Iduckdb/third_party/concurrentqueue -Iduckdb/third_party/fast_float -Iduckdb/third_party/fastpforlib -Iduckdb/third_party/fmt/include -Iduckdb/third_party/fsst -Iduckdb/third_party/httplib -Iduckdb/third_party/hyperloglog -Iduckdb/third_party/jaro_winkler -Iduckdb/third_party/jaro_winkler/details -Iduckdb/third_party/lz4 -Iduckdb/third_party/brotli/include -Iduckdb/third_party/brotli/common -Iduckdb/third_party/brotli/dec -Iduckdb/third_party/brotli/enc -Iduckdb/third_party/mbedtls/include -Iduckdb/third_party/mbedtls/library -Iduckdb/third_party/miniz -Iduckdb/third_party/pcg -Iduckdb/third_party/pdqsort -Iduckdb/third_party/re2 -Iduckdb/third_party/ska_sort -Iduckdb/third_party/skiplist -Iduckdb/third_party/tdigest -Iduckdb/third_party/utf8proc -Iduckdb/third_party/utf8proc/include -Iduckdb/third_party/vergesort -Iduckdb/third_party/yyjson/include -Iduckdb/third_party/zstd/include -Iduckdb/third_party/jemalloc/include -Iduckdb/extension/parquet/include -Iduckdb/third_party/parquet -Iduckdb/third_party/thrift -Iduckdb/third_party/lz4 -Iduckdb/third_party/brotli/include -Iduckdb/third_party/brotli/common -Iduckdb/third_party/brotli/dec -Iduckdb/third_party/brotli/enc -Iduckdb/third_party/snappy -Iduckdb/third_party/mbedtls -Iduckdb/third_party/mbedtls/include -Iduckdb/third_party/zstd/include -Iduckdb/extension/core_functions/include -I../inst/include -Iduckdb -DDUCKDB_EXTENSION_PARQUET_LINKED -DDUCKDB_BUILD_LIBRARY -DDUCKDB_EXTENSION_CORE_FUNCTIONS_LINKED -DDUCKDB_BUILD_LIBRARY  -I/usr/local/include    -fpic  -g -O2   -c connection.cpp -o connection.o
2026-07-03T19:09:33.2864215Z ccache g++ -std=gnu++17 -I"/opt/R/4.6.1/lib/R/include" -DNDEBUG -Iinclude -I../inst/include -DDUCKDB_DISABLE_PRINT -DDUCKDB_R_BUILD -DBROTLI_ENCODER_CLEANUP_ON_OOM -DDUCKDB_EXTENSION_AUTOLOAD_DEFAULT -DDUCKDB_RSTRTMGR=1 -Iduckdb/src/include -Iduckdb/third_party/concurrentqueue -Iduckdb/third_party/fast_float -Iduckdb/third_party/fastpforlib -Iduckdb/third_party/fmt/include -Iduckdb/third_party/fsst -Iduckdb/third_party/httplib -Iduckdb/third_party/hyperloglog -Iduckdb/third_party/jaro_winkler -Iduckdb/third_party/jaro_winkler/details -Iduckdb/third_party/lz4 -Iduckdb/third_party/brotli/include -Iduckdb/third_party/brotli/common -Iduckdb/third_party/brotli/dec -Iduckdb/third_party/brotli/enc -Iduckdb/third_party/mbedtls/include -Iduckdb/third_party/mbedtls/library -Iduckdb/third_party/miniz -Iduckdb/third_party/pcg -Iduckdb/third_party/pdqsort -Iduckdb/third_party/re2 -Iduckdb/third_party/ska_sort -Iduckdb/third_party/skiplist -Iduckdb/third_party/tdigest -Iduckdb/third_party/utf8proc -Iduckdb/third_party/utf8proc/include -Iduckdb/third_party/vergesort -Iduckdb/third_party/yyjson/include -Iduckdb/third_party/zstd/include -Iduckdb/third_party/jemalloc/include -Iduckdb/extension/parquet/include -Iduckdb/third_party/parquet -Iduckdb/third_party/thrift -Iduckdb/third_party/lz4 -Iduckdb/third_party/brotli/include -Iduckdb/third_party/brotli/common -Iduckdb/third_party/brotli/dec -Iduckdb/third_party/brotli/enc -Iduckdb/third_party/snappy -Iduckdb/third_party/mbedtls -Iduckdb/third_party/mbedtls/include -Iduckdb/third_party/zstd/include -Iduckdb/extension/core_functions/include -I../inst/include -Iduckdb -DDUCKDB_EXTENSION_PARQUET_LINKED -DDUCKDB_BUILD_LIBRARY -DDUCKDB_EXTENSION_CORE_FUNCTIONS_LINKED -DDUCKDB_BUILD_LIBRARY  -I/usr/local/include    -fpic  -g -O2   -c statement.cpp -o statement.o
2026-07-03T19:09:43.3303672Z ccache g++ -std=gnu++17 -I"/opt/R/4.6.1/lib/R/include" -DNDEBUG -Iinclude -I../inst/include -DDUCKDB_DISABLE_PRINT -DDUCKDB_R_BUILD -DBROTLI_ENCODER_CLEANUP_ON_OOM -DDUCKDB_EXTENSION_AUTOLOAD_DEFAULT -DDUCKDB_RSTRTMGR=1 -Iduckdb/src/include -Iduckdb/third_party/concurrentqueue -Iduckdb/third_party/fast_float -Iduckdb/third_party/fastpforlib -Iduckdb/third_party/fmt/include -Iduckdb/third_party/fsst -Iduckdb/third_party/httplib -Iduckdb/third_party/hyperloglog -Iduckdb/third_party/jaro_winkler -Iduckdb/third_party/jaro_winkler/details -Iduckdb/third_party/lz4 -Iduckdb/third_party/brotli/include -Iduckdb/third_party/brotli/common -Iduckdb/third_party/brotli/dec -Iduckdb/third_party/brotli/enc -Iduckdb/third_party/mbedtls/include -Iduckdb/third_party/mbedtls/library -Iduckdb/third_party/miniz -Iduckdb/third_party/pcg -Iduckdb/third_party/pdqsort -Iduckdb/third_party/re2 -Iduckdb/third_party/ska_sort -Iduckdb/third_party/skiplist -Iduckdb/third_party/tdigest -Iduckdb/third_party/utf8proc -Iduckdb/third_party/utf8proc/include -Iduckdb/third_party/vergesort -Iduckdb/third_party/yyjson/include -Iduckdb/third_party/zstd/include -Iduckdb/third_party/jemalloc/include -Iduckdb/extension/parquet/include -Iduckdb/third_party/parquet -Iduckdb/third_party/thrift -Iduckdb/third_party/lz4 -Iduckdb/third_party/brotli/include -Iduckdb/third_party/brotli/common -Iduckdb/third_party/brotli/dec -Iduckdb/third_party/brotli/enc -Iduckdb/third_party/snappy -Iduckdb/third_party/mbedtls -Iduckdb/third_party/mbedtls/include -Iduckdb/third_party/zstd/include -Iduckdb/extension/core_functions/include -I../inst/include -Iduckdb -DDUCKDB_EXTENSION_PARQUET_LINKED -DDUCKDB_BUILD_LIBRARY -DDUCKDB_EXTENSION_CORE_FUNCTIONS_LINKED -DDUCKDB_BUILD_LIBRARY  -I/usr/local/include    -fpic  -g -O2   -c register.cpp -o register.o
2026-07-03T19:09:44.2575857Z ccache g++ -std=gnu++17 -I"/opt/R/4.6.1/lib/R/include" -DNDEBUG -Iinclude -I../inst/include -DDUCKDB_DISABLE_PRINT -DDUCKDB_R_BUILD -DBROTLI_ENCODER_CLEANUP_ON_OOM -DDUCKDB_EXTENSION_AUTOLOAD_DEFAULT -DDUCKDB_RSTRTMGR=1 -Iduckdb/src/include -Iduckdb/third_party/concurrentqueue -Iduckdb/third_party/fast_float -Iduckdb/third_party/fastpforlib -Iduckdb/third_party/fmt/include -Iduckdb/third_party/fsst -Iduckdb/third_party/httplib -Iduckdb/third_party/hyperloglog -Iduckdb/third_party/jaro_winkler -Iduckdb/third_party/jaro_winkler/details -Iduckdb/third_party/lz4 -Iduckdb/third_party/brotli/include -Iduckdb/third_party/brotli/common -Iduckdb/third_party/brotli/dec -Iduckdb/third_party/brotli/enc -Iduckdb/third_party/mbedtls/include -Iduckdb/third_party/mbedtls/library -Iduckdb/third_party/miniz -Iduckdb/third_party/pcg -Iduckdb/third_party/pdqsort -Iduckdb/third_party/re2 -Iduckdb/third_party/ska_sort -Iduckdb/third_party/skiplist -Iduckdb/third_party/tdigest -Iduckdb/third_party/utf8proc -Iduckdb/third_party/utf8proc/include -Iduckdb/third_party/vergesort -Iduckdb/third_party/yyjson/include -Iduckdb/third_party/zstd/include -Iduckdb/third_party/jemalloc/include -Iduckdb/extension/parquet/include -Iduckdb/third_party/parquet -Iduckdb/third_party/thrift -Iduckdb/third_party/lz4 -Iduckdb/third_party/brotli/include -Iduckdb/third_party/brotli/common -Iduckdb/third_party/brotli/dec -Iduckdb/third_party/brotli/enc -Iduckdb/third_party/snappy -Iduckdb/third_party/mbedtls -Iduckdb/third_party/mbedtls/include -Iduckdb/third_party/zstd/include -Iduckdb/extension/core_functions/include -I../inst/include -Iduckdb -DDUCKDB_EXTENSION_PARQUET_LINKED -DDUCKDB_BUILD_LIBRARY -DDUCKDB_EXTENSION_CORE_FUNCTIONS_LINKED -DDUCKDB_BUILD_LIBRARY  -I/usr/local/include    -fpic  -g -O2   -c relational.cpp -o relational.o
2026-07-03T19:09:47.5136076Z relational.cpp: In function ‘SEXPREC* rapi_expr_window(duckdb::expr_extptr_t, cpp11::list, cpp11::list, std::string, std::string, duckdb::expr_extptr_t, duckdb::expr_extptr_t, duckdb::expr_extptr_t, duckdb::expr_extptr_t, std::string, cpp11::r_vector<cpp11::r_bool>, cpp11::r_vector<cpp11::r_bool>)’:
2026-07-03T19:09:47.5138512Z relational.cpp:523:37: error: ‘class duckdb::FunctionExpression’ has no member named ‘GetChildren’; did you mean ‘Children’?
2026-07-03T19:09:47.5149174Z   523 |         for (auto &child : function.GetChildren()) {
2026-07-03T19:09:47.5149765Z       |                                     ^~~~~~~~~~~
2026-07-03T19:09:47.5150292Z       |                                     Children
2026-07-03T19:09:47.5151449Z make: *** [/opt/R/4.6.1/lib/R/etc/Makeconf:199: relational.o] Error 1
2026-07-03T19:09:47.5152129Z make: *** Waiting for unfinished jobs....
2026-07-03T19:09:48.8104090Z ERROR: compilation failed for package ‘duckdb.dev’
2026-07-03T19:09:48.8104879Z * removing ‘/home/runner/work/duckdb-r/lib/duckdb.dev’
2026-07-03T19:09:48.8151572Z ##[error]Process completed with exit code 1.
2026-07-03T19:09:48.8235682Z ##[group]Run # Check status of this workflow
2026-07-03T19:09:48.8235973Z [36;1m# Check status of this workflow[0m
2026-07-03T19:09:48.8236222Z [36;1mif [ "failure" == "success" ]; then[0m
2026-07-03T19:09:48.8236471Z [36;1m  state="success"[0m
2026-07-03T19:09:48.8236676Z [36;1melse[0m
2026-07-03T19:09:48.8236872Z [36;1m  state="failure"[0m
2026-07-03T19:09:48.8237056Z [36;1mfi[0m
2026-07-03T19:09:48.8237216Z [36;1m[0m
2026-07-03T19:09:48.8237369Z [36;1msha=[0m
2026-07-03T19:09:48.8237543Z [36;1mif [ -z "${sha}" ]; then[0m
2026-07-03T19:09:48.8237799Z [36;1m  sha=e025cfe7eb3ff739e668a2c0f26bae5fac6b454a[0m
2026-07-03T19:09:48.8238049Z [36;1mfi[0m
2026-07-03T19:09:48.8238216Z [36;1mif [ -z "${sha}" ]; then[0m
2026-07-03T19:09:48.8238452Z [36;1m  sha=b75fe15b296c1398676bd9861b0a8569eabf621b[0m
2026-07-03T19:09:48.8238686Z [36;1mfi[0m
2026-07-03T19:09:48.8238860Z [36;1m  sha=$(git rev-parse ${sha})[0m
2026-07-03T19:09:48.8239073Z [36;1m[0m
2026-07-03T19:09:48.8239264Z [36;1mhtml_url=$(gh api \[0m
2026-07-03T19:09:48.8239510Z [36;1m  -H "Accept: application/vnd.github+json" \[0m
2026-07-03T19:09:48.8239786Z [36;1m  -H "X-GitHub-Api-Version: 2022-11-28" \[0m
2026-07-03T19:09:48.8240107Z [36;1m  repos/krlmlr/duckdb-r/actions/runs/28678983016 | jq -r .html_url)[0m
2026-07-03T19:09:48.8240409Z [36;1m[0m
2026-07-03T19:09:48.8240579Z [36;1mdescription="rcc / rcc-smoke"[0m
2026-07-03T19:09:48.8240784Z [36;1m[0m
2026-07-03T19:09:48.8240936Z [36;1mgh api \[0m
2026-07-03T19:09:48.8241114Z [36;1m  --method POST \[0m
2026-07-03T19:09:48.8241338Z [36;1m  -H "Accept: application/vnd.github+json" \[0m
2026-07-03T19:09:48.8241604Z [36;1m  -H "X-GitHub-Api-Version: 2022-11-28" \[0m
2026-07-03T19:09:48.8241859Z [36;1m  repos/krlmlr/duckdb-r/statuses/${sha} \[0m
2026-07-03T19:09:48.8242240Z [36;1m  -f "state=${state}" -f "target_url=${html_url}" -f "description=${description}" -f "context=rcc"[0m
2026-07-03T19:09:48.8260848Z shell: /usr/bin/bash --noprofile --norc -e -o pipefail {0}
2026-07-03T19:09:48.8261125Z env:
2026-07-03T19:09:48.8261304Z   _R_CHECK_PKG_SIZES_: FALSE
2026-07-03T19:09:48.8261522Z   R_REMOTES_NO_ERRORS_FROM_WARNINGS: true
2026-07-03T19:09:48.8261748Z   R_KEEP_PKG_SOURCE: yes
2026-07-03T19:09:48.8261945Z   _R_CHECK_SYSTEM_CLOCK_: FALSE
2026-07-03T19:09:48.8262282Z   _R_CHECK_FUTURE_FILE_TIMESTAMPS_: false
2026-07-03T19:09:48.8262501Z   RGL_USE_NULL: true
2026-07-03T19:09:48.8262709Z   _R_CHECK_CRAN_INCOMING_CHECK_FILE_URIS_: true
2026-07-03T19:09:48.8262962Z   _R_CHECK_CRAN_INCOMING_NOTE_GNU_MAKE_: true
2026-07-03T19:09:48.8263233Z   _R_CHECK_PACKAGE_DEPENDS_IGNORE_MISSING_ENHANCES_: true
2026-07-03T19:09:48.8263496Z   _R_CHECK_CODE_CLASS_IS_STRING_: true
2026-07-03T19:09:48.8263723Z   _R_CHECK_CODOC_VARIABLES_IN_USAGES_: true
2026-07-03T19:09:48.8263959Z   _R_CHECK_CONNECTIONS_LEFT_OPEN_: true
2026-07-03T19:09:48.8264178Z   _R_CHECK_DATALIST_: true
2026-07-03T19:09:48.8264374Z   _R_CHECK_NEWS_IN_PLAIN_TEXT_: true
2026-07-03T19:09:48.8264858Z   _R_CHECK_PACKAGES_USED_CRAN_INCOMING_NOTES_: true
2026-07-03T19:09:48.8265116Z   _R_CHECK_RD_CONTENTS_KEYWORDS_: true
2026-07-03T19:09:48.8265336Z   _R_CHECK_R_DEPENDS_: warn
2026-07-03T19:09:48.8265557Z   _R_CHECK_S3_METHODS_SHOW_POSSIBLE_ISSUES_: true
2026-07-03T19:09:48.8265803Z   _R_CHECK_THINGS_IN_TEMP_DIR_: true
2026-07-03T19:09:48.8266023Z   _R_CHECK_UNDOC_USE_ALL_NAMES_: true
2026-07-03T19:09:48.8266242Z   _R_CHECK_URLS_SHOW_301_STATUS_: true
2026-07-03T19:09:48.8266460Z   _R_CXX_USE_NO_REMAP_: true
2026-07-03T19:09:48.8266683Z   _R_CHECK_CRAN_INCOMING_SKIP_LARGE_VERSION_: true
2026-07-03T19:09:48.8266926Z   _R_CHECK_FORCE_SUGGESTS_: false
2026-07-03T19:09:48.8267136Z   _R_CHECK_THINGS_IN_OTHER_DIRS_: true
2026-07-03T19:09:48.8267347Z   _R_CHECK_BASHISMS_: true
2026-07-03T19:09:48.8267549Z   _R_CHECK_CRAN_INCOMING_USE_ASPELL_: true
2026-07-03T19:09:48.8267789Z   R_LIBS_USER: /home/runner/work/_temp/Library
2026-07-03T19:09:48.8268003Z   TZ: UTC
2026-07-03T19:09:48.8268264Z   NOT_CRAN: true
2026-07-03T19:09:48.8268528Z   RSPM: https://packagemanager.posit.co/cran/__linux__/noble/latest
2026-07-03T19:09:48.8268947Z   RENV_CONFIG_REPOS_OVERRIDE: https://packagemanager.posit.co/cran/__linux__/noble/latest
2026-07-03T19:09:48.8269317Z   R_LIB_FOR_PAK: /opt/R/4.6.1/lib/R/site-library
2026-07-03T19:09:48.8269573Z   CCACHE_SLOPPINESS: locale,time_macros
2026-07-03T19:09:48.8269806Z   PKG_BUILD_EXTRA_FLAGS: false
2026-07-03T19:09:48.8270342Z   DUCKDB_R_PREBUILT_ARCHIVE_GHA_CACHE_KEY: duckdb-tar-R4.6.1-Linux-g++-(Ubuntu-13.3.0-6ubuntu2~24.04.1)-13.3.0-2472a3aa4211f1fe9fc717ad453147a37c8d9572cb6a00246d65222b07c1f275
2026-07-03T19:09:48.8270936Z   DUCKDB_R_PREBUILT_ARCHIVE: /home/runner/work/_temp/duckdb.tar
2026-07-03T19:09:48.8271282Z   GHA_CCACHE_KEY: Linux-g++-(Ubuntu-13.3.0-6ubuntu2~24.04.1)-13.3.0-R-4.6.1
2026-07-03T19:09:48.8273392Z   GH_TOKEN: ***
2026-07-03T19:09:48.8273572Z ##[endgroup]
2026-07-03T19:09:49.4800277Z {"url":"https://api.github.com/repos/krlmlr/duckdb-r/statuses/e025cfe7eb3ff739e668a2c0f26bae5fac6b454a","avatar_url":"https://avatars.githubusercontent.com/in/15368?v=4","id":49940126511,"node_id":"SC_kwDOKNSgSc8AAAALoKnbLw","state":"failure","description":"rcc / rcc-smoke","target_url":"https://github.com/krlmlr/duckdb-r/actions/runs/28678983016","context":"rcc","created_at":"2026-07-03T19:09:49Z","updated_at":"2026-07-03T19:09:49Z","creator":{"login":"github-actions[bot]","id":41898282,"node_id":"MDM6Qm90NDE4OTgyODI=","avatar_url":"https://avatars.githubusercontent.com/in/15368?v=4","gravatar_id":"","url":"https://api.github.com/users/github-actions%5Bbot%5D","html_url":"https://github.com/apps/github-actions","followers_url":"https://api.github.com/users/github-actions%5Bbot%5D/followers","following_url":"https://api.github.com/users/github-actions%5Bbot%5D/following{/other_user}","gists_url":"https://api.github.com/users/github-actions%5Bbot%5D/gists{/gist_id}","starred_url":"https://api.github.com/users/github-actions%5Bbot%5D/starred{/owner}{/repo}","subscriptions_url":"https://api.github.com/users/github-actions%5Bbot%5D/subscriptions","organizations_url":"https://api.github.com/users/github-actions%5Bbot%5D/orgs","repos_url":"https://api.github.com/users/github-actions%5Bbot%5D/repos","events_url":"https://api.github.com/users/github-actions%5Bbot%5D/events{/privacy}","received_events_url":"https://api.github.com/users/github-actions%5Bbot%5D/received_events","type":"Bot","user_view_type":"public","site_admin":false}}
2026-07-03T19:09:49.4885281Z Post job cleanup.
2026-07-03T19:09:49.4912339Z Node 20 is being deprecated. This workflow is running with Node 24 by default. If you need to temporarily use Node 20, you can set the ACTIONS_ALLOW_USE_UNSECURE_NODE_VERSION=true environment variable. For more information see: https://github.blog/changelog/2025-09-19-deprecation-of-node-20-on-github-actions-runners/
2026-07-03T19:09:49.4913303Z Post job cleanup.
2026-07-03T19:09:49.5733652Z (node:10315) [DEP0040] DeprecationWarning: The `punycode` module is deprecated. Please use a userland alternative instead.
2026-07-03T19:09:49.5734756Z (Use `node --trace-deprecation ...` to show where the warning was created)
2026-07-03T19:09:49.5814369Z ##[group]ccache stats
2026-07-03T19:09:49.5824111Z [command]/usr/bin/ccache -s -v
2026-07-03T19:09:49.5865578Z Cache directory:      /home/runner/work/duckdb-r/duckdb-r/.ccache
2026-07-03T19:09:49.5866401Z Config file:          /home/runner/.config/ccache/ccache.conf
2026-07-03T19:09:49.5867041Z System config file:   /etc/ccache.conf
2026-07-03T19:09:49.5867567Z Stats updated:        Fri Jul  3 19:09:48 2026
2026-07-03T19:09:49.5868053Z Cacheable calls:        5 /   7 (71.43%)
2026-07-03T19:09:49.5868514Z   Hits:                 0 /   5 ( 0.00%)
2026-07-03T19:09:49.5868984Z     Direct:             0
2026-07-03T19:09:49.5869408Z     Preprocessed:       0
2026-07-03T19:09:49.5869842Z   Misses:               5 /   5 (100.0%)
2026-07-03T19:09:49.5870417Z Uncacheable calls:      2 /   7 (28.57%)
2026-07-03T19:09:49.5870806Z   Compilation failed:   1 /   2 (50.00%)
2026-07-03T19:09:49.5871154Z   No input file:        1 /   2 (50.00%)
2026-07-03T19:09:49.5871523Z Successful lookups:
2026-07-03T19:09:49.5871745Z   Direct:               0 /   6 ( 0.00%)
2026-07-03T19:09:49.5871994Z   Preprocessed:         0 /   6 ( 0.00%)
2026-07-03T19:09:49.5872221Z Local storage:
2026-07-03T19:09:49.5872444Z   Cache size (GB):    0.0 / 0.2 ( 6.14%)
2026-07-03T19:09:49.5872678Z   Files:               10
2026-07-03T19:09:49.5872905Z   Hits:                 0 /   5 ( 0.00%)
2026-07-03T19:09:49.5873143Z   Misses:               5 /   5 (100.0%)
2026-07-03T19:09:49.5873372Z   Reads:               12
2026-07-03T19:09:49.5873579Z   Writes:              10
2026-07-03T19:09:49.5874026Z ##[endgroup]
2026-07-03T19:09:49.5935210Z Save cache using key "ccache-Linux-g++-(Ubuntu-13.3.0-6ubuntu2~24.04.1)-13.3.0-R-4.6.1-2026-07-03T19:09:49.593Z".
2026-07-03T19:09:49.6040206Z [command]/usr/bin/tar --posix -cf cache.tzst --exclude cache.tzst -P -C /home/runner/work/duckdb-r/duckdb-r --files-from manifest.txt --use-compress-program zstdmt
2026-07-03T19:09:49.6994208Z ##[warning]Failed to save: <h2>Our services aren't available right now</h2><p>We're working to restore all services as soon as possible. Please check back soon.</p>0/QhIagAAAADdbWFZz/G0QpUiprEmJaEjTVNQMzExMDAwMTAxMDI1AEVkZ2U=
2026-07-03T19:09:49.7152120Z Post job cleanup.
2026-07-03T19:09:49.7177571Z Node 20 is being deprecated. This workflow is running with Node 24 by default. If you need to temporarily use Node 20, you can set the ACTIONS_ALLOW_USE_UNSECURE_NODE_VERSION=true environment variable. For more information see: https://github.blog/changelog/2025-09-19-deprecation-of-node-20-on-github-actions-runners/
2026-07-03T19:09:49.7178593Z Post job cleanup.
2026-07-03T19:09:49.7993105Z (node:10338) [DEP0040] DeprecationWarning: The `punycode` module is deprecated. Please use a userland alternative instead.
2026-07-03T19:09:49.7994058Z (Use `node --trace-deprecation ...` to show where the warning was created)
2026-07-03T19:09:49.8069221Z ##[group]ccache stats
2026-07-03T19:09:49.8080329Z [command]/usr/bin/ccache -s -v
2026-07-03T19:09:49.8120714Z Cache directory:      /home/runner/work/duckdb-r/duckdb-r/.ccache
2026-07-03T19:09:49.8121558Z Config file:          /home/runner/.config/ccache/ccache.conf
2026-07-03T19:09:49.8122270Z System config file:   /etc/ccache.conf
2026-07-03T19:09:49.8123081Z Stats updated:        Fri Jul  3 19:09:48 2026
2026-07-03T19:09:49.8123645Z Cacheable calls:        5 /   7 (71.43%)
2026-07-03T19:09:49.8124183Z   Hits:                 0 /   5 ( 0.00%)
2026-07-03T19:09:49.8124761Z     Direct:             0
2026-07-03T19:09:49.8125170Z     Preprocessed:       0
2026-07-03T19:09:49.8125569Z   Misses:               5 /   5 (100.0%)
2026-07-03T19:09:49.8126065Z Uncacheable calls:      2 /   7 (28.57%)
2026-07-03T19:09:49.8126536Z   Compilation failed:   1 /   2 (50.00%)
2026-07-03T19:09:49.8126974Z   No input file:        1 /   2 (50.00%)
2026-07-03T19:09:49.8127466Z Successful lookups:
2026-07-03T19:09:49.8127928Z   Direct:               0 /   6 ( 0.00%)
2026-07-03T19:09:49.8128451Z   Preprocessed:         0 /   6 ( 0.00%)
2026-07-03T19:09:49.8128873Z Local storage:
2026-07-03T19:09:49.8129365Z   Cache size (GB):    0.0 / 0.2 ( 6.14%)
2026-07-03T19:09:49.8129905Z   Files:               10
2026-07-03T19:09:49.8130431Z   Hits:                 0 /   5 ( 0.00%)
2026-07-03T19:09:49.8130998Z   Misses:               5 /   5 (100.0%)
2026-07-03T19:09:49.8131462Z   Reads:               12
2026-07-03T19:09:49.8131896Z   Writes:              10
2026-07-03T19:09:49.8132566Z ##[endgroup]
2026-07-03T19:09:49.8133191Z Not saving cache because 'save' is set to 'false'.
2026-07-03T19:09:49.8303198Z Post job cleanup.
2026-07-03T19:09:49.8358487Z Post job cleanup.
2026-07-03T19:09:49.9053352Z [command]/usr/bin/git version
2026-07-03T19:09:49.9081856Z git version 2.54.0
2026-07-03T19:09:49.9112834Z Temporarily overriding HOME='/home/runner/work/_temp/1f0d710b-e161-4583-bfc4-758950f2622a' before making global git config changes
2026-07-03T19:09:49.9113876Z Adding repository directory to the temporary git global config as a safe directory
2026-07-03T19:09:49.9118545Z [command]/usr/bin/git config --global --add safe.directory /home/runner/work/duckdb-r/duckdb-r
2026-07-03T19:09:49.9140672Z Removing SSH command configuration
2026-07-03T19:09:49.9145371Z [command]/usr/bin/git config --local --name-only --get-regexp core\.sshCommand
2026-07-03T19:09:49.9171058Z [command]/usr/bin/git submodule foreach --recursive sh -c "git config --local --name-only --get-regexp 'core\.sshCommand' && git config --local --unset-all 'core.sshCommand' || :"
2026-07-03T19:09:49.9331251Z Removing HTTP extra header
2026-07-03T19:09:49.9335541Z [command]/usr/bin/git config --local --name-only --get-regexp http\.https\:\/\/github\.com\/\.extraheader
2026-07-03T19:09:49.9360883Z [command]/usr/bin/git submodule foreach --recursive sh -c "git config --local --name-only --get-regexp 'http\.https\:\/\/github\.com\/\.extraheader' && git config --local --unset-all 'http.https://github.com/.extraheader' || :"
2026-07-03T19:09:49.9527972Z Removing includeIf entries pointing to credentials config files
2026-07-03T19:09:49.9533966Z [command]/usr/bin/git config --local --name-only --get-regexp ^includeIf\.gitdir:
2026-07-03T19:09:49.9550010Z includeif.gitdir:/home/runner/work/duckdb-r/duckdb-r/.git.path
2026-07-03T19:09:49.9550747Z includeif.gitdir:/home/runner/work/duckdb-r/duckdb-r/.git/worktrees/*.path
2026-07-03T19:09:49.9551297Z includeif.gitdir:/github/workspace/.git.path
2026-07-03T19:09:49.9551765Z includeif.gitdir:/github/workspace/.git/worktrees/*.path
2026-07-03T19:09:49.9557146Z [command]/usr/bin/git config --local --get-all includeif.gitdir:/home/runner/work/duckdb-r/duckdb-r/.git.path
2026-07-03T19:09:49.9573199Z /home/runner/work/_temp/git-credentials-72f44b0a-82c8-4069-83a1-25366622925e.config
2026-07-03T19:09:49.9581882Z [command]/usr/bin/git config --local --unset includeif.gitdir:/home/runner/work/duckdb-r/duckdb-r/.git.path /home/runner/work/_temp/git-credentials-72f44b0a-82c8-4069-83a1-25366622925e.config
2026-07-03T19:09:49.9607642Z [command]/usr/bin/git config --local --get-all includeif.gitdir:/home/runner/work/duckdb-r/duckdb-r/.git/worktrees/*.path
2026-07-03T19:09:49.9623246Z /home/runner/work/_temp/git-credentials-72f44b0a-82c8-4069-83a1-25366622925e.config
2026-07-03T19:09:49.9630160Z [command]/usr/bin/git config --local --unset includeif.gitdir:/home/runner/work/duckdb-r/duckdb-r/.git/worktrees/*.path /home/runner/work/_temp/git-credentials-72f44b0a-82c8-4069-83a1-25366622925e.config
2026-07-03T19:09:49.9653118Z [command]/usr/bin/git config --local --get-all includeif.gitdir:/github/workspace/.git.path
2026-07-03T19:09:49.9669190Z /github/runner_temp/git-credentials-72f44b0a-82c8-4069-83a1-25366622925e.config
2026-07-03T19:09:49.9674690Z [command]/usr/bin/git config --local --unset includeif.gitdir:/github/workspace/.git.path /github/runner_temp/git-credentials-72f44b0a-82c8-4069-83a1-25366622925e.config
2026-07-03T19:09:49.9696487Z [command]/usr/bin/git config --local --get-all includeif.gitdir:/github/workspace/.git/worktrees/*.path
2026-07-03T19:09:49.9711787Z /github/runner_temp/git-credentials-72f44b0a-82c8-4069-83a1-25366622925e.config
2026-07-03T19:09:49.9719855Z [command]/usr/bin/git config --local --unset includeif.gitdir:/github/workspace/.git/worktrees/*.path /github/runner_temp/git-credentials-72f44b0a-82c8-4069-83a1-25366622925e.config
2026-07-03T19:09:49.9751000Z [command]/usr/bin/git submodule foreach --recursive git config --local --show-origin --name-only --get-regexp remote.origin.url
2026-07-03T19:09:49.9907631Z Removing credentials config '/home/runner/work/_temp/git-credentials-72f44b0a-82c8-4069-83a1-25366622925e.config'
2026-07-03T19:09:50.0004298Z Evaluate and set job outputs
2026-07-03T19:09:50.0009152Z Cleaning up orphan processes
2026-07-03T19:09:50.0211903Z ##[warning]Node.js 20 is deprecated. The following actions target Node.js 20 but are being forced to run on Node.js 24: actions/cache@v4, hendrikmuhs/ccache-action@v1.2.14, krlmlr/ccache-action@parallel-dir. For more information see: https://github.blog/changelog/2025-09-19-deprecation-of-node-20-on-github-actions-runners/
2026-07-03T19:05:52.1950000Z Requested labels: ubuntu-24.04
2026-07-03T19:05:52.1950000Z Job defined at: krlmlr/duckdb-r/.github/workflows/R-CMD-check.yaml@refs/heads/broken-6df9be1957565de801181ffd0e03ab8ac2fc401c-dev
2026-07-03T19:05:52.1950000Z Waiting for a runner to pick up this job...
2026-07-03T19:05:52.1920000Z Evaluating rcc-smoke.if
2026-07-03T19:05:52.1920000Z Evaluating: success()
2026-07-03T19:05:52.1920000Z Result: true
2026-07-03T19:05:52.6710000Z Job is waiting for a hosted runner to come online.
2026-07-03T19:05:52.6700000Z Job is about to start running on the hosted runner: GitHub Actions 1000185943