2026-08-15T08:32:19.9061520Z   'test-DBItest.R:4:3' [success]
2026-08-15T08:32:19.9226580Z   'test-DBItest.R:4:3' [success]
2026-08-15T08:32:19.9295910Z   'test-DBItest.R:4:3' [success]
2026-08-15T08:32:19.9364710Z   'test-DBItest.R:4:3' [success]
2026-08-15T08:32:19.9431410Z   'test-DBItest.R:4:3' [success]
2026-08-15T08:32:19.9503230Z   'test-DBItest.R:4:3' [success]
2026-08-15T08:32:19.9571600Z   'test-DBItest.R:4:3' [success]
2026-08-15T08:32:19.9641430Z   'test-DBItest.R:4:3' [success]
2026-08-15T08:32:19.9777240Z   'test-DBItest.R:4:3' [success]
2026-08-15T08:32:19.9845480Z   'test-DBItest.R:4:3' [success]
2026-08-15T08:32:19.9943390Z   'test-DBItest.R:4:3' [success]
2026-08-15T08:32:20.0010570Z   'test-DBItest.R:4:3' [success]
2026-08-15T08:32:20.0082300Z   'test-DBItest.R:4:3' [success]
2026-08-15T08:32:20.0158430Z   'test-DBItest.R:4:3' [success]
2026-08-15T08:32:20.0237770Z   'test-DBItest.R:4:3' [success]
2026-08-15T08:32:20.0386770Z   'test-DBItest.R:4:3' [success]
2026-08-15T08:32:20.0454640Z   'test-DBItest.R:4:3' [success]
2026-08-15T08:32:20.0528500Z   'test-DBItest.R:4:3' [success]
2026-08-15T08:32:20.0598390Z   'test-DBItest.R:4:3' [success]
2026-08-15T08:32:20.0674000Z   'test-DBItest.R:4:3' [success]
2026-08-15T08:32:20.0781190Z   'test-DBItest.R:4:3' [success]
2026-08-15T08:32:20.0848120Z   'test-DBItest.R:4:3' [success]
2026-08-15T08:32:20.0995320Z   'test-DBItest.R:4:3' [success]
2026-08-15T08:32:20.1067050Z   'test-DBItest.R:4:3' [success]
2026-08-15T08:32:20.1139450Z   'test-DBItest.R:4:3' [success]
2026-08-15T08:32:20.1203970Z   'test-DBItest.R:4:3' [success]
2026-08-15T08:32:20.1272030Z   'test-DBItest.R:4:3' [success]
2026-08-15T08:32:20.1346280Z   'test-DBItest.R:4:3' [success]
2026-08-15T08:32:20.1419910Z   'test-DBItest.R:4:3' [success]
2026-08-15T08:32:20.1569650Z   'test-DBItest.R:4:3' [success]
2026-08-15T08:32:20.1668560Z   'test-DBItest.R:4:3' [success]
2026-08-15T08:32:20.1742190Z   'test-DBItest.R:4:3' [success]
2026-08-15T08:32:20.1815240Z   'test-DBItest.R:4:3' [success]
2026-08-15T08:32:20.1889940Z   'test-DBItest.R:4:3' [success]
2026-08-15T08:32:20.1963920Z   'test-DBItest.R:4:3' [success]
2026-08-15T08:32:20.2034920Z   'test-DBItest.R:4:3' [success]
2026-08-15T08:32:20.2180950Z   'test-DBItest.R:4:3' [success]
2026-08-15T08:32:20.2248860Z   'test-DBItest.R:4:3' [success]
2026-08-15T08:32:20.2316070Z   'test-DBItest.R:4:3' [success]
2026-08-15T08:32:20.2385060Z   'test-DBItest.R:4:3' [success]
2026-08-15T08:32:20.2491870Z   'test-DBItest.R:4:3' [success]
2026-08-15T08:32:20.2560510Z   'test-DBItest.R:4:3' [success]
2026-08-15T08:32:20.2628100Z   'test-DBItest.R:4:3' [success]
2026-08-15T08:32:20.2696350Z   'test-DBItest.R:4:3' [success]
2026-08-15T08:32:20.2707140Z End test: DBItest[duckdb]: SQL: create_roundtrip_quotes
2026-08-15T08:32:20.2707750Z 
2026-08-15T08:32:20.2715860Z Start test: DBItest[duckdb]: SQL: create_table_row_names_default
2026-08-15T08:32:20.2803650Z   'test-DBItest.R:4:3' [success]
2026-08-15T08:32:20.2875950Z   'test-DBItest.R:4:3' [success]
2026-08-15T08:32:20.2948510Z   'test-DBItest.R:4:3' [success]
2026-08-15T08:32:20.3019300Z   'test-DBItest.R:4:3' [success]
2026-08-15T08:32:20.3088310Z   'test-DBItest.R:4:3' [success]
2026-08-15T08:32:20.3160650Z   'test-DBItest.R:4:3' [success]
2026-08-15T08:32:20.3260850Z   'test-DBItest.R:4:3' [success]
2026-08-15T08:32:20.3318440Z   'test-DBItest.R:4:3' [success]
2026-08-15T08:32:20.3363530Z   'test-DBItest.R:4:3' [success]
2026-08-15T08:32:20.3385970Z End test: DBItest[duckdb]: SQL: create_table_row_names_default
2026-08-15T08:32:20.3386190Z 
2026-08-15T08:32:20.3393690Z Start test: DBItest[duckdb]: SQL: create_table_row_names_null
2026-08-15T08:32:20.3465120Z   'test-DBItest.R:4:3' [success]
2026-08-15T08:32:20.3530310Z   'test-DBItest.R:4:3' [success]
2026-08-15T08:32:20.3589980Z   'test-DBItest.R:4:3' [success]
2026-08-15T08:32:20.3645080Z   'test-DBItest.R:4:3' [success]
2026-08-15T08:32:20.3703460Z   'test-DBItest.R:4:3' [success]
2026-08-15T08:32:20.3759450Z   'test-DBItest.R:4:3' [success]
2026-08-15T08:32:20.3819270Z   'test-DBItest.R:4:3' [success]
2026-08-15T08:32:20.3908090Z   'test-DBItest.R:4:3' [success]
2026-08-15T08:32:20.3952890Z   'test-DBItest.R:4:3' [success]
2026-08-15T08:32:20.3974370Z End test: DBItest[duckdb]: SQL: create_table_row_names_null
2026-08-15T08:32:20.3974610Z 
2026-08-15T08:32:20.3981990Z Start test: DBItest[duckdb]: SQL: append_table_formals
2026-08-15T08:32:20.4039530Z   'test-DBItest.R:4:3' [success]
2026-08-15T08:32:20.4084180Z   'test-DBItest.R:4:3' [success]
2026-08-15T08:32:20.4094620Z End test: DBItest[duckdb]: SQL: append_table_formals
2026-08-15T08:32:20.4094810Z 
2026-08-15T08:32:20.4104820Z Start test: DBItest[duckdb]: SQL: append_table_return
2026-08-15T08:32:20.4200680Z   'test-DBItest.R:4:3' [success]
2026-08-15T08:32:20.4257540Z   'test-DBItest.R:4:3' [success]
2026-08-15T08:32:20.4303270Z   'test-DBItest.R:4:3' [success]
2026-08-15T08:32:20.4324250Z End test: DBItest[duckdb]: SQL: append_table_return
2026-08-15T08:32:20.4324460Z 
2026-08-15T08:32:20.4333910Z Start test: DBItest[duckdb]: SQL: append_table_invalid_value
2026-08-15T08:32:20.4432170Z   'test-DBItest.R:4:3' [success]
2026-08-15T08:32:20.4487500Z   'test-DBItest.R:4:3' [success]
2026-08-15T08:32:20.4572120Z   'test-DBItest.R:4:3' [success]
2026-08-15T08:32:20.4627900Z   'test-DBItest.R:4:3' [success]
2026-08-15T08:32:20.4682700Z   'test-DBItest.R:4:3' [success]
2026-08-15T08:32:20.4735710Z   'test-DBItest.R:4:3' [success]
2026-08-15T08:32:20.4792650Z   'test-DBItest.R:4:3' [success]
2026-08-15T08:32:20.4849660Z   'test-DBItest.R:4:3' [success]
2026-08-15T08:32:20.4894350Z   'test-DBItest.R:4:3' [success]
2026-08-15T08:32:20.4915500Z End test: DBItest[duckdb]: SQL: append_table_invalid_value
2026-08-15T08:32:20.4915850Z 
2026-08-15T08:32:20.4925230Z Start test: DBItest[duckdb]: SQL: append_table_append_incompatible
2026-08-15T08:32:20.5056670Z   'test-DBItest.R:4:3' [success]
2026-08-15T08:32:20.5112770Z   'test-DBItest.R:4:3' [success]
2026-08-15T08:32:20.5168060Z   'test-DBItest.R:4:3' [success]
2026-08-15T08:32:20.5250370Z   'test-DBItest.R:4:3' [success]
2026-08-15T08:32:20.5307410Z   'test-DBItest.R:4:3' [success]
2026-08-15T08:32:20.5360270Z   'test-DBItest.R:4:3' [success]
2026-08-15T08:32:20.5430280Z   'test-DBItest.R:4:3' [success]
2026-08-15T08:32:20.5508160Z   'test-DBItest.R:4:3' [success]
2026-08-15T08:32:20.5573210Z   'test-DBItest.R:4:3' [success]
2026-08-15T08:32:20.5601330Z End test: DBItest[duckdb]: SQL: append_table_append_incompatible
2026-08-15T08:32:20.5601680Z 
2026-08-15T08:32:20.5610080Z Start test: DBItest[duckdb]: SQL: append_table_closed_connection
2026-08-15T08:32:20.6044470Z   'test-DBItest.R:4:3' [success]
2026-08-15T08:32:20.6099900Z   'test-DBItest.R:4:3' [success]
2026-08-15T08:32:20.6114560Z End test: DBItest[duckdb]: SQL: append_table_closed_connection
2026-08-15T08:32:20.6115340Z 
2026-08-15T08:32:20.6123590Z Start test: DBItest[duckdb]: SQL: append_table_invalid_connection
2026-08-15T08:32:20.6427690Z   'test-DBItest.R:4:3' [success]
2026-08-15T08:32:20.6472320Z   'test-DBItest.R:4:3' [success]
2026-08-15T08:32:20.6482460Z End test: DBItest[duckdb]: SQL: append_table_invalid_connection
2026-08-15T08:32:20.6482730Z 
2026-08-15T08:32:20.6490610Z Start test: DBItest[duckdb]: SQL: append_roundtrip_keywords
2026-08-15T08:32:20.6596260Z   'test-DBItest.R:4:3' [success]
2026-08-15T08:32:20.6655280Z   'test-DBItest.R:4:3' [success]
2026-08-15T08:32:20.6711050Z   'test-DBItest.R:4:3' [success]
2026-08-15T08:32:20.6769360Z   'test-DBItest.R:4:3' [success]
2026-08-15T08:32:20.6824860Z   'test-DBItest.R:4:3' [success]
2026-08-15T08:32:20.6880140Z   'test-DBItest.R:4:3' [success]
2026-08-15T08:32:20.6965560Z   'test-DBItest.R:4:3' [success]
2026-08-15T08:32:20.7073180Z   'test-DBItest.R:4:3' [success]
2026-08-15T08:32:20.7129320Z   'test-DBItest.R:4:3' [success]
2026-08-15T08:32:20.7183230Z   'test-DBItest.R:4:3' [success]
2026-08-15T08:32:20.7239890Z   'test-DBItest.R:4:3' [success]
2026-08-15T08:32:20.7295980Z   'test-DBItest.R:4:3' [success]
2026-08-15T08:32:20.7351800Z   'test-DBItest.R:4:3' [success]
2026-08-15T08:32:20.7409090Z   'test-DBItest.R:4:3' [success]
2026-08-15T08:32:20.7517130Z   'test-DBItest.R:4:3' [success]
2026-08-15T08:32:20.7573250Z   'test-DBItest.R:4:3' [success]
2026-08-15T08:32:20.7657400Z   'test-DBItest.R:4:3' [success]
2026-08-15T08:32:20.7712900Z   'test-DBItest.R:4:3' [success]
2026-08-15T08:32:20.7767050Z   'test-DBItest.R:4:3' [success]
2026-08-15T08:32:20.7822640Z   'test-DBItest.R:4:3' [success]
2026-08-15T08:32:20.7880020Z   'test-DBItest.R:4:3' [success]
2026-08-15T08:32:20.7937440Z   'test-DBItest.R:4:3' [success]
2026-08-15T08:32:20.7947150Z End test: DBItest[duckdb]: SQL: append_roundtrip_keywords
2026-08-15T08:32:20.7947460Z 
2026-08-15T08:32:20.7955890Z Start test: DBItest[duckdb]: SQL: append_roundtrip_quotes_table_names
2026-08-15T08:32:20.8059920Z   'test-DBItest.R:4:3' [success]
2026-08-15T08:32:20.8120070Z   'test-DBItest.R:4:3' [success]
2026-08-15T08:32:20.8176910Z   'test-DBItest.R:4:3' [success]
2026-08-15T08:32:20.8230750Z   'test-DBItest.R:4:3' [success]
2026-08-15T08:32:20.8337850Z   'test-DBItest.R:4:3' [success]
2026-08-15T08:32:20.8396170Z   'test-DBItest.R:4:3' [success]
2026-08-15T08:32:20.8451320Z   'test-DBItest.R:4:3' [success]
2026-08-15T08:32:20.8556120Z   'test-DBItest.R:4:3' [success]
2026-08-15T08:32:20.8613420Z   'test-DBItest.R:4:3' [success]
2026-08-15T08:32:20.8668970Z   'test-DBItest.R:4:3' [success]
2026-08-15T08:32:20.8725090Z   'test-DBItest.R:4:3' [success]
2026-08-15T08:32:20.8781040Z   'test-DBItest.R:4:3' [success]
2026-08-15T08:32:20.8837930Z   'test-DBItest.R:4:3' [success]
2026-08-15T08:32:20.8893610Z   'test-DBItest.R:4:3' [success]
2026-08-15T08:32:20.9030280Z   'test-DBItest.R:4:3' [success]
2026-08-15T08:32:20.9086730Z   'test-DBItest.R:4:3' [success]
2026-08-15T08:32:20.9141230Z   'test-DBItest.R:4:3' [success]
2026-08-15T08:32:20.9196360Z   'test-DBItest.R:4:3' [success]
2026-08-15T08:32:20.9252150Z   'test-DBItest.R:4:3' [success]
2026-08-15T08:32:20.9308980Z   'test-DBItest.R:4:3' [success]
2026-08-15T08:32:20.9367000Z   'test-DBItest.R:4:3' [success]
2026-08-15T08:32:20.9470030Z   'test-DBItest.R:4:3' [success]
2026-08-15T08:32:20.9527250Z   'test-DBItest.R:4:3' [success]
2026-08-15T08:32:20.9581660Z   'test-DBItest.R:4:3' [success]
2026-08-15T08:32:20.9667670Z   'test-DBItest.R:4:3' [success]
2026-08-15T08:32:20.9722730Z   'test-DBItest.R:4:3' [success]
2026-08-15T08:32:20.9778000Z   'test-DBItest.R:4:3' [success]
2026-08-15T08:32:20.9832330Z   'test-DBItest.R:4:3' [success]
2026-08-15T08:32:20.9936310Z   'test-DBItest.R:4:3' [success]
2026-08-15T08:32:20.9992470Z   'test-DBItest.R:4:3' [success]
2026-08-15T08:32:21.0047890Z   'test-DBItest.R:4:3' [success]
2026-08-15T08:32:21.0105140Z   'test-DBItest.R:4:3' [success]
2026-08-15T08:32:21.0162120Z   'test-DBItest.R:4:3' [success]
2026-08-15T08:32:21.0216430Z   'test-DBItest.R:4:3' [success]
2026-08-15T08:32:21.0303440Z   'test-DBItest.R:4:3' [success]
2026-08-15T08:32:21.0407410Z   'test-DBItest.R:4:3' [success]
2026-08-15T08:32:21.0462500Z   'test-DBItest.R:4:3' [success]
2026-08-15T08:32:21.0516520Z   'test-DBItest.R:4:3' [success]
2026-08-15T08:32:21.0572820Z   'test-DBItest.R:4:3' [success]
2026-08-15T08:32:21.0628470Z   'test-DBItest.R:4:3' [success]
2026-08-15T08:32:21.0685210Z   'test-DBItest.R:4:3' [success]
2026-08-15T08:32:21.0742730Z   'test-DBItest.R:4:3' [success]
2026-08-15T08:32:21.0848830Z   'test-DBItest.R:4:3' [success]
2026-08-15T08:32:21.0905410Z   'test-DBItest.R:4:3' [success]
2026-08-15T08:32:21.0994340Z   'test-DBItest.R:4:3' [success]
2026-08-15T08:32:21.1054350Z   'test-DBItest.R:4:3' [success]
2026-08-15T08:32:21.1108630Z   'test-DBItest.R:4:3' [success]
2026-08-15T08:32:21.1164120Z   'test-DBItest.R:4:3' [success]
2026-08-15T08:32:21.1218820Z   'test-DBItest.R:4:3' [success]
2026-08-15T08:32:21.1325780Z   'test-DBItest.R:4:3' [success]
2026-08-15T08:32:21.1382860Z   'test-DBItest.R:4:3' [success]
2026-08-15T08:32:21.1437680Z   'test-DBItest.R:4:3' [success]
2026-08-15T08:32:21.1493290Z   'test-DBItest.R:4:3' [success]
2026-08-15T08:32:21.1547240Z   'test-DBItest.R:4:3' [success]
2026-08-15T08:32:21.1636510Z   'test-DBItest.R:4:3' [success]
2026-08-15T08:32:21.1692030Z   'test-DBItest.R:4:3' [success]
2026-08-15T08:32:21.1795670Z   'test-DBItest.R:4:3' [success]
2026-08-15T08:32:21.1850830Z   'test-DBItest.R:4:3' [success]
2026-08-15T08:32:21.1907820Z   'test-DBItest.R:4:3' [success]
2026-08-15T08:32:21.1963840Z   'test-DBItest.R:4:3' [success]
2026-08-15T08:32:21.2018460Z   'test-DBItest.R:4:3' [success]
2026-08-15T08:32:21.2074740Z   'test-DBItest.R:4:3' [success]
2026-08-15T08:32:21.2134550Z   'test-DBItest.R:4:3' [success]
2026-08-15T08:32:21.2238270Z   'test-DBItest.R:4:3' [success]
2026-08-15T08:32:21.2326560Z   'test-DBItest.R:4:3' [success]
2026-08-15T08:32:21.2382540Z   'test-DBItest.R:4:3' [success]
2026-08-15T08:32:21.2436240Z   'test-DBItest.R:4:3' [success]
2026-08-15T08:32:21.2489460Z   'test-DBItest.R:4:3' [success]
2026-08-15T08:32:21.2559470Z   'test-DBItest.R:4:3' [success]
2026-08-15T08:32:21.2616360Z   'test-DBItest.R:4:3' [success]
2026-08-15T08:32:21.2724380Z   'test-DBItest.R:4:3' [success]
2026-08-15T08:32:21.2781240Z   'test-DBItest.R:4:3' [success]
2026-08-15T08:32:21.2837020Z   'test-DBItest.R:4:3' [success]
2026-08-15T08:32:21.2892480Z   'test-DBItest.R:4:3' [success]
2026-08-15T08:32:21.2978500Z   'test-DBItest.R:4:3' [success]
2026-08-15T08:32:21.3036170Z   'test-DBItest.R:4:3' [success]
2026-08-15T08:32:21.3091460Z   'test-DBItest.R:4:3' [success]
2026-08-15T08:32:21.3197770Z   'test-DBItest.R:4:3' [success]
2026-08-15T08:32:21.3255300Z   'test-DBItest.R:4:3' [success]
2026-08-15T08:32:21.3311130Z   'test-DBItest.R:4:3' [success]
2026-08-15T08:32:21.3367850Z   'test-DBItest.R:4:3' [success]
2026-08-15T08:32:21.3424340Z   'test-DBItest.R:4:3' [success]
2026-08-15T08:32:21.3480870Z   'test-DBItest.R:4:3' [success]
2026-08-15T08:32:21.3535640Z   'test-DBItest.R:4:3' [success]
2026-08-15T08:32:21.3674550Z   'test-DBItest.R:4:3' [success]
2026-08-15T08:32:21.3730510Z   'test-DBItest.R:4:3' [success]
2026-08-15T08:32:21.3784210Z   'test-DBItest.R:4:3' [success]
2026-08-15T08:32:21.3839440Z   'test-DBItest.R:4:3' [success]
2026-08-15T08:32:21.3894700Z   'test-DBItest.R:4:3' [success]
2026-08-15T08:32:21.3951020Z   'test-DBItest.R:4:3' [success]
2026-08-15T08:32:21.4007390Z   'test-DBItest.R:4:3' [success]
2026-08-15T08:32:21.4065660Z   'test-DBItest.R:4:3' [success]
2026-08-15T08:32:21.4075370Z End test: DBItest[duckdb]: SQL: append_roundtrip_quotes_table_names
2026-08-15T08:32:21.4075710Z 
2026-08-15T08:32:21.4083540Z Start test: DBItest[duckdb]: SQL: append_roundtrip_quotes_column_names
2026-08-15T08:32:21.4214670Z   'test-DBItest.R:4:3' [success]
2026-08-15T08:32:21.4304090Z   'test-DBItest.R:4:3' [success]
2026-08-15T08:32:21.4360280Z   'test-DBItest.R:4:3' [success]
2026-08-15T08:32:21.4414940Z   'test-DBItest.R:4:3' [success]
2026-08-15T08:32:21.4469050Z   'test-DBItest.R:4:3' [success]
2026-08-15T08:32:21.4543150Z   'test-DBItest.R:4:3' [success]
2026-08-15T08:32:21.4617840Z   'test-DBItest.R:4:3' [success]
2026-08-15T08:32:21.4683830Z   'test-DBItest.R:4:3' [success]
2026-08-15T08:32:21.4707440Z End test: DBItest[duckdb]: SQL: append_roundtrip_quotes_column_names
2026-08-15T08:32:21.4707870Z 
2026-08-15T08:32:21.4719890Z Start test: DBItest[duckdb]: SQL: append_roundtrip_integer
2026-08-15T08:32:21.4889300Z   'test-DBItest.R:4:3' [success]
2026-08-15T08:32:21.4987000Z   'test-DBItest.R:4:3' [success]
2026-08-15T08:32:21.5071950Z   'test-DBItest.R:4:3' [success]
2026-08-15T08:32:21.5189560Z   'test-DBItest.R:4:3' [success]
2026-08-15T08:32:21.5265680Z   'test-DBItest.R:4:3' [success]
2026-08-15T08:32:21.5326900Z   'test-DBItest.R:4:3' [success]
2026-08-15T08:32:21.5381820Z   'test-DBItest.R:4:3' [success]
2026-08-15T08:32:21.5488820Z   'test-DBItest.R:4:3' [success]
2026-08-15T08:32:21.5546970Z   'test-DBItest.R:4:3' [success]
2026-08-15T08:32:21.5603290Z   'test-DBItest.R:4:3' [success]
2026-08-15T08:32:21.5662050Z   'test-DBItest.R:4:3' [success]
2026-08-15T08:32:21.5718870Z   'test-DBItest.R:4:3' [success]
2026-08-15T08:32:21.5774710Z   'test-DBItest.R:4:3' [success]
2026-08-15T08:32:21.5867050Z   'test-DBItest.R:4:3' [success]
2026-08-15T08:32:21.5972080Z   'test-DBItest.R:4:3' [success]
2026-08-15T08:32:21.6028980Z   'test-DBItest.R:4:3' [success]
2026-08-15T08:32:21.6083480Z   'test-DBItest.R:4:3' [success]
2026-08-15T08:32:21.6148570Z   'test-DBItest.R:4:3' [success]
2026-08-15T08:32:21.6205320Z   'test-DBItest.R:4:3' [success]
2026-08-15T08:32:21.6261480Z   'test-DBItest.R:4:3' [success]
2026-08-15T08:32:21.6320920Z   'test-DBItest.R:4:3' [success]
2026-08-15T08:32:21.6379160Z   'test-DBItest.R:4:3' [success]
2026-08-15T08:32:21.6388900Z End test: DBItest[duckdb]: SQL: append_roundtrip_integer
2026-08-15T08:32:21.6389110Z 
2026-08-15T08:32:21.6396520Z Start test: DBItest[duckdb]: SQL: append_roundtrip_numeric
2026-08-15T08:32:21.6503400Z   'test-DBItest.R:4:3' [success]
2026-08-15T08:32:21.6593920Z   'test-DBItest.R:4:3' [success]
2026-08-15T08:32:21.6651910Z   'test-DBItest.R:4:3' [success]
2026-08-15T08:32:21.6706440Z   'test-DBItest.R:4:3' [success]
2026-08-15T08:32:21.6759930Z   'test-DBItest.R:4:3' [success]
2026-08-15T08:32:21.6817410Z   'test-DBItest.R:4:3' [success]
2026-08-15T08:32:21.6873360Z   'test-DBItest.R:4:3' [success]
2026-08-15T08:32:21.6981440Z   'test-DBItest.R:4:3' [success]
2026-08-15T08:32:21.7037960Z   'test-DBItest.R:4:3' [success]
2026-08-15T08:32:21.7094000Z   'test-DBItest.R:4:3' [success]
2026-08-15T08:32:21.7150620Z   'test-DBItest.R:4:3' [success]
2026-08-15T08:32:21.7240700Z   'test-DBItest.R:4:3' [success]
2026-08-15T08:32:21.7298580Z   'test-DBItest.R:4:3' [success]
2026-08-15T08:32:21.7353950Z   'test-DBItest.R:4:3' [success]
2026-08-15T08:32:21.7458310Z   'test-DBItest.R:4:3' [success]
2026-08-15T08:32:21.7516020Z   'test-DBItest.R:4:3' [success]
2026-08-15T08:32:21.7571860Z   'test-DBItest.R:4:3' [success]
2026-08-15T08:32:21.7628760Z   'test-DBItest.R:4:3' [success]
2026-08-15T08:32:21.7683980Z   'test-DBItest.R:4:3' [success]
2026-08-15T08:32:21.7739920Z   'test-DBItest.R:4:3' [success]
2026-08-15T08:32:21.7795660Z   'test-DBItest.R:4:3' [success]
2026-08-15T08:32:21.7885350Z   'test-DBItest.R:4:3' [success]
2026-08-15T08:32:21.7895130Z End test: DBItest[duckdb]: SQL: append_roundtrip_numeric
2026-08-15T08:32:21.7895520Z 
2026-08-15T08:32:21.7902890Z Start test: DBItest[duckdb]: SQL: append_roundtrip_logical
2026-08-15T08:32:21.8001640Z   'test-DBItest.R:4:3' [success]
2026-08-15T08:32:21.8057720Z   'test-DBItest.R:4:3' [success]
2026-08-15T08:32:21.8115180Z   'test-DBItest.R:4:3' [success]
2026-08-15T08:32:21.8173730Z   'test-DBItest.R:4:3' [success]
2026-08-15T08:32:21.8228870Z   'test-DBItest.R:4:3' [success]
2026-08-15T08:32:21.8285470Z   'test-DBItest.R:4:3' [success]
2026-08-15T08:32:21.8344380Z   'test-DBItest.R:4:3' [success]
2026-08-15T08:32:21.8449790Z   'test-DBItest.R:4:3' [success]
2026-08-15T08:32:21.8539800Z   'test-DBItest.R:4:3' [success]
2026-08-15T08:32:21.8598260Z   'test-DBItest.R:4:3' [success]
2026-08-15T08:32:21.8652850Z   'test-DBItest.R:4:3' [success]
2026-08-15T08:32:21.8706930Z   'test-DBItest.R:4:3' [success]
2026-08-15T08:32:21.8762810Z   'test-DBItest.R:4:3' [success]
2026-08-15T08:32:21.8820210Z   'test-DBItest.R:4:3' [success]
2026-08-15T08:32:21.8926610Z   'test-DBItest.R:4:3' [success]
2026-08-15T08:32:21.8984260Z   'test-DBItest.R:4:3' [success]
2026-08-15T08:32:21.9040620Z   'test-DBItest.R:4:3' [success]
2026-08-15T08:32:21.9096380Z   'test-DBItest.R:4:3' [success]
2026-08-15T08:32:21.9184720Z   'test-DBItest.R:4:3' [success]
2026-08-15T08:32:21.9241850Z   'test-DBItest.R:4:3' [success]
2026-08-15T08:32:21.9296840Z   'test-DBItest.R:4:3' [success]
2026-08-15T08:32:21.9352940Z   'test-DBItest.R:4:3' [success]
2026-08-15T08:32:21.9362480Z End test: DBItest[duckdb]: SQL: append_roundtrip_logical
2026-08-15T08:32:21.9362810Z 
2026-08-15T08:32:21.9370970Z Start test: DBItest[duckdb]: SQL: append_roundtrip_null
2026-08-15T08:32:21.9469470Z   'test-DBItest.R:4:3' [success]
2026-08-15T08:32:21.9527360Z   'test-DBItest.R:4:3' [success]
2026-08-15T08:32:21.9583100Z   'test-DBItest.R:4:3' [success]
2026-08-15T08:32:21.9638840Z   'test-DBItest.R:4:3' [success]
2026-08-15T08:32:21.9695220Z   'test-DBItest.R:4:3' [success]
2026-08-15T08:32:21.9750780Z   'test-DBItest.R:4:3' [success]
2026-08-15T08:32:21.9839950Z   'test-DBItest.R:4:3' [success]
2026-08-15T08:32:21.9951060Z   'test-DBItest.R:4:3' [success]
2026-08-15T08:32:22.0006900Z   'test-DBItest.R:4:3' [success]
2026-08-15T08:32:22.0061300Z   'test-DBItest.R:4:3' [success]
2026-08-15T08:32:22.0117270Z   'test-DBItest.R:4:3' [success]
2026-08-15T08:32:22.0172590Z   'test-DBItest.R:4:3' [success]
2026-08-15T08:32:22.0228030Z   'test-DBItest.R:4:3' [success]
2026-08-15T08:32:22.0284630Z   'test-DBItest.R:4:3' [success]
2026-08-15T08:32:22.0389580Z   'test-DBItest.R:4:3' [success]
2026-08-15T08:32:22.0447870Z   'test-DBItest.R:4:3' [success]
2026-08-15T08:32:22.0537780Z   'test-DBItest.R:4:3' [success]
2026-08-15T08:32:22.0594740Z   'test-DBItest.R:4:3' [success]
2026-08-15T08:32:22.0648740Z   'test-DBItest.R:4:3' [success]
2026-08-15T08:32:22.0704460Z   'test-DBItest.R:4:3' [success]
2026-08-15T08:32:22.0759390Z   'test-DBItest.R:4:3' [success]
2026-08-15T08:32:22.0817140Z   'test-DBItest.R:4:3' [success]
2026-08-15T08:32:22.0826570Z End test: DBItest[duckdb]: SQL: append_roundtrip_null
2026-08-15T08:32:22.0826900Z 
2026-08-15T08:32:22.0835060Z Start test: DBItest[duckdb]: SQL: append_roundtrip_character
2026-08-15T08:32:22.0938500Z   'test-DBItest.R:4:3' [success]
2026-08-15T08:32:22.0999260Z   'test-DBItest.R:4:3' [success]
2026-08-15T08:32:22.1058140Z   'test-DBItest.R:4:3' [success]
2026-08-15T08:32:22.1146150Z   'test-DBItest.R:4:3' [success]
2026-08-15T08:32:22.1204580Z   'test-DBItest.R:4:3' [success]
2026-08-15T08:32:22.1259880Z   'test-DBItest.R:4:3' [success]
2026-08-15T08:32:22.1317160Z   'test-DBItest.R:4:3' [success]
2026-08-15T08:32:22.1424090Z   'test-DBItest.R:4:3' [success]
2026-08-15T08:32:22.1481010Z   'test-DBItest.R:4:3' [success]
2026-08-15T08:32:22.1536420Z   'test-DBItest.R:4:3' [success]
2026-08-15T08:32:22.1593260Z   'test-DBItest.R:4:3' [success]
2026-08-15T08:32:22.1648130Z   'test-DBItest.R:4:3' [success]
2026-08-15T08:32:22.1704950Z   'test-DBItest.R:4:3' [success]
2026-08-15T08:32:22.1793810Z   'test-DBItest.R:4:3' [success]
2026-08-15T08:32:22.1901030Z   'test-DBItest.R:4:3' [success]
2026-08-15T08:32:22.1956720Z   'test-DBItest.R:4:3' [success]
2026-08-15T08:32:22.2010540Z   'test-DBItest.R:4:3' [success]
2026-08-15T08:32:22.2065670Z   'test-DBItest.R:4:3' [success]
2026-08-15T08:32:22.2126680Z   'test-DBItest.R:4:3' [success]
2026-08-15T08:32:22.2183500Z   'test-DBItest.R:4:3' [success]
2026-08-15T08:32:22.2241070Z   'test-DBItest.R:4:3' [success]
2026-08-15T08:32:22.2299160Z   'test-DBItest.R:4:3' [success]
2026-08-15T08:32:22.2308630Z End test: DBItest[duckdb]: SQL: append_roundtrip_character
2026-08-15T08:32:22.2308840Z 
2026-08-15T08:32:22.2317290Z Start test: DBItest[duckdb]: SQL: append_roundtrip_character_native
2026-08-15T08:32:22.2417200Z   'test-DBItest.R:4:3' [success]
2026-08-15T08:32:22.2554440Z   'test-DBItest.R:4:3' [success]
2026-08-15T08:32:22.2614360Z   'test-DBItest.R:4:3' [success]
2026-08-15T08:32:22.2696080Z   'test-DBItest.R:4:3' [success]
2026-08-15T08:32:22.2765950Z   'test-DBItest.R:4:3' [success]
2026-08-15T08:32:22.2835860Z   'test-DBItest.R:4:3' [success]
2026-08-15T08:32:22.2923270Z   'test-DBItest.R:4:3' [success]
2026-08-15T08:32:22.3056310Z   'test-DBItest.R:4:3' [success]
2026-08-15T08:32:22.3129810Z   'test-DBItest.R:4:3' [success]
2026-08-15T08:32:22.3206220Z   'test-DBItest.R:4:3' [success]
2026-08-15T08:32:22.3284140Z   'test-DBItest.R:4:3' [success]
2026-08-15T08:32:22.3396020Z   'test-DBItest.R:4:3' [success]
2026-08-15T08:32:22.3562610Z   'test-DBItest.R:4:3' [success]
2026-08-15T08:32:22.3618930Z   'test-DBItest.R:4:3' [success]
2026-08-15T08:32:22.3775120Z   'test-DBItest.R:4:3' [success]
2026-08-15T08:32:22.3843240Z   'test-DBItest.R:4:3' [success]
2026-08-15T08:32:22.3908130Z   'test-DBItest.R:4:3' [success]
2026-08-15T08:32:22.3976290Z   'test-DBItest.R:4:3' [success]
2026-08-15T08:32:22.4048180Z   'test-DBItest.R:4:3' [success]
2026-08-15T08:32:22.4119550Z   'test-DBItest.R:4:3' [success]
2026-08-15T08:32:22.4199060Z   'test-DBItest.R:4:3' [success]
2026-08-15T08:32:22.4306630Z   'test-DBItest.R:4:3' [success]
2026-08-15T08:32:22.4324230Z End test: DBItest[duckdb]: SQL: append_roundtrip_character_native
2026-08-15T08:32:22.4324670Z 
2026-08-15T08:32:22.4365090Z Start test: DBItest[duckdb]: SQL: append_roundtrip_character_empty
2026-08-15T08:32:22.4465830Z   'test-DBItest.R:4:3' [success]
2026-08-15T08:32:22.4527190Z   'test-DBItest.R:4:3' [success]
2026-08-15T08:32:22.4595720Z   'test-DBItest.R:4:3' [success]
2026-08-15T08:32:22.4657950Z   'test-DBItest.R:4:3' [success]
2026-08-15T08:32:22.4730670Z   'test-DBItest.R:4:3' [success]
2026-08-15T08:32:22.4802920Z   'test-DBItest.R:4:3' [success]
2026-08-15T08:32:22.4877060Z   'test-DBItest.R:4:3' [success]
2026-08-15T08:32:22.5168670Z   'test-DBItest.R:4:3' [success]
2026-08-15T08:32:22.5267630Z   'test-DBItest.R:4:3' [success]
2026-08-15T08:32:22.5354600Z   'test-DBItest.R:4:3' [success]
2026-08-15T08:32:22.5419250Z   'test-DBItest.R:4:3' [success]
2026-08-15T08:32:22.5485730Z   'test-DBItest.R:4:3' [success]
2026-08-15T08:32:22.5552620Z   'test-DBItest.R:4:3' [success]
2026-08-15T08:32:22.5620650Z   'test-DBItest.R:4:3' [success]
2026-08-15T08:32:22.5922910Z   'test-DBItest.R:4:3' [success]
2026-08-15T08:32:22.5993700Z   'test-DBItest.R:4:3' [success]
2026-08-15T08:32:22.6060170Z   'test-DBItest.R:4:3' [success]
2026-08-15T08:32:22.6128390Z   'test-DBItest.R:4:3' [success]
2026-08-15T08:32:22.6231410Z   'test-DBItest.R:4:3' [success]
2026-08-15T08:32:22.6307530Z   'test-DBItest.R:4:3' [success]
2026-08-15T08:32:22.6376600Z   'test-DBItest.R:4:3' [success]
2026-08-15T08:32:22.6497120Z   'test-DBItest.R:4:3' [success]
2026-08-15T08:32:22.6514570Z End test: DBItest[duckdb]: SQL: append_roundtrip_character_empty
2026-08-15T08:32:22.6514950Z 
2026-08-15T08:32:22.6551010Z Start test: DBItest[duckdb]: SQL: append_roundtrip_character_empty_after
2026-08-15T08:32:22.6759970Z   'test-DBItest.R:4:3' [success]
2026-08-15T08:32:22.6823450Z   'test-DBItest.R:4:3' [success]
2026-08-15T08:32:22.6891340Z   'test-DBItest.R:4:3' [success]
2026-08-15T08:32:22.6960120Z   'test-DBItest.R:4:3' [success]
2026-08-15T08:32:22.7050830Z   'test-DBItest.R:4:3' [success]
2026-08-15T08:32:22.7113970Z   'test-DBItest.R:4:3' [success]
2026-08-15T08:32:22.7212050Z   'test-DBItest.R:4:3' [success]
2026-08-15T08:32:22.7341200Z   'test-DBItest.R:4:3' [success]
2026-08-15T08:32:22.7409560Z   'test-DBItest.R:4:3' [success]
2026-08-15T08:32:22.7478610Z   'test-DBItest.R:4:3' [success]
2026-08-15T08:32:22.7547280Z   'test-DBItest.R:4:3' [success]
2026-08-15T08:32:22.7617140Z   'test-DBItest.R:4:3' [success]
2026-08-15T08:32:22.7723150Z   'test-DBItest.R:4:3' [success]
2026-08-15T08:32:22.7776290Z   'test-DBItest.R:4:3' [success]
2026-08-15T08:32:22.7960540Z   'test-DBItest.R:4:3' [success]
2026-08-15T08:32:22.8023500Z   'test-DBItest.R:4:3' [success]
2026-08-15T08:32:22.8135480Z   'test-DBItest.R:4:3' [success]
2026-08-15T08:32:22.8207490Z   'test-DBItest.R:4:3' [success]
2026-08-15T08:32:22.8274870Z   'test-DBItest.R:4:3' [success]
2026-08-15T08:32:22.8376070Z   'test-DBItest.R:4:3' [success]
2026-08-15T08:32:22.8444220Z   'test-DBItest.R:4:3' [success]
2026-08-15T08:32:22.8516170Z   'test-DBItest.R:4:3' [success]
2026-08-15T08:32:22.8527910Z End test: DBItest[duckdb]: SQL: append_roundtrip_character_empty_after
2026-08-15T08:32:22.8528290Z 
2026-08-15T08:32:22.8536520Z Start test: DBItest[duckdb]: SQL: append_roundtrip_raw
2026-08-15T08:32:22.8659040Z   'test-DBItest.R:4:3' [success]
2026-08-15T08:32:22.8723890Z   'test-DBItest.R:4:3' [success]
2026-08-15T08:32:22.8791860Z   'test-DBItest.R:4:3' [success]
2026-08-15T08:32:22.8856090Z   'test-DBItest.R:4:3' [success]
2026-08-15T08:32:22.8960390Z   'test-DBItest.R:4:3' [success]
2026-08-15T08:32:22.9033280Z   'test-DBItest.R:4:3' [success]
2026-08-15T08:32:22.9123180Z   'test-DBItest.R:4:3' [success]
2026-08-15T08:32:22.9202800Z   'test-DBItest.R:4:3' [success]
2026-08-15T08:32:22.9278790Z   'test-DBItest.R:4:3' [success]
2026-08-15T08:32:22.9353440Z   'test-DBItest.R:4:3' [success]
2026-08-15T08:32:22.9480950Z   'test-DBItest.R:4:3' [success]
2026-08-15T08:32:22.9547670Z   'test-DBItest.R:4:3' [success]
2026-08-15T08:32:22.9616170Z   'test-DBItest.R:4:3' [success]
2026-08-15T08:32:22.9688340Z   'test-DBItest.R:4:3' [success]
2026-08-15T08:32:22.9810020Z   'test-DBItest.R:4:3' [success]
2026-08-15T08:32:22.9878760Z   'test-DBItest.R:4:3' [success]
2026-08-15T08:32:22.9950380Z   'test-DBItest.R:4:3' [success]
2026-08-15T08:32:23.0018850Z   'test-DBItest.R:4:3' [success]
2026-08-15T08:32:23.0084780Z   'test-DBItest.R:4:3' [success]
2026-08-15T08:32:23.0152820Z   'test-DBItest.R:4:3' [success]
2026-08-15T08:32:23.0280580Z   'test-DBItest.R:4:3' [success]
2026-08-15T08:32:23.0369850Z   'test-DBItest.R:4:3' [success]
2026-08-15T08:32:23.0437830Z   'test-DBItest.R:4:3' [success]
2026-08-15T08:32:23.0535260Z   'test-DBItest.R:4:3' [success]
2026-08-15T08:32:23.0606370Z   'test-DBItest.R:4:3' [success]
2026-08-15T08:32:23.0672970Z   'test-DBItest.R:4:3' [success]
2026-08-15T08:32:23.0742100Z   'test-DBItest.R:4:3' [success]
2026-08-15T08:32:23.0813420Z   'test-DBItest.R:4:3' [success]
2026-08-15T08:32:23.0879990Z   'test-DBItest.R:4:3' [success]
2026-08-15T08:32:23.0980460Z   'test-DBItest.R:4:3' [success]
2026-08-15T08:32:23.1040530Z   'test-DBItest.R:4:3' [success]
2026-08-15T08:32:23.1052150Z End test: DBItest[duckdb]: SQL: append_roundtrip_raw
2026-08-15T08:32:23.1053100Z 
2026-08-15T08:32:23.1060330Z Start test: DBItest[duckdb]: SQL: append_roundtrip_blob
2026-08-15T08:32:23.1184310Z   'test-DBItest.R:4:3' [success]
2026-08-15T08:32:23.1251170Z   'test-DBItest.R:4:3' [success]
2026-08-15T08:32:23.1349490Z   'test-DBItest.R:4:3' [success]
2026-08-15T08:32:23.1414910Z   'test-DBItest.R:4:3' [success]
2026-08-15T08:32:23.1482090Z   'test-DBItest.R:4:3' [success]
2026-08-15T08:32:23.1556480Z   'test-DBItest.R:4:3' [success]
2026-08-15T08:32:23.1651460Z   'test-DBItest.R:4:3' [success]
2026-08-15T08:32:23.1721000Z   'test-DBItest.R:4:3' [success]
2026-08-15T08:32:23.1787440Z   'test-DBItest.R:4:3' [success]
2026-08-15T08:32:23.1853880Z   'test-DBItest.R:4:3' [success]
2026-08-15T08:32:23.1984560Z   'test-DBItest.R:4:3' [success]
2026-08-15T08:32:23.2052800Z   'test-DBItest.R:4:3' [success]
2026-08-15T08:32:23.2182660Z   'test-DBItest.R:4:3' [success]
2026-08-15T08:32:23.2247390Z   'test-DBItest.R:4:3' [success]
2026-08-15T08:32:23.2314300Z   'test-DBItest.R:4:3' [success]
2026-08-15T08:32:23.2382880Z   'test-DBItest.R:4:3' [success]
2026-08-15T08:32:23.2453970Z   'test-DBItest.R:4:3' [success]
2026-08-15T08:32:23.2521510Z   'test-DBItest.R:4:3' [success]
2026-08-15T08:32:23.2584540Z   'test-DBItest.R:4:3' [success]
2026-08-15T08:32:23.2651870Z   'test-DBItest.R:4:3' [success]
2026-08-15T08:32:23.2826950Z   'test-DBItest.R:4:3' [success]
2026-08-15T08:32:23.2891160Z   'test-DBItest.R:4:3' [success]
2026-08-15T08:32:23.2994950Z   'test-DBItest.R:4:3' [success]
2026-08-15T08:32:23.3057350Z   'test-DBItest.R:4:3' [success]
2026-08-15T08:32:23.3124100Z   'test-DBItest.R:4:3' [success]
2026-08-15T08:32:23.3194520Z   'test-DBItest.R:4:3' [success]
2026-08-15T08:32:23.3290030Z   'test-DBItest.R:4:3' [success]
2026-08-15T08:32:23.3364520Z   'test-DBItest.R:4:3' [success]
2026-08-15T08:32:23.3430290Z   'test-DBItest.R:4:3' [success]
2026-08-15T08:32:23.3500660Z   'test-DBItest.R:4:3' [success]
2026-08-15T08:32:23.3569250Z   'test-DBItest.R:4:3' [success]
2026-08-15T08:32:23.3579620Z End test: DBItest[duckdb]: SQL: append_roundtrip_blob
2026-08-15T08:32:23.3579870Z 
2026-08-15T08:32:23.3588180Z Start test: DBItest[duckdb]: SQL: append_roundtrip_date
2026-08-15T08:32:23.3740250Z   'test-DBItest.R:4:3' [success]
2026-08-15T08:32:23.3809600Z   'test-DBItest.R:4:3' [success]
2026-08-15T08:32:23.3903170Z   'test-DBItest.R:4:3' [success]
2026-08-15T08:32:23.3968340Z   'test-DBItest.R:4:3' [success]
2026-08-15T08:32:23.4035600Z   'test-DBItest.R:4:3' [success]
2026-08-15T08:32:23.4093630Z   'test-DBItest.R:4:3' [success]
2026-08-15T08:32:23.4160740Z   'test-DBItest.R:4:3' [success]
2026-08-15T08:32:23.4229060Z   'test-DBItest.R:4:3' [success]
2026-08-15T08:32:23.4357650Z   'test-DBItest.R:4:3' [success]
2026-08-15T08:32:23.4423640Z   'test-DBItest.R:4:3' [success]
2026-08-15T08:32:23.4550710Z   'test-DBItest.R:4:3' [success]
2026-08-15T08:32:23.4616460Z   'test-DBItest.R:4:3' [success]
2026-08-15T08:32:23.4679020Z   'test-DBItest.R:4:3' [success]
2026-08-15T08:32:23.4737490Z   'test-DBItest.R:4:3' [success]
2026-08-15T08:32:23.4799870Z   'test-DBItest.R:4:3' [success]
2026-08-15T08:32:23.4868740Z   'test-DBItest.R:4:3' [success]
2026-08-15T08:32:23.5032970Z   'test-DBItest.R:4:3' [success]
2026-08-15T08:32:23.5086260Z   'test-DBItest.R:4:3' [success]
2026-08-15T08:32:23.5152820Z   'test-DBItest.R:4:3' [success]
2026-08-15T08:32:23.5218710Z   'test-DBItest.R:4:3' [success]
2026-08-15T08:32:23.5329150Z   'test-DBItest.R:4:3' [success]
2026-08-15T08:32:23.5394360Z   'test-DBItest.R:4:3' [success]
2026-08-15T08:32:23.5474320Z   'test-DBItest.R:4:3' [success]
2026-08-15T08:32:23.5539540Z   'test-DBItest.R:4:3' [success]
2026-08-15T08:32:23.5617080Z   'test-DBItest.R:4:3' [success]
2026-08-15T08:32:23.5629590Z End test: DBItest[duckdb]: SQL: append_roundtrip_date
2026-08-15T08:32:23.5630050Z 
2026-08-15T08:32:23.5638600Z Start test: DBItest[duckdb]: SQL: append_roundtrip_date_extended
2026-08-15T08:32:23.5804480Z   'test-DBItest.R:4:3' [success]
2026-08-15T08:32:23.5868900Z   'test-DBItest.R:4:3' [success]
2026-08-15T08:32:23.5940600Z   'test-DBItest.R:4:3' [success]
2026-08-15T08:32:23.6005480Z   'test-DBItest.R:4:3' [success]
2026-08-15T08:32:23.6074050Z   'test-DBItest.R:4:3' [success]
2026-08-15T08:32:23.6179920Z   'test-DBItest.R:4:3' [success]
2026-08-15T08:32:23.6265650Z   'test-DBItest.R:4:3' [success]
2026-08-15T08:32:23.6338470Z   'test-DBItest.R:4:3' [success]
2026-08-15T08:32:23.6472480Z   'test-DBItest.R:4:3' [success]
2026-08-15T08:32:23.6544010Z   'test-DBItest.R:4:3' [success]
2026-08-15T08:32:23.6616090Z   'test-DBItest.R:4:3' [success]
2026-08-15T08:32:23.6706660Z   'test-DBItest.R:4:3' [success]
2026-08-15T08:32:23.6792730Z   'test-DBItest.R:4:3' [success]
2026-08-15T08:32:23.6853520Z   'test-DBItest.R:4:3' [success]
2026-08-15T08:32:23.6967810Z   'test-DBItest.R:4:3' [success]
2026-08-15T08:32:23.7075870Z   'test-DBItest.R:4:3' [success]
2026-08-15T08:32:23.7202790Z   'test-DBItest.R:4:3' [success]
2026-08-15T08:32:23.7269920Z   'test-DBItest.R:4:3' [success]
2026-08-15T08:32:23.7340500Z   'test-DBItest.R:4:3' [success]
2026-08-15T08:32:23.7412580Z   'test-DBItest.R:4:3' [success]
2026-08-15T08:32:23.7486140Z   'test-DBItest.R:4:3' [success]
2026-08-15T08:32:23.7552880Z   'test-DBItest.R:4:3' [success]
2026-08-15T08:32:23.7647170Z   'test-DBItest.R:4:3' [success]
2026-08-15T08:32:23.7718020Z   'test-DBItest.R:4:3' [success]
2026-08-15T08:32:23.7784270Z   'test-DBItest.R:4:3' [success]
2026-08-15T08:32:23.7795980Z End test: DBItest[duckdb]: SQL: append_roundtrip_date_extended
2026-08-15T08:32:23.7796360Z 
2026-08-15T08:32:23.7805030Z Start test: DBItest[duckdb]: SQL: append_roundtrip_timestamp
2026-08-15T08:32:23.7986860Z   'test-DBItest.R:4:3' [success]
2026-08-15T08:32:23.8055670Z   'test-DBItest.R:4:3' [success]
2026-08-15T08:32:23.8153160Z   'test-DBItest.R:4:3' [success]
2026-08-15T08:32:23.8218530Z   'test-DBItest.R:4:3' [success]
2026-08-15T08:32:23.8286720Z   'test-DBItest.R:4:3' [success]
2026-08-15T08:32:23.8366240Z   'test-DBItest.R:4:3' [success]
2026-08-15T08:32:23.8447100Z   'test-DBItest.R:4:3' [success]
2026-08-15T08:32:23.8592450Z   'test-DBItest.R:4:3' [success]
2026-08-15T08:32:23.8656970Z   'test-DBItest.R:4:3' [success]
2026-08-15T08:32:23.8798270Z   'test-DBItest.R:4:3' [success]
2026-08-15T08:32:23.8862110Z   'test-DBItest.R:4:3' [success]
2026-08-15T08:32:23.8925010Z   'test-DBItest.R:4:3' [success]
2026-08-15T08:32:23.8994070Z   'test-DBItest.R:4:3' [success]
2026-08-15T08:32:23.9058960Z   'test-DBItest.R:4:3' [success]
2026-08-15T08:32:23.9194310Z   'test-DBItest.R:4:3' [success]
2026-08-15T08:32:23.9301430Z   'test-DBItest.R:4:3' [success]
2026-08-15T08:32:23.9364330Z   'test-DBItest.R:4:3' [success]
2026-08-15T08:32:23.9429480Z   'test-DBItest.R:4:3' [success]
2026-08-15T08:32:23.9495250Z   'test-DBItest.R:4:3' [success]
2026-08-15T08:32:23.9601970Z   'test-DBItest.R:4:3' [success]
2026-08-15T08:32:23.9664970Z   'test-DBItest.R:4:3' [success]
2026-08-15T08:32:23.9731550Z   'test-DBItest.R:4:3' [success]
2026-08-15T08:32:23.9742340Z End test: DBItest[duckdb]: SQL: append_roundtrip_timestamp
2026-08-15T08:32:23.9742610Z 
2026-08-15T08:32:23.9750260Z Start test: DBItest[duckdb]: SQL: append_roundtrip_timestamp_extended
2026-08-15T08:32:23.9889350Z   'test-DBItest.R:4:3' [success]
2026-08-15T08:32:23.9972720Z   'test-DBItest.R:4:3' [success]
2026-08-15T08:32:24.0040240Z   'test-DBItest.R:4:3' [success]
2026-08-15T08:32:24.0106550Z   'test-DBItest.R:4:3' [success]
2026-08-15T08:32:24.0174310Z   'test-DBItest.R:4:3' [success]
2026-08-15T08:32:24.0245340Z   'test-DBItest.R:4:3' [success]
2026-08-15T08:32:24.0369130Z   'test-DBItest.R:4:3' [success]
2026-08-15T08:32:24.0567910Z   'test-DBItest.R:4:3' [success]
2026-08-15T08:32:24.0599120Z   'test-DBItest.R:4:3' [success]
2026-08-15T08:32:24.0665770Z   'test-DBItest.R:4:3' [success]
2026-08-15T08:32:24.0729140Z   'test-DBItest.R:4:3' [success]
2026-08-15T08:32:24.0795710Z   'test-DBItest.R:4:3' [success]
2026-08-15T08:32:24.0862060Z   'test-DBItest.R:4:3' [success]
2026-08-15T08:32:24.0931940Z   'test-DBItest.R:4:3' [success]
2026-08-15T08:32:24.1096250Z   'test-DBItest.R:4:3' [success]
2026-08-15T08:32:24.1163800Z   'test-DBItest.R:4:3' [success]
2026-08-15T08:32:24.1276710Z   'test-DBItest.R:4:3' [success]
2026-08-15T08:32:24.1350710Z   'test-DBItest.R:4:3' [success]
2026-08-15T08:32:24.1420510Z   'test-DBItest.R:4:3' [success]
2026-08-15T08:32:24.1490240Z   'test-DBItest.R:4:3' [success]
2026-08-15T08:32:24.1554870Z   'test-DBItest.R:4:3' [success]
2026-08-15T08:32:24.1621350Z   'test-DBItest.R:4:3' [success]
2026-08-15T08:32:24.1635220Z End test: DBItest[duckdb]: SQL: append_roundtrip_timestamp_extended
2026-08-15T08:32:24.1635720Z 
2026-08-15T08:32:24.1644430Z Start test: DBItest[duckdb]: SQL: append_table_name
2026-08-15T08:32:24.1797350Z   'test-DBItest.R:4:3' [success]
2026-08-15T08:32:24.1860320Z   'test-DBItest.R:4:3' [success]
2026-08-15T08:32:24.1927320Z   'test-DBItest.R:4:3' [success]
2026-08-15T08:32:24.2029850Z   'test-DBItest.R:4:3' [success]
2026-08-15T08:32:24.2113120Z   'test-DBItest.R:4:3' [success]
2026-08-15T08:32:24.2186630Z   'test-DBItest.R:4:3' [success]
2026-08-15T08:32:24.2283560Z   'test-DBItest.R:4:3' [success]
2026-08-15T08:32:24.2401440Z   'test-DBItest.R:4:3' [success]
2026-08-15T08:32:24.2467760Z   'test-DBItest.R:4:3' [success]
2026-08-15T08:32:24.2535020Z   'test-DBItest.R:4:3' [success]
2026-08-15T08:32:24.2602320Z   'test-DBItest.R:4:3' [success]
2026-08-15T08:32:24.2668380Z   'test-DBItest.R:4:3' [success]
2026-08-15T08:32:24.2731200Z   'test-DBItest.R:4:3' [success]
2026-08-15T08:32:24.2839310Z   'test-DBItest.R:4:3' [success]
2026-08-15T08:32:24.3001850Z   'test-DBItest.R:4:3' [success]
2026-08-15T08:32:24.3069800Z   'test-DBItest.R:4:3' [success]
2026-08-15T08:32:24.3137700Z   'test-DBItest.R:4:3' [success]
2026-08-15T08:32:24.3205400Z   'test-DBItest.R:4:3' [success]
2026-08-15T08:32:24.3275990Z   'test-DBItest.R:4:3' [success]
2026-08-15T08:32:24.3349690Z   'test-DBItest.R:4:3' [success]
2026-08-15T08:32:24.3420860Z   'test-DBItest.R:4:3' [success]
2026-08-15T08:32:24.3542450Z   'test-DBItest.R:4:3' [success]
2026-08-15T08:32:24.3542980Z End test: DBItest[duckdb]: SQL: append_table_name
2026-08-15T08:32:24.3543410Z 
2026-08-15T08:32:24.3551410Z Start test: DBItest[duckdb]: SQL: append_table_name_quoted
2026-08-15T08:32:24.3667890Z   'test-DBItest.R:4:3' [success]
2026-08-15T08:32:24.3775480Z   'test-DBItest.R:4:3' [success]
2026-08-15T08:32:24.3841190Z   'test-DBItest.R:4:3' [success]
2026-08-15T08:32:24.3905620Z   'test-DBItest.R:4:3' [success]
2026-08-15T08:32:24.3972580Z   'test-DBItest.R:4:3' [success]
2026-08-15T08:32:24.4063660Z   'test-DBItest.R:4:3' [success]
2026-08-15T08:32:24.4133580Z   'test-DBItest.R:4:3' [success]
2026-08-15T08:32:24.4246140Z   'test-DBItest.R:4:3' [success]
2026-08-15T08:32:24.4315800Z   'test-DBItest.R:4:3' [success]
2026-08-15T08:32:24.4415670Z   'test-DBItest.R:4:3' [success]
2026-08-15T08:32:24.4461960Z   'test-DBItest.R:4:3' [success]
2026-08-15T08:32:24.4566340Z   'test-DBItest.R:4:3' [success]
2026-08-15T08:32:24.4633400Z   'test-DBItest.R:4:3' [success]
2026-08-15T08:32:24.4721320Z   'test-DBItest.R:4:3' [success]
2026-08-15T08:32:24.4829980Z   'test-DBItest.R:4:3' [success]
2026-08-15T08:32:24.4895310Z   'test-DBItest.R:4:3' [success]
2026-08-15T08:32:24.4959390Z   'test-DBItest.R:4:3' [success]
2026-08-15T08:32:24.5023120Z   'test-DBItest.R:4:3' [success]
2026-08-15T08:32:24.5093100Z   'test-DBItest.R:4:3' [success]
2026-08-15T08:32:24.5193940Z   'test-DBItest.R:4:3' [success]
2026-08-15T08:32:24.5260260Z   'test-DBItest.R:4:3' [success]
2026-08-15T08:32:24.5386860Z   'test-DBItest.R:4:3' [success]
2026-08-15T08:32:24.5397890Z End test: DBItest[duckdb]: SQL: append_table_name_quoted
2026-08-15T08:32:24.5398150Z 
2026-08-15T08:32:24.5405880Z Start test: DBItest[duckdb]: SQL: append_table_row_names_false
2026-08-15T08:32:24.5545880Z   'test-DBItest.R:4:3' [success]
2026-08-15T08:32:24.5609250Z   'test-DBItest.R:4:3' [success]
2026-08-15T08:32:24.5670760Z   'test-DBItest.R:4:3' [success]
2026-08-15T08:32:24.5739870Z   'test-DBItest.R:4:3' [success]
2026-08-15T08:32:24.5835790Z   'test-DBItest.R:4:3' [success]
2026-08-15T08:32:24.5899210Z   'test-DBItest.R:4:3' [success]
2026-08-15T08:32:24.5966130Z   'test-DBItest.R:4:3' [success]
2026-08-15T08:32:24.6033210Z   'test-DBItest.R:4:3' [success]
2026-08-15T08:32:24.6119000Z   'test-DBItest.R:4:3' [success]
2026-08-15T08:32:24.6147790Z End test: DBItest[duckdb]: SQL: append_table_row_names_false
2026-08-15T08:32:24.6148070Z 
2026-08-15T08:32:24.6157900Z Start test: DBItest[duckdb]: SQL: append_table_row_names_ignore
2026-08-15T08:32:24.6302960Z   'test-DBItest.R:4:3' [success]
2026-08-15T08:32:24.6374910Z   'test-DBItest.R:4:3' [success]
2026-08-15T08:32:24.6457800Z   'test-DBItest.R:4:3' [success]
2026-08-15T08:32:24.6521250Z   'test-DBItest.R:4:3' [success]
2026-08-15T08:32:24.6583600Z   'test-DBItest.R:4:3' [success]
2026-08-15T08:32:24.6651420Z   'test-DBItest.R:4:3' [success]
2026-08-15T08:32:24.6716470Z   'test-DBItest.R:4:3' [success]
2026-08-15T08:32:24.6784220Z   'test-DBItest.R:4:3' [success]
2026-08-15T08:32:24.6838680Z   'test-DBItest.R:4:3' [success]
2026-08-15T08:32:24.6865360Z End test: DBItest[duckdb]: SQL: append_table_row_names_ignore
2026-08-15T08:32:24.6865660Z 
2026-08-15T08:32:24.6878620Z Start test: DBItest[duckdb]: SQL: append_table_row_names_non_null
2026-08-15T08:32:24.7042910Z   'test-DBItest.R:4:3' [success]
2026-08-15T08:32:24.7134730Z   'test-DBItest.R:4:3' [success]
2026-08-15T08:32:24.7224090Z   'test-DBItest.R:4:3' [success]
2026-08-15T08:32:24.7275390Z   'test-DBItest.R:4:3' [success]
2026-08-15T08:32:24.7298980Z End test: DBItest[duckdb]: SQL: append_table_row_names_non_null
2026-08-15T08:32:24.7299290Z 
2026-08-15T08:32:24.7306950Z Start test: DBItest[duckdb]: SQL: append_table_value_df
2026-08-15T08:32:24.7421640Z   'test-DBItest.R:4:3' [success]
2026-08-15T08:32:24.7490500Z   'test-DBItest.R:4:3' [success]
2026-08-15T08:32:24.7586590Z   'test-DBItest.R:4:3' [success]
2026-08-15T08:32:24.7650220Z   'test-DBItest.R:4:3' [success]
2026-08-15T08:32:24.7757840Z   'test-DBItest.R:4:3' [success]
2026-08-15T08:32:24.7823430Z   'test-DBItest.R:4:3' [success]
2026-08-15T08:32:24.7887200Z   'test-DBItest.R:4:3' [success]
2026-08-15T08:32:24.7939010Z   'test-DBItest.R:4:3' [success]
2026-08-15T08:32:24.7964400Z End test: DBItest[duckdb]: SQL: append_table_value_df
2026-08-15T08:32:24.7964680Z 
2026-08-15T08:32:24.7973130Z Start test: DBItest[duckdb]: SQL: append_table_value_subset
2026-08-15T08:32:24.8115120Z   'test-DBItest.R:4:3' [success]
2026-08-15T08:32:24.8180200Z   'test-DBItest.R:4:3' [success]
2026-08-15T08:32:24.8247940Z   'test-DBItest.R:4:3' [success]
2026-08-15T08:32:24.8314350Z   'test-DBItest.R:4:3' [success]
2026-08-15T08:32:24.8380510Z   'test-DBItest.R:4:3' [success]
2026-08-15T08:32:24.8444420Z   'test-DBItest.R:4:3' [success]
2026-08-15T08:32:24.8550850Z   'test-DBItest.R:4:3' [success]
2026-08-15T08:32:24.8603170Z   'test-DBItest.R:4:3' [success]
2026-08-15T08:32:24.8627520Z End test: DBItest[duckdb]: SQL: append_table_value_subset
2026-08-15T08:32:24.8627800Z 
2026-08-15T08:32:24.8635700Z Start test: DBItest[duckdb]: SQL: append_table_value_shuffle
2026-08-15T08:32:24.8786380Z   'test-DBItest.R:4:3' [success]
2026-08-15T08:32:24.8849910Z   'test-DBItest.R:4:3' [success]
2026-08-15T08:32:24.8917240Z   'test-DBItest.R:4:3' [success]
2026-08-15T08:32:24.8978990Z   'test-DBItest.R:4:3' [success]
2026-08-15T08:32:24.9043590Z   'test-DBItest.R:4:3' [success]
2026-08-15T08:32:24.9108620Z   'test-DBItest.R:4:3' [success]
2026-08-15T08:32:24.9173630Z   'test-DBItest.R:4:3' [success]
2026-08-15T08:32:24.9233360Z   'test-DBItest.R:4:3' [success]
2026-08-15T08:32:24.9305560Z End test: DBItest[duckdb]: SQL: append_table_value_shuffle
2026-08-15T08:32:24.9305870Z 
2026-08-15T08:32:24.9315050Z Start test: DBItest[duckdb]: SQL: append_table_value_shuffle_subset
2026-08-15T08:32:24.9444760Z   'test-DBItest.R:4:3' [success]
2026-08-15T08:32:24.9510510Z   'test-DBItest.R:4:3' [success]
2026-08-15T08:32:24.9569710Z   'test-DBItest.R:4:3' [success]
2026-08-15T08:32:24.9638030Z   'test-DBItest.R:4:3' [success]
2026-08-15T08:32:24.9708290Z   'test-DBItest.R:4:3' [success]
2026-08-15T08:32:24.9804280Z   'test-DBItest.R:4:3' [success]
2026-08-15T08:32:24.9871730Z   'test-DBItest.R:4:3' [success]
2026-08-15T08:32:24.9927150Z   'test-DBItest.R:4:3' [success]
2026-08-15T08:32:24.9952070Z End test: DBItest[duckdb]: SQL: append_table_value_shuffle_subset
2026-08-15T08:32:24.9952460Z 
2026-08-15T08:32:24.9962210Z Start test: DBItest[duckdb]: SQL: write_table_formals
2026-08-15T08:32:25.0030210Z   'test-DBItest.R:4:3' [success]
2026-08-15T08:32:25.0149880Z   'test-DBItest.R:4:3' [success]
2026-08-15T08:32:25.0166440Z End test: DBItest[duckdb]: SQL: write_table_formals
2026-08-15T08:32:25.0167170Z 
2026-08-15T08:32:25.0175230Z Start test: DBItest[duckdb]: SQL: write_table_closed_connection
2026-08-15T08:32:25.0445690Z   'test-DBItest.R:4:3' [success]
2026-08-15T08:32:25.0521630Z   'test-DBItest.R:4:3' [success]
2026-08-15T08:32:25.0532040Z End test: DBItest[duckdb]: SQL: write_table_closed_connection
2026-08-15T08:32:25.0532370Z 
2026-08-15T08:32:25.0541630Z Start test: DBItest[duckdb]: SQL: write_table_invalid_connection
2026-08-15T08:32:25.0769670Z   'test-DBItest.R:4:3' [success]
2026-08-15T08:32:25.0822470Z   'test-DBItest.R:4:3' [success]
2026-08-15T08:32:25.0834330Z End test: DBItest[duckdb]: SQL: write_table_invalid_connection
2026-08-15T08:32:25.0834820Z 
2026-08-15T08:32:25.0843110Z Start test: DBItest[duckdb]: SQL: write_table_value_subset
2026-08-15T08:32:25.1007180Z   'test-DBItest.R:4:3' [success]
2026-08-15T08:32:25.1071960Z   'test-DBItest.R:4:3' [success]
2026-08-15T08:32:25.1137330Z   'test-DBItest.R:4:3' [success]
2026-08-15T08:32:25.1253500Z   'test-DBItest.R:4:3' [success]
2026-08-15T08:32:25.1316960Z   'test-DBItest.R:4:3' [success]
2026-08-15T08:32:25.1379540Z   'test-DBItest.R:4:3' [success]
2026-08-15T08:32:25.1471660Z   'test-DBItest.R:4:3' [success]
2026-08-15T08:32:25.1541930Z   'test-DBItest.R:4:3' [success]
2026-08-15T08:32:25.1576650Z End test: DBItest[duckdb]: SQL: write_table_value_subset
2026-08-15T08:32:25.1576970Z 
2026-08-15T08:32:25.1581130Z Start test: DBItest[duckdb]: SQL: write_table_value_shuffle
2026-08-15T08:32:25.1767280Z   'test-DBItest.R:4:3' [success]
2026-08-15T08:32:25.1840130Z   'test-DBItest.R:4:3' [success]
2026-08-15T08:32:25.1906970Z   'test-DBItest.R:4:3' [success]
2026-08-15T08:32:25.1972750Z   'test-DBItest.R:4:3' [success]
2026-08-15T08:32:25.2106750Z   'test-DBItest.R:4:3' [success]
2026-08-15T08:32:25.2171040Z   'test-DBItest.R:4:3' [success]
2026-08-15T08:32:25.2321960Z   'test-DBItest.R:4:3' [success]
2026-08-15T08:32:25.2328040Z   'test-DBItest.R:4:3' [success]
2026-08-15T08:32:25.2359780Z End test: DBItest[duckdb]: SQL: write_table_value_shuffle
2026-08-15T08:32:25.2365750Z 
2026-08-15T08:32:25.2396460Z Start test: DBItest[duckdb]: SQL: write_table_value_shuffle_subset
2026-08-15T08:32:25.2532720Z   'test-DBItest.R:4:3' [success]
2026-08-15T08:32:25.2625010Z   'test-DBItest.R:4:3' [success]
2026-08-15T08:32:25.2694900Z   'test-DBItest.R:4:3' [success]
2026-08-15T08:32:25.2847320Z   'test-DBItest.R:4:3' [success]
2026-08-15T08:32:25.2852280Z   'test-DBItest.R:4:3' [success]
2026-08-15T08:32:25.2940070Z   'test-DBItest.R:4:3' [success]
2026-08-15T08:32:25.3058310Z   'test-DBItest.R:4:3' [success]
2026-08-15T08:32:25.3125430Z   'test-DBItest.R:4:3' [success]
2026-08-15T08:32:25.3155290Z End test: DBItest[duckdb]: SQL: write_table_value_shuffle_subset
2026-08-15T08:32:25.3159800Z 
2026-08-15T08:32:25.3164030Z Start test: DBItest[duckdb]: SQL: list_tables_formals
2026-08-15T08:32:25.3225730Z   'test-DBItest.R:4:3' [success]
2026-08-15T08:32:25.3295260Z   'test-DBItest.R:4:3' [success]
2026-08-15T08:32:25.3326160Z End test: DBItest[duckdb]: SQL: list_tables_formals
2026-08-15T08:32:25.3330200Z 
2026-08-15T08:32:25.3356380Z Start test: DBItest[duckdb]: SQL: list_tables_closed_connection
2026-08-15T08:32:25.3686420Z   'test-DBItest.R:4:3' [success]
2026-08-15T08:32:25.3748130Z   'test-DBItest.R:4:3' [success]
2026-08-15T08:32:25.3752400Z End test: DBItest[duckdb]: SQL: list_tables_closed_connection
2026-08-15T08:32:25.3777650Z 
2026-08-15T08:32:25.3781810Z Start test: DBItest[duckdb]: SQL: list_tables_invalid_connection
2026-08-15T08:32:25.4145170Z   'test-DBItest.R:4:3' [success]
2026-08-15T08:32:25.4214970Z   'test-DBItest.R:4:3' [success]
2026-08-15T08:32:25.4220120Z End test: DBItest[duckdb]: SQL: list_tables_invalid_connection
2026-08-15T08:32:25.4248070Z 
2026-08-15T08:32:25.4252550Z Start test: DBItest[duckdb]: SQL: exists_table_formals
2026-08-15T08:32:25.4321100Z   'test-DBItest.R:4:3' [success]
2026-08-15T08:32:25.4385300Z   'test-DBItest.R:4:3' [success]
2026-08-15T08:32:25.4389570Z End test: DBItest[duckdb]: SQL: exists_table_formals
2026-08-15T08:32:25.4419000Z 
2026-08-15T08:32:25.4423020Z Start test: DBItest[duckdb]: SQL: exists_table_closed_connection
2026-08-15T08:32:25.4677900Z   'test-DBItest.R:4:3' [success]
2026-08-15T08:32:25.4755760Z   'test-DBItest.R:4:3' [success]
2026-08-15T08:32:25.4760400Z End test: DBItest[duckdb]: SQL: exists_table_closed_connection
2026-08-15T08:32:25.4787900Z 
2026-08-15T08:32:25.4792000Z Start test: DBItest[duckdb]: SQL: exists_table_invalid_connection
2026-08-15T08:32:25.5011450Z   'test-DBItest.R:4:3' [success]
2026-08-15T08:32:25.5070820Z   'test-DBItest.R:4:3' [success]
2026-08-15T08:32:25.5103150Z End test: DBItest[duckdb]: SQL: exists_table_invalid_connection
2026-08-15T08:32:25.5107380Z 
2026-08-15T08:32:25.5134400Z Start test: DBItest[duckdb]: SQL: remove_table_formals
2026-08-15T08:32:25.5164190Z   'test-DBItest.R:4:3' [success]
2026-08-15T08:32:25.5308350Z   'test-DBItest.R:4:3' [success]
2026-08-15T08:32:25.5343210Z End test: DBItest[duckdb]: SQL: remove_table_formals
2026-08-15T08:32:25.5347940Z 
2026-08-15T08:32:25.5377050Z Start test: DBItest[duckdb]: SQL: list_objects_formals
2026-08-15T08:32:25.5410870Z   'test-DBItest.R:4:3' [success]
2026-08-15T08:32:25.5486620Z   'test-DBItest.R:4:3' [success]
2026-08-15T08:32:25.5491200Z End test: DBItest[duckdb]: SQL: list_objects_formals
2026-08-15T08:32:25.5517440Z 
2026-08-15T08:32:25.5521280Z Start test: DBItest[duckdb]: SQL: list_objects_closed_connection
2026-08-15T08:32:25.5855940Z   'test-DBItest.R:4:3' [success]
2026-08-15T08:32:25.5921910Z   'test-DBItest.R:4:3' [success]
2026-08-15T08:32:25.5927160Z End test: DBItest[duckdb]: SQL: list_objects_closed_connection
2026-08-15T08:32:25.5957770Z 
2026-08-15T08:32:25.5965250Z Start test: DBItest[duckdb]: SQL: list_objects_invalid_connection
2026-08-15T08:32:25.6292290Z   'test-DBItest.R:4:3' [success]
2026-08-15T08:32:25.6382550Z   'test-DBItest.R:4:3' [success]
2026-08-15T08:32:25.6476170Z End test: DBItest[duckdb]: SQL: list_objects_invalid_connection
2026-08-15T08:32:25.6479840Z 
2026-08-15T08:32:25.6508840Z Start test: DBItest[duckdb]: SQL: list_fields_formals
2026-08-15T08:32:25.6599310Z   'test-DBItest.R:4:3' [success]
2026-08-15T08:32:25.6663460Z   'test-DBItest.R:4:3' [success]
2026-08-15T08:32:25.6693590Z End test: DBItest[duckdb]: SQL: list_fields_formals
2026-08-15T08:32:25.6697310Z 
2026-08-15T08:32:25.6722690Z Start test: DBItest[duckdb]: SQL: list_fields_invalid_type
2026-08-15T08:32:25.6842990Z   'test-DBItest.R:4:3' [success]
2026-08-15T08:32:25.7017560Z   'test-DBItest.R:4:3' [success]
2026-08-15T08:32:25.7139180Z   'test-DBItest.R:4:3' [success]
2026-08-15T08:32:25.7227780Z   'test-DBItest.R:4:3' [success]
2026-08-15T08:32:25.7257170Z End test: DBItest[duckdb]: SQL: list_fields_invalid_type
2026-08-15T08:32:25.7261420Z 
2026-08-15T08:32:25.7286800Z Start test: DBItest[duckdb]: SQL: list_fields_closed_connection
2026-08-15T08:32:25.7781730Z   'test-DBItest.R:4:3' [success]
2026-08-15T08:32:25.7872210Z   'test-DBItest.R:4:3' [success]
2026-08-15T08:32:25.7876160Z End test: DBItest[duckdb]: SQL: list_fields_closed_connection
2026-08-15T08:32:25.7900730Z 
2026-08-15T08:32:25.7904140Z Start test: DBItest[duckdb]: SQL: list_fields_invalid_connection
2026-08-15T08:32:25.8350270Z   'test-DBItest.R:4:3' [success]
2026-08-15T08:32:25.8411760Z   'test-DBItest.R:4:3' [success]
2026-08-15T08:32:25.8445310Z End test: DBItest[duckdb]: SQL: list_fields_invalid_connection
2026-08-15T08:32:25.8449450Z 
2026-08-15T08:32:25.8477360Z Start test: DBItest[duckdb]: SQL: skipped tests
2026-08-15T08:32:25.8536670Z   'test-DBItest.R:4:3' [skip]
2026-08-15T08:32:25.8541710Z End test: DBItest[duckdb]: SQL: skipped tests
2026-08-15T08:32:25.8570850Z 
2026-08-15T08:32:26.0341810Z Start test: DBItest[duckdb]: Metadata: bind_formals
2026-08-15T08:32:26.0429300Z   'test-DBItest.R:4:3' [success]
2026-08-15T08:32:26.0503800Z   'test-DBItest.R:4:3' [success]
2026-08-15T08:32:26.0508320Z End test: DBItest[duckdb]: Metadata: bind_formals
2026-08-15T08:32:26.0538030Z 
2026-08-15T08:32:26.0542680Z Start test: DBItest[duckdb]: Metadata: bind_empty
2026-08-15T08:32:26.0698750Z   'test-DBItest.R:4:3' [success]
2026-08-15T08:32:26.0752150Z   'test-DBItest.R:4:3' [success]
2026-08-15T08:32:26.0763030Z End test: DBItest[duckdb]: Metadata: bind_empty
2026-08-15T08:32:26.0763370Z 
2026-08-15T08:32:26.0771570Z Start test: DBItest[duckdb]: Metadata: bind_return_value
2026-08-15T08:32:26.0873250Z   'test-DBItest.R:4:3' [success]
2026-08-15T08:32:26.0986150Z   'test-DBItest.R:4:3' [success]
2026-08-15T08:32:26.1048990Z   'test-DBItest.R:4:3' [success]
2026-08-15T08:32:26.1114260Z   'test-DBItest.R:4:3' [success]
2026-08-15T08:32:26.1185350Z   'test-DBItest.R:4:3' [success]
2026-08-15T08:32:26.1286420Z   'test-DBItest.R:4:3' [success]
2026-08-15T08:32:26.1325520Z   'test-DBItest.R:4:3' [success]
2026-08-15T08:32:26.1389220Z   'test-DBItest.R:4:3' [success]
2026-08-15T08:32:26.1454200Z   'test-DBItest.R:4:3' [success]
2026-08-15T08:32:26.1516790Z   'test-DBItest.R:4:3' [success]
2026-08-15T08:32:26.1662690Z   'test-DBItest.R:4:3' [success]
2026-08-15T08:32:26.1735160Z   'test-DBItest.R:4:3' [success]
2026-08-15T08:32:26.1824370Z   'test-DBItest.R:4:3' [success]
2026-08-15T08:32:26.1887220Z   'test-DBItest.R:4:3' [success]
2026-08-15T08:32:26.1939110Z   'test-DBItest.R:4:3' [success]
2026-08-15T08:32:26.1951690Z End test: DBItest[duckdb]: Metadata: bind_return_value
2026-08-15T08:32:26.1952540Z 
2026-08-15T08:32:26.1959310Z Start test: DBItest[duckdb]: Metadata: bind_too_many
2026-08-15T08:32:26.2125240Z   'test-DBItest.R:4:3' [success]
2026-08-15T08:32:26.2182560Z   'test-DBItest.R:4:3' [success]
2026-08-15T08:32:26.2238500Z   'test-DBItest.R:4:3' [success]
2026-08-15T08:32:26.2249110Z End test: DBItest[duckdb]: Metadata: bind_too_many
2026-08-15T08:32:26.2249410Z 
2026-08-15T08:32:26.2257690Z Start test: DBItest[duckdb]: Metadata: bind_not_enough
2026-08-15T08:32:26.2472550Z   'test-DBItest.R:4:3' [success]
2026-08-15T08:32:26.2509760Z   'test-DBItest.R:4:3' [success]
2026-08-15T08:32:26.2560760Z   'test-DBItest.R:4:3' [success]
2026-08-15T08:32:26.2571220Z End test: DBItest[duckdb]: Metadata: bind_not_enough
2026-08-15T08:32:26.2571540Z 
2026-08-15T08:32:26.2580580Z Start test: DBItest[duckdb]: Metadata: bind_wrong_name
2026-08-15T08:32:26.2637930Z   'test-DBItest.R:4:3' [success]
2026-08-15T08:32:26.2648730Z End test: DBItest[duckdb]: Metadata: bind_wrong_name
2026-08-15T08:32:26.2649030Z 
2026-08-15T08:32:26.2656990Z Start test: DBItest[duckdb]: Metadata: bind_named_param_unnamed_placeholders
2026-08-15T08:32:26.2712900Z   'test-DBItest.R:4:3' [success]
2026-08-15T08:32:26.2722660Z End test: DBItest[duckdb]: Metadata: bind_named_param_unnamed_placeholders
2026-08-15T08:32:26.2723050Z 
2026-08-15T08:32:26.2730890Z Start test: DBItest[duckdb]: Metadata: bind_named_param_empty_placeholders
2026-08-15T08:32:26.2788320Z   'test-DBItest.R:4:3' [success]
2026-08-15T08:32:26.2800610Z End test: DBItest[duckdb]: Metadata: bind_named_param_empty_placeholders
2026-08-15T08:32:26.2801730Z 
2026-08-15T08:32:26.2809500Z Start test: DBItest[duckdb]: Metadata: bind_named_param_na_placeholders
2026-08-15T08:32:26.2870520Z   'test-DBItest.R:4:3' [success]
2026-08-15T08:32:26.2881340Z End test: DBItest[duckdb]: Metadata: bind_named_param_na_placeholders
2026-08-15T08:32:26.2881740Z 
2026-08-15T08:32:26.2889880Z Start test: DBItest[duckdb]: Metadata: bind_unnamed_param_named_placeholders
2026-08-15T08:32:26.3032950Z   'test-DBItest.R:4:3' [success]
2026-08-15T08:32:26.3089390Z   'test-DBItest.R:4:3' [success]
2026-08-15T08:32:26.3148160Z   'test-DBItest.R:4:3' [success]
2026-08-15T08:32:26.3183740Z End test: DBItest[duckdb]: Metadata: bind_unnamed_param_named_placeholders
2026-08-15T08:32:26.3188080Z 
2026-08-15T08:32:26.3213340Z Start test: DBItest[duckdb]: Metadata: bind_premature_clear
2026-08-15T08:32:26.3266610Z   'test-DBItest.R:4:3' [success]
2026-08-15T08:32:26.3318910Z   'test-DBItest.R:4:3' [success]
2026-08-15T08:32:26.3328900Z End test: DBItest[duckdb]: Metadata: bind_premature_clear
2026-08-15T08:32:26.3329160Z 
2026-08-15T08:32:26.3337950Z Start test: DBItest[duckdb]: Metadata: bind_multi_row
2026-08-15T08:32:26.3406070Z   'test-DBItest.R:4:3' [success]
2026-08-15T08:32:26.3470400Z   'test-DBItest.R:4:3' [success]
2026-08-15T08:32:26.3538050Z   'test-DBItest.R:4:3' [success]
2026-08-15T08:32:26.3628200Z   'test-DBItest.R:4:3' [success]
2026-08-15T08:32:26.3720470Z   'test-DBItest.R:4:3' [success]
2026-08-15T08:32:26.3788200Z   'test-DBItest.R:4:3' [success]
2026-08-15T08:32:26.3850260Z   'test-DBItest.R:4:3' [success]
2026-08-15T08:32:26.3902960Z   'test-DBItest.R:4:3' [success]
2026-08-15T08:32:26.3953670Z   'test-DBItest.R:4:3' [success]
2026-08-15T08:32:26.3964440Z End test: DBItest[duckdb]: Metadata: bind_multi_row
2026-08-15T08:32:26.3964690Z 
2026-08-15T08:32:26.3972790Z Start test: DBItest[duckdb]: Metadata: bind_multi_row_zero_length
2026-08-15T08:32:26.4040230Z   'test-DBItest.R:4:3' [success]
2026-08-15T08:32:26.4111840Z   'test-DBItest.R:4:3' [success]
2026-08-15T08:32:26.4199080Z   'test-DBItest.R:4:3' [success]
2026-08-15T08:32:26.4263840Z   'test-DBItest.R:4:3' [success]
2026-08-15T08:32:26.4318570Z   'test-DBItest.R:4:3' [success]
2026-08-15T08:32:26.4401050Z   'test-DBItest.R:4:3' [success]
2026-08-15T08:32:26.4411820Z End test: DBItest[duckdb]: Metadata: bind_multi_row_zero_length
2026-08-15T08:32:26.4412100Z 
2026-08-15T08:32:26.4419730Z Start test: DBItest[duckdb]: Metadata: bind_repeated
2026-08-15T08:32:26.4485110Z   'test-DBItest.R:4:3' [success]
2026-08-15T08:32:26.4551170Z   'test-DBItest.R:4:3' [success]
2026-08-15T08:32:26.4618080Z   'test-DBItest.R:4:3' [success]
2026-08-15T08:32:26.4710550Z   'test-DBItest.R:4:3' [success]
2026-08-15T08:32:26.4778140Z   'test-DBItest.R:4:3' [success]
2026-08-15T08:32:26.4847380Z   'test-DBItest.R:4:3' [success]
2026-08-15T08:32:26.4939300Z   'test-DBItest.R:4:3' [success]
2026-08-15T08:32:26.5022410Z   'test-DBItest.R:4:3' [success]
2026-08-15T08:32:26.5199350Z   'test-DBItest.R:4:3' [success]
2026-08-15T08:32:26.5422490Z   'test-DBItest.R:4:3' [success]
2026-08-15T08:32:26.5491530Z   'test-DBItest.R:4:3' [success]
2026-08-15T08:32:26.5561230Z   'test-DBItest.R:4:3' [success]
2026-08-15T08:32:26.5670510Z   'test-DBItest.R:4:3' [success]
2026-08-15T08:32:26.5721610Z   'test-DBItest.R:4:3' [success]
2026-08-15T08:32:26.5775980Z   'test-DBItest.R:4:3' [success]
2026-08-15T08:32:26.5829120Z   'test-DBItest.R:4:3' [success]
2026-08-15T08:32:26.5840140Z End test: DBItest[duckdb]: Metadata: bind_repeated
2026-08-15T08:32:26.5840680Z 
2026-08-15T08:32:26.5849280Z Start test: DBItest[duckdb]: Metadata: bind_repeated_untouched
2026-08-15T08:32:26.5920860Z   'test-DBItest.R:4:3' [success]
2026-08-15T08:32:26.5989180Z   'test-DBItest.R:4:3' [success]
2026-08-15T08:32:26.6086940Z   'test-DBItest.R:4:3' [success]
2026-08-15T08:32:26.6182800Z   'test-DBItest.R:4:3' [success]
2026-08-15T08:32:26.6239890Z   'test-DBItest.R:4:3' [success]
2026-08-15T08:32:26.6303430Z   'test-DBItest.R:4:3' [success]
2026-08-15T08:32:26.6370380Z   'test-DBItest.R:4:3' [success]
2026-08-15T08:32:26.6425820Z   'test-DBItest.R:4:3' [success]
2026-08-15T08:32:26.6477590Z   'test-DBItest.R:4:3' [success]
2026-08-15T08:32:26.6487740Z End test: DBItest[duckdb]: Metadata: bind_repeated_untouched
2026-08-15T08:32:26.6488090Z 
2026-08-15T08:32:26.6495890Z Start test: DBItest[duckdb]: Metadata: bind_named_param_shuffle
2026-08-15T08:32:26.6550980Z   'test-DBItest.R:4:3' [success]
2026-08-15T08:32:26.6561380Z End test: DBItest[duckdb]: Metadata: bind_named_param_shuffle
2026-08-15T08:32:26.6561710Z 
2026-08-15T08:32:26.6569550Z Start test: DBItest[duckdb]: Metadata: bind_integer
2026-08-15T08:32:26.6642520Z   'test-DBItest.R:4:3' [success]
2026-08-15T08:32:26.6736280Z   'test-DBItest.R:4:3' [success]
2026-08-15T08:32:26.6825140Z   'test-DBItest.R:4:3' [success]
2026-08-15T08:32:26.6888210Z   'test-DBItest.R:4:3' [success]
2026-08-15T08:32:26.6949320Z   'test-DBItest.R:4:3' [success]
2026-08-15T08:32:26.7015410Z   'test-DBItest.R:4:3' [success]
2026-08-15T08:32:26.7078580Z   'test-DBItest.R:4:3' [success]
2026-08-15T08:32:26.7135090Z   'test-DBItest.R:4:3' [success]
2026-08-15T08:32:26.7185650Z   'test-DBItest.R:4:3' [success]
2026-08-15T08:32:26.7196670Z End test: DBItest[duckdb]: Metadata: bind_integer
2026-08-15T08:32:26.7196980Z 
2026-08-15T08:32:26.7205960Z Start test: DBItest[duckdb]: Metadata: bind_numeric
2026-08-15T08:32:26.7280830Z   'test-DBItest.R:4:3' [success]
2026-08-15T08:32:26.7384520Z   'test-DBItest.R:4:3' [success]
2026-08-15T08:32:26.7452160Z   'test-DBItest.R:4:3' [success]
2026-08-15T08:32:26.7509840Z   'test-DBItest.R:4:3' [success]
2026-08-15T08:32:26.7565820Z   'test-DBItest.R:4:3' [success]
2026-08-15T08:32:26.7620730Z   'test-DBItest.R:4:3' [success]
2026-08-15T08:32:26.7681780Z   'test-DBItest.R:4:3' [success]
2026-08-15T08:32:26.7728590Z   'test-DBItest.R:4:3' [success]
2026-08-15T08:32:26.7773830Z   'test-DBItest.R:4:3' [success]
2026-08-15T08:32:26.7783910Z End test: DBItest[duckdb]: Metadata: bind_numeric
2026-08-15T08:32:26.7784120Z 
2026-08-15T08:32:26.7791920Z Start test: DBItest[duckdb]: Metadata: bind_logical
2026-08-15T08:32:26.7856470Z   'test-DBItest.R:4:3' [success]
2026-08-15T08:32:26.7915720Z   'test-DBItest.R:4:3' [success]
2026-08-15T08:32:26.8000000Z   'test-DBItest.R:4:3' [success]
2026-08-15T08:32:26.8056960Z   'test-DBItest.R:4:3' [success]
2026-08-15T08:32:26.8115090Z   'test-DBItest.R:4:3' [success]
2026-08-15T08:32:26.8171910Z   'test-DBItest.R:4:3' [success]
2026-08-15T08:32:26.8229410Z   'test-DBItest.R:4:3' [success]
2026-08-15T08:32:26.8276020Z   'test-DBItest.R:4:3' [success]
2026-08-15T08:32:26.8320870Z   'test-DBItest.R:4:3' [success]
2026-08-15T08:32:26.8331320Z End test: DBItest[duckdb]: Metadata: bind_logical
2026-08-15T08:32:26.8331580Z 
2026-08-15T08:32:26.8339530Z Start test: DBItest[duckdb]: Metadata: bind_character
2026-08-15T08:32:26.8409920Z   'test-DBItest.R:4:3' [success]
2026-08-15T08:32:26.8468170Z   'test-DBItest.R:4:3' [success]
2026-08-15T08:32:26.8553050Z   'test-DBItest.R:4:3' [success]
2026-08-15T08:32:26.8610740Z   'test-DBItest.R:4:3' [success]
2026-08-15T08:32:26.8665740Z   'test-DBItest.R:4:3' [success]
2026-08-15T08:32:26.8720300Z   'test-DBItest.R:4:3' [success]
2026-08-15T08:32:26.8779470Z   'test-DBItest.R:4:3' [success]
2026-08-15T08:32:26.8826840Z   'test-DBItest.R:4:3' [success]
2026-08-15T08:32:26.8871630Z   'test-DBItest.R:4:3' [success]
2026-08-15T08:32:26.8881340Z End test: DBItest[duckdb]: Metadata: bind_character
2026-08-15T08:32:26.8881670Z 
2026-08-15T08:32:26.8890100Z Start test: DBItest[duckdb]: Metadata: bind_character_escape
2026-08-15T08:32:26.8965410Z   'test-DBItest.R:4:3' [success]
2026-08-15T08:32:26.9023270Z   'test-DBItest.R:4:3' [success]
2026-08-15T08:32:26.9106390Z   'test-DBItest.R:4:3' [success]
2026-08-15T08:32:26.9165090Z   'test-DBItest.R:4:3' [success]
2026-08-15T08:32:26.9219910Z   'test-DBItest.R:4:3' [success]
2026-08-15T08:32:26.9274170Z   'test-DBItest.R:4:3' [success]
2026-08-15T08:32:26.9331550Z   'test-DBItest.R:4:3' [success]
2026-08-15T08:32:26.9378370Z   'test-DBItest.R:4:3' [success]
2026-08-15T08:32:26.9422580Z   'test-DBItest.R:4:3' [success]
2026-08-15T08:32:26.9432400Z End test: DBItest[duckdb]: Metadata: bind_character_escape
2026-08-15T08:32:26.9432760Z 
2026-08-15T08:32:26.9440910Z Start test: DBItest[duckdb]: Metadata: bind_date
2026-08-15T08:32:26.9515860Z   'test-DBItest.R:4:3' [success]
2026-08-15T08:32:26.9573650Z   'test-DBItest.R:4:3' [success]
2026-08-15T08:32:26.9657020Z   'test-DBItest.R:4:3' [success]
2026-08-15T08:32:26.9716060Z   'test-DBItest.R:4:3' [success]
2026-08-15T08:32:26.9771410Z   'test-DBItest.R:4:3' [success]
2026-08-15T08:32:26.9826290Z   'test-DBItest.R:4:3' [success]
2026-08-15T08:32:26.9882940Z   'test-DBItest.R:4:3' [success]
2026-08-15T08:32:26.9930690Z   'test-DBItest.R:4:3' [success]
2026-08-15T08:32:26.9975520Z   'test-DBItest.R:4:3' [success]
2026-08-15T08:32:26.9985490Z End test: DBItest[duckdb]: Metadata: bind_date
2026-08-15T08:32:26.9985690Z 
2026-08-15T08:32:26.9993480Z Start test: DBItest[duckdb]: Metadata: bind_date_integer
2026-08-15T08:32:27.0067160Z   'test-DBItest.R:4:3' [success]
2026-08-15T08:32:27.0128030Z   'test-DBItest.R:4:3' [success]
2026-08-15T08:32:27.0212580Z   'test-DBItest.R:4:3' [success]
2026-08-15T08:32:27.0269560Z   'test-DBItest.R:4:3' [success]
2026-08-15T08:32:27.0325500Z   'test-DBItest.R:4:3' [success]
2026-08-15T08:32:27.0380740Z   'test-DBItest.R:4:3' [success]
2026-08-15T08:32:27.0437770Z   'test-DBItest.R:4:3' [success]
2026-08-15T08:32:27.0485790Z   'test-DBItest.R:4:3' [success]
2026-08-15T08:32:27.0530590Z   'test-DBItest.R:4:3' [success]
2026-08-15T08:32:27.0540350Z End test: DBItest[duckdb]: Metadata: bind_date_integer
2026-08-15T08:32:27.0540950Z 
2026-08-15T08:32:27.0548370Z Start test: DBItest[duckdb]: Metadata: bind_timestamp
2026-08-15T08:32:27.0623300Z   'test-DBItest.R:4:3' [success]
2026-08-15T08:32:27.0681760Z   'test-DBItest.R:4:3' [success]
2026-08-15T08:32:27.0767710Z   'test-DBItest.R:4:3' [success]
2026-08-15T08:32:27.0848360Z   'test-DBItest.R:4:3' [success]
2026-08-15T08:32:27.0950650Z   'test-DBItest.R:4:3' [success]
2026-08-15T08:32:27.1044680Z   'test-DBItest.R:4:3' [success]
2026-08-15T08:32:27.1121100Z   'test-DBItest.R:4:3' [success]
2026-08-15T08:32:27.1191130Z   'test-DBItest.R:4:3' [success]
2026-08-15T08:32:27.1276000Z   'test-DBItest.R:4:3' [success]
2026-08-15T08:32:27.1307700Z End test: DBItest[duckdb]: Metadata: bind_timestamp
2026-08-15T08:32:27.1307990Z 
2026-08-15T08:32:27.1339480Z Start test: DBItest[duckdb]: Metadata: bind_timestamp_lt
2026-08-15T08:32:27.1465960Z   'test-DBItest.R:4:3' [success]
2026-08-15T08:32:27.1538670Z   'test-DBItest.R:4:3' [success]
2026-08-15T08:32:27.1629590Z   'test-DBItest.R:4:3' [success]
2026-08-15T08:32:27.1691900Z   'test-DBItest.R:4:3' [success]
2026-08-15T08:32:27.1748970Z   'test-DBItest.R:4:3' [success]
2026-08-15T08:32:27.1813330Z   'test-DBItest.R:4:3' [success]
2026-08-15T08:32:27.1880880Z   'test-DBItest.R:4:3' [success]
2026-08-15T08:32:27.1933500Z   'test-DBItest.R:4:3' [success]
2026-08-15T08:32:27.1979830Z   'test-DBItest.R:4:3' [success]
2026-08-15T08:32:27.1990050Z End test: DBItest[duckdb]: Metadata: bind_timestamp_lt
2026-08-15T08:32:27.1990260Z 
2026-08-15T08:32:27.1997840Z Start test: DBItest[duckdb]: Metadata: bind_time_seconds
2026-08-15T08:32:27.2069210Z   'test-DBItest.R:4:3' [success]
2026-08-15T08:32:27.2131760Z   'test-DBItest.R:4:3' [success]
2026-08-15T08:32:27.2193590Z   'test-DBItest.R:4:3' [success]
2026-08-15T08:32:27.2281150Z   'test-DBItest.R:4:3' [success]
2026-08-15T08:32:27.2336800Z   'test-DBItest.R:4:3' [success]
2026-08-15T08:32:27.2393510Z   'test-DBItest.R:4:3' [success]
2026-08-15T08:32:27.2455560Z   'test-DBItest.R:4:3' [success]
2026-08-15T08:32:27.2504080Z   'test-DBItest.R:4:3' [success]
2026-08-15T08:32:27.2550450Z   'test-DBItest.R:4:3' [success]
2026-08-15T08:32:27.2561940Z End test: DBItest[duckdb]: Metadata: bind_time_seconds
2026-08-15T08:32:27.2562190Z 
2026-08-15T08:32:27.2570760Z Start test: DBItest[duckdb]: Metadata: bind_time_hours
2026-08-15T08:32:27.2642490Z   'test-DBItest.R:4:3' [success]
2026-08-15T08:32:27.2701780Z   'test-DBItest.R:4:3' [success]
2026-08-15T08:32:27.2758870Z   'test-DBItest.R:4:3' [success]
2026-08-15T08:32:27.2847180Z   'test-DBItest.R:4:3' [success]
2026-08-15T08:32:27.2905260Z   'test-DBItest.R:4:3' [success]
2026-08-15T08:32:27.3003170Z   'test-DBItest.R:4:3' [success]
2026-08-15T08:32:27.3101890Z   'test-DBItest.R:4:3' [success]
2026-08-15T08:32:27.3168080Z   'test-DBItest.R:4:3' [success]
2026-08-15T08:32:27.3231170Z   'test-DBItest.R:4:3' [success]
2026-08-15T08:32:27.3249920Z End test: DBItest[duckdb]: Metadata: bind_time_hours
2026-08-15T08:32:27.3251000Z 
2026-08-15T08:32:27.3276920Z Start test: DBItest[duckdb]: Metadata: bind_time_minutes_integer
2026-08-15T08:32:27.3380110Z   'test-DBItest.R:4:3' [success]
2026-08-15T08:32:27.3458420Z   'test-DBItest.R:4:3' [success]
2026-08-15T08:32:27.3537970Z   'test-DBItest.R:4:3' [success]
2026-08-15T08:32:27.3637510Z   'test-DBItest.R:4:3' [success]
2026-08-15T08:32:27.3706850Z   'test-DBItest.R:4:3' [success]
2026-08-15T08:32:27.3774360Z   'test-DBItest.R:4:3' [success]
2026-08-15T08:32:27.3844450Z   'test-DBItest.R:4:3' [success]
2026-08-15T08:32:27.3900250Z   'test-DBItest.R:4:3' [success]
2026-08-15T08:32:27.3952610Z   'test-DBItest.R:4:3' [success]
2026-08-15T08:32:27.3965180Z End test: DBItest[duckdb]: Metadata: bind_time_minutes_integer
2026-08-15T08:32:27.3965530Z 
2026-08-15T08:32:27.3975070Z Start test: DBItest[duckdb]: Metadata: bind_raw
2026-08-15T08:32:27.4050700Z   'test-DBItest.R:4:3' [success]
2026-08-15T08:32:27.4130080Z   'test-DBItest.R:4:3' [success]
2026-08-15T08:32:27.4217010Z   'test-DBItest.R:4:3' [success]
2026-08-15T08:32:27.4330710Z   'test-DBItest.R:4:3' [success]
2026-08-15T08:32:27.4406050Z   'test-DBItest.R:4:3' [success]
2026-08-15T08:32:27.4485080Z   'test-DBItest.R:4:3' [success]
2026-08-15T08:32:27.4548700Z   'test-DBItest.R:4:3' [success]
2026-08-15T08:32:27.4606220Z   'test-DBItest.R:4:3' [success]
2026-08-15T08:32:27.4661810Z   'test-DBItest.R:4:3' [success]
2026-08-15T08:32:27.4673560Z End test: DBItest[duckdb]: Metadata: bind_raw
2026-08-15T08:32:27.4673950Z 
2026-08-15T08:32:27.4682100Z Start test: DBItest[duckdb]: Metadata: bind_blob
2026-08-15T08:32:27.4766890Z   'test-DBItest.R:4:3' [success]
2026-08-15T08:32:27.4843550Z   'test-DBItest.R:4:3' [success]
2026-08-15T08:32:27.4910510Z   'test-DBItest.R:4:3' [success]
2026-08-15T08:32:27.5011570Z   'test-DBItest.R:4:3' [success]
2026-08-15T08:32:27.5076960Z   'test-DBItest.R:4:3' [success]
2026-08-15T08:32:27.5142860Z   'test-DBItest.R:4:3' [success]
2026-08-15T08:32:27.5210790Z   'test-DBItest.R:4:3' [success]
2026-08-15T08:32:27.5267550Z   'test-DBItest.R:4:3' [success]
2026-08-15T08:32:27.5323730Z   'test-DBItest.R:4:3' [success]
2026-08-15T08:32:27.5335080Z End test: DBItest[duckdb]: Metadata: bind_blob
2026-08-15T08:32:27.5335370Z 
2026-08-15T08:32:27.5344640Z Start test: DBItest[duckdb]: Metadata: arrow_bind_return_value
2026-08-15T08:32:27.5442100Z   'test-DBItest.R:4:3' [success]
2026-08-15T08:32:27.5505340Z   'test-DBItest.R:4:3' [success]
2026-08-15T08:32:27.5576000Z   'test-DBItest.R:4:3' [success]
2026-08-15T08:32:27.5780940Z   'test-DBItest.R:4:3' [success]
2026-08-15T08:32:27.5875640Z   'test-DBItest.R:4:3' [success]
2026-08-15T08:32:27.5959450Z   'test-DBItest.R:4:3' [success]
2026-08-15T08:32:27.6026610Z   'test-DBItest.R:4:3' [success]
2026-08-15T08:32:27.6113050Z   'test-DBItest.R:4:3' [success]
2026-08-15T08:32:27.6183560Z   'test-DBItest.R:4:3' [success]
2026-08-15T08:32:27.6249530Z   'test-DBItest.R:4:3' [success]
2026-08-15T08:32:27.6306480Z   'test-DBItest.R:4:3' [success]
2026-08-15T08:32:27.6373020Z   'test-DBItest.R:4:3' [success]
2026-08-15T08:32:27.6468250Z   'test-DBItest.R:4:3' [success]
2026-08-15T08:32:27.6516680Z   'test-DBItest.R:4:3' [success]
2026-08-15T08:32:27.6571300Z   'test-DBItest.R:4:3' [success]
2026-08-15T08:32:27.6582520Z End test: DBItest[duckdb]: Metadata: arrow_bind_return_value
2026-08-15T08:32:27.6582770Z 
2026-08-15T08:32:27.6590900Z Start test: DBItest[duckdb]: Metadata: arrow_bind_too_many
2026-08-15T08:32:27.6749420Z   'test-DBItest.R:4:3' [success]
2026-08-15T08:32:27.6799300Z   'test-DBItest.R:4:3' [success]
2026-08-15T08:32:27.6846050Z   'test-DBItest.R:4:3' [success]
2026-08-15T08:32:27.6857810Z End test: DBItest[duckdb]: Metadata: arrow_bind_too_many
2026-08-15T08:32:27.6858050Z 
2026-08-15T08:32:27.6865900Z Start test: DBItest[duckdb]: Metadata: arrow_bind_not_enough
2026-08-15T08:32:27.7008420Z   'test-DBItest.R:4:3' [success]
2026-08-15T08:32:27.7101160Z   'test-DBItest.R:4:3' [success]
2026-08-15T08:32:27.7157140Z   'test-DBItest.R:4:3' [success]
2026-08-15T08:32:27.7167490Z End test: DBItest[duckdb]: Metadata: arrow_bind_not_enough
2026-08-15T08:32:27.7167760Z 
2026-08-15T08:32:27.7175740Z Start test: DBItest[duckdb]: Metadata: arrow_bind_wrong_name
2026-08-15T08:32:27.7228240Z   'test-DBItest.R:4:3' [success]
2026-08-15T08:32:27.7239480Z End test: DBItest[duckdb]: Metadata: arrow_bind_wrong_name
2026-08-15T08:32:27.7239730Z 
2026-08-15T08:32:27.7248100Z Start test: DBItest[duckdb]: Metadata: arrow_bind_named_param_unnamed_placeholders
2026-08-15T08:32:27.7300420Z   'test-DBItest.R:4:3' [success]
2026-08-15T08:32:27.7309680Z End test: DBItest[duckdb]: Metadata: arrow_bind_named_param_unnamed_placeholders
2026-08-15T08:32:27.7309940Z 
2026-08-15T08:32:27.7317650Z Start test: DBItest[duckdb]: Metadata: arrow_bind_named_param_empty_placeholders
2026-08-15T08:32:27.7368830Z   'test-DBItest.R:4:3' [success]
2026-08-15T08:32:27.7378750Z End test: DBItest[duckdb]: Metadata: arrow_bind_named_param_empty_placeholders
2026-08-15T08:32:27.7379030Z 
2026-08-15T08:32:27.7386940Z Start test: DBItest[duckdb]: Metadata: arrow_bind_unnamed_param_named_placeholders
2026-08-15T08:32:27.7475330Z   'test-DBItest.R:4:3' [success]
2026-08-15T08:32:27.7559270Z   'test-DBItest.R:4:3' [success]
2026-08-15T08:32:27.7617800Z   'test-DBItest.R:4:3' [success]
2026-08-15T08:32:27.7630360Z End test: DBItest[duckdb]: Metadata: arrow_bind_unnamed_param_named_placeholders
2026-08-15T08:32:27.7630650Z 
2026-08-15T08:32:27.7641830Z Start test: DBItest[duckdb]: Metadata: arrow_bind_premature_clear
2026-08-15T08:32:27.7779530Z   'test-DBItest.R:4:3' [success]
2026-08-15T08:32:27.7830280Z   'test-DBItest.R:4:3' [success]
2026-08-15T08:32:27.7842040Z End test: DBItest[duckdb]: Metadata: arrow_bind_premature_clear
2026-08-15T08:32:27.7842300Z 
2026-08-15T08:32:27.7850470Z Start test: DBItest[duckdb]: Metadata: arrow_bind_multi_row
2026-08-15T08:32:27.7924860Z   'test-DBItest.R:4:3' [success]
2026-08-15T08:32:27.7986070Z   'test-DBItest.R:4:3' [success]
2026-08-15T08:32:27.8042910Z   'test-DBItest.R:4:3' [success]
2026-08-15T08:32:27.8100120Z   'test-DBItest.R:4:3' [success]
2026-08-15T08:32:27.8163340Z   'test-DBItest.R:4:3' [success]
2026-08-15T08:32:27.8219240Z   'test-DBItest.R:4:3' [success]
2026-08-15T08:32:27.8277840Z   'test-DBItest.R:4:3' [success]
2026-08-15T08:32:27.8360850Z   'test-DBItest.R:4:3' [success]
2026-08-15T08:32:27.8407380Z   'test-DBItest.R:4:3' [success]
2026-08-15T08:32:27.8417380Z End test: DBItest[duckdb]: Metadata: arrow_bind_multi_row
2026-08-15T08:32:27.8417720Z 
2026-08-15T08:32:27.8425230Z Start test: DBItest[duckdb]: Metadata: arrow_bind_multi_row_zero_length
2026-08-15T08:32:27.8486810Z   'test-DBItest.R:4:3' [success]
2026-08-15T08:32:27.8542770Z   'test-DBItest.R:4:3' [success]
2026-08-15T08:32:27.8598310Z   'test-DBItest.R:4:3' [success]
2026-08-15T08:32:27.8655910Z   'test-DBItest.R:4:3' [success]
2026-08-15T08:32:27.8714120Z   'test-DBItest.R:4:3' [success]
2026-08-15T08:32:27.8771050Z   'test-DBItest.R:4:3' [success]
2026-08-15T08:32:27.8782060Z End test: DBItest[duckdb]: Metadata: arrow_bind_multi_row_zero_length
2026-08-15T08:32:27.8782450Z 
2026-08-15T08:32:27.8792540Z Start test: DBItest[duckdb]: Metadata: arrow_bind_repeated
2026-08-15T08:32:27.8864620Z   'test-DBItest.R:4:3' [success]
2026-08-15T08:32:27.8935290Z   'test-DBItest.R:4:3' [success]
2026-08-15T08:32:27.9049430Z   'test-DBItest.R:4:3' [success]
2026-08-15T08:32:27.9115390Z   'test-DBItest.R:4:3' [success]
2026-08-15T08:32:27.9182950Z   'test-DBItest.R:4:3' [success]
2026-08-15T08:32:27.9243780Z   'test-DBItest.R:4:3' [success]
2026-08-15T08:32:27.9307660Z   'test-DBItest.R:4:3' [success]
2026-08-15T08:32:27.9366410Z   'test-DBItest.R:4:3' [success]
2026-08-15T08:32:27.9435150Z   'test-DBItest.R:4:3' [success]
2026-08-15T08:32:27.9505800Z   'test-DBItest.R:4:3' [success]
2026-08-15T08:32:27.9572620Z   'test-DBItest.R:4:3' [success]
2026-08-15T08:32:27.9672080Z   'test-DBItest.R:4:3' [success]
2026-08-15T08:32:27.9733190Z   'test-DBItest.R:4:3' [success]
2026-08-15T08:32:27.9796550Z   'test-DBItest.R:4:3' [success]
2026-08-15T08:32:27.9871940Z   'test-DBItest.R:4:3' [success]
2026-08-15T08:32:27.9938120Z   'test-DBItest.R:4:3' [success]
2026-08-15T08:32:27.9949840Z End test: DBItest[duckdb]: Metadata: arrow_bind_repeated
2026-08-15T08:32:27.9950220Z 
2026-08-15T08:32:27.9964500Z Start test: DBItest[duckdb]: Metadata: arrow_bind_repeated_untouched
2026-08-15T08:32:28.0042710Z   'test-DBItest.R:4:3' [success]
2026-08-15T08:32:28.0116200Z   'test-DBItest.R:4:3' [success]
2026-08-15T08:32:28.0186540Z   'test-DBItest.R:4:3' [success]
2026-08-15T08:32:28.0259720Z   'test-DBItest.R:4:3' [success]
2026-08-15T08:32:28.0356790Z   'test-DBItest.R:4:3' [success]
2026-08-15T08:32:28.0427140Z   'test-DBItest.R:4:3' [success]
2026-08-15T08:32:28.0493580Z   'test-DBItest.R:4:3' [success]
2026-08-15T08:32:28.0543790Z   'test-DBItest.R:4:3' [success]
2026-08-15T08:32:28.0593540Z   'test-DBItest.R:4:3' [success]
2026-08-15T08:32:28.0603570Z End test: DBItest[duckdb]: Metadata: arrow_bind_repeated_untouched
2026-08-15T08:32:28.0603830Z 
2026-08-15T08:32:28.0611980Z Start test: DBItest[duckdb]: Metadata: arrow_bind_named_param_shuffle
2026-08-15T08:32:28.0667040Z   'test-DBItest.R:4:3' [success]
2026-08-15T08:32:28.0677390Z End test: DBItest[duckdb]: Metadata: arrow_bind_named_param_shuffle
2026-08-15T08:32:28.0677640Z 
2026-08-15T08:32:28.0686240Z Start test: DBItest[duckdb]: Metadata: arrow_bind_integer
2026-08-15T08:32:28.0766860Z   'test-DBItest.R:4:3' [success]
2026-08-15T08:32:28.0835870Z   'test-DBItest.R:4:3' [success]
2026-08-15T08:32:28.0901990Z   'test-DBItest.R:4:3' [success]
2026-08-15T08:32:28.0966050Z   'test-DBItest.R:4:3' [success]
2026-08-15T08:32:28.1063140Z   'test-DBItest.R:4:3' [success]
2026-08-15T08:32:28.1132420Z   'test-DBItest.R:4:3' [success]
2026-08-15T08:32:28.1234090Z   'test-DBItest.R:4:3' [success]
2026-08-15T08:32:28.1307570Z   'test-DBItest.R:4:3' [success]
2026-08-15T08:32:28.1366360Z   'test-DBItest.R:4:3' [success]
2026-08-15T08:32:28.1379210Z End test: DBItest[duckdb]: Metadata: arrow_bind_integer
2026-08-15T08:32:28.1379800Z 
2026-08-15T08:32:28.1390590Z Start test: DBItest[duckdb]: Metadata: arrow_bind_numeric
2026-08-15T08:32:28.1467490Z   'test-DBItest.R:4:3' [success]
2026-08-15T08:32:28.1534940Z   'test-DBItest.R:4:3' [success]
2026-08-15T08:32:28.1600580Z   'test-DBItest.R:4:3' [success]
2026-08-15T08:32:28.1674460Z   'test-DBItest.R:4:3' [success]
2026-08-15T08:32:28.1794040Z   'test-DBItest.R:4:3' [success]
2026-08-15T08:32:28.1865840Z   'test-DBItest.R:4:3' [success]
2026-08-15T08:32:28.1940170Z   'test-DBItest.R:4:3' [success]
2026-08-15T08:32:28.2001580Z   'test-DBItest.R:4:3' [success]
2026-08-15T08:32:28.2061020Z   'test-DBItest.R:4:3' [success]
2026-08-15T08:32:28.2075140Z End test: DBItest[duckdb]: Metadata: arrow_bind_numeric
2026-08-15T08:32:28.2075650Z 
2026-08-15T08:32:28.2083170Z Start test: DBItest[duckdb]: Metadata: arrow_bind_logical
2026-08-15T08:32:28.2165190Z   'test-DBItest.R:4:3' [success]
2026-08-15T08:32:28.2252580Z   'test-DBItest.R:4:3' [success]
2026-08-15T08:32:28.2330400Z   'test-DBItest.R:4:3' [success]
2026-08-15T08:32:28.2408670Z   'test-DBItest.R:4:3' [success]
2026-08-15T08:32:28.2511900Z   'test-DBItest.R:4:3' [success]
2026-08-15T08:32:28.2579190Z   'test-DBItest.R:4:3' [success]
2026-08-15T08:32:28.2643100Z   'test-DBItest.R:4:3' [success]
2026-08-15T08:32:28.2698010Z   'test-DBItest.R:4:3' [success]
2026-08-15T08:32:28.2746680Z   'test-DBItest.R:4:3' [success]
2026-08-15T08:32:28.2756910Z End test: DBItest[duckdb]: Metadata: arrow_bind_logical
2026-08-15T08:32:28.2757240Z 
2026-08-15T08:32:28.2765040Z Start test: DBItest[duckdb]: Metadata: arrow_bind_character
2026-08-15T08:32:28.2837380Z   'test-DBItest.R:4:3' [success]
2026-08-15T08:32:28.2897740Z   'test-DBItest.R:4:3' [success]
2026-08-15T08:32:28.2963340Z   'test-DBItest.R:4:3' [success]
2026-08-15T08:32:28.3024170Z   'test-DBItest.R:4:3' [success]
2026-08-15T08:32:28.3114880Z   'test-DBItest.R:4:3' [success]
2026-08-15T08:32:28.3177330Z   'test-DBItest.R:4:3' [success]
2026-08-15T08:32:28.3238650Z   'test-DBItest.R:4:3' [success]
2026-08-15T08:32:28.3290300Z   'test-DBItest.R:4:3' [success]
2026-08-15T08:32:28.3347960Z   'test-DBItest.R:4:3' [success]
2026-08-15T08:32:28.3364320Z End test: DBItest[duckdb]: Metadata: arrow_bind_character
2026-08-15T08:32:28.3364780Z 
2026-08-15T08:32:28.3375960Z Start test: DBItest[duckdb]: Metadata: arrow_bind_character_escape
2026-08-15T08:32:28.3478420Z   'test-DBItest.R:4:3' [success]
2026-08-15T08:32:28.3544840Z   'test-DBItest.R:4:3' [success]
2026-08-15T08:32:28.3608140Z   'test-DBItest.R:4:3' [success]
2026-08-15T08:32:28.3673170Z   'test-DBItest.R:4:3' [success]
2026-08-15T08:32:28.3775970Z   'test-DBItest.R:4:3' [success]
2026-08-15T08:32:28.3842590Z   'test-DBItest.R:4:3' [success]
2026-08-15T08:32:28.3911310Z   'test-DBItest.R:4:3' [success]
2026-08-15T08:32:28.3961740Z   'test-DBItest.R:4:3' [success]
2026-08-15T08:32:28.4018580Z   'test-DBItest.R:4:3' [success]
2026-08-15T08:32:28.4030460Z End test: DBItest[duckdb]: Metadata: arrow_bind_character_escape
2026-08-15T08:32:28.4030740Z 
2026-08-15T08:32:28.4038390Z Start test: DBItest[duckdb]: Metadata: arrow_bind_date
2026-08-15T08:32:28.4127660Z   'test-DBItest.R:4:3' [success]
2026-08-15T08:32:28.4197090Z   'test-DBItest.R:4:3' [success]
2026-08-15T08:32:28.4264380Z   'test-DBItest.R:4:3' [success]
2026-08-15T08:32:28.4333750Z   'test-DBItest.R:4:3' [success]
2026-08-15T08:32:28.4428140Z   'test-DBItest.R:4:3' [success]
2026-08-15T08:32:28.4493380Z   'test-DBItest.R:4:3' [success]
2026-08-15T08:32:28.4562700Z   'test-DBItest.R:4:3' [success]
2026-08-15T08:32:28.4618840Z   'test-DBItest.R:4:3' [success]
2026-08-15T08:32:28.4676250Z   'test-DBItest.R:4:3' [success]
2026-08-15T08:32:28.4687510Z End test: DBItest[duckdb]: Metadata: arrow_bind_date
2026-08-15T08:32:28.4687800Z 
2026-08-15T08:32:28.4697370Z Start test: DBItest[duckdb]: Metadata: arrow_bind_date_integer
2026-08-15T08:32:28.4780840Z   'test-DBItest.R:4:3' [success]
2026-08-15T08:32:28.4846860Z   'test-DBItest.R:4:3' [success]
2026-08-15T08:32:28.4917880Z   'test-DBItest.R:4:3' [success]
2026-08-15T08:32:28.4984890Z   'test-DBItest.R:4:3' [success]
2026-08-15T08:32:28.5085300Z   'test-DBItest.R:4:3' [success]
2026-08-15T08:32:28.5152440Z   'test-DBItest.R:4:3' [success]
2026-08-15T08:32:28.5212900Z   'test-DBItest.R:4:3' [success]
2026-08-15T08:32:28.5264840Z   'test-DBItest.R:4:3' [success]
2026-08-15T08:32:28.5315050Z   'test-DBItest.R:4:3' [success]
2026-08-15T08:32:28.5325980Z End test: DBItest[duckdb]: Metadata: arrow_bind_date_integer
2026-08-15T08:32:28.5326460Z 
2026-08-15T08:32:28.5337080Z Start test: DBItest[duckdb]: Metadata: arrow_bind_timestamp
2026-08-15T08:32:28.5426310Z   'test-DBItest.R:4:3' [success]
2026-08-15T08:32:28.5494730Z   'test-DBItest.R:4:3' [success]
2026-08-15T08:32:28.5560450Z   'test-DBItest.R:4:3' [success]
2026-08-15T08:32:28.5625680Z   'test-DBItest.R:4:3' [success]
2026-08-15T08:32:28.5716800Z   'test-DBItest.R:4:3' [success]
2026-08-15T08:32:28.5784190Z   'test-DBItest.R:4:3' [success]
2026-08-15T08:32:28.5851960Z   'test-DBItest.R:4:3' [success]
2026-08-15T08:32:28.5903250Z   'test-DBItest.R:4:3' [success]
2026-08-15T08:32:28.5952320Z   'test-DBItest.R:4:3' [success]
2026-08-15T08:32:28.5962070Z End test: DBItest[duckdb]: Metadata: arrow_bind_timestamp
2026-08-15T08:32:28.5962290Z 
2026-08-15T08:32:28.5970410Z Start test: DBItest[duckdb]: Metadata: arrow_bind_timestamp_lt
2026-08-15T08:32:28.6046610Z   'test-DBItest.R:4:3' [success]
2026-08-15T08:32:28.6107780Z   'test-DBItest.R:4:3' [success]
2026-08-15T08:32:28.6167960Z   'test-DBItest.R:4:3' [success]
2026-08-15T08:32:28.6224030Z   'test-DBItest.R:4:3' [success]
2026-08-15T08:32:28.6313690Z   'test-DBItest.R:4:3' [success]
2026-08-15T08:32:28.6373980Z   'test-DBItest.R:4:3' [success]
2026-08-15T08:32:28.6430940Z   'test-DBItest.R:4:3' [success]
2026-08-15T08:32:28.6479580Z   'test-DBItest.R:4:3' [success]
2026-08-15T08:32:28.6527990Z   'test-DBItest.R:4:3' [success]
2026-08-15T08:32:28.6538400Z End test: DBItest[duckdb]: Metadata: arrow_bind_timestamp_lt
2026-08-15T08:32:28.6538620Z 
2026-08-15T08:32:28.6546280Z Start test: DBItest[duckdb]: Metadata: arrow_bind_time_seconds
2026-08-15T08:32:28.6617270Z   'test-DBItest.R:4:3' [success]
2026-08-15T08:32:28.6675420Z   'test-DBItest.R:4:3' [success]
2026-08-15T08:32:28.6733620Z   'test-DBItest.R:4:3' [success]
2026-08-15T08:32:28.6789350Z   'test-DBItest.R:4:3' [success]
2026-08-15T08:32:28.6878740Z   'test-DBItest.R:4:3' [success]
2026-08-15T08:32:28.6940710Z   'test-DBItest.R:4:3' [success]
2026-08-15T08:32:28.6997620Z   'test-DBItest.R:4:3' [success]
2026-08-15T08:32:28.7045870Z   'test-DBItest.R:4:3' [success]
2026-08-15T08:32:28.7090970Z   'test-DBItest.R:4:3' [success]
2026-08-15T08:32:28.7101420Z End test: DBItest[duckdb]: Metadata: arrow_bind_time_seconds
2026-08-15T08:32:28.7101630Z 
2026-08-15T08:32:28.7109070Z Start test: DBItest[duckdb]: Metadata: arrow_bind_time_hours
2026-08-15T08:32:28.7180720Z   'test-DBItest.R:4:3' [success]
2026-08-15T08:32:28.7241710Z   'test-DBItest.R:4:3' [success]
2026-08-15T08:32:28.7299160Z   'test-DBItest.R:4:3' [success]
2026-08-15T08:32:28.7354200Z   'test-DBItest.R:4:3' [success]
2026-08-15T08:32:28.7438150Z   'test-DBItest.R:4:3' [success]
2026-08-15T08:32:28.7499110Z   'test-DBItest.R:4:3' [success]
2026-08-15T08:32:28.7556080Z   'test-DBItest.R:4:3' [success]
2026-08-15T08:32:28.7604680Z   'test-DBItest.R:4:3' [success]
2026-08-15T08:32:28.7652430Z   'test-DBItest.R:4:3' [success]
2026-08-15T08:32:28.7662090Z End test: DBItest[duckdb]: Metadata: arrow_bind_time_hours
2026-08-15T08:32:28.7662320Z 
2026-08-15T08:32:28.7670030Z Start test: DBItest[duckdb]: Metadata: arrow_bind_time_minutes_integer
2026-08-15T08:32:28.7740050Z   'test-DBItest.R:4:3' [success]
2026-08-15T08:32:28.7797750Z   'test-DBItest.R:4:3' [success]
2026-08-15T08:32:28.7853990Z   'test-DBItest.R:4:3' [success]
2026-08-15T08:32:28.7908800Z   'test-DBItest.R:4:3' [success]
2026-08-15T08:32:28.7994100Z   'test-DBItest.R:4:3' [success]
2026-08-15T08:32:28.8055840Z   'test-DBItest.R:4:3' [success]
2026-08-15T08:32:28.8114960Z   'test-DBItest.R:4:3' [success]
2026-08-15T08:32:28.8168360Z   'test-DBItest.R:4:3' [success]
2026-08-15T08:32:28.8209430Z   'test-DBItest.R:4:3' [success]
2026-08-15T08:32:28.8219120Z End test: DBItest[duckdb]: Metadata: arrow_bind_time_minutes_integer
2026-08-15T08:32:28.8219390Z 
2026-08-15T08:32:28.8227040Z Start test: DBItest[duckdb]: Metadata: arrow_bind_raw
2026-08-15T08:32:28.8292840Z   'test-DBItest.R:4:3' [success]
2026-08-15T08:32:28.8350070Z   'test-DBItest.R:4:3' [success]
2026-08-15T08:32:28.8406260Z   'test-DBItest.R:4:3' [success]
2026-08-15T08:32:28.8460990Z   'test-DBItest.R:4:3' [success]
2026-08-15T08:32:28.8518240Z   'test-DBItest.R:4:3' [success]
2026-08-15T08:32:28.8608160Z   'test-DBItest.R:4:3' [success]
2026-08-15T08:32:28.8664430Z   'test-DBItest.R:4:3' [success]
2026-08-15T08:32:28.8714230Z   'test-DBItest.R:4:3' [success]
2026-08-15T08:32:28.8759610Z   'test-DBItest.R:4:3' [success]
2026-08-15T08:32:28.8769500Z End test: DBItest[duckdb]: Metadata: arrow_bind_raw
2026-08-15T08:32:28.8769820Z 
2026-08-15T08:32:28.8777410Z Start test: DBItest[duckdb]: Metadata: arrow_bind_blob
2026-08-15T08:32:28.8846040Z   'test-DBItest.R:4:3' [success]
2026-08-15T08:32:28.8904750Z   'test-DBItest.R:4:3' [success]
2026-08-15T08:32:28.8961720Z   'test-DBItest.R:4:3' [success]
2026-08-15T08:32:28.9024220Z   'test-DBItest.R:4:3' [success]
2026-08-15T08:32:28.9084740Z   'test-DBItest.R:4:3' [success]
2026-08-15T08:32:29.0088740Z   'test-DBItest.R:4:3' [success]
2026-08-15T08:32:29.0147960Z   'test-DBItest.R:4:3' [success]
2026-08-15T08:32:29.0195680Z   'test-DBItest.R:4:3' [success]
2026-08-15T08:32:29.0240580Z   'test-DBItest.R:4:3' [success]
2026-08-15T08:32:29.0250240Z End test: DBItest[duckdb]: Metadata: arrow_bind_blob
2026-08-15T08:32:29.0250560Z 
2026-08-15T08:32:29.0257860Z Start test: DBItest[duckdb]: Metadata: stream_bind_return_value
2026-08-15T08:32:29.0344390Z   'test-DBItest.R:4:3' [success]
2026-08-15T08:32:29.0401330Z   'test-DBItest.R:4:3' [success]
2026-08-15T08:32:29.0456040Z   'test-DBItest.R:4:3' [success]
2026-08-15T08:32:29.0510700Z   'test-DBItest.R:4:3' [success]
2026-08-15T08:32:29.0573620Z   'test-DBItest.R:4:3' [success]
2026-08-15T08:32:29.0638270Z   'test-DBItest.R:4:3' [success]
2026-08-15T08:32:29.0695480Z   'test-DBItest.R:4:3' [success]
2026-08-15T08:32:29.0762580Z   'test-DBItest.R:4:3' [success]
2026-08-15T08:32:29.0832050Z   'test-DBItest.R:4:3' [success]
2026-08-15T08:32:29.0899680Z   'test-DBItest.R:4:3' [success]
2026-08-15T08:32:29.0969480Z   'test-DBItest.R:4:3' [success]
2026-08-15T08:32:29.1036000Z   'test-DBItest.R:4:3' [success]
2026-08-15T08:32:29.1131780Z   'test-DBItest.R:4:3' [success]
2026-08-15T08:32:29.1179650Z   'test-DBItest.R:4:3' [success]
2026-08-15T08:32:29.1224090Z   'test-DBItest.R:4:3' [success]
2026-08-15T08:32:29.1233910Z End test: DBItest[duckdb]: Metadata: stream_bind_return_value
2026-08-15T08:32:29.1234130Z 
2026-08-15T08:32:29.1241740Z Start test: DBItest[duckdb]: Metadata: stream_bind_too_many
2026-08-15T08:32:29.1338610Z   'test-DBItest.R:4:3' [success]
2026-08-15T08:32:29.1409850Z   'test-DBItest.R:4:3' [success]
2026-08-15T08:32:29.1460220Z   'test-DBItest.R:4:3' [success]
2026-08-15T08:32:29.1471650Z End test: DBItest[duckdb]: Metadata: stream_bind_too_many
2026-08-15T08:32:29.1471880Z 
2026-08-15T08:32:29.1480640Z Start test: DBItest[duckdb]: Metadata: stream_bind_not_enough
2026-08-15T08:32:29.1636840Z   'test-DBItest.R:4:3' [success]
2026-08-15T08:32:29.1691150Z   'test-DBItest.R:4:3' [success]
2026-08-15T08:32:29.1744010Z   'test-DBItest.R:4:3' [success]
2026-08-15T08:32:29.1755320Z End test: DBItest[duckdb]: Metadata: stream_bind_not_enough
2026-08-15T08:32:29.1755580Z 
2026-08-15T08:32:29.1763960Z Start test: DBItest[duckdb]: Metadata: stream_bind_wrong_name
2026-08-15T08:32:29.1819450Z   'test-DBItest.R:4:3' [success]
2026-08-15T08:32:29.1830720Z End test: DBItest[duckdb]: Metadata: stream_bind_wrong_name
2026-08-15T08:32:29.1830960Z 
2026-08-15T08:32:29.1839360Z Start test: DBItest[duckdb]: Metadata: stream_bind_named_param_unnamed_placeholders
2026-08-15T08:32:29.1894240Z   'test-DBItest.R:4:3' [success]
2026-08-15T08:32:29.1904460Z End test: DBItest[duckdb]: Metadata: stream_bind_named_param_unnamed_placeholders
2026-08-15T08:32:29.1904730Z 
2026-08-15T08:32:29.1912370Z Start test: DBItest[duckdb]: Metadata: stream_bind_named_param_empty_placeholders
2026-08-15T08:32:29.1961440Z   'test-DBItest.R:4:3' [success]
2026-08-15T08:32:29.1970690Z End test: DBItest[duckdb]: Metadata: stream_bind_named_param_empty_placeholders
2026-08-15T08:32:29.1970960Z 
2026-08-15T08:32:29.1978350Z Start test: DBItest[duckdb]: Metadata: stream_bind_named_param_na_placeholders
2026-08-15T08:32:29.2027560Z   'test-DBItest.R:4:3' [success]
2026-08-15T08:32:29.2037010Z End test: DBItest[duckdb]: Metadata: stream_bind_named_param_na_placeholders
2026-08-15T08:32:29.2037250Z 
2026-08-15T08:32:29.2044390Z Start test: DBItest[duckdb]: Metadata: stream_bind_unnamed_param_named_placeholders
2026-08-15T08:32:29.2138050Z   'test-DBItest.R:4:3' [success]
2026-08-15T08:32:29.2185880Z   'test-DBItest.R:4:3' [success]
2026-08-15T08:32:29.2264030Z   'test-DBItest.R:4:3' [success]
2026-08-15T08:32:29.2273780Z End test: DBItest[duckdb]: Metadata: stream_bind_unnamed_param_named_placeholders
2026-08-15T08:32:29.2274050Z 
2026-08-15T08:32:29.2281340Z Start test: DBItest[duckdb]: Metadata: stream_bind_premature_clear
2026-08-15T08:32:29.2368790Z   'test-DBItest.R:4:3' [success]
2026-08-15T08:32:29.2415340Z   'test-DBItest.R:4:3' [success]
2026-08-15T08:32:29.2425250Z End test: DBItest[duckdb]: Metadata: stream_bind_premature_clear
2026-08-15T08:32:29.2425480Z 
2026-08-15T08:32:29.2433290Z Start test: DBItest[duckdb]: Metadata: stream_bind_multi_row
2026-08-15T08:32:29.2496550Z   'test-DBItest.R:4:3' [success]
2026-08-15T08:32:29.2553040Z   'test-DBItest.R:4:3' [success]
2026-08-15T08:32:29.2608900Z   'test-DBItest.R:4:3' [success]
2026-08-15T08:32:29.2662830Z   'test-DBItest.R:4:3' [success]
2026-08-15T08:32:29.2718920Z   'test-DBItest.R:4:3' [success]
2026-08-15T08:32:29.2774170Z   'test-DBItest.R:4:3' [success]
2026-08-15T08:32:29.2828550Z   'test-DBItest.R:4:3' [success]
2026-08-15T08:32:29.2875310Z   'test-DBItest.R:4:3' [success]
2026-08-15T08:32:29.2918870Z   'test-DBItest.R:4:3' [success]
2026-08-15T08:32:29.2928360Z End test: DBItest[duckdb]: Metadata: stream_bind_multi_row
2026-08-15T08:32:29.2928660Z 
2026-08-15T08:32:29.2936530Z Start test: DBItest[duckdb]: Metadata: stream_bind_multi_row_zero_length
2026-08-15T08:32:29.2997110Z   'test-DBItest.R:4:3' [success]
2026-08-15T08:32:29.3052040Z   'test-DBItest.R:4:3' [success]
2026-08-15T08:32:29.3105330Z   'test-DBItest.R:4:3' [success]
2026-08-15T08:32:29.3159450Z   'test-DBItest.R:4:3' [success]
2026-08-15T08:32:29.3235370Z   'test-DBItest.R:4:3' [success]
2026-08-15T08:32:29.3279870Z   'test-DBItest.R:4:3' [success]
2026-08-15T08:32:29.3289940Z End test: DBItest[duckdb]: Metadata: stream_bind_multi_row_zero_length
2026-08-15T08:32:29.3290270Z 
2026-08-15T08:32:29.3298860Z Start test: DBItest[duckdb]: Metadata: stream_bind_repeated
2026-08-15T08:32:29.3359720Z   'test-DBItest.R:4:3' [success]
2026-08-15T08:32:29.3417350Z   'test-DBItest.R:4:3' [success]
2026-08-15T08:32:29.3480510Z   'test-DBItest.R:4:3' [success]
2026-08-15T08:32:29.3549050Z   'test-DBItest.R:4:3' [success]
2026-08-15T08:32:29.3608920Z   'test-DBItest.R:4:3' [success]
2026-08-15T08:32:29.3664260Z   'test-DBItest.R:4:3' [success]
2026-08-15T08:32:29.3721570Z   'test-DBItest.R:4:3' [success]
2026-08-15T08:32:29.3772790Z   'test-DBItest.R:4:3' [success]
2026-08-15T08:32:29.3829360Z   'test-DBItest.R:4:3' [success]
2026-08-15T08:32:29.3885640Z   'test-DBItest.R:4:3' [success]
2026-08-15T08:32:29.3940820Z   'test-DBItest.R:4:3' [success]
2026-08-15T08:32:29.3994050Z   'test-DBItest.R:4:3' [success]
2026-08-15T08:32:29.4046700Z   'test-DBItest.R:4:3' [success]
2026-08-15T08:32:29.4103400Z   'test-DBItest.R:4:3' [success]
2026-08-15T08:32:29.4153770Z   'test-DBItest.R:4:3' [success]
2026-08-15T08:32:29.4196970Z   'test-DBItest.R:4:3' [success]
2026-08-15T08:32:29.4206730Z End test: DBItest[duckdb]: Metadata: stream_bind_repeated
2026-08-15T08:32:29.4207090Z 
2026-08-15T08:32:29.4215330Z Start test: DBItest[duckdb]: Metadata: stream_bind_repeated_untouched
2026-08-15T08:32:29.4305650Z   'test-DBItest.R:4:3' [success]
2026-08-15T08:32:29.4363230Z   'test-DBItest.R:4:3' [success]
2026-08-15T08:32:29.4418650Z   'test-DBItest.R:4:3' [success]
2026-08-15T08:32:29.4473190Z   'test-DBItest.R:4:3' [success]
2026-08-15T08:32:29.4528270Z   'test-DBItest.R:4:3' [success]
2026-08-15T08:32:29.4583240Z   'test-DBItest.R:4:3' [success]
2026-08-15T08:32:29.4637790Z   'test-DBItest.R:4:3' [success]
2026-08-15T08:32:29.4685020Z   'test-DBItest.R:4:3' [success]
2026-08-15T08:32:29.4730850Z   'test-DBItest.R:4:3' [success]
2026-08-15T08:32:29.4741260Z End test: DBItest[duckdb]: Metadata: stream_bind_repeated_untouched
2026-08-15T08:32:29.4741500Z 
2026-08-15T08:32:29.4749230Z Start test: DBItest[duckdb]: Metadata: stream_bind_named_param_shuffle
2026-08-15T08:32:29.4799020Z   'test-DBItest.R:4:3' [success]
2026-08-15T08:32:29.4808160Z End test: DBItest[duckdb]: Metadata: stream_bind_named_param_shuffle
2026-08-15T08:32:29.4808380Z 
2026-08-15T08:32:29.4815760Z Start test: DBItest[duckdb]: Metadata: stream_bind_integer
2026-08-15T08:32:29.4882900Z   'test-DBItest.R:4:3' [success]
2026-08-15T08:32:29.4937640Z   'test-DBItest.R:4:3' [success]
2026-08-15T08:32:29.4990830Z   'test-DBItest.R:4:3' [success]
2026-08-15T08:32:29.5045540Z   'test-DBItest.R:4:3' [success]
2026-08-15T08:32:29.5099270Z   'test-DBItest.R:4:3' [success]
2026-08-15T08:32:29.5152730Z   'test-DBItest.R:4:3' [success]
2026-08-15T08:32:29.5208060Z   'test-DBItest.R:4:3' [success]
2026-08-15T08:32:29.5282840Z   'test-DBItest.R:4:3' [success]
2026-08-15T08:32:29.5327530Z   'test-DBItest.R:4:3' [success]
2026-08-15T08:32:29.5337380Z End test: DBItest[duckdb]: Metadata: stream_bind_integer
2026-08-15T08:32:29.5337570Z 
2026-08-15T08:32:29.5345270Z Start test: DBItest[duckdb]: Metadata: stream_bind_numeric
2026-08-15T08:32:29.5413030Z   'test-DBItest.R:4:3' [success]
2026-08-15T08:32:29.5471640Z   'test-DBItest.R:4:3' [success]
2026-08-15T08:32:29.5527460Z   'test-DBItest.R:4:3' [success]
2026-08-15T08:32:29.5581960Z   'test-DBItest.R:4:3' [success]
2026-08-15T08:32:29.5637260Z   'test-DBItest.R:4:3' [success]
2026-08-15T08:32:29.5692540Z   'test-DBItest.R:4:3' [success]
2026-08-15T08:32:29.5747970Z   'test-DBItest.R:4:3' [success]
2026-08-15T08:32:29.5798320Z   'test-DBItest.R:4:3' [success]
2026-08-15T08:32:29.5842430Z   'test-DBItest.R:4:3' [success]
2026-08-15T08:32:29.5852750Z End test: DBItest[duckdb]: Metadata: stream_bind_numeric
2026-08-15T08:32:29.5852950Z 
2026-08-15T08:32:29.5860690Z Start test: DBItest[duckdb]: Metadata: stream_bind_logical
2026-08-15T08:32:29.5925940Z   'test-DBItest.R:4:3' [success]
2026-08-15T08:32:29.5981810Z   'test-DBItest.R:4:3' [success]
2026-08-15T08:32:29.6035590Z   'test-DBItest.R:4:3' [success]
2026-08-15T08:32:29.6088390Z   'test-DBItest.R:4:3' [success]
2026-08-15T08:32:29.6143370Z   'test-DBItest.R:4:3' [success]
2026-08-15T08:32:29.6196850Z   'test-DBItest.R:4:3' [success]
2026-08-15T08:32:29.6280170Z   'test-DBItest.R:4:3' [success]
2026-08-15T08:32:29.6331740Z   'test-DBItest.R:4:3' [success]
2026-08-15T08:32:29.6376130Z   'test-DBItest.R:4:3' [success]
2026-08-15T08:32:29.6386080Z End test: DBItest[duckdb]: Metadata: stream_bind_logical
2026-08-15T08:32:29.6386290Z 
2026-08-15T08:32:29.6393880Z Start test: DBItest[duckdb]: Metadata: stream_bind_character
2026-08-15T08:32:29.6469300Z   'test-DBItest.R:4:3' [success]
2026-08-15T08:32:29.6527480Z   'test-DBItest.R:4:3' [success]
2026-08-15T08:32:29.6584060Z   'test-DBItest.R:4:3' [success]
2026-08-15T08:32:29.6638420Z   'test-DBItest.R:4:3' [success]
2026-08-15T08:32:29.6693970Z   'test-DBItest.R:4:3' [success]
2026-08-15T08:32:29.6750940Z   'test-DBItest.R:4:3' [success]
2026-08-15T08:32:29.6808590Z   'test-DBItest.R:4:3' [success]
2026-08-15T08:32:29.6855710Z   'test-DBItest.R:4:3' [success]
2026-08-15T08:32:29.6900080Z   'test-DBItest.R:4:3' [success]
2026-08-15T08:32:29.6909820Z End test: DBItest[duckdb]: Metadata: stream_bind_character
2026-08-15T08:32:29.6910220Z 
2026-08-15T08:32:29.6918890Z Start test: DBItest[duckdb]: Metadata: stream_bind_character_escape
2026-08-15T08:32:29.6997510Z   'test-DBItest.R:4:3' [success]
2026-08-15T08:32:29.7054980Z   'test-DBItest.R:4:3' [success]
2026-08-15T08:32:29.7109290Z   'test-DBItest.R:4:3' [success]
2026-08-15T08:32:29.7161920Z   'test-DBItest.R:4:3' [success]
2026-08-15T08:32:29.7245850Z   'test-DBItest.R:4:3' [success]
2026-08-15T08:32:29.7300950Z   'test-DBItest.R:4:3' [success]
2026-08-15T08:32:29.7357100Z   'test-DBItest.R:4:3' [success]
2026-08-15T08:32:29.7404830Z   'test-DBItest.R:4:3' [success]
2026-08-15T08:32:29.7449560Z   'test-DBItest.R:4:3' [success]
2026-08-15T08:32:29.7459630Z End test: DBItest[duckdb]: Metadata: stream_bind_character_escape
2026-08-15T08:32:29.7459950Z 
2026-08-15T08:32:29.7467260Z Start test: DBItest[duckdb]: Metadata: stream_bind_factor
2026-08-15T08:32:29.7563820Z   'test-DBItest.R:4:3' [success]
2026-08-15T08:32:29.7621330Z   'test-DBItest.R:4:3' [success]
2026-08-15T08:32:29.7675750Z   'test-DBItest.R:4:3' [success]
2026-08-15T08:32:29.7732060Z   'test-DBItest.R:4:3' [success]
2026-08-15T08:32:29.7786910Z   'test-DBItest.R:4:3' [success]
2026-08-15T08:32:29.7840100Z   'test-DBItest.R:4:3' [success]
2026-08-15T08:32:29.7895600Z   'test-DBItest.R:4:3' [success]
2026-08-15T08:32:29.7941390Z   'test-DBItest.R:4:3' [success]
2026-08-15T08:32:29.7984690Z   'test-DBItest.R:4:3' [success]
2026-08-15T08:32:29.7994550Z End test: DBItest[duckdb]: Metadata: stream_bind_factor
2026-08-15T08:32:29.7994870Z 
2026-08-15T08:32:29.8002220Z Start test: DBItest[duckdb]: Metadata: stream_bind_date
2026-08-15T08:32:29.8080470Z   'test-DBItest.R:4:3' [success]
2026-08-15T08:32:29.8139190Z   'test-DBItest.R:4:3' [success]
2026-08-15T08:32:29.8194640Z   'test-DBItest.R:4:3' [success]
2026-08-15T08:32:29.8280910Z   'test-DBItest.R:4:3' [success]
2026-08-15T08:32:29.8337180Z   'test-DBItest.R:4:3' [success]
2026-08-15T08:32:29.8394890Z   'test-DBItest.R:4:3' [success]
2026-08-15T08:32:29.8463340Z   'test-DBItest.R:4:3' [success]
2026-08-15T08:32:29.8525560Z   'test-DBItest.R:4:3' [success]
2026-08-15T08:32:29.8587860Z   'test-DBItest.R:4:3' [success]
2026-08-15T08:32:29.8598960Z End test: DBItest[duckdb]: Metadata: stream_bind_date
2026-08-15T08:32:29.8599360Z 
2026-08-15T08:32:29.8608460Z Start test: DBItest[duckdb]: Metadata: stream_bind_date_integer
2026-08-15T08:32:29.8701090Z   'test-DBItest.R:4:3' [success]
2026-08-15T08:32:29.8767400Z   'test-DBItest.R:4:3' [success]
2026-08-15T08:32:29.8834330Z   'test-DBItest.R:4:3' [success]
2026-08-15T08:32:29.8902610Z   'test-DBItest.R:4:3' [success]
2026-08-15T08:32:29.8977250Z   'test-DBItest.R:4:3' [success]
2026-08-15T08:32:29.9044080Z   'test-DBItest.R:4:3' [success]
2026-08-15T08:32:29.9110020Z   'test-DBItest.R:4:3' [success]
2026-08-15T08:32:29.9164260Z   'test-DBItest.R:4:3' [success]
2026-08-15T08:32:29.9216660Z   'test-DBItest.R:4:3' [success]
2026-08-15T08:32:29.9227700Z End test: DBItest[duckdb]: Metadata: stream_bind_date_integer
2026-08-15T08:32:29.9228430Z 
2026-08-15T08:32:29.9237120Z Start test: DBItest[duckdb]: Metadata: stream_bind_timestamp
2026-08-15T08:32:29.9328230Z   'test-DBItest.R:4:3' [success]
2026-08-15T08:32:29.9428050Z   'test-DBItest.R:4:3' [success]
2026-08-15T08:32:29.9495160Z   'test-DBItest.R:4:3' [success]
2026-08-15T08:32:29.9563460Z   'test-DBItest.R:4:3' [success]
2026-08-15T08:32:29.9630700Z   'test-DBItest.R:4:3' [success]
2026-08-15T08:32:29.9694210Z   'test-DBItest.R:4:3' [success]
2026-08-15T08:32:29.9758410Z   'test-DBItest.R:4:3' [success]
2026-08-15T08:32:29.9815630Z   'test-DBItest.R:4:3' [success]
2026-08-15T08:32:29.9865210Z   'test-DBItest.R:4:3' [success]
2026-08-15T08:32:29.9875790Z End test: DBItest[duckdb]: Metadata: stream_bind_timestamp
2026-08-15T08:32:29.9876090Z 
2026-08-15T08:32:29.9883950Z Start test: DBItest[duckdb]: Metadata: stream_bind_timestamp_lt
2026-08-15T08:32:29.9973340Z   'test-DBItest.R:4:3' [success]
2026-08-15T08:32:30.0042030Z   'test-DBItest.R:4:3' [success]
2026-08-15T08:32:30.0109690Z   'test-DBItest.R:4:3' [success]
2026-08-15T08:32:30.0175150Z   'test-DBItest.R:4:3' [success]
2026-08-15T08:32:30.0238070Z   'test-DBItest.R:4:3' [success]
2026-08-15T08:32:30.0302030Z   'test-DBItest.R:4:3' [success]
2026-08-15T08:32:30.0371030Z   'test-DBItest.R:4:3' [success]
2026-08-15T08:32:30.0424560Z   'test-DBItest.R:4:3' [success]
2026-08-15T08:32:30.0477640Z   'test-DBItest.R:4:3' [success]
2026-08-15T08:32:30.0488410Z End test: DBItest[duckdb]: Metadata: stream_bind_timestamp_lt
2026-08-15T08:32:30.0488760Z 
2026-08-15T08:32:30.0497220Z Start test: DBItest[duckdb]: Metadata: stream_bind_time_seconds
2026-08-15T08:32:30.0615030Z   'test-DBItest.R:4:3' [success]
2026-08-15T08:32:30.0681980Z   'test-DBItest.R:4:3' [success]
2026-08-15T08:32:30.0747310Z   'test-DBItest.R:4:3' [success]
2026-08-15T08:32:30.0813650Z   'test-DBItest.R:4:3' [success]
2026-08-15T08:32:30.0877740Z   'test-DBItest.R:4:3' [success]
2026-08-15T08:32:30.0946150Z   'test-DBItest.R:4:3' [success]
2026-08-15T08:32:30.1022000Z   'test-DBItest.R:4:3' [success]
2026-08-15T08:32:30.1077750Z   'test-DBItest.R:4:3' [success]
2026-08-15T08:32:30.1135630Z   'test-DBItest.R:4:3' [success]
2026-08-15T08:32:30.1141850Z End test: DBItest[duckdb]: Metadata: stream_bind_time_seconds
2026-08-15T08:32:30.1142100Z 
2026-08-15T08:32:30.1150440Z Start test: DBItest[duckdb]: Metadata: stream_bind_time_hours
2026-08-15T08:32:30.1233440Z   'test-DBItest.R:4:3' [success]
2026-08-15T08:32:30.1302050Z   'test-DBItest.R:4:3' [success]
2026-08-15T08:32:30.1362910Z   'test-DBItest.R:4:3' [success]
2026-08-15T08:32:30.1425250Z   'test-DBItest.R:4:3' [success]
2026-08-15T08:32:30.1489500Z   'test-DBItest.R:4:3' [success]
2026-08-15T08:32:30.1555000Z   'test-DBItest.R:4:3' [success]
2026-08-15T08:32:30.1621430Z   'test-DBItest.R:4:3' [success]
2026-08-15T08:32:30.1674890Z   'test-DBItest.R:4:3' [success]
2026-08-15T08:32:30.1760510Z   'test-DBItest.R:4:3' [success]
2026-08-15T08:32:30.1771720Z End test: DBItest[duckdb]: Metadata: stream_bind_time_hours
2026-08-15T08:32:30.1772000Z 
2026-08-15T08:32:30.1781020Z Start test: DBItest[duckdb]: Metadata: stream_bind_time_minutes_integer
2026-08-15T08:32:30.1871280Z   'test-DBItest.R:4:3' [success]
2026-08-15T08:32:30.1937250Z   'test-DBItest.R:4:3' [success]
2026-08-15T08:32:30.2000930Z   'test-DBItest.R:4:3' [success]
2026-08-15T08:32:30.2065700Z   'test-DBItest.R:4:3' [success]
2026-08-15T08:32:30.2131350Z   'test-DBItest.R:4:3' [success]
2026-08-15T08:32:30.2197300Z   'test-DBItest.R:4:3' [success]
2026-08-15T08:32:30.2266520Z   'test-DBItest.R:4:3' [success]
2026-08-15T08:32:30.2326480Z   'test-DBItest.R:4:3' [success]
2026-08-15T08:32:30.2387160Z   'test-DBItest.R:4:3' [success]
2026-08-15T08:32:30.2398330Z End test: DBItest[duckdb]: Metadata: stream_bind_time_minutes_integer
2026-08-15T08:32:30.2398590Z 
2026-08-15T08:32:30.2407920Z Start test: DBItest[duckdb]: Metadata: stream_bind_blob
2026-08-15T08:32:30.2489480Z   'test-DBItest.R:4:3' [success]
2026-08-15T08:32:30.2556080Z   'test-DBItest.R:4:3' [success]
2026-08-15T08:32:30.2620910Z   'test-DBItest.R:4:3' [success]
2026-08-15T08:32:30.2684750Z   'test-DBItest.R:4:3' [success]
2026-08-15T08:32:30.2747630Z   'test-DBItest.R:4:3' [success]
2026-08-15T08:32:30.2811910Z   'test-DBItest.R:4:3' [success]
2026-08-15T08:32:30.2911210Z   'test-DBItest.R:4:3' [success]
2026-08-15T08:32:30.2969420Z   'test-DBItest.R:4:3' [success]
2026-08-15T08:32:30.3026130Z   'test-DBItest.R:4:3' [success]
2026-08-15T08:32:30.3037080Z End test: DBItest[duckdb]: Metadata: stream_bind_blob
2026-08-15T08:32:30.3037330Z 
2026-08-15T08:32:30.3045640Z Start test: DBItest[duckdb]: Metadata: arrow_stream_bind_return_value
2026-08-15T08:32:30.3148540Z   'test-DBItest.R:4:3' [success]
2026-08-15T08:32:30.3224670Z   'test-DBItest.R:4:3' [success]
2026-08-15T08:32:30.3309470Z   'test-DBItest.R:4:3' [success]
2026-08-15T08:32:30.3379970Z   'test-DBItest.R:4:3' [success]
2026-08-15T08:32:30.3467730Z   'test-DBItest.R:4:3' [success]
2026-08-15T08:32:30.3545680Z   'test-DBItest.R:4:3' [success]
2026-08-15T08:32:30.3628000Z   'test-DBItest.R:4:3' [success]
2026-08-15T08:32:30.3704820Z   'test-DBItest.R:4:3' [success]
2026-08-15T08:32:30.3786440Z   'test-DBItest.R:4:3' [success]
2026-08-15T08:32:30.3859700Z   'test-DBItest.R:4:3' [success]
2026-08-15T08:32:30.3933830Z   'test-DBItest.R:4:3' [success]
2026-08-15T08:32:30.4011030Z   'test-DBItest.R:4:3' [success]
2026-08-15T08:32:30.4083450Z   'test-DBItest.R:4:3' [success]
2026-08-15T08:32:30.4147170Z   'test-DBItest.R:4:3' [success]
2026-08-15T08:32:30.4245610Z   'test-DBItest.R:4:3' [success]
2026-08-15T08:32:30.4262960Z End test: DBItest[duckdb]: Metadata: arrow_stream_bind_return_value
2026-08-15T08:32:30.4263530Z 
2026-08-15T08:32:30.4273430Z Start test: DBItest[duckdb]: Metadata: arrow_stream_bind_too_many
2026-08-15T08:32:30.4384050Z   'test-DBItest.R:4:3' [success]
2026-08-15T08:32:30.4444160Z   'test-DBItest.R:4:3' [success]
2026-08-15T08:32:30.4506050Z   'test-DBItest.R:4:3' [success]
2026-08-15T08:32:30.4519740Z End test: DBItest[duckdb]: Metadata: arrow_stream_bind_too_many
2026-08-15T08:32:30.4520250Z 
2026-08-15T08:32:30.4530490Z Start test: DBItest[duckdb]: Metadata: arrow_stream_bind_not_enough
2026-08-15T08:32:30.4714300Z   'test-DBItest.R:4:3' [success]
2026-08-15T08:32:30.4774210Z   'test-DBItest.R:4:3' [success]
2026-08-15T08:32:30.4837020Z   'test-DBItest.R:4:3' [success]
2026-08-15T08:32:30.4850290Z End test: DBItest[duckdb]: Metadata: arrow_stream_bind_not_enough
2026-08-15T08:32:30.4850600Z 
2026-08-15T08:32:30.4863810Z Start test: DBItest[duckdb]: Metadata: arrow_stream_bind_wrong_name
2026-08-15T08:32:30.4928200Z   'test-DBItest.R:4:3' [success]
2026-08-15T08:32:30.4940710Z End test: DBItest[duckdb]: Metadata: arrow_stream_bind_wrong_name
2026-08-15T08:32:30.4941030Z 
2026-08-15T08:32:30.4950450Z Start test: DBItest[duckdb]: Metadata: arrow_stream_bind_named_param_unnamed_placeholders
2026-08-15T08:32:30.5014890Z   'test-DBItest.R:4:3' [success]
2026-08-15T08:32:30.5028510Z End test: DBItest[duckdb]: Metadata: arrow_stream_bind_named_param_unnamed_placeholders
2026-08-15T08:32:30.5029090Z 
2026-08-15T08:32:30.5037780Z Start test: DBItest[duckdb]: Metadata: arrow_stream_bind_named_param_empty_placeholders
2026-08-15T08:32:30.5100760Z   'test-DBItest.R:4:3' [success]
2026-08-15T08:32:30.5113230Z End test: DBItest[duckdb]: Metadata: arrow_stream_bind_named_param_empty_placeholders
2026-08-15T08:32:30.5113740Z 
2026-08-15T08:32:30.5124820Z Start test: DBItest[duckdb]: Metadata: arrow_stream_bind_unnamed_param_named_placeholders
2026-08-15T08:32:30.5238860Z   'test-DBItest.R:4:3' [success]
2026-08-15T08:32:30.5300530Z   'test-DBItest.R:4:3' [success]
2026-08-15T08:32:30.5359630Z   'test-DBItest.R:4:3' [success]
2026-08-15T08:32:30.5372660Z End test: DBItest[duckdb]: Metadata: arrow_stream_bind_unnamed_param_named_placeholders
2026-08-15T08:32:30.5373110Z 
2026-08-15T08:32:30.5381510Z Start test: DBItest[duckdb]: Metadata: arrow_stream_bind_premature_clear
2026-08-15T08:32:30.5533440Z   'test-DBItest.R:4:3' [success]
2026-08-15T08:32:30.5591890Z   'test-DBItest.R:4:3' [success]
2026-08-15T08:32:30.5606770Z End test: DBItest[duckdb]: Metadata: arrow_stream_bind_premature_clear
2026-08-15T08:32:30.5607610Z 
2026-08-15T08:32:30.5616470Z Start test: DBItest[duckdb]: Metadata: arrow_stream_bind_multi_row
2026-08-15T08:32:30.5701260Z   'test-DBItest.R:4:3' [success]
2026-08-15T08:32:30.5778510Z   'test-DBItest.R:4:3' [success]
2026-08-15T08:32:30.5855390Z   'test-DBItest.R:4:3' [success]
2026-08-15T08:32:30.5929050Z   'test-DBItest.R:4:3' [success]
2026-08-15T08:32:30.6004980Z   'test-DBItest.R:4:3' [success]
2026-08-15T08:32:30.6080890Z   'test-DBItest.R:4:3' [success]
2026-08-15T08:32:30.6159050Z   'test-DBItest.R:4:3' [success]
2026-08-15T08:32:30.6221780Z   'test-DBItest.R:4:3' [success]
2026-08-15T08:32:30.6281900Z   'test-DBItest.R:4:3' [success]
2026-08-15T08:32:30.6294430Z End test: DBItest[duckdb]: Metadata: arrow_stream_bind_multi_row
2026-08-15T08:32:30.6294700Z 
2026-08-15T08:32:30.6303610Z Start test: DBItest[duckdb]: Metadata: arrow_stream_bind_multi_row_zero_length
2026-08-15T08:32:30.6385510Z   'test-DBItest.R:4:3' [success]
2026-08-15T08:32:30.6458660Z   'test-DBItest.R:4:3' [success]
2026-08-15T08:32:30.6531830Z   'test-DBItest.R:4:3' [success]
2026-08-15T08:32:30.6602630Z   'test-DBItest.R:4:3' [success]
2026-08-15T08:32:30.6665370Z   'test-DBItest.R:4:3' [success]
2026-08-15T08:32:30.6743120Z   'test-DBItest.R:4:3' [success]
2026-08-15T08:32:30.6763090Z End test: DBItest[duckdb]: Metadata: arrow_stream_bind_multi_row_zero_length
2026-08-15T08:32:30.6765810Z 
2026-08-15T08:32:30.6777950Z Start test: DBItest[duckdb]: Metadata: arrow_stream_bind_repeated
2026-08-15T08:32:30.6914910Z   'test-DBItest.R:4:3' [success]
2026-08-15T08:32:30.6990390Z   'test-DBItest.R:4:3' [success]
2026-08-15T08:32:30.7066220Z   'test-DBItest.R:4:3' [success]
2026-08-15T08:32:30.7144830Z   'test-DBItest.R:4:3' [success]
2026-08-15T08:32:30.7217990Z   'test-DBItest.R:4:3' [success]
2026-08-15T08:32:30.7341710Z   'test-DBItest.R:4:3' [success]
2026-08-15T08:32:30.7428810Z   'test-DBItest.R:4:3' [success]
2026-08-15T08:32:30.7501100Z   'test-DBItest.R:4:3' [success]
2026-08-15T08:32:30.7606360Z   'test-DBItest.R:4:3' [success]
2026-08-15T08:32:30.7750780Z   'test-DBItest.R:4:3' [success]
2026-08-15T08:32:30.7831410Z   'test-DBItest.R:4:3' [success]
2026-08-15T08:32:30.7932920Z   'test-DBItest.R:4:3' [success]
2026-08-15T08:32:30.8020890Z   'test-DBItest.R:4:3' [success]
2026-08-15T08:32:30.8091380Z   'test-DBItest.R:4:3' [success]
2026-08-15T08:32:30.8147950Z   'test-DBItest.R:4:3' [success]
2026-08-15T08:32:30.8227360Z   'test-DBItest.R:4:3' [success]
2026-08-15T08:32:30.8245490Z End test: DBItest[duckdb]: Metadata: arrow_stream_bind_repeated
2026-08-15T08:32:30.8245800Z 
2026-08-15T08:32:30.8260280Z Start test: DBItest[duckdb]: Metadata: arrow_stream_bind_repeated_untouched
2026-08-15T08:32:30.8357180Z   'test-DBItest.R:4:3' [success]
2026-08-15T08:32:30.8469030Z   'test-DBItest.R:4:3' [success]
2026-08-15T08:32:30.8532790Z   'test-DBItest.R:4:3' [success]
2026-08-15T08:32:30.8589530Z   'test-DBItest.R:4:3' [success]
2026-08-15T08:32:30.8646900Z   'test-DBItest.R:4:3' [success]
2026-08-15T08:32:30.8704550Z   'test-DBItest.R:4:3' [success]
2026-08-15T08:32:30.8762870Z   'test-DBItest.R:4:3' [success]
2026-08-15T08:32:30.8812120Z   'test-DBItest.R:4:3' [success]
2026-08-15T08:32:30.8860400Z   'test-DBItest.R:4:3' [success]
2026-08-15T08:32:30.8871630Z End test: DBItest[duckdb]: Metadata: arrow_stream_bind_repeated_untouched
2026-08-15T08:32:30.8871910Z 
2026-08-15T08:32:30.8879470Z Start test: DBItest[duckdb]: Metadata: arrow_stream_bind_named_param_shuffle
2026-08-15T08:32:30.8931820Z   'test-DBItest.R:4:3' [success]
2026-08-15T08:32:30.8941600Z End test: DBItest[duckdb]: Metadata: arrow_stream_bind_named_param_shuffle
2026-08-15T08:32:30.8941880Z 
2026-08-15T08:32:30.8949740Z Start test: DBItest[duckdb]: Metadata: arrow_stream_bind_integer
2026-08-15T08:32:30.9021070Z   'test-DBItest.R:4:3' [success]
2026-08-15T08:32:30.9087090Z   'test-DBItest.R:4:3' [success]
2026-08-15T08:32:30.9151970Z   'test-DBItest.R:4:3' [success]
2026-08-15T08:32:30.9211810Z   'test-DBItest.R:4:3' [success]
2026-08-15T08:32:30.9276450Z   'test-DBItest.R:4:3' [success]
2026-08-15T08:32:30.9344950Z   'test-DBItest.R:4:3' [success]
2026-08-15T08:32:30.9415760Z   'test-DBItest.R:4:3' [success]
2026-08-15T08:32:30.9473480Z   'test-DBItest.R:4:3' [success]
2026-08-15T08:32:30.9560990Z   'test-DBItest.R:4:3' [success]
2026-08-15T08:32:30.9572220Z End test: DBItest[duckdb]: Metadata: arrow_stream_bind_integer
2026-08-15T08:32:30.9572810Z 
2026-08-15T08:32:30.9582060Z Start test: DBItest[duckdb]: Metadata: arrow_stream_bind_numeric
2026-08-15T08:32:30.9662630Z   'test-DBItest.R:4:3' [success]
2026-08-15T08:32:30.9729460Z   'test-DBItest.R:4:3' [success]
2026-08-15T08:32:30.9788010Z   'test-DBItest.R:4:3' [success]
2026-08-15T08:32:30.9842520Z   'test-DBItest.R:4:3' [success]
2026-08-15T08:32:30.9899180Z   'test-DBItest.R:4:3' [success]
2026-08-15T08:32:30.9954210Z   'test-DBItest.R:4:3' [success]
2026-08-15T08:32:31.0010390Z   'test-DBItest.R:4:3' [success]
2026-08-15T08:32:31.0059110Z   'test-DBItest.R:4:3' [success]
2026-08-15T08:32:31.0105970Z   'test-DBItest.R:4:3' [success]
2026-08-15T08:32:31.0116500Z End test: DBItest[duckdb]: Metadata: arrow_stream_bind_numeric
2026-08-15T08:32:31.0116790Z 
2026-08-15T08:32:31.0124410Z Start test: DBItest[duckdb]: Metadata: arrow_stream_bind_logical
2026-08-15T08:32:31.0191240Z   'test-DBItest.R:4:3' [success]
2026-08-15T08:32:31.0246700Z   'test-DBItest.R:4:3' [success]
2026-08-15T08:32:31.0300960Z   'test-DBItest.R:4:3' [success]
2026-08-15T08:32:31.0355590Z   'test-DBItest.R:4:3' [success]
2026-08-15T08:32:31.0409050Z   'test-DBItest.R:4:3' [success]
2026-08-15T08:32:31.0463320Z   'test-DBItest.R:4:3' [success]
2026-08-15T08:32:31.0550040Z   'test-DBItest.R:4:3' [success]
2026-08-15T08:32:31.0596540Z   'test-DBItest.R:4:3' [success]
2026-08-15T08:32:31.0640920Z   'test-DBItest.R:4:3' [success]
2026-08-15T08:32:31.0650550Z End test: DBItest[duckdb]: Metadata: arrow_stream_bind_logical
2026-08-15T08:32:31.0650890Z 
2026-08-15T08:32:31.0658240Z Start test: DBItest[duckdb]: Metadata: arrow_stream_bind_character
2026-08-15T08:32:31.0731660Z   'test-DBItest.R:4:3' [success]
2026-08-15T08:32:31.0789910Z   'test-DBItest.R:4:3' [success]
2026-08-15T08:32:31.0846780Z   'test-DBItest.R:4:3' [success]
2026-08-15T08:32:31.0902100Z   'test-DBItest.R:4:3' [success]
2026-08-15T08:32:31.0957380Z   'test-DBItest.R:4:3' [success]
2026-08-15T08:32:31.1013810Z   'test-DBItest.R:4:3' [success]
2026-08-15T08:32:31.1073260Z   'test-DBItest.R:4:3' [success]
2026-08-15T08:32:31.1121440Z   'test-DBItest.R:4:3' [success]
2026-08-15T08:32:31.1165270Z   'test-DBItest.R:4:3' [success]
2026-08-15T08:32:31.1175270Z End test: DBItest[duckdb]: Metadata: arrow_stream_bind_character
2026-08-15T08:32:31.1175640Z 
2026-08-15T08:32:31.1184660Z Start test: DBItest[duckdb]: Metadata: arrow_stream_bind_character_escape
2026-08-15T08:32:31.1264700Z   'test-DBItest.R:4:3' [success]
2026-08-15T08:32:31.1321060Z   'test-DBItest.R:4:3' [success]
2026-08-15T08:32:31.1375700Z   'test-DBItest.R:4:3' [success]
2026-08-15T08:32:31.1429150Z   'test-DBItest.R:4:3' [success]
2026-08-15T08:32:31.1514120Z   'test-DBItest.R:4:3' [success]
2026-08-15T08:32:31.1569720Z   'test-DBItest.R:4:3' [success]
2026-08-15T08:32:31.1626160Z   'test-DBItest.R:4:3' [success]
2026-08-15T08:32:31.1675960Z   'test-DBItest.R:4:3' [success]
2026-08-15T08:32:31.1722730Z   'test-DBItest.R:4:3' [success]
2026-08-15T08:32:31.1732160Z End test: DBItest[duckdb]: Metadata: arrow_stream_bind_character_escape
2026-08-15T08:32:31.1732420Z 
2026-08-15T08:32:31.1740310Z Start test: DBItest[duckdb]: Metadata: arrow_stream_bind_factor
2026-08-15T08:32:31.1832650Z   'test-DBItest.R:4:3' [success]
2026-08-15T08:32:31.1890990Z   'test-DBItest.R:4:3' [success]
2026-08-15T08:32:31.1946710Z   'test-DBItest.R:4:3' [success]
2026-08-15T08:32:31.2002670Z   'test-DBItest.R:4:3' [success]
2026-08-15T08:32:31.2059320Z   'test-DBItest.R:4:3' [success]
2026-08-15T08:32:31.2116980Z   'test-DBItest.R:4:3' [success]
2026-08-15T08:32:31.2173940Z   'test-DBItest.R:4:3' [success]
2026-08-15T08:32:31.2221410Z   'test-DBItest.R:4:3' [success]
2026-08-15T08:32:31.2266160Z   'test-DBItest.R:4:3' [success]
2026-08-15T08:32:31.2275880Z End test: DBItest[duckdb]: Metadata: arrow_stream_bind_factor
2026-08-15T08:32:31.2276210Z 
2026-08-15T08:32:31.2284170Z Start test: DBItest[duckdb]: Metadata: arrow_stream_bind_date
2026-08-15T08:32:31.2362270Z   'test-DBItest.R:4:3' [success]
2026-08-15T08:32:31.2419480Z   'test-DBItest.R:4:3' [success]
2026-08-15T08:32:31.2508430Z   'test-DBItest.R:4:3' [success]
2026-08-15T08:32:31.2563630Z   'test-DBItest.R:4:3' [success]
2026-08-15T08:32:31.2617720Z   'test-DBItest.R:4:3' [success]
2026-08-15T08:32:31.2672550Z   'test-DBItest.R:4:3' [success]
2026-08-15T08:32:31.2730170Z   'test-DBItest.R:4:3' [success]
2026-08-15T08:32:31.2777090Z   'test-DBItest.R:4:3' [success]
2026-08-15T08:32:31.2822220Z   'test-DBItest.R:4:3' [success]
2026-08-15T08:32:31.2832200Z End test: DBItest[duckdb]: Metadata: arrow_stream_bind_date
2026-08-15T08:32:31.2832490Z 
2026-08-15T08:32:31.2840820Z Start test: DBItest[duckdb]: Metadata: arrow_stream_bind_date_integer
2026-08-15T08:32:31.2918850Z   'test-DBItest.R:4:3' [success]
2026-08-15T08:32:31.2977920Z   'test-DBItest.R:4:3' [success]
2026-08-15T08:32:31.3034700Z   'test-DBItest.R:4:3' [success]
2026-08-15T08:32:31.3088640Z   'test-DBItest.R:4:3' [success]
2026-08-15T08:32:31.3142650Z   'test-DBItest.R:4:3' [success]
2026-08-15T08:32:31.3195810Z   'test-DBItest.R:4:3' [success]
2026-08-15T08:32:31.3249370Z   'test-DBItest.R:4:3' [success]
2026-08-15T08:32:31.3295840Z   'test-DBItest.R:4:3' [success]
2026-08-15T08:32:31.3340040Z   'test-DBItest.R:4:3' [success]
2026-08-15T08:32:31.3349850Z End test: DBItest[duckdb]: Metadata: arrow_stream_bind_date_integer
2026-08-15T08:32:31.3350210Z 
2026-08-15T08:32:31.3357880Z Start test: DBItest[duckdb]: Metadata: arrow_stream_bind_timestamp
2026-08-15T08:32:31.3435250Z   'test-DBItest.R:4:3' [success]
2026-08-15T08:32:31.3623450Z   'test-DBItest.R:4:3' [success]
2026-08-15T08:32:31.3681300Z   'test-DBItest.R:4:3' [success]
2026-08-15T08:32:31.3753650Z   'test-DBItest.R:4:3' [success]
2026-08-15T08:32:31.3812640Z   'test-DBItest.R:4:3' [success]
2026-08-15T08:32:31.3868680Z   'test-DBItest.R:4:3' [success]
2026-08-15T08:32:31.3924520Z   'test-DBItest.R:4:3' [success]
2026-08-15T08:32:31.3975240Z   'test-DBItest.R:4:3' [success]
2026-08-15T08:32:31.4021370Z   'test-DBItest.R:4:3' [success]
2026-08-15T08:32:31.4031950Z End test: DBItest[duckdb]: Metadata: arrow_stream_bind_timestamp
2026-08-15T08:32:31.4032170Z 
2026-08-15T08:32:31.4040090Z Start test: DBItest[duckdb]: Metadata: arrow_stream_bind_timestamp_lt
2026-08-15T08:32:31.4121520Z   'test-DBItest.R:4:3' [success]
2026-08-15T08:32:31.4182320Z   'test-DBItest.R:4:3' [success]
2026-08-15T08:32:31.4239400Z   'test-DBItest.R:4:3' [success]
2026-08-15T08:32:31.4295070Z   'test-DBItest.R:4:3' [success]
2026-08-15T08:32:31.4351140Z   'test-DBItest.R:4:3' [success]
2026-08-15T08:32:31.4406930Z   'test-DBItest.R:4:3' [success]
2026-08-15T08:32:31.4464780Z   'test-DBItest.R:4:3' [success]
2026-08-15T08:32:31.4512460Z   'test-DBItest.R:4:3' [success]
2026-08-15T08:32:31.4557870Z   'test-DBItest.R:4:3' [success]
2026-08-15T08:32:31.4568060Z End test: DBItest[duckdb]: Metadata: arrow_stream_bind_timestamp_lt
2026-08-15T08:32:31.4568290Z 
2026-08-15T08:32:31.4609190Z Start test: DBItest[duckdb]: Metadata: arrow_stream_bind_time_seconds
2026-08-15T08:32:31.4685880Z   'test-DBItest.R:4:3' [success]
2026-08-15T08:32:31.4744500Z   'test-DBItest.R:4:3' [success]
2026-08-15T08:32:31.4799870Z   'test-DBItest.R:4:3' [success]
2026-08-15T08:32:31.4856710Z   'test-DBItest.R:4:3' [success]
2026-08-15T08:32:31.4913010Z   'test-DBItest.R:4:3' [success]
2026-08-15T08:32:31.4967760Z   'test-DBItest.R:4:3' [success]
2026-08-15T08:32:31.5025750Z   'test-DBItest.R:4:3' [success]
2026-08-15T08:32:31.5072730Z   'test-DBItest.R:4:3' [success]
2026-08-15T08:32:31.5118240Z   'test-DBItest.R:4:3' [success]
2026-08-15T08:32:31.5127880Z End test: DBItest[duckdb]: Metadata: arrow_stream_bind_time_seconds
2026-08-15T08:32:31.5128110Z 
2026-08-15T08:32:31.5135860Z Start test: DBItest[duckdb]: Metadata: arrow_stream_bind_time_hours
2026-08-15T08:32:31.5209570Z   'test-DBItest.R:4:3' [success]
2026-08-15T08:32:31.5265380Z   'test-DBItest.R:4:3' [success]
2026-08-15T08:32:31.5320400Z   'test-DBItest.R:4:3' [success]
2026-08-15T08:32:31.5373490Z   'test-DBItest.R:4:3' [success]
2026-08-15T08:32:31.5427910Z   'test-DBItest.R:4:3' [success]
2026-08-15T08:32:31.5487010Z   'test-DBItest.R:4:3' [success]
2026-08-15T08:32:31.5541580Z   'test-DBItest.R:4:3' [success]
2026-08-15T08:32:31.5624500Z   'test-DBItest.R:4:3' [success]
2026-08-15T08:32:31.5671120Z   'test-DBItest.R:4:3' [success]
2026-08-15T08:32:31.5681040Z End test: DBItest[duckdb]: Metadata: arrow_stream_bind_time_hours
2026-08-15T08:32:31.5681340Z 
2026-08-15T08:32:31.5689290Z Start test: DBItest[duckdb]: Metadata: arrow_stream_bind_time_minutes_integer
2026-08-15T08:32:31.5764990Z   'test-DBItest.R:4:3' [success]
2026-08-15T08:32:31.5822240Z   'test-DBItest.R:4:3' [success]
2026-08-15T08:32:31.5878050Z   'test-DBItest.R:4:3' [success]
2026-08-15T08:32:31.5933050Z   'test-DBItest.R:4:3' [success]
2026-08-15T08:32:31.5990050Z   'test-DBItest.R:4:3' [success]
2026-08-15T08:32:31.6046270Z   'test-DBItest.R:4:3' [success]
2026-08-15T08:32:31.6104310Z   'test-DBItest.R:4:3' [success]
2026-08-15T08:32:31.6155650Z   'test-DBItest.R:4:3' [success]
2026-08-15T08:32:31.6201470Z   'test-DBItest.R:4:3' [success]
2026-08-15T08:32:31.6211290Z End test: DBItest[duckdb]: Metadata: arrow_stream_bind_time_minutes_integer
2026-08-15T08:32:31.6211590Z 
2026-08-15T08:32:31.6219120Z Start test: DBItest[duckdb]: Metadata: arrow_stream_bind_blob
2026-08-15T08:32:31.6287740Z   'test-DBItest.R:4:3' [success]
2026-08-15T08:32:31.6344950Z   'test-DBItest.R:4:3' [success]
2026-08-15T08:32:31.6398800Z   'test-DBItest.R:4:3' [success]
2026-08-15T08:32:31.6451650Z   'test-DBItest.R:4:3' [success]
2026-08-15T08:32:31.6504940Z   'test-DBItest.R:4:3' [success]
2026-08-15T08:32:31.6558540Z   'test-DBItest.R:4:3' [success]
2026-08-15T08:32:31.6649150Z   'test-DBItest.R:4:3' [success]
2026-08-15T08:32:31.6696130Z   'test-DBItest.R:4:3' [success]
2026-08-15T08:32:31.6741940Z   'test-DBItest.R:4:3' [success]
2026-08-15T08:32:31.6752320Z End test: DBItest[duckdb]: Metadata: arrow_stream_bind_blob
2026-08-15T08:32:31.6752590Z 
2026-08-15T08:32:31.6760410Z Start test: DBItest[duckdb]: Metadata: is_valid_formals
2026-08-15T08:32:31.6816460Z   'test-DBItest.R:4:3' [success]
2026-08-15T08:32:31.6861620Z   'test-DBItest.R:4:3' [success]
2026-08-15T08:32:31.6873310Z End test: DBItest[duckdb]: Metadata: is_valid_formals
2026-08-15T08:32:31.6873540Z 
2026-08-15T08:32:31.6882750Z Start test: DBItest[duckdb]: Metadata: is_valid_connection
2026-08-15T08:32:31.7075320Z   'test-DBItest.R:4:3' [success]
2026-08-15T08:32:31.7129290Z   'test-DBItest.R:4:3' [success]
2026-08-15T08:32:31.7179000Z   'test-DBItest.R:4:3' [success]
2026-08-15T08:32:31.7236970Z   'test-DBItest.R:4:3' [success]
2026-08-15T08:32:31.7291360Z   'test-DBItest.R:4:3' [success]
2026-08-15T08:32:31.7337210Z   'test-DBItest.R:4:3' [success]
2026-08-15T08:32:31.7346690Z End test: DBItest[duckdb]: Metadata: is_valid_connection
2026-08-15T08:32:31.7346960Z 
2026-08-15T08:32:31.7354350Z Start test: DBItest[duckdb]: Metadata: is_valid_stale_connection
2026-08-15T08:32:31.7536800Z   'test-DBItest.R:4:3' [success]
2026-08-15T08:32:31.7589820Z   'test-DBItest.R:4:3' [success]
2026-08-15T08:32:31.7634990Z   'test-DBItest.R:4:3' [success]
2026-08-15T08:32:31.7644380Z End test: DBItest[duckdb]: Metadata: is_valid_stale_connection
2026-08-15T08:32:31.7644670Z 
2026-08-15T08:32:31.7652060Z Start test: DBItest[duckdb]: Metadata: is_valid_result_query
2026-08-15T08:32:31.7715760Z   'test-DBItest.R:4:3' [success]
2026-08-15T08:32:31.7769790Z   'test-DBItest.R:4:3' [success]
2026-08-15T08:32:31.7816200Z   'test-DBItest.R:4:3' [success]
2026-08-15T08:32:31.7908040Z   'test-DBItest.R:4:3' [success]
2026-08-15T08:32:31.7963470Z   'test-DBItest.R:4:3' [success]
2026-08-15T08:32:31.8020750Z   'test-DBItest.R:4:3' [success]
2026-08-15T08:32:31.8065290Z   'test-DBItest.R:4:3' [success]
2026-08-15T08:32:31.8074980Z End test: DBItest[duckdb]: Metadata: is_valid_result_query
2026-08-15T08:32:31.8075330Z 
2026-08-15T08:32:31.8082740Z Start test: DBItest[duckdb]: Metadata: is_valid_result_statement
2026-08-15T08:32:31.8163050Z   'test-DBItest.R:4:3' [success]
2026-08-15T08:32:31.8219100Z   'test-DBItest.R:4:3' [success]
2026-08-15T08:32:31.8266770Z   'test-DBItest.R:4:3' [success]
2026-08-15T08:32:31.8323940Z   'test-DBItest.R:4:3' [success]
2026-08-15T08:32:31.8378720Z   'test-DBItest.R:4:3' [success]
2026-08-15T08:32:31.8434940Z   'test-DBItest.R:4:3' [success]
2026-08-15T08:32:31.8480080Z   'test-DBItest.R:4:3' [success]
2026-08-15T08:32:31.8501880Z End test: DBItest[duckdb]: Metadata: is_valid_result_statement
2026-08-15T08:32:31.8502200Z 
2026-08-15T08:32:31.8509420Z Start test: DBItest[duckdb]: Metadata: has_completed_formals
2026-08-15T08:32:31.8565250Z   'test-DBItest.R:4:3' [success]
2026-08-15T08:32:31.8610080Z   'test-DBItest.R:4:3' [success]
2026-08-15T08:32:31.8620080Z End test: DBItest[duckdb]: Metadata: has_completed_formals
2026-08-15T08:32:31.8620290Z 
2026-08-15T08:32:31.8627940Z Start test: DBItest[duckdb]: Metadata: has_completed_query
2026-08-15T08:32:31.8690420Z   'test-DBItest.R:4:3' [success]
2026-08-15T08:32:31.8745570Z   'test-DBItest.R:4:3' [success]
2026-08-15T08:32:31.8793820Z   'test-DBItest.R:4:3' [success]
2026-08-15T08:32:31.8884370Z   'test-DBItest.R:4:3' [success]
2026-08-15T08:32:31.8942540Z   'test-DBItest.R:4:3' [success]
2026-08-15T08:32:31.8998240Z   'test-DBItest.R:4:3' [success]
2026-08-15T08:32:31.9052840Z   'test-DBItest.R:4:3' [success]
2026-08-15T08:32:31.9112210Z   'test-DBItest.R:4:3' [success]
2026-08-15T08:32:31.9169580Z   'test-DBItest.R:4:3' [success]
2026-08-15T08:32:31.9217010Z   'test-DBItest.R:4:3' [success]
2026-08-15T08:32:31.9226660Z End test: DBItest[duckdb]: Metadata: has_completed_query
2026-08-15T08:32:31.9226940Z 
2026-08-15T08:32:31.9234410Z Start test: DBItest[duckdb]: Metadata: has_completed_statement
2026-08-15T08:32:31.9303080Z   'test-DBItest.R:4:3' [success]
2026-08-15T08:32:31.9358460Z   'test-DBItest.R:4:3' [success]
2026-08-15T08:32:31.9404620Z   'test-DBItest.R:4:3' [success]
2026-08-15T08:32:31.9425820Z End test: DBItest[duckdb]: Metadata: has_completed_statement
2026-08-15T08:32:31.9426060Z 
2026-08-15T08:32:31.9433540Z Start test: DBItest[duckdb]: Metadata: has_completed_error
2026-08-15T08:32:31.9516570Z   'test-DBItest.R:4:3' [success]
2026-08-15T08:32:31.9561300Z   'test-DBItest.R:4:3' [success]
2026-08-15T08:32:31.9570850Z End test: DBItest[duckdb]: Metadata: has_completed_error
2026-08-15T08:32:31.9571040Z 
2026-08-15T08:32:31.9578480Z Start test: DBItest[duckdb]: Metadata: has_completed_query_spec
2026-08-15T08:32:31.9633810Z   'test-DBItest.R:4:3' [success]
2026-08-15T08:32:31.9688690Z   'test-DBItest.R:4:3' [success]
2026-08-15T08:32:31.9742570Z   'test-DBItest.R:4:3' [success]
2026-08-15T08:32:31.9795590Z   'test-DBItest.R:4:3' [success]
2026-08-15T08:32:31.9849840Z   'test-DBItest.R:4:3' [success]
2026-08-15T08:32:31.9940270Z   'test-DBItest.R:4:3' [success]
2026-08-15T08:32:31.9994830Z   'test-DBItest.R:4:3' [success]
2026-08-15T08:32:32.0042280Z   'test-DBItest.R:4:3' [success]
2026-08-15T08:32:32.0052140Z End test: DBItest[duckdb]: Metadata: has_completed_query_spec
2026-08-15T08:32:32.0052390Z 
2026-08-15T08:32:32.0059850Z Start test: DBItest[duckdb]: Metadata: has_completed_query_spec_partial
2026-08-15T08:32:32.0117680Z   'test-DBItest.R:4:3' [success]
2026-08-15T08:32:32.0176390Z   'test-DBItest.R:4:3' [success]
2026-08-15T08:32:32.0232950Z   'test-DBItest.R:4:3' [success]
2026-08-15T08:32:32.0287900Z   'test-DBItest.R:4:3' [success]
2026-08-15T08:32:32.0344300Z   'test-DBItest.R:4:3' [success]
2026-08-15T08:32:32.0392500Z   'test-DBItest.R:4:3' [success]
2026-08-15T08:32:32.0449250Z   'test-DBItest.R:4:3' [success]
2026-08-15T08:32:32.0504280Z   'test-DBItest.R:4:3' [success]
2026-08-15T08:32:32.0572480Z   'test-DBItest.R:4:3' [success]
2026-08-15T08:32:32.0642620Z   'test-DBItest.R:4:3' [success]
2026-08-15T08:32:32.0706940Z   'test-DBItest.R:4:3' [success]
2026-08-15T08:32:32.0762580Z   'test-DBItest.R:4:3' [success]
2026-08-15T08:32:32.0810430Z   'test-DBItest.R:4:3' [success]
2026-08-15T08:32:32.0821200Z End test: DBItest[duckdb]: Metadata: has_completed_query_spec_partial
2026-08-15T08:32:32.0821460Z 
2026-08-15T08:32:32.0829410Z Start test: DBItest[duckdb]: Metadata: get_statement_formals
2026-08-15T08:32:32.0930390Z   'test-DBItest.R:4:3' [success]
2026-08-15T08:32:32.0982550Z   'test-DBItest.R:4:3' [success]
2026-08-15T08:32:32.0992030Z End test: DBItest[duckdb]: Metadata: get_statement_formals
2026-08-15T08:32:32.0992330Z 
2026-08-15T08:32:32.1000400Z Start test: DBItest[duckdb]: Metadata: get_statement_query
2026-08-15T08:32:32.1057780Z   'test-DBItest.R:4:3' [success]
2026-08-15T08:32:32.1116620Z   'test-DBItest.R:4:3' [success]
2026-08-15T08:32:32.1161940Z   'test-DBItest.R:4:3' [success]
2026-08-15T08:32:32.1172000Z End test: DBItest[duckdb]: Metadata: get_statement_query
2026-08-15T08:32:32.1172230Z 
2026-08-15T08:32:32.1179950Z Start test: DBItest[duckdb]: Metadata: get_statement_statement
2026-08-15T08:32:32.1243200Z   'test-DBItest.R:4:3' [success]
2026-08-15T08:32:32.1298520Z   'test-DBItest.R:4:3' [success]
2026-08-15T08:32:32.1347600Z   'test-DBItest.R:4:3' [success]
2026-08-15T08:32:32.1370060Z End test: DBItest[duckdb]: Metadata: get_statement_statement
2026-08-15T08:32:32.1370310Z 
2026-08-15T08:32:32.1377910Z Start test: DBItest[duckdb]: Metadata: get_statement_error
2026-08-15T08:32:32.1464030Z   'test-DBItest.R:4:3' [success]
2026-08-15T08:32:32.1510870Z   'test-DBItest.R:4:3' [success]
2026-08-15T08:32:32.1520600Z End test: DBItest[duckdb]: Metadata: get_statement_error
2026-08-15T08:32:32.1520820Z 
2026-08-15T08:32:32.1528680Z Start test: DBItest[duckdb]: Metadata: column_info_formals
2026-08-15T08:32:32.1584880Z   'test-DBItest.R:4:3' [success]
2026-08-15T08:32:32.1628740Z   'test-DBItest.R:4:3' [success]
2026-08-15T08:32:32.1640330Z End test: DBItest[duckdb]: Metadata: column_info_formals
2026-08-15T08:32:32.1640570Z 
2026-08-15T08:32:32.1648350Z Start test: DBItest[duckdb]: Metadata: column_info_closed
2026-08-15T08:32:32.1731970Z   'test-DBItest.R:4:3' [success]
2026-08-15T08:32:32.1777680Z   'test-DBItest.R:4:3' [success]
2026-08-15T08:32:32.1787760Z End test: DBItest[duckdb]: Metadata: column_info_closed
2026-08-15T08:32:32.1787990Z 
2026-08-15T08:32:32.1795590Z Start test: DBItest[duckdb]: Metadata: column_info_consistent_unnamed
2026-08-15T08:32:32.1860640Z   'test-DBItest.R:4:3' [success]
2026-08-15T08:32:32.1916440Z   'test-DBItest.R:4:3' [success]
2026-08-15T08:32:32.2006020Z   'test-DBItest.R:4:3' [success]
2026-08-15T08:32:32.2063390Z   'test-DBItest.R:4:3' [success]
2026-08-15T08:32:32.2113050Z   'test-DBItest.R:4:3' [success]
2026-08-15T08:32:32.2123020Z End test: DBItest[duckdb]: Metadata: column_info_consistent_unnamed
2026-08-15T08:32:32.2123300Z 
2026-08-15T08:32:32.2130620Z Start test: DBItest[duckdb]: Metadata: column_info_consistent_keywords
2026-08-15T08:32:32.2196430Z   'test-DBItest.R:4:3' [success]
2026-08-15T08:32:32.2253280Z   'test-DBItest.R:4:3' [success]
2026-08-15T08:32:32.2299270Z   'test-DBItest.R:4:3' [success]
2026-08-15T08:32:32.2309560Z End test: DBItest[duckdb]: Metadata: column_info_consistent_keywords
2026-08-15T08:32:32.2309810Z 
2026-08-15T08:32:32.2317090Z Start test: DBItest[duckdb]: Metadata: get_row_count_formals
2026-08-15T08:32:32.2373770Z   'test-DBItest.R:4:3' [success]
2026-08-15T08:32:32.2419110Z   'test-DBItest.R:4:3' [success]
2026-08-15T08:32:32.2429770Z End test: DBItest[duckdb]: Metadata: get_row_count_formals
2026-08-15T08:32:32.2429970Z 
2026-08-15T08:32:32.2437540Z Start test: DBItest[duckdb]: Metadata: row_count_query
2026-08-15T08:32:32.2505060Z   'test-DBItest.R:4:3' [success]
2026-08-15T08:32:32.2552420Z   'test-DBItest.R:4:3' [success]
2026-08-15T08:32:32.2607280Z   'test-DBItest.R:4:3' [success]
2026-08-15T08:32:32.2660420Z   'test-DBItest.R:4:3' [success]
2026-08-15T08:32:32.2715520Z   'test-DBItest.R:4:3' [success]
2026-08-15T08:32:32.2768620Z   'test-DBItest.R:4:3' [success]
2026-08-15T08:32:32.2825630Z   'test-DBItest.R:4:3' [success]
2026-08-15T08:32:32.2873350Z   'test-DBItest.R:4:3' [success]
2026-08-15T08:32:32.2883340Z End test: DBItest[duckdb]: Metadata: row_count_query
2026-08-15T08:32:32.2883680Z 
2026-08-15T08:32:32.2892330Z Start test: DBItest[duckdb]: Metadata: row_count_query_limited
2026-08-15T08:32:32.3006130Z   'test-DBItest.R:4:3' [success]
2026-08-15T08:32:32.3055160Z   'test-DBItest.R:4:3' [success]
2026-08-15T08:32:32.3112190Z   'test-DBItest.R:4:3' [success]
2026-08-15T08:32:32.3167350Z   'test-DBItest.R:4:3' [success]
2026-08-15T08:32:32.3224720Z   'test-DBItest.R:4:3' [success]
2026-08-15T08:32:32.3280490Z   'test-DBItest.R:4:3' [success]
2026-08-15T08:32:32.3339670Z   'test-DBItest.R:4:3' [success]
2026-08-15T08:32:32.3388750Z   'test-DBItest.R:4:3' [success]
2026-08-15T08:32:32.3445430Z   'test-DBItest.R:4:3' [success]
2026-08-15T08:32:32.3502340Z   'test-DBItest.R:4:3' [success]
2026-08-15T08:32:32.3558570Z   'test-DBItest.R:4:3' [success]
2026-08-15T08:32:32.3612430Z   'test-DBItest.R:4:3' [success]
2026-08-15T08:32:32.3670390Z   'test-DBItest.R:4:3' [success]
2026-08-15T08:32:32.3716600Z   'test-DBItest.R:4:3' [success]
2026-08-15T08:32:32.3725970Z End test: DBItest[duckdb]: Metadata: row_count_query_limited
2026-08-15T08:32:32.3726270Z 
2026-08-15T08:32:32.3733630Z Start test: DBItest[duckdb]: Metadata: row_count_query_empty
2026-08-15T08:32:32.3809510Z   'test-DBItest.R:4:3' [success]
2026-08-15T08:32:32.3865400Z   'test-DBItest.R:4:3' [success]
2026-08-15T08:32:32.3921000Z   'test-DBItest.R:4:3' [success]
2026-08-15T08:32:32.4013060Z   'test-DBItest.R:4:3' [success]
2026-08-15T08:32:32.4069180Z   'test-DBItest.R:4:3' [success]
2026-08-15T08:32:32.4127670Z   'test-DBItest.R:4:3' [success]
2026-08-15T08:32:32.4188280Z   'test-DBItest.R:4:3' [success]
2026-08-15T08:32:32.4234840Z   'test-DBItest.R:4:3' [success]
2026-08-15T08:32:32.4244620Z End test: DBItest[duckdb]: Metadata: row_count_query_empty
2026-08-15T08:32:32.4244910Z 
2026-08-15T08:32:32.4254110Z Start test: DBItest[duckdb]: Metadata: row_count_statement
2026-08-15T08:32:32.4328150Z   'test-DBItest.R:4:3' [success]
2026-08-15T08:32:32.4411390Z   'test-DBItest.R:4:3' [success]
2026-08-15T08:32:32.4469080Z   'test-DBItest.R:4:3' [success]
2026-08-15T08:32:32.4524360Z   'test-DBItest.R:4:3' [success]
2026-08-15T08:32:32.4570290Z   'test-DBItest.R:4:3' [success]
2026-08-15T08:32:32.4628960Z   'test-DBItest.R:4:3' [success]
2026-08-15T08:32:32.4673510Z   'test-DBItest.R:4:3' [success]
2026-08-15T08:32:32.4694930Z End test: DBItest[duckdb]: Metadata: row_count_statement
2026-08-15T08:32:32.4695770Z 
2026-08-15T08:32:32.4704380Z Start test: DBItest[duckdb]: Metadata: get_row_count_error
2026-08-15T08:32:32.4787390Z   'test-DBItest.R:4:3' [success]
2026-08-15T08:32:32.4832710Z   'test-DBItest.R:4:3' [success]
2026-08-15T08:32:32.4842670Z End test: DBItest[duckdb]: Metadata: get_row_count_error
2026-08-15T08:32:32.4842860Z 
2026-08-15T08:32:32.4850820Z Start test: DBItest[duckdb]: Metadata: get_rows_affected_formals
2026-08-15T08:32:32.4906190Z   'test-DBItest.R:4:3' [success]
2026-08-15T08:32:32.4950070Z   'test-DBItest.R:4:3' [success]
2026-08-15T08:32:32.4992800Z End test: DBItest[duckdb]: Metadata: get_rows_affected_formals
2026-08-15T08:32:32.4993030Z 
2026-08-15T08:32:32.5002370Z Start test: DBItest[duckdb]: Metadata: rows_affected_query
2026-08-15T08:32:32.5070620Z   'test-DBItest.R:4:3' [success]
2026-08-15T08:32:32.5118570Z   'test-DBItest.R:4:3' [success]
2026-08-15T08:32:32.5175010Z   'test-DBItest.R:4:3' [success]
2026-08-15T08:32:32.5229430Z   'test-DBItest.R:4:3' [success]
2026-08-15T08:32:32.5285300Z   'test-DBItest.R:4:3' [success]
2026-08-15T08:32:32.5340320Z   'test-DBItest.R:4:3' [success]
2026-08-15T08:32:32.5401150Z   'test-DBItest.R:4:3' [success]
2026-08-15T08:32:32.5447730Z   'test-DBItest.R:4:3' [success]
2026-08-15T08:32:32.5457560Z End test: DBItest[duckdb]: Metadata: rows_affected_query
2026-08-15T08:32:32.5457760Z 
2026-08-15T08:32:32.5465700Z Start test: DBItest[duckdb]: Metadata: get_rows_affected_error
2026-08-15T08:32:32.5558270Z   'test-DBItest.R:4:3' [success]
2026-08-15T08:32:32.5604550Z   'test-DBItest.R:4:3' [success]
2026-08-15T08:32:32.5625700Z End test: DBItest[duckdb]: Metadata: get_rows_affected_error
2026-08-15T08:32:32.5625920Z 
2026-08-15T08:32:32.5633420Z Start test: DBItest[duckdb]: Metadata: get_info_result
2026-08-15T08:32:32.5687430Z   'test-DBItest.R:4:3' [success]
2026-08-15T08:32:32.5741640Z   'test-DBItest.R:4:3' [success]
2026-08-15T08:32:32.5795710Z   'test-DBItest.R:4:3' [success]
2026-08-15T08:32:32.5849290Z   'test-DBItest.R:4:3' [success]
2026-08-15T08:32:32.5909000Z   'test-DBItest.R:4:3' [success]
2026-08-15T08:32:32.5950100Z   'test-DBItest.R:4:3' [success]
2026-08-15T08:32:32.5993050Z End test: DBItest[duckdb]: Metadata: get_info_result
2026-08-15T08:32:32.5993240Z 
2026-08-15T08:32:32.6002610Z Start test: DBItest[duckdb]: Metadata: skipped tests
2026-08-15T08:32:32.6050850Z   'test-DBItest.R:4:3' [skip]
2026-08-15T08:32:32.6060420Z End test: DBItest[duckdb]: Metadata: skipped tests
2026-08-15T08:32:32.6060760Z 
2026-08-15T08:32:32.7307590Z Start test: DBItest[duckdb]: Transactions: begin_formals
2026-08-15T08:32:32.7364480Z   'test-DBItest.R:4:3' [success]
2026-08-15T08:32:32.7407540Z   'test-DBItest.R:4:3' [success]
2026-08-15T08:32:32.7417220Z End test: DBItest[duckdb]: Transactions: begin_formals
2026-08-15T08:32:32.7417500Z 
2026-08-15T08:32:32.7425400Z Start test: DBItest[duckdb]: Transactions: commit_formals
2026-08-15T08:32:32.7481310Z   'test-DBItest.R:4:3' [success]
2026-08-15T08:32:32.7524290Z   'test-DBItest.R:4:3' [success]
2026-08-15T08:32:32.7533360Z End test: DBItest[duckdb]: Transactions: commit_formals
2026-08-15T08:32:32.7533650Z 
2026-08-15T08:32:32.7541110Z Start test: DBItest[duckdb]: Transactions: rollback_formals
2026-08-15T08:32:32.7596480Z   'test-DBItest.R:4:3' [success]
2026-08-15T08:32:32.7639510Z   'test-DBItest.R:4:3' [success]
2026-08-15T08:32:32.7648620Z End test: DBItest[duckdb]: Transactions: rollback_formals
2026-08-15T08:32:32.7648820Z 
2026-08-15T08:32:32.7656400Z Start test: DBItest[duckdb]: Transactions: begin_commit_return_value
2026-08-15T08:32:32.7717810Z   'test-DBItest.R:4:3' [success]
2026-08-15T08:32:32.7771630Z   'test-DBItest.R:4:3' [success]
2026-08-15T08:32:32.7833330Z   'test-DBItest.R:4:3' [success]
2026-08-15T08:32:32.7887560Z   'test-DBItest.R:4:3' [success]
2026-08-15T08:32:32.7934540Z   'test-DBItest.R:4:3' [success]
2026-08-15T08:32:32.7944900Z End test: DBItest[duckdb]: Transactions: begin_commit_return_value
2026-08-15T08:32:32.7945170Z 
2026-08-15T08:32:32.7952770Z Start test: DBItest[duckdb]: Transactions: begin_rollback_return_value
2026-08-15T08:32:32.8016960Z   'test-DBItest.R:4:3' [success]
2026-08-15T08:32:32.8073590Z   'test-DBItest.R:4:3' [success]
2026-08-15T08:32:32.8138470Z   'test-DBItest.R:4:3' [success]
2026-08-15T08:32:32.8195070Z   'test-DBItest.R:4:3' [success]
2026-08-15T08:32:32.8240840Z   'test-DBItest.R:4:3' [success]
2026-08-15T08:32:32.8251120Z End test: DBItest[duckdb]: Transactions: begin_rollback_return_value
2026-08-15T08:32:32.8251490Z 
2026-08-15T08:32:32.8286710Z Start test: DBItest[duckdb]: Transactions: begin_commit_closed
2026-08-15T08:32:32.8537080Z   'test-DBItest.R:4:3' [success]
2026-08-15T08:32:32.8665380Z   'test-DBItest.R:4:3' [success]
2026-08-15T08:32:32.8793920Z   'test-DBItest.R:4:3' [success]
2026-08-15T08:32:32.8838190Z   'test-DBItest.R:4:3' [success]
2026-08-15T08:32:32.8847830Z End test: DBItest[duckdb]: Transactions: begin_commit_closed
2026-08-15T08:32:32.8848030Z 
2026-08-15T08:32:32.8855750Z Start test: DBItest[duckdb]: Transactions: begin_commit_invalid
2026-08-15T08:32:32.9111460Z   'test-DBItest.R:4:3' [success]
2026-08-15T08:32:32.9245440Z   'test-DBItest.R:4:3' [success]
2026-08-15T08:32:32.9380780Z   'test-DBItest.R:4:3' [success]
2026-08-15T08:32:32.9461670Z   'test-DBItest.R:4:3' [success]
2026-08-15T08:32:32.9472080Z End test: DBItest[duckdb]: Transactions: begin_commit_invalid
2026-08-15T08:32:32.9472290Z 
2026-08-15T08:32:32.9480120Z Start test: DBItest[duckdb]: Transactions: commit_without_begin
2026-08-15T08:32:32.9626030Z   'test-DBItest.R:4:3' [success]
2026-08-15T08:32:32.9670420Z   'test-DBItest.R:4:3' [success]
2026-08-15T08:32:32.9680450Z End test: DBItest[duckdb]: Transactions: commit_without_begin
2026-08-15T08:32:32.9680660Z 
2026-08-15T08:32:32.9688470Z Start test: DBItest[duckdb]: Transactions: rollback_without_begin
2026-08-15T08:32:32.9836030Z   'test-DBItest.R:4:3' [success]
2026-08-15T08:32:32.9884660Z   'test-DBItest.R:4:3' [success]
2026-08-15T08:32:32.9894430Z End test: DBItest[duckdb]: Transactions: rollback_without_begin
2026-08-15T08:32:32.9894640Z 
2026-08-15T08:32:32.9902500Z Start test: DBItest[duckdb]: Transactions: begin_begin
2026-08-15T08:32:33.0052400Z   'test-DBItest.R:4:3' [success]
2026-08-15T08:32:33.0105370Z   'test-DBItest.R:4:3' [success]
2026-08-15T08:32:33.0115450Z End test: DBItest[duckdb]: Transactions: begin_begin
2026-08-15T08:32:33.0115630Z 
2026-08-15T08:32:33.0123420Z Start test: DBItest[duckdb]: Transactions: begin_commit
2026-08-15T08:32:33.0184810Z   'test-DBItest.R:4:3' [success]
2026-08-15T08:32:33.0230940Z   'test-DBItest.R:4:3' [success]
2026-08-15T08:32:33.0241790Z End test: DBItest[duckdb]: Transactions: begin_commit
2026-08-15T08:32:33.0241970Z 
2026-08-15T08:32:33.0249970Z Start test: DBItest[duckdb]: Transactions: begin_rollback
2026-08-15T08:32:33.0313860Z   'test-DBItest.R:4:3' [success]
2026-08-15T08:32:33.0360890Z   'test-DBItest.R:4:3' [success]
2026-08-15T08:32:33.0370710Z End test: DBItest[duckdb]: Transactions: begin_rollback
2026-08-15T08:32:33.0370900Z 
2026-08-15T08:32:33.0378760Z Start test: DBItest[duckdb]: Transactions: with_transaction_formals
2026-08-15T08:32:33.0436250Z   'test-DBItest.R:4:3' [success]
2026-08-15T08:32:33.0512920Z   'test-DBItest.R:4:3' [success]
2026-08-15T08:32:33.0522580Z End test: DBItest[duckdb]: Transactions: with_transaction_formals
2026-08-15T08:32:33.0522800Z 
2026-08-15T08:32:33.0530020Z Start test: DBItest[duckdb]: Transactions: with_transaction_return_value
2026-08-15T08:32:33.0597900Z   'test-DBItest.R:4:3' [success]
2026-08-15T08:32:33.0642340Z   'test-DBItest.R:4:3' [success]
2026-08-15T08:32:33.0652020Z End test: DBItest[duckdb]: Transactions: with_transaction_return_value
2026-08-15T08:32:33.0652260Z 
2026-08-15T08:32:33.0659430Z Start test: DBItest[duckdb]: Transactions: with_transaction_error_closed
2026-08-15T08:32:33.0913070Z   'test-DBItest.R:4:3' [success]
2026-08-15T08:32:33.0956010Z   'test-DBItest.R:4:3' [success]
2026-08-15T08:32:33.0966310Z End test: DBItest[duckdb]: Transactions: with_transaction_error_closed
2026-08-15T08:32:33.0966630Z 
2026-08-15T08:32:33.0974110Z Start test: DBItest[duckdb]: Transactions: with_transaction_error_invalid
2026-08-15T08:32:33.1229860Z   'test-DBItest.R:4:3' [success]
2026-08-15T08:32:33.1274930Z   'test-DBItest.R:4:3' [success]
2026-08-15T08:32:33.1285500Z End test: DBItest[duckdb]: Transactions: with_transaction_error_invalid
2026-08-15T08:32:33.1285790Z 
2026-08-15T08:32:33.1293560Z Start test: DBItest[duckdb]: Transactions: with_transaction_error_nested
2026-08-15T08:32:33.1447490Z   'test-DBItest.R:4:3' [success]
2026-08-15T08:32:33.1500180Z   'test-DBItest.R:4:3' [success]
2026-08-15T08:32:33.1510030Z End test: DBItest[duckdb]: Transactions: with_transaction_error_nested
2026-08-15T08:32:33.1510350Z 
2026-08-15T08:32:33.1517640Z Start test: DBItest[duckdb]: Transactions: with_transaction_side_effects
2026-08-15T08:32:33.1574610Z   'test-DBItest.R:4:3' [success]
2026-08-15T08:32:33.1643010Z   'test-DBItest.R:4:3' [success]
2026-08-15T08:32:33.1717560Z   'test-DBItest.R:4:3' [success]
2026-08-15T08:32:33.1727080Z End test: DBItest[duckdb]: Transactions: with_transaction_side_effects
2026-08-15T08:32:33.1727690Z 
2026-08-15T08:32:33.1734620Z Start test: DBItest[duckdb]: Transactions: skipped tests
2026-08-15T08:32:33.1779720Z   'test-DBItest.R:4:3' [skip]
2026-08-15T08:32:33.1788300Z End test: DBItest[duckdb]: Transactions: skipped tests
2026-08-15T08:32:33.1788620Z 
2026-08-15T08:32:33.3111490Z Start test: DBItest[duckdb]: Arrow: arrow_send_query_formals
2026-08-15T08:32:33.3168410Z   'test-DBItest.R:4:3' [success]
2026-08-15T08:32:33.3212830Z   'test-DBItest.R:4:3' [success]
2026-08-15T08:32:33.3222850Z End test: DBItest[duckdb]: Arrow: arrow_send_query_formals
2026-08-15T08:32:33.3223070Z 
2026-08-15T08:32:33.3231520Z Start test: DBItest[duckdb]: Arrow: arrow_send_query_trivial
2026-08-15T08:32:33.3293530Z   'test-DBItest.R:4:3' [success]
2026-08-15T08:32:33.3339370Z   'test-DBItest.R:4:3' [success]
2026-08-15T08:32:33.3390080Z   'test-DBItest.R:4:3' [success]
2026-08-15T08:32:33.3446960Z   'test-DBItest.R:4:3' [success]
2026-08-15T08:32:33.3503790Z   'test-DBItest.R:4:3' [success]
2026-08-15T08:32:33.3560970Z   'test-DBItest.R:4:3' [success]
2026-08-15T08:32:33.3618250Z   'test-DBItest.R:4:3' [success]
2026-08-15T08:32:33.3676520Z   'test-DBItest.R:4:3' [success]
2026-08-15T08:32:33.3725690Z   'test-DBItest.R:4:3' [success]
2026-08-15T08:32:33.3735680Z End test: DBItest[duckdb]: Arrow: arrow_send_query_trivial
2026-08-15T08:32:33.3735890Z 
2026-08-15T08:32:33.3743990Z Start test: DBItest[duckdb]: Arrow: arrow_send_query_closed_connection
2026-08-15T08:32:33.4017440Z   'test-DBItest.R:4:3' [success]
2026-08-15T08:32:33.4063230Z   'test-DBItest.R:4:3' [success]
2026-08-15T08:32:33.4073350Z End test: DBItest[duckdb]: Arrow: arrow_send_query_closed_connection
2026-08-15T08:32:33.4073600Z 
2026-08-15T08:32:33.4081340Z Start test: DBItest[duckdb]: Arrow: arrow_send_query_invalid_connection
2026-08-15T08:32:33.4370260Z   'test-DBItest.R:4:3' [success]
2026-08-15T08:32:33.4414390Z   'test-DBItest.R:4:3' [success]
2026-08-15T08:32:33.4424350Z End test: DBItest[duckdb]: Arrow: arrow_send_query_invalid_connection
2026-08-15T08:32:33.4424600Z 
2026-08-15T08:32:33.4432360Z Start test: DBItest[duckdb]: Arrow: arrow_send_query_non_string
2026-08-15T08:32:33.4522670Z   'test-DBItest.R:4:3' [success]
2026-08-15T08:32:33.4609050Z   'test-DBItest.R:4:3' [success]
2026-08-15T08:32:33.4743290Z   'test-DBItest.R:4:3' [success]
2026-08-15T08:32:33.4788500Z   'test-DBItest.R:4:3' [success]
2026-08-15T08:32:33.4798320Z End test: DBItest[duckdb]: Arrow: arrow_send_query_non_string
2026-08-15T08:32:33.4798550Z 
2026-08-15T08:32:33.4806240Z Start test: DBItest[duckdb]: Arrow: arrow_send_query_syntax_error
2026-08-15T08:32:33.4943570Z   'test-DBItest.R:4:3' [success]
2026-08-15T08:32:33.5074910Z   'test-DBItest.R:4:3' [success]
2026-08-15T08:32:33.5119270Z   'test-DBItest.R:4:3' [success]
2026-08-15T08:32:33.5129250Z End test: DBItest[duckdb]: Arrow: arrow_send_query_syntax_error
2026-08-15T08:32:33.5129460Z 
2026-08-15T08:32:33.5136900Z Start test: DBItest[duckdb]: Arrow: arrow_send_query_result_valid
2026-08-15T08:32:33.5192290Z   'test-DBItest.R:4:3' [success]
2026-08-15T08:32:33.5269500Z   'test-DBItest.R:4:3' [success]
2026-08-15T08:32:33.5279590Z End test: DBItest[duckdb]: Arrow: arrow_send_query_result_valid
2026-08-15T08:32:33.5279810Z 
2026-08-15T08:32:33.5287500Z Start test: DBItest[duckdb]: Arrow: arrow_send_query_params
2026-08-15T08:32:33.5360610Z   'test-DBItest.R:4:3' [success]
2026-08-15T08:32:33.5406250Z   'test-DBItest.R:4:3' [success]
2026-08-15T08:32:33.5417720Z End test: DBItest[duckdb]: Arrow: arrow_send_query_params
2026-08-15T08:32:33.5417940Z 
2026-08-15T08:32:33.5425660Z Start test: DBItest[duckdb]: Arrow: arrow_fetch_arrow_formals
2026-08-15T08:32:33.5482390Z   'test-DBItest.R:4:3' [success]
2026-08-15T08:32:33.5526570Z   'test-DBItest.R:4:3' [success]
2026-08-15T08:32:33.5537520Z End test: DBItest[duckdb]: Arrow: arrow_fetch_arrow_formals
2026-08-15T08:32:33.5537810Z 
2026-08-15T08:32:33.5545630Z Start test: DBItest[duckdb]: Arrow: arrow_fetch_arrow_atomic
2026-08-15T08:32:33.5601890Z   'test-DBItest.R:4:3' [success]
2026-08-15T08:32:33.5662630Z   'test-DBItest.R:4:3' [success]
2026-08-15T08:32:33.5720310Z   'test-DBItest.R:4:3' [success]
2026-08-15T08:32:33.5777560Z   'test-DBItest.R:4:3' [success]
2026-08-15T08:32:33.5835460Z   'test-DBItest.R:4:3' [success]
2026-08-15T08:32:33.5890690Z   'test-DBItest.R:4:3' [success]
2026-08-15T08:32:33.5935430Z   'test-DBItest.R:4:3' [success]
2026-08-15T08:32:33.5945060Z End test: DBItest[duckdb]: Arrow: arrow_fetch_arrow_atomic
2026-08-15T08:32:33.5945370Z 
2026-08-15T08:32:33.5953400Z Start test: DBItest[duckdb]: Arrow: arrow_fetch_arrow_one_row
2026-08-15T08:32:33.6011690Z   'test-DBItest.R:4:3' [success]
2026-08-15T08:32:33.6066750Z   'test-DBItest.R:4:3' [success]
2026-08-15T08:32:33.6121560Z   'test-DBItest.R:4:3' [success]
2026-08-15T08:32:33.6176140Z   'test-DBItest.R:4:3' [success]
2026-08-15T08:32:33.6260390Z   'test-DBItest.R:4:3' [success]
2026-08-15T08:32:33.6316970Z   'test-DBItest.R:4:3' [success]
2026-08-15T08:32:33.6366570Z   'test-DBItest.R:4:3' [success]
2026-08-15T08:32:33.6376770Z End test: DBItest[duckdb]: Arrow: arrow_fetch_arrow_one_row
2026-08-15T08:32:33.6377040Z 
2026-08-15T08:32:33.6384710Z Start test: DBItest[duckdb]: Arrow: arrow_fetch_arrow_zero_rows
2026-08-15T08:32:33.6444680Z   'test-DBItest.R:4:3' [success]
2026-08-15T08:32:33.6505730Z   'test-DBItest.R:4:3' [success]
2026-08-15T08:32:33.6562100Z   'test-DBItest.R:4:3' [success]
2026-08-15T08:32:33.6620070Z   'test-DBItest.R:4:3' [success]
2026-08-15T08:32:33.6677750Z   'test-DBItest.R:4:3' [success]
2026-08-15T08:32:33.6724160Z   'test-DBItest.R:4:3' [success]
2026-08-15T08:32:33.6770880Z   'test-DBItest.R:4:3' [success]
2026-08-15T08:32:33.6780730Z End test: DBItest[duckdb]: Arrow: arrow_fetch_arrow_zero_rows
2026-08-15T08:32:33.6780960Z 
2026-08-15T08:32:33.6788610Z Start test: DBItest[duckdb]: Arrow: arrow_fetch_arrow_closed
2026-08-15T08:32:33.6874500Z   'test-DBItest.R:4:3' [success]
2026-08-15T08:32:33.6919520Z   'test-DBItest.R:4:3' [success]
2026-08-15T08:32:33.6929420Z End test: DBItest[duckdb]: Arrow: arrow_fetch_arrow_closed
2026-08-15T08:32:33.6929750Z 
2026-08-15T08:32:33.6938120Z Start test: DBItest[duckdb]: Arrow: arrow_fetch_arrow_multi_row_single_column
2026-08-15T08:32:33.6999370Z   'test-DBItest.R:4:3' [success]
2026-08-15T08:32:33.7055220Z   'test-DBItest.R:4:3' [success]
2026-08-15T08:32:33.7109830Z   'test-DBItest.R:4:3' [success]
2026-08-15T08:32:33.7162580Z   'test-DBItest.R:4:3' [success]
2026-08-15T08:32:33.7247660Z   'test-DBItest.R:4:3' [success]
2026-08-15T08:32:33.7302520Z   'test-DBItest.R:4:3' [success]
2026-08-15T08:32:33.7347070Z   'test-DBItest.R:4:3' [success]
2026-08-15T08:32:33.7356500Z End test: DBItest[duckdb]: Arrow: arrow_fetch_arrow_multi_row_single_column
2026-08-15T08:32:33.7356780Z 
2026-08-15T08:32:33.7364210Z Start test: DBItest[duckdb]: Arrow: arrow_fetch_arrow_multi_row_multi_column
2026-08-15T08:32:33.7427750Z   'test-DBItest.R:4:3' [success]
2026-08-15T08:32:33.7482950Z   'test-DBItest.R:4:3' [success]
2026-08-15T08:32:33.7537830Z   'test-DBItest.R:4:3' [success]
2026-08-15T08:32:33.7595280Z   'test-DBItest.R:4:3' [success]
2026-08-15T08:32:33.7650960Z   'test-DBItest.R:4:3' [success]
2026-08-15T08:32:33.7707220Z   'test-DBItest.R:4:3' [success]
2026-08-15T08:32:33.7755580Z   'test-DBItest.R:4:3' [success]
2026-08-15T08:32:33.7765190Z End test: DBItest[duckdb]: Arrow: arrow_fetch_arrow_multi_row_multi_column
2026-08-15T08:32:33.7765450Z 
2026-08-15T08:32:33.7773660Z Start test: DBItest[duckdb]: Arrow: arrow_fetch_arrow_record_batch_reader
2026-08-15T08:32:33.7852920Z   'test-DBItest.R:4:3' [success]
2026-08-15T08:32:33.7899700Z   'test-DBItest.R:4:3' [success]
2026-08-15T08:32:33.7909180Z End test: DBItest[duckdb]: Arrow: arrow_fetch_arrow_record_batch_reader
2026-08-15T08:32:33.7909420Z 
2026-08-15T08:32:33.7916970Z Start test: DBItest[duckdb]: Arrow: arrow_fetch_arrow_chunk_formals
2026-08-15T08:32:33.7972940Z   'test-DBItest.R:4:3' [success]
2026-08-15T08:32:33.8016680Z   'test-DBItest.R:4:3' [success]
2026-08-15T08:32:33.8027840Z End test: DBItest[duckdb]: Arrow: arrow_fetch_arrow_chunk_formals
2026-08-15T08:32:33.8028350Z 
2026-08-15T08:32:33.8035830Z Start test: DBItest[duckdb]: Arrow: arrow_fetch_arrow_chunk_atomic
2026-08-15T08:32:33.8091310Z   'test-DBItest.R:4:3' [success]
2026-08-15T08:32:33.8147660Z   'test-DBItest.R:4:3' [success]
2026-08-15T08:32:33.8250910Z   'test-DBItest.R:4:3' [success]
2026-08-15T08:32:33.8309040Z   'test-DBItest.R:4:3' [success]
2026-08-15T08:32:33.8362390Z   'test-DBItest.R:4:3' [success]
2026-08-15T08:32:33.8417360Z   'test-DBItest.R:4:3' [success]
2026-08-15T08:32:33.8464120Z   'test-DBItest.R:4:3' [success]
2026-08-15T08:32:33.8473420Z End test: DBItest[duckdb]: Arrow: arrow_fetch_arrow_chunk_atomic
2026-08-15T08:32:33.8473640Z 
2026-08-15T08:32:33.8480940Z Start test: DBItest[duckdb]: Arrow: arrow_fetch_arrow_chunk_one_row
2026-08-15T08:32:33.8537480Z   'test-DBItest.R:4:3' [success]
2026-08-15T08:32:33.8594860Z   'test-DBItest.R:4:3' [success]
2026-08-15T08:32:33.8652200Z   'test-DBItest.R:4:3' [success]
2026-08-15T08:32:33.8707030Z   'test-DBItest.R:4:3' [success]
2026-08-15T08:32:33.8764340Z   'test-DBItest.R:4:3' [success]
2026-08-15T08:32:33.8820600Z   'test-DBItest.R:4:3' [success]
2026-08-15T08:32:33.8877120Z   'test-DBItest.R:4:3' [success]
2026-08-15T08:32:33.8887230Z End test: DBItest[duckdb]: Arrow: arrow_fetch_arrow_chunk_one_row
2026-08-15T08:32:33.8887450Z 
2026-08-15T08:32:33.8897130Z Start test: DBItest[duckdb]: Arrow: arrow_fetch_arrow_chunk_zero_rows
2026-08-15T08:32:33.8954710Z   'test-DBItest.R:4:3' [success]
2026-08-15T08:32:33.9009990Z   'test-DBItest.R:4:3' [success]
2026-08-15T08:32:33.9064710Z   'test-DBItest.R:4:3' [success]
2026-08-15T08:32:33.9117910Z   'test-DBItest.R:4:3' [success]
2026-08-15T08:32:33.9171620Z   'test-DBItest.R:4:3' [success]
2026-08-15T08:32:33.9248470Z   'test-DBItest.R:4:3' [success]
2026-08-15T08:32:33.9294620Z   'test-DBItest.R:4:3' [success]
2026-08-15T08:32:33.9304140Z End test: DBItest[duckdb]: Arrow: arrow_fetch_arrow_chunk_zero_rows
2026-08-15T08:32:33.9304400Z 
2026-08-15T08:32:33.9311870Z Start test: DBItest[duckdb]: Arrow: arrow_fetch_arrow_chunk_closed
2026-08-15T08:32:33.9395450Z   'test-DBItest.R:4:3' [success]
2026-08-15T08:32:33.9442040Z   'test-DBItest.R:4:3' [success]
2026-08-15T08:32:33.9451640Z End test: DBItest[duckdb]: Arrow: arrow_fetch_arrow_chunk_closed
2026-08-15T08:32:33.9451860Z 
2026-08-15T08:32:33.9459230Z Start test: DBItest[duckdb]: Arrow: arrow_fetch_arrow_chunk_multi_row_single_column
2026-08-15T08:32:33.9519730Z   'test-DBItest.R:4:3' [success]
2026-08-15T08:32:33.9576100Z   'test-DBItest.R:4:3' [success]
2026-08-15T08:32:33.9631970Z   'test-DBItest.R:4:3' [success]
2026-08-15T08:32:33.9686760Z   'test-DBItest.R:4:3' [success]
2026-08-15T08:32:33.9744190Z   'test-DBItest.R:4:3' [success]
2026-08-15T08:32:33.9800040Z   'test-DBItest.R:4:3' [success]
2026-08-15T08:32:33.9845340Z   'test-DBItest.R:4:3' [success]
2026-08-15T08:32:33.9855110Z End test: DBItest[duckdb]: Arrow: arrow_fetch_arrow_chunk_multi_row_single_column
2026-08-15T08:32:33.9855390Z 
2026-08-15T08:32:33.9863240Z Start test: DBItest[duckdb]: Arrow: arrow_fetch_arrow_chunk_multi_row_multi_column
2026-08-15T08:32:33.9926960Z   'test-DBItest.R:4:3' [success]
2026-08-15T08:32:33.9983080Z   'test-DBItest.R:4:3' [success]
2026-08-15T08:32:34.0037630Z   'test-DBItest.R:4:3' [success]
2026-08-15T08:32:34.0091690Z   'test-DBItest.R:4:3' [success]
2026-08-15T08:32:34.0154740Z   'test-DBItest.R:4:3' [success]
2026-08-15T08:32:34.0238590Z   'test-DBItest.R:4:3' [success]
2026-08-15T08:32:34.0285190Z   'test-DBItest.R:4:3' [success]
2026-08-15T08:32:34.0295050Z End test: DBItest[duckdb]: Arrow: arrow_fetch_arrow_chunk_multi_row_multi_column
2026-08-15T08:32:34.0295310Z 
2026-08-15T08:32:34.0302950Z Start test: DBItest[duckdb]: Arrow: arrow_fetch_arrow_chunk_array
2026-08-15T08:32:34.0377080Z   'test-DBItest.R:4:3' [success]
2026-08-15T08:32:34.0424280Z   'test-DBItest.R:4:3' [success]
2026-08-15T08:32:34.0434470Z End test: DBItest[duckdb]: Arrow: arrow_fetch_arrow_chunk_array
2026-08-15T08:32:34.0435040Z 
2026-08-15T08:32:34.0442630Z Start test: DBItest[duckdb]: Arrow: arrow_get_query_arrow_formals
2026-08-15T08:32:34.0498140Z   'test-DBItest.R:4:3' [success]
2026-08-15T08:32:34.0542450Z   'test-DBItest.R:4:3' [success]
2026-08-15T08:32:34.0553220Z End test: DBItest[duckdb]: Arrow: arrow_get_query_arrow_formals
2026-08-15T08:32:34.0553440Z 
2026-08-15T08:32:34.0560860Z Start test: DBItest[duckdb]: Arrow: arrow_get_query_arrow_atomic
2026-08-15T08:32:34.0619200Z   'test-DBItest.R:4:3' [success]
2026-08-15T08:32:34.0675860Z   'test-DBItest.R:4:3' [success]
2026-08-15T08:32:34.0732810Z   'test-DBItest.R:4:3' [success]
2026-08-15T08:32:34.0789080Z   'test-DBItest.R:4:3' [success]
2026-08-15T08:32:34.0846880Z   'test-DBItest.R:4:3' [success]
2026-08-15T08:32:34.0903130Z   'test-DBItest.R:4:3' [success]
2026-08-15T08:32:34.0947400Z   'test-DBItest.R:4:3' [success]
2026-08-15T08:32:34.0956950Z End test: DBItest[duckdb]: Arrow: arrow_get_query_arrow_atomic
2026-08-15T08:32:34.0957160Z 
2026-08-15T08:32:34.0964850Z Start test: DBItest[duckdb]: Arrow: arrow_get_query_arrow_one_row
2026-08-15T08:32:34.1024720Z   'test-DBItest.R:4:3' [success]
2026-08-15T08:32:34.1084980Z   'test-DBItest.R:4:3' [success]
2026-08-15T08:32:34.1150400Z   'test-DBItest.R:4:3' [success]
2026-08-15T08:32:34.1218460Z   'test-DBItest.R:4:3' [success]
2026-08-15T08:32:34.1314890Z   'test-DBItest.R:4:3' [success]
2026-08-15T08:32:34.1371280Z   'test-DBItest.R:4:3' [success]
2026-08-15T08:32:34.1415350Z   'test-DBItest.R:4:3' [success]
2026-08-15T08:32:34.1424890Z End test: DBItest[duckdb]: Arrow: arrow_get_query_arrow_one_row
2026-08-15T08:32:34.1425150Z 
2026-08-15T08:32:34.1433450Z Start test: DBItest[duckdb]: Arrow: arrow_get_query_arrow_zero_rows
2026-08-15T08:32:34.1491840Z   'test-DBItest.R:4:3' [success]
2026-08-15T08:32:34.1547090Z   'test-DBItest.R:4:3' [success]
2026-08-15T08:32:34.1602250Z   'test-DBItest.R:4:3' [success]
2026-08-15T08:32:34.1659110Z   'test-DBItest.R:4:3' [success]
2026-08-15T08:32:34.1718160Z   'test-DBItest.R:4:3' [success]
2026-08-15T08:32:34.1780360Z   'test-DBItest.R:4:3' [success]
2026-08-15T08:32:34.1842760Z   'test-DBItest.R:4:3' [success]
2026-08-15T08:32:34.1891490Z   'test-DBItest.R:4:3' [success]
2026-08-15T08:32:34.1902060Z End test: DBItest[duckdb]: Arrow: arrow_get_query_arrow_zero_rows
2026-08-15T08:32:34.1902280Z 
2026-08-15T08:32:34.1913400Z Start test: DBItest[duckdb]: Arrow: arrow_get_query_arrow_closed_connection
2026-08-15T08:32:34.2171770Z   'test-DBItest.R:4:3' [success]
2026-08-15T08:32:34.2216140Z   'test-DBItest.R:4:3' [success]
2026-08-15T08:32:34.2226880Z End test: DBItest[duckdb]: Arrow: arrow_get_query_arrow_closed_connection
2026-08-15T08:32:34.2227170Z 
2026-08-15T08:32:34.2235040Z Start test: DBItest[duckdb]: Arrow: arrow_get_query_arrow_invalid_connection
2026-08-15T08:32:34.2529810Z   'test-DBItest.R:4:3' [success]
2026-08-15T08:32:34.2576480Z   'test-DBItest.R:4:3' [success]
2026-08-15T08:32:34.2587320Z End test: DBItest[duckdb]: Arrow: arrow_get_query_arrow_invalid_connection
2026-08-15T08:32:34.2587650Z 
2026-08-15T08:32:34.2595900Z Start test: DBItest[duckdb]: Arrow: arrow_get_query_arrow_syntax_error
2026-08-15T08:32:34.2740850Z   'test-DBItest.R:4:3' [success]
2026-08-15T08:32:34.2785690Z   'test-DBItest.R:4:3' [success]
2026-08-15T08:32:34.2795690Z End test: DBItest[duckdb]: Arrow: arrow_get_query_arrow_syntax_error
2026-08-15T08:32:34.2796040Z 
2026-08-15T08:32:34.2805170Z Start test: DBItest[duckdb]: Arrow: arrow_get_query_arrow_non_string
2026-08-15T08:32:34.2894160Z   'test-DBItest.R:4:3' [success]
2026-08-15T08:32:34.2983810Z   'test-DBItest.R:4:3' [success]
2026-08-15T08:32:34.3118090Z   'test-DBItest.R:4:3' [success]
2026-08-15T08:32:34.3162360Z   'test-DBItest.R:4:3' [success]
2026-08-15T08:32:34.3172290Z End test: DBItest[duckdb]: Arrow: arrow_get_query_arrow_non_string
2026-08-15T08:32:34.3172620Z 
2026-08-15T08:32:34.3180350Z Start test: DBItest[duckdb]: Arrow: arrow_get_query_arrow_record_batch_reader
2026-08-15T08:32:34.3257330Z   'test-DBItest.R:4:3' [success]
2026-08-15T08:32:34.3304540Z   'test-DBItest.R:4:3' [success]
2026-08-15T08:32:34.3314780Z End test: DBItest[duckdb]: Arrow: arrow_get_query_arrow_record_batch_reader
2026-08-15T08:32:34.3315070Z 
2026-08-15T08:32:34.3322730Z Start test: DBItest[duckdb]: Arrow: arrow_get_query_arrow_params
2026-08-15T08:32:34.3396310Z   'test-DBItest.R:4:3' [success]
2026-08-15T08:32:34.3441880Z   'test-DBItest.R:4:3' [success]
2026-08-15T08:32:34.3451660Z End test: DBItest[duckdb]: Arrow: arrow_get_query_arrow_params
2026-08-15T08:32:34.3451950Z 
2026-08-15T08:32:34.3459370Z Start test: DBItest[duckdb]: Arrow: arrow_read_table_arrow_formals
2026-08-15T08:32:34.3549180Z   'test-DBItest.R:4:3' [success]
2026-08-15T08:32:34.3593690Z   'test-DBItest.R:4:3' [success]
2026-08-15T08:32:34.3603520Z End test: DBItest[duckdb]: Arrow: arrow_read_table_arrow_formals
2026-08-15T08:32:34.3603740Z 
2026-08-15T08:32:34.3611410Z Start test: DBItest[duckdb]: Arrow: arrow_write_table_arrow_formals
2026-08-15T08:32:34.3667410Z   'test-DBItest.R:4:3' [success]
2026-08-15T08:32:34.3711870Z   'test-DBItest.R:4:3' [success]
2026-08-15T08:32:34.3722130Z End test: DBItest[duckdb]: Arrow: arrow_write_table_arrow_formals
2026-08-15T08:32:34.3722420Z 
2026-08-15T08:32:34.3730210Z Start test: DBItest[duckdb]: Arrow: arrow_write_table_arrow_closed_connection
2026-08-15T08:32:34.3940230Z   'test-DBItest.R:4:3' [success]
2026-08-15T08:32:34.3991930Z   'test-DBItest.R:4:3' [success]
2026-08-15T08:32:34.4004180Z End test: DBItest[duckdb]: Arrow: arrow_write_table_arrow_closed_connection
2026-08-15T08:32:34.4004550Z 
2026-08-15T08:32:34.4014020Z Start test: DBItest[duckdb]: Arrow: arrow_write_table_arrow_invalid_connection
2026-08-15T08:32:34.4276750Z   'test-DBItest.R:4:3' [success]
2026-08-15T08:32:34.4322680Z   'test-DBItest.R:4:3' [success]
2026-08-15T08:32:34.4332470Z End test: DBItest[duckdb]: Arrow: arrow_write_table_arrow_invalid_connection
2026-08-15T08:32:34.4332800Z 
2026-08-15T08:32:34.4340300Z Start test: DBItest[duckdb]: Arrow: arrow_write_table_arrow_value_subset
2026-08-15T08:32:34.4470040Z   'test-DBItest.R:4:3' [success]
2026-08-15T08:32:34.4540800Z   'test-DBItest.R:4:3' [success]
2026-08-15T08:32:34.4598240Z   'test-DBItest.R:4:3' [success]
2026-08-15T08:32:34.4653690Z   'test-DBItest.R:4:3' [success]
2026-08-15T08:32:34.4708550Z   'test-DBItest.R:4:3' [success]
2026-08-15T08:32:34.4797600Z   'test-DBItest.R:4:3' [success]
2026-08-15T08:32:34.4853100Z   'test-DBItest.R:4:3' [success]
2026-08-15T08:32:34.4896720Z   'test-DBItest.R:4:3' [success]
2026-08-15T08:32:34.4918910Z End test: DBItest[duckdb]: Arrow: arrow_write_table_arrow_value_subset
2026-08-15T08:32:34.4919250Z 
2026-08-15T08:32:34.4927740Z Start test: DBItest[duckdb]: Arrow: arrow_write_table_arrow_value_shuffle
2026-08-15T08:32:34.5038610Z   'test-DBItest.R:4:3' [success]
2026-08-15T08:32:34.5097610Z   'test-DBItest.R:4:3' [success]
2026-08-15T08:32:34.5154200Z   'test-DBItest.R:4:3' [success]
2026-08-15T08:32:34.5210140Z   'test-DBItest.R:4:3' [success]
2026-08-15T08:32:34.5266660Z   'test-DBItest.R:4:3' [success]
2026-08-15T08:32:34.5323190Z   'test-DBItest.R:4:3' [success]
2026-08-15T08:32:34.5380170Z   'test-DBItest.R:4:3' [success]
2026-08-15T08:32:34.5424830Z   'test-DBItest.R:4:3' [success]
2026-08-15T08:32:34.5446240Z End test: DBItest[duckdb]: Arrow: arrow_write_table_arrow_value_shuffle
2026-08-15T08:32:34.5446490Z 
2026-08-15T08:32:34.5453790Z Start test: DBItest[duckdb]: Arrow: arrow_write_table_arrow_value_shuffle_subset
2026-08-15T08:32:34.5565910Z   'test-DBItest.R:4:3' [success]
2026-08-15T08:32:34.5622220Z   'test-DBItest.R:4:3' [success]
2026-08-15T08:32:34.5680680Z   'test-DBItest.R:4:3' [success]
2026-08-15T08:32:34.5742050Z   'test-DBItest.R:4:3' [success]
2026-08-15T08:32:34.5835540Z   'test-DBItest.R:4:3' [success]
2026-08-15T08:32:34.5899090Z   'test-DBItest.R:4:3' [success]
2026-08-15T08:32:34.5956850Z   'test-DBItest.R:4:3' [success]
2026-08-15T08:32:34.6003880Z   'test-DBItest.R:4:3' [success]
2026-08-15T08:32:34.6026920Z End test: DBItest[duckdb]: Arrow: arrow_write_table_arrow_value_shuffle_subset
2026-08-15T08:32:34.6027760Z 
2026-08-15T08:32:34.6034150Z Start test: DBItest[duckdb]: Arrow: arrow_write_table_arrow_roundtrip_64_bit_numeric
2026-08-15T08:32:34.6082580Z   'test-DBItest.R:4:3' [skip]
2026-08-15T08:32:34.6091720Z End test: DBItest[duckdb]: Arrow: arrow_write_table_arrow_roundtrip_64_bit_numeric
2026-08-15T08:32:34.6091980Z 
2026-08-15T08:32:34.6099390Z Start test: DBItest[duckdb]: Arrow: arrow_write_table_arrow_roundtrip_64_bit_character
2026-08-15T08:32:34.6151460Z   'test-DBItest.R:4:3' [skip]
2026-08-15T08:32:34.6161230Z End test: DBItest[duckdb]: Arrow: arrow_write_table_arrow_roundtrip_64_bit_character
2026-08-15T08:32:34.6161500Z 
2026-08-15T08:32:34.6168800Z Start test: DBItest[duckdb]: Arrow: arrow_create_table_arrow_formals
2026-08-15T08:32:34.6228470Z   'test-DBItest.R:4:3' [success]
2026-08-15T08:32:34.6279620Z   'test-DBItest.R:4:3' [success]
2026-08-15T08:32:34.6290820Z End test: DBItest[duckdb]: Arrow: arrow_create_table_arrow_formals
2026-08-15T08:32:34.6291140Z 
2026-08-15T08:32:34.6299080Z Start test: DBItest[duckdb]: Arrow: arrow_create_table_arrow_return
2026-08-15T08:32:34.6383460Z   'test-DBItest.R:4:3' [success]
2026-08-15T08:32:34.6446490Z   'test-DBItest.R:4:3' [success]
2026-08-15T08:32:34.6495630Z   'test-DBItest.R:4:3' [success]
2026-08-15T08:32:34.6517960Z End test: DBItest[duckdb]: Arrow: arrow_create_table_arrow_return
2026-08-15T08:32:34.6518190Z 
2026-08-15T08:32:34.6528260Z Start test: DBItest[duckdb]: Arrow: arrow_create_table_arrow_overwrite
2026-08-15T08:32:34.6764330Z   'test-DBItest.R:4:3' [success]
2026-08-15T08:32:34.6820330Z   'test-DBItest.R:4:3' [success]
2026-08-15T08:32:34.6909990Z   'test-DBItest.R:4:3' [success]
2026-08-15T08:32:34.6967640Z   'test-DBItest.R:4:3' [success]
2026-08-15T08:32:34.7022040Z   'test-DBItest.R:4:3' [success]
2026-08-15T08:32:34.7076830Z   'test-DBItest.R:4:3' [success]
2026-08-15T08:32:34.7137030Z   'test-DBItest.R:4:3' [success]
2026-08-15T08:32:34.7197360Z   'test-DBItest.R:4:3' [success]
2026-08-15T08:32:34.7247910Z   'test-DBItest.R:4:3' [success]
2026-08-15T08:32:34.7272330Z End test: DBItest[duckdb]: Arrow: arrow_create_table_arrow_overwrite
2026-08-15T08:32:34.7272610Z 
2026-08-15T08:32:34.7280210Z Start test: DBItest[duckdb]: Arrow: arrow_create_table_arrow_closed_connection
2026-08-15T08:32:34.7554100Z   'test-DBItest.R:4:3' [success]
2026-08-15T08:32:34.7600640Z   'test-DBItest.R:4:3' [success]
2026-08-15T08:32:34.7610600Z End test: DBItest[duckdb]: Arrow: arrow_create_table_arrow_closed_connection
2026-08-15T08:32:34.7610860Z 
2026-08-15T08:32:34.7618320Z Start test: DBItest[duckdb]: Arrow: arrow_create_table_arrow_invalid_connection
2026-08-15T08:32:34.7882260Z   'test-DBItest.R:4:3' [success]
2026-08-15T08:32:34.7926700Z   'test-DBItest.R:4:3' [success]
2026-08-15T08:32:34.7937120Z End test: DBItest[duckdb]: Arrow: arrow_create_table_arrow_invalid_connection
2026-08-15T08:32:34.7937370Z 
2026-08-15T08:32:34.7944890Z Start test: DBItest[duckdb]: Arrow: arrow_create_table_arrow_name
2026-08-15T08:32:34.8017680Z   'test-DBItest.R:4:3' [success]
2026-08-15T08:32:34.8074540Z   'test-DBItest.R:4:3' [success]
2026-08-15T08:32:34.8164540Z   'test-DBItest.R:4:3' [success]
2026-08-15T08:32:34.8220350Z   'test-DBItest.R:4:3' [success]
2026-08-15T08:32:34.8274750Z   'test-DBItest.R:4:3' [success]
2026-08-15T08:32:34.8331170Z   'test-DBItest.R:4:3' [success]
2026-08-15T08:32:34.8386690Z   'test-DBItest.R:4:3' [success]
2026-08-15T08:32:34.8458480Z   'test-DBItest.R:4:3' [success]
2026-08-15T08:32:34.8515710Z   'test-DBItest.R:4:3' [success]
2026-08-15T08:32:34.8571290Z   'test-DBItest.R:4:3' [success]
2026-08-15T08:32:34.8629300Z   'test-DBItest.R:4:3' [success]
2026-08-15T08:32:34.8685620Z   'test-DBItest.R:4:3' [success]
2026-08-15T08:32:34.8742450Z   'test-DBItest.R:4:3' [success]
2026-08-15T08:32:34.8800450Z   'test-DBItest.R:4:3' [success]
2026-08-15T08:32:34.8872060Z   'test-DBItest.R:4:3' [success]
2026-08-15T08:32:34.8928610Z   'test-DBItest.R:4:3' [success]
2026-08-15T08:32:34.8984750Z   'test-DBItest.R:4:3' [success]
2026-08-15T08:32:34.9039720Z   'test-DBItest.R:4:3' [success]
2026-08-15T08:32:34.9124960Z   'test-DBItest.R:4:3' [success]
2026-08-15T08:32:34.9181780Z   'test-DBItest.R:4:3' [success]
2026-08-15T08:32:34.9234880Z   'test-DBItest.R:4:3' [success]
2026-08-15T08:32:34.9307550Z   'test-DBItest.R:4:3' [success]
2026-08-15T08:32:34.9316910Z End test: DBItest[duckdb]: Arrow: arrow_create_table_arrow_name
2026-08-15T08:32:34.9317130Z 
2026-08-15T08:32:34.9324660Z Start test: DBItest[duckdb]: Arrow: arrow_create_table_arrow_name_quoted
2026-08-15T08:32:34.9399330Z   'test-DBItest.R:4:3' [success]
2026-08-15T08:32:34.9456680Z   'test-DBItest.R:4:3' [success]
2026-08-15T08:32:34.9513300Z   'test-DBItest.R:4:3' [success]
2026-08-15T08:32:34.9567690Z   'test-DBItest.R:4:3' [success]
2026-08-15T08:32:34.9623500Z   'test-DBItest.R:4:3' [success]
2026-08-15T08:32:34.9680930Z   'test-DBItest.R:4:3' [success]
2026-08-15T08:32:34.9738500Z   'test-DBItest.R:4:3' [success]
2026-08-15T08:32:34.9810120Z   'test-DBItest.R:4:3' [success]
2026-08-15T08:32:34.9865220Z   'test-DBItest.R:4:3' [success]
2026-08-15T08:32:34.9918980Z   'test-DBItest.R:4:3' [success]
2026-08-15T08:32:34.9972940Z   'test-DBItest.R:4:3' [success]
2026-08-15T08:32:35.0025960Z   'test-DBItest.R:4:3' [success]
2026-08-15T08:32:35.0117650Z   'test-DBItest.R:4:3' [success]
2026-08-15T08:32:35.0172570Z   'test-DBItest.R:4:3' [success]
2026-08-15T08:32:35.0243070Z   'test-DBItest.R:4:3' [success]
2026-08-15T08:32:35.0300370Z   'test-DBItest.R:4:3' [success]
2026-08-15T08:32:35.0354750Z   'test-DBItest.R:4:3' [success]
2026-08-15T08:32:35.0409940Z   'test-DBItest.R:4:3' [success]
2026-08-15T08:32:35.0464880Z   'test-DBItest.R:4:3' [success]
2026-08-15T08:32:35.0520920Z   'test-DBItest.R:4:3' [success]
2026-08-15T08:32:35.0577410Z   'test-DBItest.R:4:3' [success]
2026-08-15T08:32:35.0650580Z   'test-DBItest.R:4:3' [success]
2026-08-15T08:32:35.0660690Z End test: DBItest[duckdb]: Arrow: arrow_create_table_arrow_name_quoted
2026-08-15T08:32:35.0660950Z 
2026-08-15T08:32:35.0668780Z Start test: DBItest[duckdb]: Arrow: arrow_create_table_arrow_value_df
2026-08-15T08:32:35.0750830Z   'test-DBItest.R:4:3' [success]
2026-08-15T08:32:35.0806400Z   'test-DBItest.R:4:3' [success]
2026-08-15T08:32:35.0863270Z   'test-DBItest.R:4:3' [success]
2026-08-15T08:32:35.0872720Z End test: DBItest[duckdb]: Arrow: arrow_create_table_arrow_value_df
2026-08-15T08:32:35.0872950Z 
2026-08-15T08:32:35.0880310Z Start test: DBItest[duckdb]: Arrow: arrow_create_table_arrow_value_array
2026-08-15T08:32:35.0960810Z   'test-DBItest.R:4:3' [success]
2026-08-15T08:32:35.1015620Z   'test-DBItest.R:4:3' [success]
2026-08-15T08:32:35.1071750Z   'test-DBItest.R:4:3' [success]
2026-08-15T08:32:35.1110490Z End test: DBItest[duckdb]: Arrow: arrow_create_table_arrow_value_array
2026-08-15T08:32:35.1110730Z 
2026-08-15T08:32:35.1121660Z Start test: DBItest[duckdb]: Arrow: arrow_create_table_arrow_value_stream
2026-08-15T08:32:35.1198200Z   'test-DBItest.R:4:3' [success]
2026-08-15T08:32:35.1263570Z   'test-DBItest.R:4:3' [success]
2026-08-15T08:32:35.1317910Z   'test-DBItest.R:4:3' [success]
2026-08-15T08:32:35.1375500Z   'test-DBItest.R:4:3' [success]
2026-08-15T08:32:35.1385280Z End test: DBItest[duckdb]: Arrow: arrow_create_table_arrow_value_stream
2026-08-15T08:32:35.1385520Z 
2026-08-15T08:32:35.1392870Z Start test: DBItest[duckdb]: Arrow: arrow_create_table_arrow_value_schema
2026-08-15T08:32:35.1474540Z   'test-DBItest.R:4:3' [success]
2026-08-15T08:32:35.1532330Z   'test-DBItest.R:4:3' [success]
2026-08-15T08:32:35.1588660Z   'test-DBItest.R:4:3' [success]
2026-08-15T08:32:35.1598540Z End test: DBItest[duckdb]: Arrow: arrow_create_table_arrow_value_schema
2026-08-15T08:32:35.1598770Z 
2026-08-15T08:32:35.1606400Z Start test: DBItest[duckdb]: Arrow: arrow_create_table_arrow_roundtrip_keywords
2026-08-15T08:32:35.1712230Z   'test-DBItest.R:4:3' [success]
2026-08-15T08:32:35.1770080Z   'test-DBItest.R:4:3' [success]
2026-08-15T08:32:35.1824540Z   'test-DBItest.R:4:3' [success]
2026-08-15T08:32:35.1880370Z   'test-DBItest.R:4:3' [success]
2026-08-15T08:32:35.1934830Z   'test-DBItest.R:4:3' [success]
2026-08-15T08:32:35.1990700Z   'test-DBItest.R:4:3' [success]
2026-08-15T08:32:35.2047360Z   'test-DBItest.R:4:3' [success]
2026-08-15T08:32:35.2193830Z   'test-DBItest.R:4:3' [success]
2026-08-15T08:32:35.2250310Z   'test-DBItest.R:4:3' [success]
2026-08-15T08:32:35.2304820Z   'test-DBItest.R:4:3' [success]
2026-08-15T08:32:35.2361100Z   'test-DBItest.R:4:3' [success]
2026-08-15T08:32:35.2415720Z   'test-DBItest.R:4:3' [success]
2026-08-15T08:32:35.2470780Z   'test-DBItest.R:4:3' [success]
2026-08-15T08:32:35.2528050Z   'test-DBItest.R:4:3' [success]
2026-08-15T08:32:35.2635790Z   'test-DBItest.R:4:3' [success]
2026-08-15T08:32:35.2693220Z   'test-DBItest.R:4:3' [success]
2026-08-15T08:32:35.2749600Z   'test-DBItest.R:4:3' [success]
2026-08-15T08:32:35.2807760Z   'test-DBItest.R:4:3' [success]
2026-08-15T08:32:35.2862480Z   'test-DBItest.R:4:3' [success]
2026-08-15T08:32:35.2917050Z   'test-DBItest.R:4:3' [success]
2026-08-15T08:32:35.2972390Z   'test-DBItest.R:4:3' [success]
2026-08-15T08:32:35.3028580Z   'test-DBItest.R:4:3' [success]
2026-08-15T08:32:35.3038250Z End test: DBItest[duckdb]: Arrow: arrow_create_table_arrow_roundtrip_keywords
2026-08-15T08:32:35.3038600Z 
2026-08-15T08:32:35.3045790Z Start test: DBItest[duckdb]: Arrow: arrow_create_table_arrow_roundtrip_quotes
2026-08-15T08:32:35.3194500Z   'test-DBItest.R:4:3' [success]
2026-08-15T08:32:35.3246290Z   'test-DBItest.R:4:3' [success]
2026-08-15T08:32:35.3300120Z   'test-DBItest.R:4:3' [success]
2026-08-15T08:32:35.3355420Z   'test-DBItest.R:4:3' [success]
2026-08-15T08:32:35.3409530Z   'test-DBItest.R:4:3' [success]
2026-08-15T08:32:35.3464440Z   'test-DBItest.R:4:3' [success]
2026-08-15T08:32:35.3520830Z   'test-DBItest.R:4:3' [success]
2026-08-15T08:32:35.3631550Z   'test-DBItest.R:4:3' [success]
2026-08-15T08:32:35.3689300Z   'test-DBItest.R:4:3' [success]
2026-08-15T08:32:35.3745940Z   'test-DBItest.R:4:3' [success]
2026-08-15T08:32:35.3801900Z   'test-DBItest.R:4:3' [success]
2026-08-15T08:32:35.3855860Z   'test-DBItest.R:4:3' [success]
2026-08-15T08:32:35.3913530Z   'test-DBItest.R:4:3' [success]
2026-08-15T08:32:35.3968810Z   'test-DBItest.R:4:3' [success]
2026-08-15T08:32:35.4081730Z   'test-DBItest.R:4:3' [success]
2026-08-15T08:32:35.4183130Z   'test-DBItest.R:4:3' [success]
2026-08-15T08:32:35.4239560Z   'test-DBItest.R:4:3' [success]
2026-08-15T08:32:35.4293940Z   'test-DBItest.R:4:3' [success]
2026-08-15T08:32:35.4348530Z   'test-DBItest.R:4:3' [success]
2026-08-15T08:32:35.4405690Z   'test-DBItest.R:4:3' [success]
2026-08-15T08:32:35.4461410Z   'test-DBItest.R:4:3' [success]
2026-08-15T08:32:35.4577280Z   'test-DBItest.R:4:3' [success]
2026-08-15T08:32:35.4633960Z   'test-DBItest.R:4:3' [success]
2026-08-15T08:32:35.4690170Z   'test-DBItest.R:4:3' [success]
2026-08-15T08:32:35.4748380Z   'test-DBItest.R:4:3' [success]
2026-08-15T08:32:35.4803570Z   'test-DBItest.R:4:3' [success]
2026-08-15T08:32:35.4859580Z   'test-DBItest.R:4:3' [success]
2026-08-15T08:32:35.4915020Z   'test-DBItest.R:4:3' [success]
2026-08-15T08:32:35.5027000Z   'test-DBItest.R:4:3' [success]
2026-08-15T08:32:35.5082110Z   'test-DBItest.R:4:3' [success]
2026-08-15T08:32:35.5135980Z   'test-DBItest.R:4:3' [success]
2026-08-15T08:32:35.5225450Z   'test-DBItest.R:4:3' [success]
2026-08-15T08:32:35.5278720Z   'test-DBItest.R:4:3' [success]
2026-08-15T08:32:35.5335710Z   'test-DBItest.R:4:3' [success]
2026-08-15T08:32:35.5392150Z   'test-DBItest.R:4:3' [success]
2026-08-15T08:32:35.5503260Z   'test-DBItest.R:4:3' [success]
2026-08-15T08:32:35.5560840Z   'test-DBItest.R:4:3' [success]
2026-08-15T08:32:35.5617260Z   'test-DBItest.R:4:3' [success]
2026-08-15T08:32:35.5675300Z   'test-DBItest.R:4:3' [success]
2026-08-15T08:32:35.5731340Z   'test-DBItest.R:4:3' [success]
2026-08-15T08:32:35.5787580Z   'test-DBItest.R:4:3' [success]
2026-08-15T08:32:35.5843360Z   'test-DBItest.R:4:3' [success]
2026-08-15T08:32:35.5956690Z   'test-DBItest.R:4:3' [success]
2026-08-15T08:32:35.6012460Z   'test-DBItest.R:4:3' [success]
2026-08-15T08:32:35.6066910Z   'test-DBItest.R:4:3' [success]
2026-08-15T08:32:35.6122600Z   'test-DBItest.R:4:3' [success]
2026-08-15T08:32:35.6211310Z   'test-DBItest.R:4:3' [success]
2026-08-15T08:32:35.6268240Z   'test-DBItest.R:4:3' [success]
2026-08-15T08:32:35.6323810Z   'test-DBItest.R:4:3' [success]
2026-08-15T08:32:35.6439810Z   'test-DBItest.R:4:3' [success]
2026-08-15T08:32:35.6498630Z   'test-DBItest.R:4:3' [success]
2026-08-15T08:32:35.6553900Z   'test-DBItest.R:4:3' [success]
2026-08-15T08:32:35.6610560Z   'test-DBItest.R:4:3' [success]
2026-08-15T08:32:35.6665680Z   'test-DBItest.R:4:3' [success]
2026-08-15T08:32:35.6722280Z   'test-DBItest.R:4:3' [success]
2026-08-15T08:32:35.6780280Z   'test-DBItest.R:4:3' [success]
2026-08-15T08:32:35.6891870Z   'test-DBItest.R:4:3' [success]
2026-08-15T08:32:35.6948640Z   'test-DBItest.R:4:3' [success]
2026-08-15T08:32:35.7002870Z   'test-DBItest.R:4:3' [success]
2026-08-15T08:32:35.7057590Z   'test-DBItest.R:4:3' [success]
2026-08-15T08:32:35.7112100Z   'test-DBItest.R:4:3' [success]
2026-08-15T08:32:35.7200680Z   'test-DBItest.R:4:3' [success]
2026-08-15T08:32:35.7256470Z   'test-DBItest.R:4:3' [success]
2026-08-15T08:32:35.7370370Z   'test-DBItest.R:4:3' [success]
2026-08-15T08:32:35.7426660Z   'test-DBItest.R:4:3' [success]
2026-08-15T08:32:35.7481030Z   'test-DBItest.R:4:3' [success]
2026-08-15T08:32:35.7536890Z   'test-DBItest.R:4:3' [success]
2026-08-15T08:32:35.7592520Z   'test-DBItest.R:4:3' [success]
2026-08-15T08:32:35.7648600Z   'test-DBItest.R:4:3' [success]
2026-08-15T08:32:35.7705300Z   'test-DBItest.R:4:3' [success]
2026-08-15T08:32:35.7818120Z   'test-DBItest.R:4:3' [success]
2026-08-15T08:32:35.7874020Z   'test-DBItest.R:4:3' [success]
2026-08-15T08:32:35.7928210Z   'test-DBItest.R:4:3' [success]
2026-08-15T08:32:35.7983060Z   'test-DBItest.R:4:3' [success]
2026-08-15T08:32:35.8036820Z   'test-DBItest.R:4:3' [success]
2026-08-15T08:32:35.8091060Z   'test-DBItest.R:4:3' [success]
2026-08-15T08:32:35.8182990Z   'test-DBItest.R:4:3' [success]
2026-08-15T08:32:35.8291330Z   'test-DBItest.R:4:3' [success]
2026-08-15T08:32:35.8347020Z   'test-DBItest.R:4:3' [success]
2026-08-15T08:32:35.8402610Z   'test-DBItest.R:4:3' [success]
2026-08-15T08:32:35.8457990Z   'test-DBItest.R:4:3' [success]
2026-08-15T08:32:35.8512160Z   'test-DBItest.R:4:3' [success]
2026-08-15T08:32:35.8568300Z   'test-DBItest.R:4:3' [success]
2026-08-15T08:32:35.8624610Z   'test-DBItest.R:4:3' [success]
2026-08-15T08:32:35.8683090Z   'test-DBItest.R:4:3' [success]
2026-08-15T08:32:35.8692850Z End test: DBItest[duckdb]: Arrow: arrow_create_table_arrow_roundtrip_quotes
2026-08-15T08:32:35.8693100Z 
2026-08-15T08:32:35.8700460Z Start test: DBItest[duckdb]: Arrow: arrow_append_table_arrow_formals
2026-08-15T08:32:35.8758060Z   'test-DBItest.R:4:3' [success]
2026-08-15T08:32:35.8802560Z   'test-DBItest.R:4:3' [success]
2026-08-15T08:32:35.8814480Z End test: DBItest[duckdb]: Arrow: arrow_append_table_arrow_formals
2026-08-15T08:32:35.8814740Z 
2026-08-15T08:32:35.8822480Z Start test: DBItest[duckdb]: Arrow: arrow_append_table_arrow_invalid_value
2026-08-15T08:32:35.8916610Z   'test-DBItest.R:4:3' [success]
2026-08-15T08:32:35.8972230Z   'test-DBItest.R:4:3' [success]
2026-08-15T08:32:35.9027750Z   'test-DBItest.R:4:3' [success]
2026-08-15T08:32:35.9081530Z   'test-DBItest.R:4:3' [success]
2026-08-15T08:32:35.9173200Z   'test-DBItest.R:4:3' [success]
2026-08-15T08:32:35.9228430Z   'test-DBItest.R:4:3' [success]
2026-08-15T08:32:35.9284910Z   'test-DBItest.R:4:3' [success]
2026-08-15T08:32:35.9340270Z   'test-DBItest.R:4:3' [success]
2026-08-15T08:32:35.9384070Z   'test-DBItest.R:4:3' [success]
2026-08-15T08:32:35.9405390Z End test: DBItest[duckdb]: Arrow: arrow_append_table_arrow_invalid_value
2026-08-15T08:32:35.9405630Z 
2026-08-15T08:32:35.9414930Z Start test: DBItest[duckdb]: Arrow: arrow_append_table_arrow_append_incompatible
2026-08-15T08:32:35.9551780Z   'test-DBItest.R:4:3' [success]
2026-08-15T08:32:35.9608740Z   'test-DBItest.R:4:3' [success]
2026-08-15T08:32:35.9665750Z   'test-DBItest.R:4:3' [success]
2026-08-15T08:32:35.9721360Z   'test-DBItest.R:4:3' [success]
2026-08-15T08:32:35.9778060Z   'test-DBItest.R:4:3' [success]
2026-08-15T08:32:35.9832100Z   'test-DBItest.R:4:3' [success]
2026-08-15T08:32:35.9887000Z   'test-DBItest.R:4:3' [success]
2026-08-15T08:32:35.9941530Z   'test-DBItest.R:4:3' [success]
2026-08-15T08:32:35.9985540Z   'test-DBItest.R:4:3' [success]
2026-08-15T08:32:36.0007340Z End test: DBItest[duckdb]: Arrow: arrow_append_table_arrow_append_incompatible
2026-08-15T08:32:36.0007610Z 
2026-08-15T08:32:36.0015020Z Start test: DBItest[duckdb]: Arrow: arrow_append_table_arrow_closed_connection
2026-08-15T08:32:36.0392360Z   'test-DBItest.R:4:3' [success]
2026-08-15T08:32:36.0436110Z   'test-DBItest.R:4:3' [success]
2026-08-15T08:32:36.0446000Z End test: DBItest[duckdb]: Arrow: arrow_append_table_arrow_closed_connection
2026-08-15T08:32:36.0446250Z 
2026-08-15T08:32:36.0453630Z Start test: DBItest[duckdb]: Arrow: arrow_append_table_arrow_invalid_connection
2026-08-15T08:32:36.0714680Z   'test-DBItest.R:4:3' [success]
2026-08-15T08:32:36.0769630Z   'test-DBItest.R:4:3' [success]
2026-08-15T08:32:36.0781540Z End test: DBItest[duckdb]: Arrow: arrow_append_table_arrow_invalid_connection
2026-08-15T08:32:36.0781920Z 
2026-08-15T08:32:36.0790810Z Start test: DBItest[duckdb]: Arrow: arrow_append_table_arrow_roundtrip_keywords
2026-08-15T08:32:36.0934490Z   'test-DBItest.R:4:3' [success]
2026-08-15T08:32:36.1008540Z   'test-DBItest.R:4:3' [success]
2026-08-15T08:32:36.1081910Z   'test-DBItest.R:4:3' [success]
2026-08-15T08:32:36.1151770Z   'test-DBItest.R:4:3' [success]
2026-08-15T08:32:36.1226750Z   'test-DBItest.R:4:3' [success]
2026-08-15T08:32:36.1299650Z   'test-DBItest.R:4:3' [success]
2026-08-15T08:32:36.1372240Z   'test-DBItest.R:4:3' [success]
2026-08-15T08:32:36.1517590Z   'test-DBItest.R:4:3' [success]
2026-08-15T08:32:36.1590740Z   'test-DBItest.R:4:3' [success]
2026-08-15T08:32:36.1702660Z   'test-DBItest.R:4:3' [success]
2026-08-15T08:32:36.1771230Z   'test-DBItest.R:4:3' [success]
2026-08-15T08:32:36.1841900Z   'test-DBItest.R:4:3' [success]
2026-08-15T08:32:36.1913040Z   'test-DBItest.R:4:3' [success]
2026-08-15T08:32:36.1983270Z   'test-DBItest.R:4:3' [success]
2026-08-15T08:32:36.2127350Z   'test-DBItest.R:4:3' [success]
2026-08-15T08:32:36.2198770Z   'test-DBItest.R:4:3' [success]
2026-08-15T08:32:36.2272060Z   'test-DBItest.R:4:3' [success]
2026-08-15T08:32:36.2345770Z   'test-DBItest.R:4:3' [success]
2026-08-15T08:32:36.2419860Z   'test-DBItest.R:4:3' [success]
2026-08-15T08:32:36.2497090Z   'test-DBItest.R:4:3' [success]
2026-08-15T08:32:36.2573080Z   'test-DBItest.R:4:3' [success]
2026-08-15T08:32:36.2647000Z   'test-DBItest.R:4:3' [success]
2026-08-15T08:32:36.2658940Z End test: DBItest[duckdb]: Arrow: arrow_append_table_arrow_roundtrip_keywords
2026-08-15T08:32:36.2659350Z 
2026-08-15T08:32:36.2668560Z Start test: DBItest[duckdb]: Arrow: arrow_append_table_arrow_roundtrip_quotes_table_names
2026-08-15T08:32:36.2803120Z   'test-DBItest.R:4:3' [success]
2026-08-15T08:32:36.2899180Z   'test-DBItest.R:4:3' [success]
2026-08-15T08:32:36.3015640Z   'test-DBItest.R:4:3' [success]
2026-08-15T08:32:36.3090100Z   'test-DBItest.R:4:3' [success]
2026-08-15T08:32:36.3168620Z   'test-DBItest.R:4:3' [success]
2026-08-15T08:32:36.3243990Z   'test-DBItest.R:4:3' [success]
2026-08-15T08:32:36.3316770Z   'test-DBItest.R:4:3' [success]
2026-08-15T08:32:36.3450490Z   'test-DBItest.R:4:3' [success]
2026-08-15T08:32:36.3522570Z   'test-DBItest.R:4:3' [success]
2026-08-15T08:32:36.3595070Z   'test-DBItest.R:4:3' [success]
2026-08-15T08:32:36.3666530Z   'test-DBItest.R:4:3' [success]
2026-08-15T08:32:36.3739080Z   'test-DBItest.R:4:3' [success]
2026-08-15T08:32:36.3808540Z   'test-DBItest.R:4:3' [success]
2026-08-15T08:32:36.3879120Z   'test-DBItest.R:4:3' [success]
2026-08-15T08:32:36.4017060Z   'test-DBItest.R:4:3' [success]
2026-08-15T08:32:36.4087380Z   'test-DBItest.R:4:3' [success]
2026-08-15T08:32:36.4173370Z   'test-DBItest.R:4:3' [success]
2026-08-15T08:32:36.4255040Z   'test-DBItest.R:4:3' [success]
2026-08-15T08:32:36.4367640Z   'test-DBItest.R:4:3' [success]
2026-08-15T08:32:36.4440720Z   'test-DBItest.R:4:3' [success]
2026-08-15T08:32:36.4512070Z   'test-DBItest.R:4:3' [success]
2026-08-15T08:32:36.4648840Z   'test-DBItest.R:4:3' [success]
2026-08-15T08:32:36.4720750Z   'test-DBItest.R:4:3' [success]
2026-08-15T08:32:36.4792170Z   'test-DBItest.R:4:3' [success]
2026-08-15T08:32:36.4861250Z   'test-DBItest.R:4:3' [success]
2026-08-15T08:32:36.4932700Z   'test-DBItest.R:4:3' [success]
2026-08-15T08:32:36.5003890Z   'test-DBItest.R:4:3' [success]
2026-08-15T08:32:36.5076760Z   'test-DBItest.R:4:3' [success]
2026-08-15T08:32:36.5210730Z   'test-DBItest.R:4:3' [success]
2026-08-15T08:32:36.5282010Z   'test-DBItest.R:4:3' [success]
2026-08-15T08:32:36.5352670Z   'test-DBItest.R:4:3' [success]
2026-08-15T08:32:36.5420690Z   'test-DBItest.R:4:3' [success]
2026-08-15T08:32:36.5489500Z   'test-DBItest.R:4:3' [success]
2026-08-15T08:32:36.5598890Z   'test-DBItest.R:4:3' [success]
2026-08-15T08:32:36.5669430Z   'test-DBItest.R:4:3' [success]
2026-08-15T08:32:36.5817060Z   'test-DBItest.R:4:3' [success]
2026-08-15T08:32:36.5907850Z   'test-DBItest.R:4:3' [success]
2026-08-15T08:32:36.5991400Z   'test-DBItest.R:4:3' [success]
2026-08-15T08:32:36.6063030Z   'test-DBItest.R:4:3' [success]
2026-08-15T08:32:36.6139020Z   'test-DBItest.R:4:3' [success]
2026-08-15T08:32:36.6209810Z   'test-DBItest.R:4:3' [success]
2026-08-15T08:32:36.6281340Z   'test-DBItest.R:4:3' [success]
2026-08-15T08:32:36.6413940Z   'test-DBItest.R:4:3' [success]
2026-08-15T08:32:36.6482510Z   'test-DBItest.R:4:3' [success]
2026-08-15T08:32:36.6552200Z   'test-DBItest.R:4:3' [success]
2026-08-15T08:32:36.6617460Z   'test-DBItest.R:4:3' [success]
2026-08-15T08:32:36.6684490Z   'test-DBItest.R:4:3' [success]
2026-08-15T08:32:36.6752110Z   'test-DBItest.R:4:3' [success]
2026-08-15T08:32:36.6818740Z   'test-DBItest.R:4:3' [success]
2026-08-15T08:32:36.6990730Z   'test-DBItest.R:4:3' [success]
2026-08-15T08:32:36.7057640Z   'test-DBItest.R:4:3' [success]
2026-08-15T08:32:36.7129120Z   'test-DBItest.R:4:3' [success]
2026-08-15T08:32:36.7193520Z   'test-DBItest.R:4:3' [success]
2026-08-15T08:32:36.7262420Z   'test-DBItest.R:4:3' [success]
2026-08-15T08:32:36.7331480Z   'test-DBItest.R:4:3' [success]
2026-08-15T08:32:36.7399870Z   'test-DBItest.R:4:3' [success]
2026-08-15T08:32:36.7530110Z   'test-DBItest.R:4:3' [success]
2026-08-15T08:32:36.7596360Z   'test-DBItest.R:4:3' [success]
2026-08-15T08:32:36.7663690Z   'test-DBItest.R:4:3' [success]
2026-08-15T08:32:36.7728220Z   'test-DBItest.R:4:3' [success]
2026-08-15T08:32:36.7794110Z   'test-DBItest.R:4:3' [success]
2026-08-15T08:32:36.7859400Z   'test-DBItest.R:4:3' [success]
2026-08-15T08:32:36.7925480Z   'test-DBItest.R:4:3' [success]
2026-08-15T08:32:36.8051380Z   'test-DBItest.R:4:3' [success]
2026-08-15T08:32:36.8157900Z   'test-DBItest.R:4:3' [success]
2026-08-15T08:32:36.8226720Z   'test-DBItest.R:4:3' [success]
2026-08-15T08:32:36.8292860Z   'test-DBItest.R:4:3' [success]
2026-08-15T08:32:36.8359710Z   'test-DBItest.R:4:3' [success]
2026-08-15T08:32:36.8426380Z   'test-DBItest.R:4:3' [success]
2026-08-15T08:32:36.8488600Z   'test-DBItest.R:4:3' [success]
2026-08-15T08:32:36.8600540Z   'test-DBItest.R:4:3' [success]
2026-08-15T08:32:36.8658330Z   'test-DBItest.R:4:3' [success]
2026-08-15T08:32:36.8716970Z   'test-DBItest.R:4:3' [success]
2026-08-15T08:32:36.8774480Z   'test-DBItest.R:4:3' [success]
2026-08-15T08:32:36.8829870Z   'test-DBItest.R:4:3' [success]
2026-08-15T08:32:36.8886400Z   'test-DBItest.R:4:3' [success]
2026-08-15T08:32:36.8940520Z   'test-DBItest.R:4:3' [success]
2026-08-15T08:32:36.9048380Z   'test-DBItest.R:4:3' [success]
2026-08-15T08:32:36.9103520Z   'test-DBItest.R:4:3' [success]
2026-08-15T08:32:36.9194200Z   'test-DBItest.R:4:3' [success]
2026-08-15T08:32:36.9249440Z   'test-DBItest.R:4:3' [success]
2026-08-15T08:32:36.9302940Z   'test-DBItest.R:4:3' [success]
2026-08-15T08:32:36.9359830Z   'test-DBItest.R:4:3' [success]
2026-08-15T08:32:36.9414100Z   'test-DBItest.R:4:3' [success]
2026-08-15T08:32:36.9524390Z   'test-DBItest.R:4:3' [success]
2026-08-15T08:32:36.9581820Z   'test-DBItest.R:4:3' [success]
2026-08-15T08:32:36.9637350Z   'test-DBItest.R:4:3' [success]
2026-08-15T08:32:36.9694600Z   'test-DBItest.R:4:3' [success]
2026-08-15T08:32:36.9751910Z   'test-DBItest.R:4:3' [success]
2026-08-15T08:32:36.9809080Z   'test-DBItest.R:4:3' [success]
2026-08-15T08:32:36.9866920Z   'test-DBItest.R:4:3' [success]
2026-08-15T08:32:36.9924060Z   'test-DBItest.R:4:3' [success]
2026-08-15T08:32:36.9933620Z End test: DBItest[duckdb]: Arrow: arrow_append_table_arrow_roundtrip_quotes_table_names
2026-08-15T08:32:36.9933910Z 
2026-08-15T08:32:36.9941550Z Start test: DBItest[duckdb]: Arrow: arrow_append_table_arrow_roundtrip_quotes_column_names
2026-08-15T08:32:37.0074250Z   'test-DBItest.R:4:3' [success]
2026-08-15T08:32:37.0133880Z   'test-DBItest.R:4:3' [success]
2026-08-15T08:32:37.0226860Z   'test-DBItest.R:4:3' [success]
2026-08-15T08:32:37.0282170Z   'test-DBItest.R:4:3' [success]
2026-08-15T08:32:37.0341310Z   'test-DBItest.R:4:3' [success]
2026-08-15T08:32:37.0394750Z   'test-DBItest.R:4:3' [success]
2026-08-15T08:32:37.0450200Z   'test-DBItest.R:4:3' [success]
2026-08-15T08:32:37.0507450Z   'test-DBItest.R:4:3' [success]
2026-08-15T08:32:37.0516970Z End test: DBItest[duckdb]: Arrow: arrow_append_table_arrow_roundtrip_quotes_column_names
2026-08-15T08:32:37.0517260Z 
2026-08-15T08:32:37.0526740Z Start test: DBItest[duckdb]: Arrow: arrow_append_table_arrow_roundtrip_integer
2026-08-15T08:32:37.0630050Z   'test-DBItest.R:4:3' [success]
2026-08-15T08:32:37.0688220Z   'test-DBItest.R:4:3' [success]
2026-08-15T08:32:37.0745700Z   'test-DBItest.R:4:3' [success]
2026-08-15T08:32:37.0802420Z   'test-DBItest.R:4:3' [success]
2026-08-15T08:32:37.0864890Z   'test-DBItest.R:4:3' [success]
2026-08-15T08:32:37.0934220Z   'test-DBItest.R:4:3' [success]
2026-08-15T08:32:37.1003480Z   'test-DBItest.R:4:3' [success]
2026-08-15T08:32:37.1122210Z   'test-DBItest.R:4:3' [success]
2026-08-15T08:32:37.1182670Z   'test-DBItest.R:4:3' [success]
2026-08-15T08:32:37.1287630Z   'test-DBItest.R:4:3' [success]
2026-08-15T08:32:37.1344760Z   'test-DBItest.R:4:3' [success]
2026-08-15T08:32:37.1399370Z   'test-DBItest.R:4:3' [success]
2026-08-15T08:32:37.1457660Z   'test-DBItest.R:4:3' [success]
2026-08-15T08:32:37.1512620Z   'test-DBItest.R:4:3' [success]
2026-08-15T08:32:37.1621540Z   'test-DBItest.R:4:3' [success]
2026-08-15T08:32:37.1679150Z   'test-DBItest.R:4:3' [success]
2026-08-15T08:32:37.1734650Z   'test-DBItest.R:4:3' [success]
2026-08-15T08:32:37.1791640Z   'test-DBItest.R:4:3' [success]
2026-08-15T08:32:37.1848180Z   'test-DBItest.R:4:3' [success]
2026-08-15T08:32:37.1904190Z   'test-DBItest.R:4:3' [success]
2026-08-15T08:32:37.1959820Z   'test-DBItest.R:4:3' [success]
2026-08-15T08:32:37.2018110Z   'test-DBItest.R:4:3' [success]
2026-08-15T08:32:37.2027660Z End test: DBItest[duckdb]: Arrow: arrow_append_table_arrow_roundtrip_integer
2026-08-15T08:32:37.2027990Z 
2026-08-15T08:32:37.2035790Z Start test: DBItest[duckdb]: Arrow: arrow_append_table_arrow_roundtrip_numeric
2026-08-15T08:32:37.2141030Z   'test-DBItest.R:4:3' [success]
2026-08-15T08:32:37.2199360Z   'test-DBItest.R:4:3' [success]
2026-08-15T08:32:37.2290000Z   'test-DBItest.R:4:3' [success]
2026-08-15T08:32:37.2346570Z   'test-DBItest.R:4:3' [success]
2026-08-15T08:32:37.2399650Z   'test-DBItest.R:4:3' [success]
2026-08-15T08:32:37.2456080Z   'test-DBItest.R:4:3' [success]
2026-08-15T08:32:37.2510650Z   'test-DBItest.R:4:3' [success]
2026-08-15T08:32:37.2617850Z   'test-DBItest.R:4:3' [success]
2026-08-15T08:32:37.2675630Z   'test-DBItest.R:4:3' [success]
2026-08-15T08:32:37.2731390Z   'test-DBItest.R:4:3' [success]
2026-08-15T08:32:37.2789150Z   'test-DBItest.R:4:3' [success]
2026-08-15T08:32:37.2846840Z   'test-DBItest.R:4:3' [success]
2026-08-15T08:32:37.2904940Z   'test-DBItest.R:4:3' [success]
2026-08-15T08:32:37.2960790Z   'test-DBItest.R:4:3' [success]
2026-08-15T08:32:37.3065430Z   'test-DBItest.R:4:3' [success]
2026-08-15T08:32:37.3120840Z   'test-DBItest.R:4:3' [success]
2026-08-15T08:32:37.3174950Z   'test-DBItest.R:4:3' [success]
2026-08-15T08:32:37.3231120Z   'test-DBItest.R:4:3' [success]
2026-08-15T08:32:37.3322430Z   'test-DBItest.R:4:3' [success]
2026-08-15T08:32:37.3379490Z   'test-DBItest.R:4:3' [success]
2026-08-15T08:32:37.3433930Z   'test-DBItest.R:4:3' [success]
2026-08-15T08:32:37.3493430Z   'test-DBItest.R:4:3' [success]
2026-08-15T08:32:37.3503330Z End test: DBItest[duckdb]: Arrow: arrow_append_table_arrow_roundtrip_numeric
2026-08-15T08:32:37.3503710Z 
2026-08-15T08:32:37.3511980Z Start test: DBItest[duckdb]: Arrow: arrow_append_table_arrow_roundtrip_logical
2026-08-15T08:32:37.3613390Z   'test-DBItest.R:4:3' [success]
2026-08-15T08:32:37.3671500Z   'test-DBItest.R:4:3' [success]
2026-08-15T08:32:37.3727870Z   'test-DBItest.R:4:3' [success]
2026-08-15T08:32:37.3783540Z   'test-DBItest.R:4:3' [success]
2026-08-15T08:32:37.3844580Z   'test-DBItest.R:4:3' [success]
2026-08-15T08:32:37.3902020Z   'test-DBItest.R:4:3' [success]
2026-08-15T08:32:37.3957690Z   'test-DBItest.R:4:3' [success]
2026-08-15T08:32:37.4067400Z   'test-DBItest.R:4:3' [success]
2026-08-15T08:32:37.4125820Z   'test-DBItest.R:4:3' [success]
2026-08-15T08:32:37.4181980Z   'test-DBItest.R:4:3' [success]
2026-08-15T08:32:37.4236400Z   'test-DBItest.R:4:3' [success]
2026-08-15T08:32:37.4336240Z   'test-DBItest.R:4:3' [success]
2026-08-15T08:32:37.4394580Z   'test-DBItest.R:4:3' [success]
2026-08-15T08:32:37.4449300Z   'test-DBItest.R:4:3' [success]
2026-08-15T08:32:37.4559970Z   'test-DBItest.R:4:3' [success]
2026-08-15T08:32:37.4615920Z   'test-DBItest.R:4:3' [success]
2026-08-15T08:32:37.4671300Z   'test-DBItest.R:4:3' [success]
2026-08-15T08:32:37.4729270Z   'test-DBItest.R:4:3' [success]
2026-08-15T08:32:37.4785550Z   'test-DBItest.R:4:3' [success]
2026-08-15T08:32:37.4843130Z   'test-DBItest.R:4:3' [success]
2026-08-15T08:32:37.4900290Z   'test-DBItest.R:4:3' [success]
2026-08-15T08:32:37.4957520Z   'test-DBItest.R:4:3' [success]
2026-08-15T08:32:37.4967210Z End test: DBItest[duckdb]: Arrow: arrow_append_table_arrow_roundtrip_logical
2026-08-15T08:32:37.4967460Z 
2026-08-15T08:32:37.4974950Z Start test: DBItest[duckdb]: Arrow: arrow_append_table_arrow_roundtrip_null
2026-08-15T08:32:37.5075340Z   'test-DBItest.R:4:3' [success]
2026-08-15T08:32:37.5132480Z   'test-DBItest.R:4:3' [success]
2026-08-15T08:32:37.5186920Z   'test-DBItest.R:4:3' [success]
2026-08-15T08:32:37.5243050Z   'test-DBItest.R:4:3' [success]
2026-08-15T08:32:37.5334970Z   'test-DBItest.R:4:3' [success]
2026-08-15T08:32:37.5391280Z   'test-DBItest.R:4:3' [success]
2026-08-15T08:32:37.5445070Z   'test-DBItest.R:4:3' [success]
2026-08-15T08:32:37.5554410Z   'test-DBItest.R:4:3' [success]
2026-08-15T08:32:37.5610140Z   'test-DBItest.R:4:3' [success]
2026-08-15T08:32:37.5665410Z   'test-DBItest.R:4:3' [success]
2026-08-15T08:32:37.5724120Z   'test-DBItest.R:4:3' [success]
2026-08-15T08:32:37.5779500Z   'test-DBItest.R:4:3' [success]
2026-08-15T08:32:37.5838580Z   'test-DBItest.R:4:3' [success]
2026-08-15T08:32:37.5895280Z   'test-DBItest.R:4:3' [success]
2026-08-15T08:32:37.6003540Z   'test-DBItest.R:4:3' [success]
2026-08-15T08:32:37.6059600Z   'test-DBItest.R:4:3' [success]
2026-08-15T08:32:37.6116660Z   'test-DBItest.R:4:3' [success]
2026-08-15T08:32:37.6173190Z   'test-DBItest.R:4:3' [success]
2026-08-15T08:32:37.6226720Z   'test-DBItest.R:4:3' [success]
2026-08-15T08:32:37.6318300Z   'test-DBItest.R:4:3' [success]
2026-08-15T08:32:37.6375120Z   'test-DBItest.R:4:3' [success]
2026-08-15T08:32:37.6431780Z   'test-DBItest.R:4:3' [success]
2026-08-15T08:32:37.6441430Z End test: DBItest[duckdb]: Arrow: arrow_append_table_arrow_roundtrip_null
2026-08-15T08:32:37.6441680Z 
2026-08-15T08:32:37.6451000Z Start test: DBItest[duckdb]: Arrow: arrow_append_table_arrow_roundtrip_64_bit_numeric
2026-08-15T08:32:37.6500120Z   'test-DBItest.R:4:3' [skip]
2026-08-15T08:32:37.6509650Z End test: DBItest[duckdb]: Arrow: arrow_append_table_arrow_roundtrip_64_bit_numeric
2026-08-15T08:32:37.6510320Z 
2026-08-15T08:32:37.6517610Z Start test: DBItest[duckdb]: Arrow: arrow_append_table_arrow_roundtrip_64_bit_character
2026-08-15T08:32:37.6565060Z   'test-DBItest.R:4:3' [skip]
2026-08-15T08:32:37.6575850Z End test: DBItest[duckdb]: Arrow: arrow_append_table_arrow_roundtrip_64_bit_character
2026-08-15T08:32:37.6576150Z 
2026-08-15T08:32:37.6583270Z Start test: DBItest[duckdb]: Arrow: arrow_append_table_arrow_roundtrip_character
2026-08-15T08:32:37.6688800Z   'test-DBItest.R:4:3' [success]
2026-08-15T08:32:37.6747160Z   'test-DBItest.R:4:3' [success]
2026-08-15T08:32:37.6804430Z   'test-DBItest.R:4:3' [success]
2026-08-15T08:32:37.6862610Z   'test-DBItest.R:4:3' [success]
2026-08-15T08:32:37.6918830Z   'test-DBItest.R:4:3' [success]
2026-08-15T08:32:37.6974660Z   'test-DBItest.R:4:3' [success]
2026-08-15T08:32:37.7029960Z   'test-DBItest.R:4:3' [success]
2026-08-15T08:32:37.7141170Z   'test-DBItest.R:4:3' [success]
2026-08-15T08:32:37.7196460Z   'test-DBItest.R:4:3' [success]
2026-08-15T08:32:37.7250800Z   'test-DBItest.R:4:3' [success]
2026-08-15T08:32:37.7342760Z   'test-DBItest.R:4:3' [success]
2026-08-15T08:32:37.7397970Z   'test-DBItest.R:4:3' [success]
2026-08-15T08:32:37.7453180Z   'test-DBItest.R:4:3' [success]
2026-08-15T08:32:37.7509150Z   'test-DBItest.R:4:3' [success]
2026-08-15T08:32:37.7617870Z   'test-DBItest.R:4:3' [success]
2026-08-15T08:32:37.7675130Z   'test-DBItest.R:4:3' [success]
2026-08-15T08:32:37.7732590Z   'test-DBItest.R:4:3' [success]
2026-08-15T08:32:37.7788950Z   'test-DBItest.R:4:3' [success]
2026-08-15T08:32:37.7845480Z   'test-DBItest.R:4:3' [success]
2026-08-15T08:32:37.7903610Z   'test-DBItest.R:4:3' [success]
2026-08-15T08:32:37.7960730Z   'test-DBItest.R:4:3' [success]
2026-08-15T08:32:37.8018180Z   'test-DBItest.R:4:3' [success]
2026-08-15T08:32:37.8027940Z End test: DBItest[duckdb]: Arrow: arrow_append_table_arrow_roundtrip_character
2026-08-15T08:32:37.8028200Z 
2026-08-15T08:32:37.8035970Z Start test: DBItest[duckdb]: Arrow: arrow_append_table_arrow_roundtrip_character_native
2026-08-15T08:32:37.8140930Z   'test-DBItest.R:4:3' [success]
2026-08-15T08:32:37.8198400Z   'test-DBItest.R:4:3' [success]
2026-08-15T08:32:37.8254780Z   'test-DBItest.R:4:3' [success]
2026-08-15T08:32:37.8346340Z   'test-DBItest.R:4:3' [success]
2026-08-15T08:32:37.8402650Z   'test-DBItest.R:4:3' [success]
2026-08-15T08:32:37.8458100Z   'test-DBItest.R:4:3' [success]
2026-08-15T08:32:37.8513190Z   'test-DBItest.R:4:3' [success]
2026-08-15T08:32:37.8622150Z   'test-DBItest.R:4:3' [success]
2026-08-15T08:32:37.8678240Z   'test-DBItest.R:4:3' [success]
2026-08-15T08:32:37.8734280Z   'test-DBItest.R:4:3' [success]
2026-08-15T08:32:37.8790500Z   'test-DBItest.R:4:3' [success]
2026-08-15T08:32:37.8847080Z   'test-DBItest.R:4:3' [success]
2026-08-15T08:32:37.8904380Z   'test-DBItest.R:4:3' [success]
2026-08-15T08:32:37.8960520Z   'test-DBItest.R:4:3' [success]
2026-08-15T08:32:37.9066480Z   'test-DBItest.R:4:3' [success]
2026-08-15T08:32:37.9121980Z   'test-DBItest.R:4:3' [success]
2026-08-15T08:32:37.9177140Z   'test-DBItest.R:4:3' [success]
2026-08-15T08:32:37.9232090Z   'test-DBItest.R:4:3' [success]
2026-08-15T08:32:37.9322560Z   'test-DBItest.R:4:3' [success]
2026-08-15T08:32:37.9381770Z   'test-DBItest.R:4:3' [success]
2026-08-15T08:32:37.9436150Z   'test-DBItest.R:4:3' [success]
2026-08-15T08:32:37.9494960Z   'test-DBItest.R:4:3' [success]
2026-08-15T08:32:37.9505190Z End test: DBItest[duckdb]: Arrow: arrow_append_table_arrow_roundtrip_character_native
2026-08-15T08:32:37.9506520Z 
2026-08-15T08:32:37.9513340Z Start test: DBItest[duckdb]: Arrow: arrow_append_table_arrow_roundtrip_character_empty
2026-08-15T08:32:37.9615360Z   'test-DBItest.R:4:3' [success]
2026-08-15T08:32:37.9672540Z   'test-DBItest.R:4:3' [success]
2026-08-15T08:32:37.9729430Z   'test-DBItest.R:4:3' [success]
2026-08-15T08:32:37.9784020Z   'test-DBItest.R:4:3' [success]
2026-08-15T08:32:37.9841300Z   'test-DBItest.R:4:3' [success]
2026-08-15T08:32:37.9899180Z   'test-DBItest.R:4:3' [success]
2026-08-15T08:32:37.9953880Z   'test-DBItest.R:4:3' [success]
2026-08-15T08:32:38.0062970Z   'test-DBItest.R:4:3' [success]
2026-08-15T08:32:38.0121010Z   'test-DBItest.R:4:3' [success]
2026-08-15T08:32:38.0177060Z   'test-DBItest.R:4:3' [success]
2026-08-15T08:32:38.0231480Z   'test-DBItest.R:4:3' [success]
2026-08-15T08:32:38.0322270Z   'test-DBItest.R:4:3' [success]
2026-08-15T08:32:38.0381360Z   'test-DBItest.R:4:3' [success]
2026-08-15T08:32:38.0435770Z   'test-DBItest.R:4:3' [success]
2026-08-15T08:32:38.0546550Z   'test-DBItest.R:4:3' [success]
2026-08-15T08:32:38.0602630Z   'test-DBItest.R:4:3' [success]
2026-08-15T08:32:38.0657700Z   'test-DBItest.R:4:3' [success]
2026-08-15T08:32:38.0715360Z   'test-DBItest.R:4:3' [success]
2026-08-15T08:32:38.0770780Z   'test-DBItest.R:4:3' [success]
2026-08-15T08:32:38.0828380Z   'test-DBItest.R:4:3' [success]
2026-08-15T08:32:38.0886200Z   'test-DBItest.R:4:3' [success]
2026-08-15T08:32:38.0943770Z   'test-DBItest.R:4:3' [success]
2026-08-15T08:32:38.0953590Z End test: DBItest[duckdb]: Arrow: arrow_append_table_arrow_roundtrip_character_empty
2026-08-15T08:32:38.0953890Z 
2026-08-15T08:32:38.0961590Z Start test: DBItest[duckdb]: Arrow: arrow_append_table_arrow_roundtrip_character_empty_after
2026-08-15T08:32:38.1063350Z   'test-DBItest.R:4:3' [success]
2026-08-15T08:32:38.1121710Z   'test-DBItest.R:4:3' [success]
2026-08-15T08:32:38.1176220Z   'test-DBItest.R:4:3' [success]
2026-08-15T08:32:38.1231750Z   'test-DBItest.R:4:3' [success]
2026-08-15T08:32:38.1322920Z   'test-DBItest.R:4:3' [success]
2026-08-15T08:32:38.1381660Z   'test-DBItest.R:4:3' [success]
2026-08-15T08:32:38.1435500Z   'test-DBItest.R:4:3' [success]
2026-08-15T08:32:38.1545510Z   'test-DBItest.R:4:3' [success]
2026-08-15T08:32:38.1601050Z   'test-DBItest.R:4:3' [success]
2026-08-15T08:32:38.1655840Z   'test-DBItest.R:4:3' [success]
2026-08-15T08:32:38.1712370Z   'test-DBItest.R:4:3' [success]
2026-08-15T08:32:38.1767300Z   'test-DBItest.R:4:3' [success]
2026-08-15T08:32:38.1824430Z   'test-DBItest.R:4:3' [success]
2026-08-15T08:32:38.1881720Z   'test-DBItest.R:4:3' [success]
2026-08-15T08:32:38.1988670Z   'test-DBItest.R:4:3' [success]
2026-08-15T08:32:38.2044710Z   'test-DBItest.R:4:3' [success]
2026-08-15T08:32:38.2099680Z   'test-DBItest.R:4:3' [success]
2026-08-15T08:32:38.2161120Z   'test-DBItest.R:4:3' [success]
2026-08-15T08:32:38.2215100Z   'test-DBItest.R:4:3' [success]
2026-08-15T08:32:38.2308000Z   'test-DBItest.R:4:3' [success]
2026-08-15T08:32:38.2364090Z   'test-DBItest.R:4:3' [success]
2026-08-15T08:32:38.2420810Z   'test-DBItest.R:4:3' [success]
2026-08-15T08:32:38.2430680Z End test: DBItest[duckdb]: Arrow: arrow_append_table_arrow_roundtrip_character_empty_after
2026-08-15T08:32:38.2430990Z 
2026-08-15T08:32:38.2438870Z Start test: DBItest[duckdb]: Arrow: arrow_append_table_arrow_roundtrip_factor
2026-08-15T08:32:38.2548730Z   'test-DBItest.R:4:3' [success]
2026-08-15T08:32:38.2611090Z   'test-DBItest.R:4:3' [success]
2026-08-15T08:32:38.2669360Z   'test-DBItest.R:4:3' [success]
2026-08-15T08:32:38.2725010Z   'test-DBItest.R:4:3' [success]
2026-08-15T08:32:38.2781170Z   'test-DBItest.R:4:3' [success]
2026-08-15T08:32:38.2839970Z   'test-DBItest.R:4:3' [success]
2026-08-15T08:32:38.2896180Z   'test-DBItest.R:4:3' [success]
2026-08-15T08:32:38.3011870Z   'test-DBItest.R:4:3' [success]
2026-08-15T08:32:38.3066930Z   'test-DBItest.R:4:3' [success]
2026-08-15T08:32:38.3121310Z   'test-DBItest.R:4:3' [success]
2026-08-15T08:32:38.3177300Z   'test-DBItest.R:4:3' [success]
2026-08-15T08:32:38.3231690Z   'test-DBItest.R:4:3' [success]
2026-08-15T08:32:38.3362700Z   'test-DBItest.R:4:3' [success]
2026-08-15T08:32:38.3419940Z   'test-DBItest.R:4:3' [success]
2026-08-15T08:32:38.3531550Z   'test-DBItest.R:4:3' [success]
2026-08-15T08:32:38.3588320Z   'test-DBItest.R:4:3' [success]
2026-08-15T08:32:38.3643570Z   'test-DBItest.R:4:3' [success]
2026-08-15T08:32:38.3699970Z   'test-DBItest.R:4:3' [success]
2026-08-15T08:32:38.3756090Z   'test-DBItest.R:4:3' [success]
2026-08-15T08:32:38.3813100Z   'test-DBItest.R:4:3' [success]
2026-08-15T08:32:38.3870040Z   'test-DBItest.R:4:3' [success]
2026-08-15T08:32:38.3928820Z   'test-DBItest.R:4:3' [success]
2026-08-15T08:32:38.3938560Z End test: DBItest[duckdb]: Arrow: arrow_append_table_arrow_roundtrip_factor
2026-08-15T08:32:38.3938900Z 
2026-08-15T08:32:38.3946280Z Start test: DBItest[duckdb]: Arrow: arrow_append_table_arrow_roundtrip_blob
2026-08-15T08:32:38.4056000Z   'test-DBItest.R:4:3' [success]
2026-08-15T08:32:38.4116510Z   'test-DBItest.R:4:3' [success]
2026-08-15T08:32:38.4172840Z   'test-DBItest.R:4:3' [success]
2026-08-15T08:32:38.4227860Z   'test-DBItest.R:4:3' [success]
2026-08-15T08:32:38.4281560Z   'test-DBItest.R:4:3' [success]
2026-08-15T08:32:38.4382050Z   'test-DBItest.R:4:3' [success]
2026-08-15T08:32:38.4454740Z   'test-DBItest.R:4:3' [success]
2026-08-15T08:32:38.4515370Z   'test-DBItest.R:4:3' [success]
2026-08-15T08:32:38.4571570Z   'test-DBItest.R:4:3' [success]
2026-08-15T08:32:38.4628400Z   'test-DBItest.R:4:3' [success]
2026-08-15T08:32:38.4744760Z   'test-DBItest.R:4:3' [success]
2026-08-15T08:32:38.4802330Z   'test-DBItest.R:4:3' [success]
2026-08-15T08:32:38.4858580Z   'test-DBItest.R:4:3' [success]
2026-08-15T08:32:38.4915940Z   'test-DBItest.R:4:3' [success]
2026-08-15T08:32:38.4975060Z   'test-DBItest.R:4:3' [success]
2026-08-15T08:32:38.5032460Z   'test-DBItest.R:4:3' [success]
2026-08-15T08:32:38.5094060Z   'test-DBItest.R:4:3' [success]
2026-08-15T08:32:38.5153010Z   'test-DBItest.R:4:3' [success]
2026-08-15T08:32:38.5208490Z   'test-DBItest.R:4:3' [success]
2026-08-15T08:32:38.5263210Z   'test-DBItest.R:4:3' [success]
2026-08-15T08:32:38.5413530Z   'test-DBItest.R:4:3' [success]
2026-08-15T08:32:38.5476240Z   'test-DBItest.R:4:3' [success]
2026-08-15T08:32:38.5530430Z   'test-DBItest.R:4:3' [success]
2026-08-15T08:32:38.5586110Z   'test-DBItest.R:4:3' [success]
2026-08-15T08:32:38.5641320Z   'test-DBItest.R:4:3' [success]
2026-08-15T08:32:38.5696300Z   'test-DBItest.R:4:3' [success]
2026-08-15T08:32:38.5756800Z   'test-DBItest.R:4:3' [success]
2026-08-15T08:32:38.5817690Z   'test-DBItest.R:4:3' [success]
2026-08-15T08:32:38.5872990Z   'test-DBItest.R:4:3' [success]
2026-08-15T08:32:38.5930900Z   'test-DBItest.R:4:3' [success]
2026-08-15T08:32:38.5989280Z   'test-DBItest.R:4:3' [success]
2026-08-15T08:32:38.5999120Z End test: DBItest[duckdb]: Arrow: arrow_append_table_arrow_roundtrip_blob
2026-08-15T08:32:38.5999370Z 
2026-08-15T08:32:38.6008450Z Start test: DBItest[duckdb]: Arrow: arrow_append_table_arrow_roundtrip_date
2026-08-15T08:32:38.6114640Z   'test-DBItest.R:4:3' [success]
2026-08-15T08:32:38.6163460Z   'test-DBItest.R:4:3' [success]
2026-08-15T08:32:38.6218760Z   'test-DBItest.R:4:3' [success]
2026-08-15T08:32:38.6272720Z   'test-DBItest.R:4:3' [success]
2026-08-15T08:32:38.6326720Z   'test-DBItest.R:4:3' [success]
2026-08-15T08:32:38.6422870Z   'test-DBItest.R:4:3' [success]
2026-08-15T08:32:38.6481550Z   'test-DBItest.R:4:3' [success]
2026-08-15T08:32:38.6535370Z   'test-DBItest.R:4:3' [success]
2026-08-15T08:32:38.6646780Z   'test-DBItest.R:4:3' [success]
2026-08-15T08:32:38.6693850Z   'test-DBItest.R:4:3' [success]
2026-08-15T08:32:38.6750390Z   'test-DBItest.R:4:3' [success]
2026-08-15T08:32:38.6808380Z   'test-DBItest.R:4:3' [success]
2026-08-15T08:32:38.6865710Z   'test-DBItest.R:4:3' [success]
2026-08-15T08:32:38.6922520Z   'test-DBItest.R:4:3' [success]
2026-08-15T08:32:38.6980630Z   'test-DBItest.R:4:3' [success]
2026-08-15T08:32:38.7037660Z   'test-DBItest.R:4:3' [success]
2026-08-15T08:32:38.7146060Z   'test-DBItest.R:4:3' [success]
2026-08-15T08:32:38.7191660Z   'test-DBItest.R:4:3' [success]
2026-08-15T08:32:38.7247710Z   'test-DBItest.R:4:3' [success]
2026-08-15T08:32:38.7301750Z   'test-DBItest.R:4:3' [success]
2026-08-15T08:32:38.7389910Z   'test-DBItest.R:4:3' [success]
2026-08-15T08:32:38.7455140Z   'test-DBItest.R:4:3' [success]
2026-08-15T08:32:38.7510510Z   'test-DBItest.R:4:3' [success]
2026-08-15T08:32:38.7565540Z   'test-DBItest.R:4:3' [success]
2026-08-15T08:32:38.7623090Z   'test-DBItest.R:4:3' [success]
2026-08-15T08:32:38.7632910Z End test: DBItest[duckdb]: Arrow: arrow_append_table_arrow_roundtrip_date
2026-08-15T08:32:38.7633170Z 
2026-08-15T08:32:38.7641200Z Start test: DBItest[duckdb]: Arrow: arrow_append_table_arrow_roundtrip_date_extended
2026-08-15T08:32:38.7749270Z   'test-DBItest.R:4:3' [success]
2026-08-15T08:32:38.7796760Z   'test-DBItest.R:4:3' [success]
2026-08-15T08:32:38.7854120Z   'test-DBItest.R:4:3' [success]
2026-08-15T08:32:38.7910760Z   'test-DBItest.R:4:3' [success]
2026-08-15T08:32:38.7968950Z   'test-DBItest.R:4:3' [success]
2026-08-15T08:32:38.8025430Z   'test-DBItest.R:4:3' [success]
2026-08-15T08:32:38.8081870Z   'test-DBItest.R:4:3' [success]
2026-08-15T08:32:38.8140210Z   'test-DBItest.R:4:3' [success]
2026-08-15T08:32:38.8246790Z   'test-DBItest.R:4:3' [success]
2026-08-15T08:32:38.8292550Z   'test-DBItest.R:4:3' [success]
2026-08-15T08:32:38.8348140Z   'test-DBItest.R:4:3' [success]
2026-08-15T08:32:38.8446940Z   'test-DBItest.R:4:3' [success]
2026-08-15T08:32:38.8503520Z   'test-DBItest.R:4:3' [success]
2026-08-15T08:32:38.8557620Z   'test-DBItest.R:4:3' [success]
2026-08-15T08:32:38.8616110Z   'test-DBItest.R:4:3' [success]
2026-08-15T08:32:38.8671290Z   'test-DBItest.R:4:3' [success]
2026-08-15T08:32:38.8781530Z   'test-DBItest.R:4:3' [success]
2026-08-15T08:32:38.8829550Z   'test-DBItest.R:4:3' [success]
2026-08-15T08:32:38.8886700Z   'test-DBItest.R:4:3' [success]
2026-08-15T08:32:38.8942990Z   'test-DBItest.R:4:3' [success]
2026-08-15T08:32:38.9001280Z   'test-DBItest.R:4:3' [success]
2026-08-15T08:32:38.9056770Z   'test-DBItest.R:4:3' [success]
2026-08-15T08:32:38.9112840Z   'test-DBItest.R:4:3' [success]
2026-08-15T08:32:38.9169550Z   'test-DBItest.R:4:3' [success]
2026-08-15T08:32:38.9226600Z   'test-DBItest.R:4:3' [success]
2026-08-15T08:32:38.9236440Z End test: DBItest[duckdb]: Arrow: arrow_append_table_arrow_roundtrip_date_extended
2026-08-15T08:32:38.9236770Z 
2026-08-15T08:32:38.9244230Z Start test: DBItest[duckdb]: Arrow: arrow_append_table_arrow_roundtrip_timestamp
2026-08-15T08:32:38.9360710Z   'test-DBItest.R:4:3' [success]
2026-08-15T08:32:38.9461060Z   'test-DBItest.R:4:3' [success]
2026-08-15T08:32:38.9520400Z   'test-DBItest.R:4:3' [success]
2026-08-15T08:32:38.9574500Z   'test-DBItest.R:4:3' [success]
2026-08-15T08:32:38.9629380Z   'test-DBItest.R:4:3' [success]
2026-08-15T08:32:38.9686690Z   'test-DBItest.R:4:3' [success]
2026-08-15T08:32:38.9745950Z   'test-DBItest.R:4:3' [success]
2026-08-15T08:32:38.9869290Z   'test-DBItest.R:4:3' [success]
2026-08-15T08:32:38.9926050Z   'test-DBItest.R:4:3' [success]
2026-08-15T08:32:38.9982480Z   'test-DBItest.R:4:3' [success]
2026-08-15T08:32:39.0039620Z   'test-DBItest.R:4:3' [success]
2026-08-15T08:32:39.0095450Z   'test-DBItest.R:4:3' [success]
2026-08-15T08:32:39.0157160Z   'test-DBItest.R:4:3' [success]
2026-08-15T08:32:39.0212970Z   'test-DBItest.R:4:3' [success]
2026-08-15T08:32:39.0334650Z   'test-DBItest.R:4:3' [success]
2026-08-15T08:32:39.0390310Z   'test-DBItest.R:4:3' [success]
2026-08-15T08:32:39.0490900Z   'test-DBItest.R:4:3' [success]
2026-08-15T08:32:39.0546900Z   'test-DBItest.R:4:3' [success]
2026-08-15T08:32:39.0600530Z   'test-DBItest.R:4:3' [success]
2026-08-15T08:32:39.0658640Z   'test-DBItest.R:4:3' [success]
2026-08-15T08:32:39.0714390Z   'test-DBItest.R:4:3' [success]
2026-08-15T08:32:39.0771890Z   'test-DBItest.R:4:3' [success]
2026-08-15T08:32:39.0781380Z End test: DBItest[duckdb]: Arrow: arrow_append_table_arrow_roundtrip_timestamp
2026-08-15T08:32:39.0781640Z 
2026-08-15T08:32:39.0791250Z Start test: DBItest[duckdb]: Arrow: arrow_append_table_arrow_name
2026-08-15T08:32:39.0894890Z   'test-DBItest.R:4:3' [success]
2026-08-15T08:32:39.0953470Z   'test-DBItest.R:4:3' [success]
2026-08-15T08:32:39.1011120Z   'test-DBItest.R:4:3' [success]
2026-08-15T08:32:39.1067140Z   'test-DBItest.R:4:3' [success]
2026-08-15T08:32:39.1124330Z   'test-DBItest.R:4:3' [success]
2026-08-15T08:32:39.1179970Z   'test-DBItest.R:4:3' [success]
2026-08-15T08:32:39.1233500Z   'test-DBItest.R:4:3' [success]
2026-08-15T08:32:39.1338990Z   'test-DBItest.R:4:3' [success]
2026-08-15T08:32:39.1393940Z   'test-DBItest.R:4:3' [success]
2026-08-15T08:32:39.1492990Z   'test-DBItest.R:4:3' [success]
2026-08-15T08:32:39.1549300Z   'test-DBItest.R:4:3' [success]
2026-08-15T08:32:39.1602550Z   'test-DBItest.R:4:3' [success]
2026-08-15T08:32:39.1659450Z   'test-DBItest.R:4:3' [success]
2026-08-15T08:32:39.1714700Z   'test-DBItest.R:4:3' [success]
2026-08-15T08:32:39.1815890Z   'test-DBItest.R:4:3' [success]
2026-08-15T08:32:39.1873280Z   'test-DBItest.R:4:3' [success]
2026-08-15T08:32:39.1928550Z   'test-DBItest.R:4:3' [success]
2026-08-15T08:32:39.1985040Z   'test-DBItest.R:4:3' [success]
2026-08-15T08:32:39.2041060Z   'test-DBItest.R:4:3' [success]
2026-08-15T08:32:39.2097350Z   'test-DBItest.R:4:3' [success]
2026-08-15T08:32:39.2157780Z   'test-DBItest.R:4:3' [success]
2026-08-15T08:32:39.2229830Z   'test-DBItest.R:4:3' [success]
2026-08-15T08:32:39.2239410Z End test: DBItest[duckdb]: Arrow: arrow_append_table_arrow_name
2026-08-15T08:32:39.2239630Z 
2026-08-15T08:32:39.2247220Z Start test: DBItest[duckdb]: Arrow: arrow_append_table_arrow_name_quoted
2026-08-15T08:32:39.2347230Z   'test-DBItest.R:4:3' [success]
2026-08-15T08:32:39.2404020Z   'test-DBItest.R:4:3' [success]
2026-08-15T08:32:39.2504840Z   'test-DBItest.R:4:3' [success]
2026-08-15T08:32:39.2561930Z   'test-DBItest.R:4:3' [success]
2026-08-15T08:32:39.2615190Z   'test-DBItest.R:4:3' [success]
2026-08-15T08:32:39.2672260Z   'test-DBItest.R:4:3' [success]
2026-08-15T08:32:39.2727040Z   'test-DBItest.R:4:3' [success]
2026-08-15T08:32:39.2828960Z   'test-DBItest.R:4:3' [success]
2026-08-15T08:32:39.2886990Z   'test-DBItest.R:4:3' [success]
2026-08-15T08:32:39.2943000Z   'test-DBItest.R:4:3' [success]
2026-08-15T08:32:39.2999690Z   'test-DBItest.R:4:3' [success]
2026-08-15T08:32:39.3056210Z   'test-DBItest.R:4:3' [success]
2026-08-15T08:32:39.3112380Z   'test-DBItest.R:4:3' [success]
2026-08-15T08:32:39.3168730Z   'test-DBItest.R:4:3' [success]
2026-08-15T08:32:39.3268760Z   'test-DBItest.R:4:3' [success]
2026-08-15T08:32:39.3323840Z   'test-DBItest.R:4:3' [success]
2026-08-15T08:32:39.3377490Z   'test-DBItest.R:4:3' [success]
2026-08-15T08:32:39.3470170Z   'test-DBItest.R:4:3' [success]
2026-08-15T08:32:39.3532900Z   'test-DBItest.R:4:3' [success]
2026-08-15T08:32:39.3587910Z   'test-DBItest.R:4:3' [success]
2026-08-15T08:32:39.3643490Z   'test-DBItest.R:4:3' [success]
2026-08-15T08:32:39.3716350Z   'test-DBItest.R:4:3' [success]
2026-08-15T08:32:39.3726870Z End test: DBItest[duckdb]: Arrow: arrow_append_table_arrow_name_quoted
2026-08-15T08:32:39.3727210Z 
2026-08-15T08:32:39.3734470Z Start test: DBItest[duckdb]: Arrow: arrow_append_table_arrow_value_df
2026-08-15T08:32:39.3836740Z   'test-DBItest.R:4:3' [success]
2026-08-15T08:32:39.3895300Z   'test-DBItest.R:4:3' [success]
2026-08-15T08:32:39.3950380Z   'test-DBItest.R:4:3' [success]
2026-08-15T08:32:39.4007540Z   'test-DBItest.R:4:3' [success]
2026-08-15T08:32:39.4063660Z   'test-DBItest.R:4:3' [success]
2026-08-15T08:32:39.4124330Z   'test-DBItest.R:4:3' [success]
2026-08-15T08:32:39.4181110Z   'test-DBItest.R:4:3' [success]
2026-08-15T08:32:39.4225000Z   'test-DBItest.R:4:3' [success]
2026-08-15T08:32:39.4246050Z End test: DBItest[duckdb]: Arrow: arrow_append_table_arrow_value_df
2026-08-15T08:32:39.4246320Z 
2026-08-15T08:32:39.4255000Z Start test: DBItest[duckdb]: Arrow: arrow_append_table_arrow_value_subset
2026-08-15T08:32:39.4355760Z   'test-DBItest.R:4:3' [success]
2026-08-15T08:32:39.4411090Z   'test-DBItest.R:4:3' [success]
2026-08-15T08:32:39.4517510Z   'test-DBItest.R:4:3' [success]
2026-08-15T08:32:39.4575700Z   'test-DBItest.R:4:3' [success]
2026-08-15T08:32:39.4628860Z   'test-DBItest.R:4:3' [success]
2026-08-15T08:32:39.4687810Z   'test-DBItest.R:4:3' [success]
2026-08-15T08:32:39.4744460Z   'test-DBItest.R:4:3' [success]
2026-08-15T08:32:39.4789040Z   'test-DBItest.R:4:3' [success]
2026-08-15T08:32:39.4810450Z End test: DBItest[duckdb]: Arrow: arrow_append_table_arrow_value_subset
2026-08-15T08:32:39.4810790Z 
2026-08-15T08:32:39.4819240Z Start test: DBItest[duckdb]: Arrow: arrow_append_table_arrow_value_shuffle
2026-08-15T08:32:39.4927010Z   'test-DBItest.R:4:3' [success]
2026-08-15T08:32:39.4984530Z   'test-DBItest.R:4:3' [success]
2026-08-15T08:32:39.5041910Z   'test-DBItest.R:4:3' [success]
2026-08-15T08:32:39.5099450Z   'test-DBItest.R:4:3' [success]
2026-08-15T08:32:39.5153870Z   'test-DBItest.R:4:3' [success]
2026-08-15T08:32:39.5208840Z   'test-DBItest.R:4:3' [success]
2026-08-15T08:32:39.5267380Z   'test-DBItest.R:4:3' [success]
2026-08-15T08:32:39.5311800Z   'test-DBItest.R:4:3' [success]
2026-08-15T08:32:39.5333090Z End test: DBItest[duckdb]: Arrow: arrow_append_table_arrow_value_shuffle
2026-08-15T08:32:39.5333340Z 
2026-08-15T08:32:39.5340810Z Start test: DBItest[duckdb]: Arrow: arrow_append_table_arrow_value_shuffle_subset
2026-08-15T08:32:39.5447530Z   'test-DBItest.R:4:3' [success]
2026-08-15T08:32:39.5549110Z   'test-DBItest.R:4:3' [success]
2026-08-15T08:32:39.5606780Z   'test-DBItest.R:4:3' [success]
2026-08-15T08:32:39.5661040Z   'test-DBItest.R:4:3' [success]
2026-08-15T08:32:39.5715420Z   'test-DBItest.R:4:3' [success]
2026-08-15T08:32:39.5773260Z   'test-DBItest.R:4:3' [success]
2026-08-15T08:32:39.5828060Z   'test-DBItest.R:4:3' [success]
2026-08-15T08:32:39.5872950Z   'test-DBItest.R:4:3' [success]
2026-08-15T08:32:39.5894700Z End test: DBItest[duckdb]: Arrow: arrow_append_table_arrow_value_shuffle_subset
2026-08-15T08:32:39.5895040Z 
2026-08-15T08:32:39.5904440Z Start test: DBItest[duckdb]: Arrow: skipped tests
2026-08-15T08:32:39.5953140Z   'test-DBItest.R:4:3' [skip]
2026-08-15T08:32:39.5962750Z End test: DBItest[duckdb]: Arrow: skipped tests
2026-08-15T08:32:39.5963100Z 
2026-08-15T08:32:39.7282820Z Start test: DBItest[duckdb]: Full compliance: compliance
2026-08-15T08:32:39.7340330Z   'test-DBItest.R:4:3' [success]
2026-08-15T08:32:39.7388410Z   'test-DBItest.R:4:3' [success]
2026-08-15T08:32:39.7445650Z   'test-DBItest.R:4:3' [success]
2026-08-15T08:32:39.7500420Z   'test-DBItest.R:4:3' [success]
2026-08-15T08:32:39.7548560Z   'test-DBItest.R:4:3' [success]
2026-08-15T08:32:39.7605140Z   'test-DBItest.R:4:3' [success]
2026-08-15T08:32:39.7660450Z   'test-DBItest.R:4:3' [success]
2026-08-15T08:32:39.7715960Z   'test-DBItest.R:4:3' [success]
2026-08-15T08:32:39.7772470Z   'test-DBItest.R:4:3' [success]
2026-08-15T08:32:39.7828540Z   'test-DBItest.R:4:3' [success]
2026-08-15T08:32:39.7886980Z   'test-DBItest.R:4:3' [success]
2026-08-15T08:32:39.7946070Z   'test-DBItest.R:4:3' [success]
2026-08-15T08:32:39.8004970Z   'test-DBItest.R:4:3' [success]
2026-08-15T08:32:39.8061230Z   'test-DBItest.R:4:3' [success]
2026-08-15T08:32:39.8121430Z   'test-DBItest.R:4:3' [success]
2026-08-15T08:32:39.8180220Z   'test-DBItest.R:4:3' [success]
2026-08-15T08:32:39.8266810Z   'test-DBItest.R:4:3' [success]
2026-08-15T08:32:39.8323060Z   'test-DBItest.R:4:3' [success]
2026-08-15T08:32:39.8379420Z   'test-DBItest.R:4:3' [success]
2026-08-15T08:32:39.8433980Z   'test-DBItest.R:4:3' [success]
2026-08-15T08:32:39.8482140Z   'test-DBItest.R:4:3' [success]
2026-08-15T08:32:39.8538150Z   'test-DBItest.R:4:3' [success]
2026-08-15T08:32:39.8592350Z   'test-DBItest.R:4:3' [success]
2026-08-15T08:32:39.8648080Z   'test-DBItest.R:4:3' [success]
2026-08-15T08:32:39.8704500Z   'test-DBItest.R:4:3' [success]
2026-08-15T08:32:39.8760060Z   'test-DBItest.R:4:3' [success]
2026-08-15T08:32:39.8817880Z   'test-DBItest.R:4:3' [success]
2026-08-15T08:32:39.8874660Z   'test-DBItest.R:4:3' [success]
2026-08-15T08:32:39.8929760Z   'test-DBItest.R:4:3' [success]
2026-08-15T08:32:39.8984680Z   'test-DBItest.R:4:3' [success]
2026-08-15T08:32:39.9029180Z   'test-DBItest.R:4:3' [success]
2026-08-15T08:32:39.9038500Z End test: DBItest[duckdb]: Full compliance: compliance
2026-08-15T08:32:39.9038690Z 
2026-08-15T08:32:39.9046360Z Start test: DBItest[duckdb]: Full compliance: ellipsis
2026-08-15T08:32:39.9110450Z   'test-DBItest.R:4:3' [success]
2026-08-15T08:32:39.9187820Z   'test-DBItest.R:4:3' [success]
2026-08-15T08:32:39.9242650Z   'test-DBItest.R:4:3' [success]
2026-08-15T08:32:39.9288490Z   'test-DBItest.R:4:3' [success]
2026-08-15T08:32:39.9334450Z   'test-DBItest.R:4:3' [success]
2026-08-15T08:32:39.9388780Z   'test-DBItest.R:4:3' [success]
2026-08-15T08:32:39.9435480Z   'test-DBItest.R:4:3' [success]
2026-08-15T08:32:39.9488100Z   'test-DBItest.R:4:3' [success]
2026-08-15T08:32:39.9543780Z   'test-DBItest.R:4:3' [success]
2026-08-15T08:32:39.9590630Z   'test-DBItest.R:4:3' [success]
2026-08-15T08:32:39.9640430Z   'test-DBItest.R:4:3' [success]
2026-08-15T08:32:39.9696820Z   'test-DBItest.R:4:3' [success]
2026-08-15T08:32:39.9745930Z   'test-DBItest.R:4:3' [success]
2026-08-15T08:32:39.9793930Z   'test-DBItest.R:4:3' [success]
2026-08-15T08:32:39.9848790Z   'test-DBItest.R:4:3' [success]
2026-08-15T08:32:39.9894780Z   'test-DBItest.R:4:3' [success]
2026-08-15T08:32:39.9941780Z   'test-DBItest.R:4:3' [success]
2026-08-15T08:32:39.9996570Z   'test-DBItest.R:4:3' [success]
2026-08-15T08:32:40.0042540Z   'test-DBItest.R:4:3' [success]
2026-08-15T08:32:40.0118540Z   'test-DBItest.R:4:3' [success]
2026-08-15T08:32:40.0173180Z   'test-DBItest.R:4:3' [success]
2026-08-15T08:32:40.0218650Z   'test-DBItest.R:4:3' [success]
2026-08-15T08:32:40.0264570Z   'test-DBItest.R:4:3' [success]
2026-08-15T08:32:40.0323410Z   'test-DBItest.R:4:3' [success]
2026-08-15T08:32:40.0370020Z   'test-DBItest.R:4:3' [success]
2026-08-15T08:32:40.0415780Z   'test-DBItest.R:4:3' [success]
2026-08-15T08:32:40.0471050Z   'test-DBItest.R:4:3' [success]
2026-08-15T08:32:40.0518260Z   'test-DBItest.R:4:3' [success]
2026-08-15T08:32:40.0565490Z   'test-DBItest.R:4:3' [success]
2026-08-15T08:32:40.0621820Z   'test-DBItest.R:4:3' [success]
2026-08-15T08:32:40.0670530Z   'test-DBItest.R:4:3' [success]
2026-08-15T08:32:40.0728350Z   'test-DBItest.R:4:3' [success]
2026-08-15T08:32:40.0786340Z   'test-DBItest.R:4:3' [success]
2026-08-15T08:32:40.0832450Z   'test-DBItest.R:4:3' [success]
2026-08-15T08:32:40.0878290Z   'test-DBItest.R:4:3' [success]
2026-08-15T08:32:40.0932810Z   'test-DBItest.R:4:3' [success]
2026-08-15T08:32:40.0979030Z   'test-DBItest.R:4:3' [success]
2026-08-15T08:32:40.1057600Z   'test-DBItest.R:4:3' [success]
2026-08-15T08:32:40.1112320Z   'test-DBItest.R:4:3' [success]
2026-08-15T08:32:40.1158190Z   'test-DBItest.R:4:3' [success]
2026-08-15T08:32:40.1204320Z   'test-DBItest.R:4:3' [success]
2026-08-15T08:32:40.1259890Z   'test-DBItest.R:4:3' [success]
2026-08-15T08:32:40.1307460Z   'test-DBItest.R:4:3' [success]
2026-08-15T08:32:40.1354100Z   'test-DBItest.R:4:3' [success]
2026-08-15T08:32:40.1410280Z   'test-DBItest.R:4:3' [success]
2026-08-15T08:32:40.1458380Z   'test-DBItest.R:4:3' [success]
2026-08-15T08:32:40.1505950Z   'test-DBItest.R:4:3' [success]
2026-08-15T08:32:40.1562690Z   'test-DBItest.R:4:3' [success]
2026-08-15T08:32:40.1611150Z   'test-DBItest.R:4:3' [success]
2026-08-15T08:32:40.1659250Z   'test-DBItest.R:4:3' [success]
2026-08-15T08:32:40.1714710Z   'test-DBItest.R:4:3' [success]
2026-08-15T08:32:40.1761510Z   'test-DBItest.R:4:3' [success]
2026-08-15T08:32:40.1808310Z   'test-DBItest.R:4:3' [success]
2026-08-15T08:32:40.1863380Z   'test-DBItest.R:4:3' [success]
2026-08-15T08:32:40.1910130Z   'test-DBItest.R:4:3' [success]
2026-08-15T08:32:40.1986910Z   'test-DBItest.R:4:3' [success]
2026-08-15T08:32:40.2041010Z   'test-DBItest.R:4:3' [success]
2026-08-15T08:32:40.2087490Z   'test-DBItest.R:4:3' [success]
2026-08-15T08:32:40.2136530Z   'test-DBItest.R:4:3' [success]
2026-08-15T08:32:40.2192790Z   'test-DBItest.R:4:3' [success]
2026-08-15T08:32:40.2240770Z   'test-DBItest.R:4:3' [success]
2026-08-15T08:32:40.2288700Z   'test-DBItest.R:4:3' [success]
2026-08-15T08:32:40.2343890Z   'test-DBItest.R:4:3' [success]
2026-08-15T08:32:40.2391450Z   'test-DBItest.R:4:3' [success]
2026-08-15T08:32:40.2439050Z   'test-DBItest.R:4:3' [success]
2026-08-15T08:32:40.2496110Z   'test-DBItest.R:4:3' [success]
2026-08-15T08:32:40.2543440Z   'test-DBItest.R:4:3' [success]
2026-08-15T08:32:40.2590280Z   'test-DBItest.R:4:3' [success]
2026-08-15T08:32:40.2645010Z   'test-DBItest.R:4:3' [success]
2026-08-15T08:32:40.2690960Z   'test-DBItest.R:4:3' [success]
2026-08-15T08:32:40.2737300Z   'test-DBItest.R:4:3' [success]
2026-08-15T08:32:40.2792010Z   'test-DBItest.R:4:3' [success]
2026-08-15T08:32:40.2877620Z   'test-DBItest.R:4:3' [success]
2026-08-15T08:32:40.2928980Z   'test-DBItest.R:4:3' [success]
2026-08-15T08:32:40.2988010Z   'test-DBItest.R:4:3' [success]
2026-08-15T08:32:40.3033430Z   'test-DBItest.R:4:3' [success]
2026-08-15T08:32:40.3079370Z   'test-DBItest.R:4:3' [success]
2026-08-15T08:32:40.3134900Z   'test-DBItest.R:4:3' [success]
2026-08-15T08:32:40.3182890Z   'test-DBItest.R:4:3' [success]
2026-08-15T08:32:40.3230430Z   'test-DBItest.R:4:3' [success]
2026-08-15T08:32:40.3286720Z   'test-DBItest.R:4:3' [success]
2026-08-15T08:32:40.3334380Z   'test-DBItest.R:4:3' [success]
2026-08-15T08:32:40.3387770Z   'test-DBItest.R:4:3' [success]
2026-08-15T08:32:40.3451820Z   'test-DBItest.R:4:3' [success]
2026-08-15T08:32:40.3506230Z   'test-DBItest.R:4:3' [success]
2026-08-15T08:32:40.3559740Z   'test-DBItest.R:4:3' [success]
2026-08-15T08:32:40.3615560Z   'test-DBItest.R:4:3' [success]
2026-08-15T08:32:40.3662200Z   'test-DBItest.R:4:3' [success]
2026-08-15T08:32:40.3709270Z   'test-DBItest.R:4:3' [success]
2026-08-15T08:32:40.3765000Z   'test-DBItest.R:4:3' [success]
2026-08-15T08:32:40.3843970Z   'test-DBItest.R:4:3' [success]
2026-08-15T08:32:40.3890310Z   'test-DBItest.R:4:3' [success]
2026-08-15T08:32:40.3945420Z   'test-DBItest.R:4:3' [success]
2026-08-15T08:32:40.3991820Z   'test-DBItest.R:4:3' [success]
2026-08-15T08:32:40.4038800Z   'test-DBItest.R:4:3' [success]
2026-08-15T08:32:40.4095350Z   'test-DBItest.R:4:3' [success]
2026-08-15T08:32:40.4147610Z   'test-DBItest.R:4:3' [success]
2026-08-15T08:32:40.4198530Z   'test-DBItest.R:4:3' [success]
2026-08-15T08:32:40.4255560Z   'test-DBItest.R:4:3' [success]
2026-08-15T08:32:40.4302900Z   'test-DBItest.R:4:3' [success]
2026-08-15T08:32:40.4351300Z   'test-DBItest.R:4:3' [success]
2026-08-15T08:32:40.4408750Z   'test-DBItest.R:4:3' [success]
2026-08-15T08:32:40.4456070Z   'test-DBItest.R:4:3' [success]
2026-08-15T08:32:40.4502790Z   'test-DBItest.R:4:3' [success]
2026-08-15T08:32:40.4560830Z   'test-DBItest.R:4:3' [success]
2026-08-15T08:32:40.4613680Z   'test-DBItest.R:4:3' [success]
2026-08-15T08:32:40.4660860Z   'test-DBItest.R:4:3' [success]
2026-08-15T08:32:40.4715960Z   'test-DBItest.R:4:3' [success]
2026-08-15T08:32:40.4794520Z   'test-DBItest.R:4:3' [success]
2026-08-15T08:32:40.4840730Z   'test-DBItest.R:4:3' [success]
2026-08-15T08:32:40.4895680Z   'test-DBItest.R:4:3' [success]
2026-08-15T08:32:40.4941280Z   'test-DBItest.R:4:3' [success]
2026-08-15T08:32:40.4987670Z   'test-DBItest.R:4:3' [success]
2026-08-15T08:32:40.5043540Z   'test-DBItest.R:4:3' [success]
2026-08-15T08:32:40.5089430Z   'test-DBItest.R:4:3' [success]
2026-08-15T08:32:40.5136840Z   'test-DBItest.R:4:3' [success]
2026-08-15T08:32:40.5193570Z   'test-DBItest.R:4:3' [success]
2026-08-15T08:32:40.5241700Z   'test-DBItest.R:4:3' [success]
2026-08-15T08:32:40.5289310Z   'test-DBItest.R:4:3' [success]
2026-08-15T08:32:40.5345340Z   'test-DBItest.R:4:3' [success]
2026-08-15T08:32:40.5392300Z   'test-DBItest.R:4:3' [success]
2026-08-15T08:32:40.5438950Z   'test-DBItest.R:4:3' [success]
2026-08-15T08:32:40.5493560Z   'test-DBItest.R:4:3' [success]
2026-08-15T08:32:40.5539790Z   'test-DBItest.R:4:3' [success]
2026-08-15T08:32:40.5586020Z   'test-DBItest.R:4:3' [success]
2026-08-15T08:32:40.5683890Z   'test-DBItest.R:4:3' [success]
2026-08-15T08:32:40.5731210Z   'test-DBItest.R:4:3' [success]
2026-08-15T08:32:40.5775730Z   'test-DBItest.R:4:3' [success]
2026-08-15T08:32:40.5829920Z   'test-DBItest.R:4:3' [success]
2026-08-15T08:32:40.5875840Z   'test-DBItest.R:4:3' [success]
2026-08-15T08:32:40.5924330Z   'test-DBItest.R:4:3' [success]
2026-08-15T08:32:40.5981290Z   'test-DBItest.R:4:3' [success]
2026-08-15T08:32:40.6028390Z   'test-DBItest.R:4:3' [success]
2026-08-15T08:32:40.6075080Z   'test-DBItest.R:4:3' [success]
2026-08-15T08:32:40.6134330Z   'test-DBItest.R:4:3' [success]
2026-08-15T08:32:40.6179880Z   'test-DBItest.R:4:3' [success]
2026-08-15T08:32:40.6190700Z End test: DBItest[duckdb]: Full compliance: ellipsis
2026-08-15T08:32:40.6190980Z 
2026-08-15T08:32:40.6198810Z Start test: DBItest[duckdb]: Full compliance: skipped tests
2026-08-15T08:32:40.6246230Z   'test-DBItest.R:4:3' [skip]
2026-08-15T08:32:40.6255460Z End test: DBItest[duckdb]: Full compliance: skipped tests
2026-08-15T08:32:40.6255730Z 
2026-08-15T08:32:40.7336560Z Start test: the declared minimum matches the DESCRIPTION floor
2026-08-15T08:32:40.7388980Z   'test-dbplyr-version.R:8:3' [success]
2026-08-15T08:32:40.7443130Z   'test-dbplyr-version.R:9:3' [success]
2026-08-15T08:32:40.7451710Z End test: the declared minimum matches the DESCRIPTION floor
2026-08-15T08:32:40.7451920Z 
2026-08-15T08:32:40.7459120Z Start test: the loaded version is read from the namespace, not the library
2026-08-15T08:32:40.7517740Z   'test-dbplyr-version.R:19:3' [success]
2026-08-15T08:32:40.7526460Z End test: the loaded version is read from the namespace, not the library
2026-08-15T08:32:40.7526710Z 
2026-08-15T08:32:40.7534620Z Start test: an old dbplyr warns, a current one is silent
2026-08-15T08:32:40.7620620Z   'test-dbplyr-version.R:35:3' [success]
2026-08-15T08:32:40.7664380Z   'test-dbplyr-version.R:35:3' [success]
2026-08-15T08:32:40.7726730Z   'test-dbplyr-version.R:43:3' [success]
2026-08-15T08:32:40.7773600Z   'test-dbplyr-version.R:43:3' [success]
2026-08-15T08:32:40.7834590Z   'test-dbplyr-version.R:48:3' [success]
2026-08-15T08:32:40.7880770Z   'test-dbplyr-version.R:48:3' [success]
2026-08-15T08:32:40.7891970Z End test: an old dbplyr warns, a current one is silent
2026-08-15T08:32:40.7892150Z 
2026-08-15T08:32:40.7899610Z Start test: the warning wording is stable
2026-08-15T08:32:40.8002250Z   'test-dbplyr-version.R:62:3' [success]
2026-08-15T08:32:40.8012480Z End test: the warning wording is stable
2026-08-15T08:32:40.8012630Z 
2026-08-15T08:32:40.8020490Z Start test: the warning names this package through the flavor seam
2026-08-15T08:32:40.8096480Z   'test-dbplyr-version.R:76:3' [success]
2026-08-15T08:32:40.8106760Z End test: the warning names this package through the flavor seam
2026-08-15T08:32:40.8106970Z 
2026-08-15T08:32:40.8114400Z Start test: a dbplyr loading later is caught by a hook
2026-08-15T08:32:40.8167480Z   'test-dbplyr-version.R:85:3' [success]
2026-08-15T08:32:40.8229850Z   'test-dbplyr-version.R:109:3' [success]
2026-08-15T08:32:40.8239360Z End test: a dbplyr loading later is caught by a hook
2026-08-15T08:32:40.8239550Z 
2026-08-15T08:32:40.8247110Z Start test: attaching does not load dbplyr just to check its version
2026-08-15T08:32:41.0590580Z   'test-dbplyr-version.R:117:3' [error]
2026-08-15T08:32:41.0608740Z End test: attaching does not load dbplyr just to check its version
2026-08-15T08:32:41.0609000Z 
2026-08-15T08:32:41.0647010Z Start test: only quotes where needed
2026-08-15T08:32:41.0924530Z   'test-dbQuoteIdentifier__duckdb_connection.R:4:3' [success]
2026-08-15T08:32:41.0942810Z End test: only quotes where needed
2026-08-15T08:32:41.0943050Z 
2026-08-15T08:32:41.0952420Z Start test: preserves expected DBI behaviour
2026-08-15T08:32:41.1225820Z   'test-dbQuoteIdentifier__duckdb_connection.R:13:3' [success]
2026-08-15T08:32:41.1309900Z   'test-dbQuoteIdentifier__duckdb_connection.R:14:3' [success]
2026-08-15T08:32:41.1389670Z   'test-dbQuoteIdentifier__duckdb_connection.R:15:3' [success]
2026-08-15T08:32:41.1476470Z   'test-dbQuoteIdentifier__duckdb_connection.R:17:3' [success]
2026-08-15T08:32:41.1558700Z   'test-dbQuoteIdentifier__duckdb_connection.R:21:3' [success]
2026-08-15T08:32:41.1578890Z End test: preserves expected DBI behaviour
2026-08-15T08:32:41.1579060Z 
2026-08-15T08:32:41.1615020Z Start test: dbSendQueryArrow() returns a duckdb_result_arrow
2026-08-15T08:32:41.1893660Z   'test-dbSendQueryArrow.R:11:3' [success]
2026-08-15T08:32:41.1969300Z   'test-dbSendQueryArrow.R:12:3' [success]
2026-08-15T08:32:41.2039500Z   'test-dbSendQueryArrow.R:13:3' [success]
2026-08-15T08:32:41.2052840Z End test: dbSendQueryArrow() returns a duckdb_result_arrow
2026-08-15T08:32:41.2053380Z 
2026-08-15T08:32:41.2061290Z Start test: dbColumnInfo() works before fetching
2026-08-15T08:32:41.2316500Z   'test-dbSendQueryArrow.R:24:3' [success]
2026-08-15T08:32:41.2376840Z   'test-dbSendQueryArrow.R:25:3' [success]
2026-08-15T08:32:41.2387960Z End test: dbColumnInfo() works before fetching
2026-08-15T08:32:41.2388140Z 
2026-08-15T08:32:41.2396190Z Start test: dbHasCompleted() reports not-yet-completed before any fetch
2026-08-15T08:32:41.2674490Z   'test-dbSendQueryArrow.R:36:3' [success]
2026-08-15T08:32:41.2685950Z End test: dbHasCompleted() reports not-yet-completed before any fetch
2026-08-15T08:32:41.2686290Z 
2026-08-15T08:32:41.2693620Z Start test: dbClearResult() invalidates and rejects further use
2026-08-15T08:32:41.2918130Z   'test-dbSendQueryArrow.R:44:3' [success]
2026-08-15T08:32:41.2971660Z   'test-dbSendQueryArrow.R:47:3' [success]
2026-08-15T08:32:41.3043620Z   'test-dbSendQueryArrow.R:48:3' [success]
2026-08-15T08:32:41.3115140Z   'test-dbSendQueryArrow.R:49:3' [success]
2026-08-15T08:32:41.3179640Z   'test-dbSendQueryArrow.R:50:3' [success]
2026-08-15T08:32:41.3190200Z End test: dbClearResult() invalidates and rejects further use
2026-08-15T08:32:41.3190410Z 
2026-08-15T08:32:41.3198060Z Start test: dbSendQueryArrow() does not materialize a large streaming query
2026-08-15T08:32:41.3409740Z   'test-dbSendQueryArrow.R:62:3' [success]
2026-08-15T08:32:41.3465560Z   'test-dbSendQueryArrow.R:63:3' [success]
2026-08-15T08:32:41.3475880Z End test: dbSendQueryArrow() does not materialize a large streaming query
2026-08-15T08:32:41.3476220Z 
2026-08-15T08:32:41.3499250Z Start test: dbWriteTable can write tables with keyword column names
2026-08-15T08:32:41.3552550Z   'test-dbwritetable.R:2:3' [skip]
2026-08-15T08:32:41.3562690Z End test: dbWriteTable can write tables with keyword column names
2026-08-15T08:32:41.3562910Z 
2026-08-15T08:32:41.3586960Z Start test: Install DuckDB extension
2026-08-15T08:32:41.5353550Z   'test-duckdb-extensions.R:12:5' [success]
2026-08-15T08:32:41.5364140Z End test: Install DuckDB extension
2026-08-15T08:32:41.5364330Z 
2026-08-15T08:32:41.5372480Z Start test: duckdb_platform() reports the repository's path segment
2026-08-15T08:32:41.5433680Z   'test-duckdb-extensions.R:29:3' [success]
2026-08-15T08:32:41.5442850Z End test: duckdb_platform() reports the repository's path segment
2026-08-15T08:32:41.5443150Z 
2026-08-15T08:32:41.5450410Z Start test: extensions_published() knows which platforms are covered
2026-08-15T08:32:41.5503910Z   'test-duckdb-extensions.R:37:3' [success]
2026-08-15T08:32:41.5556840Z   'test-duckdb-extensions.R:39:3' [success]
2026-08-15T08:32:41.5613200Z   'test-duckdb-extensions.R:40:3' [success]
2026-08-15T08:32:41.5709010Z   'test-duckdb-extensions.R:41:3' [success]
2026-08-15T08:32:41.5718770Z End test: extensions_published() knows which platforms are covered
2026-08-15T08:32:41.5719030Z 
2026-08-15T08:32:41.5750110Z Start test: rapi_error functions accept additional parameters
2026-08-15T08:32:41.5897070Z   'test-error-handling.R:7:3' [success]
2026-08-15T08:32:41.6045470Z   'test-error-handling.R:12:3' [success]
2026-08-15T08:32:41.6194520Z   'test-error-handling.R:15:3' [success]
2026-08-15T08:32:41.6358730Z   'test-error-handling.R:18:3' [success]
2026-08-15T08:32:41.6367550Z End test: rapi_error functions accept additional parameters
2026-08-15T08:32:41.6367850Z 
2026-08-15T08:32:41.6401420Z Start test: EXPLAIN gives reasonable output
2026-08-15T08:32:41.6675920Z   'test-explain.R:12:3' [success]
2026-08-15T08:32:41.6689950Z End test: EXPLAIN gives reasonable output
2026-08-15T08:32:41.6690980Z 
2026-08-15T08:32:41.6699240Z Start test: EXPLAIN shows logical, optimized and physical plan
2026-08-15T08:32:41.6994110Z   'test-explain.R:20:3' [success]
2026-08-15T08:32:41.7009000Z End test: EXPLAIN shows logical, optimized and physical plan
2026-08-15T08:32:41.7009260Z 
2026-08-15T08:32:41.7016630Z Start test: EXPLAIN ANALYZE outputs query tree
2026-08-15T08:32:41.7267220Z   'test-explain.R:30:3' [success]
2026-08-15T08:32:41.7323420Z   'test-explain.R:31:3' [success]
2026-08-15T08:32:41.7377130Z   'test-explain.R:32:3' [success]
2026-08-15T08:32:41.7391460Z End test: EXPLAIN ANALYZE outputs query tree
2026-08-15T08:32:41.7391730Z 
2026-08-15T08:32:41.7398980Z Start test: zero length input is smoothly skipped
2026-08-15T08:32:41.7687470Z   'test-explain.R:38:3' [success]
2026-08-15T08:32:41.7702060Z End test: zero length input is smoothly skipped
2026-08-15T08:32:41.7702330Z 
2026-08-15T08:32:41.7709910Z Start test: wrong type of input forwards handling to the next method
2026-08-15T08:32:41.8024880Z   'test-explain.R:47:3' [success]
2026-08-15T08:32:41.8039950Z End test: wrong type of input forwards handling to the next method
2026-08-15T08:32:41.8040220Z 
2026-08-15T08:32:41.8067030Z Start test: duckdb extensions are stored in the resolved extension directory
2026-08-15T08:32:41.8359500Z   'test-extension_path.R:13:3' [success]
2026-08-15T08:32:41.8415240Z   'test-extension_path.R:14:3' [success]
2026-08-15T08:32:41.8469880Z   'test-extension_path.R:15:3' [success]
2026-08-15T08:32:41.8526270Z   'test-extension_path.R:20:3' [success]
2026-08-15T08:32:41.8536180Z End test: duckdb extensions are stored in the resolved extension directory
2026-08-15T08:32:41.8536430Z 
2026-08-15T08:32:41.8572890Z Start test: extensions_supported() is FALSE on Linux unless the stdlib is libstdc++
2026-08-15T08:32:41.8630020Z   'test-extensions-libcxx.R:12:3' [success]
2026-08-15T08:32:41.8725540Z   'test-extensions-libcxx.R:19:3' [success]
2026-08-15T08:32:41.8736520Z End test: extensions_supported() is FALSE on Linux unless the stdlib is libstdc++
2026-08-15T08:32:41.8736790Z 
2026-08-15T08:32:41.8744000Z Start test: extensions_supported() is TRUE for libstdc++ and for non-Linux
2026-08-15T08:32:41.8799440Z   'test-extensions-libcxx.R:28:3' [success]
2026-08-15T08:32:41.8855270Z   'test-extensions-libcxx.R:36:3' [success]
2026-08-15T08:32:41.8910310Z   'test-extensions-libcxx.R:42:3' [success]
2026-08-15T08:32:41.8920090Z End test: extensions_supported() is TRUE for libstdc++ and for non-Linux
2026-08-15T08:32:41.8920330Z 
2026-08-15T08:32:41.8927550Z Start test: compiled_cxx_stdlib() reports a known standard library
2026-08-15T08:32:41.8982930Z   'test-extensions-libcxx.R:48:3' [success]
2026-08-15T08:32:41.8992500Z End test: compiled_cxx_stdlib() reports a known standard library
2026-08-15T08:32:41.8992710Z 
2026-08-15T08:32:41.9000090Z Start test: resolve_allow_extensions(NULL) on an affected build disables + announces
2026-08-15T08:32:41.9056300Z   'test-extensions-libcxx.R:62:3' [success]
2026-08-15T08:32:41.9111470Z   'test-extensions-libcxx.R:63:3' [success]
2026-08-15T08:32:41.9167850Z   'test-extensions-libcxx.R:64:3' [success]
2026-08-15T08:32:41.9177840Z End test: resolve_allow_extensions(NULL) on an affected build disables + announces
2026-08-15T08:32:41.9178100Z 
2026-08-15T08:32:41.9185340Z Start test: resolve_allow_extensions(NULL) on a healthy build enables + stays quiet
2026-08-15T08:32:41.9242600Z   'test-extensions-libcxx.R:73:3' [success]
2026-08-15T08:32:41.9298610Z   'test-extensions-libcxx.R:74:3' [success]
2026-08-15T08:32:41.9353030Z   'test-extensions-libcxx.R:75:3' [success]
2026-08-15T08:32:41.9362980Z End test: resolve_allow_extensions(NULL) on a healthy build enables + stays quiet
2026-08-15T08:32:41.9363240Z 
2026-08-15T08:32:41.9371770Z Start test: an explicit allow_extensions argument wins and is silent
2026-08-15T08:32:41.9428670Z   'test-extensions-libcxx.R:85:3' [success]
2026-08-15T08:32:41.9481180Z   'test-extensions-libcxx.R:86:3' [success]
2026-08-15T08:32:41.9542490Z   'test-extensions-libcxx.R:87:3' [success]
2026-08-15T08:32:41.9599440Z   'test-extensions-libcxx.R:90:3' [success]
2026-08-15T08:32:41.9686340Z   'test-extensions-libcxx.R:91:3' [success]
2026-08-15T08:32:41.9740130Z   'test-extensions-libcxx.R:92:3' [success]
2026-08-15T08:32:41.9749580Z End test: an explicit allow_extensions argument wins and is silent
2026-08-15T08:32:41.9749820Z 
2026-08-15T08:32:41.9757440Z Start test: the duckdb.allow_extensions option is honored (and silent)
2026-08-15T08:32:41.9814330Z   'test-extensions-libcxx.R:101:3' [success]
2026-08-15T08:32:41.9866680Z   'test-extensions-libcxx.R:102:3' [success]
2026-08-15T08:32:41.9919410Z   'test-extensions-libcxx.R:103:3' [success]
2026-08-15T08:32:41.9974460Z   'test-extensions-libcxx.R:107:3' [success]
2026-08-15T08:32:42.0027330Z   'test-extensions-libcxx.R:108:3' [success]
2026-08-15T08:32:42.0080460Z   'test-extensions-libcxx.R:109:3' [success]
2026-08-15T08:32:42.0090270Z End test: the duckdb.allow_extensions option is honored (and silent)
2026-08-15T08:32:42.0090650Z 
2026-08-15T08:32:42.0098320Z Start test: a malformed duckdb.allow_extensions option warns and is reset
2026-08-15T08:32:42.0172260Z   'test-extensions-libcxx.R:117:3' [success]
2026-08-15T08:32:42.0227480Z   'test-extensions-libcxx.R:122:3' [success]
2026-08-15T08:32:42.0281650Z   'test-extensions-libcxx.R:123:3' [success]
2026-08-15T08:32:42.0336430Z   'test-extensions-libcxx.R:124:3' [success]
2026-08-15T08:32:42.0346500Z End test: a malformed duckdb.allow_extensions option warns and is reset
2026-08-15T08:32:42.0346740Z 
2026-08-15T08:32:42.0354420Z Start test: DUCKDB_R_ALLOW_EXTENSIONS enables or disables per as.logical()
2026-08-15T08:32:42.0409940Z   'test-extensions-libcxx.R:135:5' [success]
2026-08-15T08:32:42.0465770Z   'test-extensions-libcxx.R:136:5' [success]
2026-08-15T08:32:42.0519490Z   'test-extensions-libcxx.R:137:5' [success]
2026-08-15T08:32:42.0605050Z   'test-extensions-libcxx.R:143:5' [success]
2026-08-15T08:32:42.0658210Z   'test-extensions-libcxx.R:144:5' [success]
2026-08-15T08:32:42.0710800Z   'test-extensions-libcxx.R:151:7' [success]
2026-08-15T08:32:42.0767130Z   'test-extensions-libcxx.R:151:7' [success]
2026-08-15T08:32:42.0822000Z   'test-extensions-libcxx.R:151:7' [success]
2026-08-15T08:32:42.0831690Z End test: DUCKDB_R_ALLOW_EXTENSIONS enables or disables per as.logical()
2026-08-15T08:32:42.0831980Z 
2026-08-15T08:32:42.0840150Z Start test: an unparseable DUCKDB_R_ALLOW_EXTENSIONS is treated as completely unset
2026-08-15T08:32:42.0899140Z   'test-extensions-libcxx.R:165:5' [success]
2026-08-15T08:32:42.0952860Z   'test-extensions-libcxx.R:166:5' [success]
2026-08-15T08:32:42.1006320Z   'test-extensions-libcxx.R:167:5' [success]
2026-08-15T08:32:42.1065770Z   'test-extensions-libcxx.R:175:7' [success]
2026-08-15T08:32:42.1119530Z   'test-extensions-libcxx.R:176:7' [success]
2026-08-15T08:32:42.1173900Z   'test-extensions-libcxx.R:177:7' [success]
2026-08-15T08:32:42.1236080Z   'test-extensions-libcxx.R:175:7' [success]
2026-08-15T08:32:42.1298370Z   'test-extensions-libcxx.R:176:7' [success]
2026-08-15T08:32:42.1351300Z   'test-extensions-libcxx.R:177:7' [success]
2026-08-15T08:32:42.1406670Z   'test-extensions-libcxx.R:175:7' [success]
2026-08-15T08:32:42.1460010Z   'test-extensions-libcxx.R:176:7' [success]
2026-08-15T08:32:42.1545580Z   'test-extensions-libcxx.R:177:7' [success]
2026-08-15T08:32:42.1599160Z   'test-extensions-libcxx.R:175:7' [success]
2026-08-15T08:32:42.1651170Z   'test-extensions-libcxx.R:176:7' [success]
2026-08-15T08:32:42.1705750Z   'test-extensions-libcxx.R:177:7' [success]
2026-08-15T08:32:42.1715870Z End test: an unparseable DUCKDB_R_ALLOW_EXTENSIONS is treated as completely unset
2026-08-15T08:32:42.1716150Z 
2026-08-15T08:32:42.1723500Z Start test: duckdb() announces on the auto path when extensions are disabled
2026-08-15T08:32:42.1877910Z   'test-extensions-libcxx.R:202:3' [success]
2026-08-15T08:32:42.1981810Z End test: duckdb() announces on the auto path when extensions are disabled
2026-08-15T08:32:42.1982070Z 
2026-08-15T08:32:42.1988910Z Start test: duckdb(allow_extensions = FALSE) is silent
2026-08-15T08:32:42.2119020Z   'test-extensions-libcxx.R:218:3' [success]
2026-08-15T08:32:42.2222900Z End test: duckdb(allow_extensions = FALSE) is silent
2026-08-15T08:32:42.2223100Z 
2026-08-15T08:32:42.2230340Z Start test: an option or env override silences the duckdb() advisory
2026-08-15T08:32:42.2359470Z   'test-extensions-libcxx.R:236:7' [success]
2026-08-15T08:32:42.2574470Z   'test-extensions-libcxx.R:249:9' [success]
2026-08-15T08:32:42.2678400Z End test: an option or env override silences the duckdb() advisory
2026-08-15T08:32:42.2678640Z 
2026-08-15T08:32:42.2685770Z Start test: duckdb() still announces when DUCKDB_R_ALLOW_EXTENSIONS is unparseable
2026-08-15T08:32:42.2839430Z   'test-extensions-libcxx.R:269:3' [success]
2026-08-15T08:32:42.2943500Z End test: duckdb() still announces when DUCKDB_R_ALLOW_EXTENSIONS is unparseable
2026-08-15T08:32:42.2943770Z 
2026-08-15T08:32:42.2950960Z Start test: extensions message wording is stable
2026-08-15T08:32:42.3064050Z   'test-extensions-libcxx.R:282:3' [success]
2026-08-15T08:32:42.3168330Z   'test-extensions-libcxx.R:290:3' [success]
2026-08-15T08:32:42.3343050Z   'test-extensions-libcxx.R:299:3' [success]
2026-08-15T08:32:42.3353400Z End test: extensions message wording is stable
2026-08-15T08:32:42.3353580Z 
2026-08-15T08:32:42.3361020Z Start test: duckdb() exposes the experimental allow_extensions slot
2026-08-15T08:32:42.3486940Z   'test-extensions-libcxx.R:308:3' [success]
2026-08-15T08:32:42.3587430Z End test: duckdb() exposes the experimental allow_extensions slot
2026-08-15T08:32:42.3587680Z 
2026-08-15T08:32:42.3594900Z Start test: allow_extensions is plumbed to the engine's INSTALL/LOAD guard
2026-08-15T08:32:42.3865070Z   'test-extensions-libcxx.R:322:3' [success]
2026-08-15T08:32:42.4151600Z   'test-extensions-libcxx.R:329:3' [success]
2026-08-15T08:32:42.4167200Z End test: allow_extensions is plumbed to the engine's INSTALL/LOAD guard
2026-08-15T08:32:42.4167540Z 
2026-08-15T08:32:42.4195540Z Start test: factors can be round tripped
2026-08-15T08:32:42.4245020Z   'test-factor.R:2:3' [skip]
2026-08-15T08:32:42.4255450Z End test: factors can be round tripped
2026-08-15T08:32:42.4255740Z 
2026-08-15T08:32:42.4263270Z Start test: iris can be round-tripped
2026-08-15T08:32:42.4316210Z   'test-factor.R:24:3' [skip]
2026-08-15T08:32:42.4325900Z End test: iris can be round-tripped
2026-08-15T08:32:42.4326170Z 
2026-08-15T08:32:42.4334700Z Start test: non-utf things can be read
2026-08-15T08:32:42.4382700Z   'test-factor.R:38:3' [skip]
2026-08-15T08:32:42.4391820Z End test: non-utf things can be read
2026-08-15T08:32:42.4392040Z 
2026-08-15T08:32:42.4399490Z Start test: single value factors round trip correctly, issue 2627
2026-08-15T08:32:42.4447150Z   'test-factor.R:70:3' [skip]
2026-08-15T08:32:42.4457970Z End test: single value factors round trip correctly, issue 2627
2026-08-15T08:32:42.4458230Z 
2026-08-15T08:32:42.4465720Z Start test: huge-cardinality factors do not cause strange crashes, issue 3639
2026-08-15T08:32:42.5262850Z   'test-factor.R:82:1' [skip]
2026-08-15T08:32:42.5272450Z End test: huge-cardinality factors do not cause strange crashes, issue 3639
2026-08-15T08:32:42.5272760Z 
2026-08-15T08:32:42.5308910Z Start test: duckdb_fetch_arrow() test table over vector size
2026-08-15T08:32:42.5588000Z   'test-fetch_arrow.R:25:3' [success]
2026-08-15T08:32:42.5597510Z End test: duckdb_fetch_arrow() test table over vector size
2026-08-15T08:32:42.5597820Z 
2026-08-15T08:32:42.5606630Z Start test: duckdb_fetch_arrow() empty table
2026-08-15T08:32:42.5905790Z   'test-fetch_arrow.R:45:3' [success]
2026-08-15T08:32:42.5920170Z End test: duckdb_fetch_arrow() empty table
2026-08-15T08:32:42.5920430Z 
2026-08-15T08:32:42.5928630Z Start test: duckdb_fetch_arrow() table with only nulls
2026-08-15T08:32:42.6180400Z   'test-fetch_arrow.R:66:3' [success]
2026-08-15T08:32:42.6189450Z End test: duckdb_fetch_arrow() table with only nulls
2026-08-15T08:32:42.6189790Z 
2026-08-15T08:32:42.6198320Z Start test: duckdb_fetch_arrow() table with prepared statement
2026-08-15T08:32:43.1694040Z   'test-fetch_arrow.R:89:3' [success]
2026-08-15T08:32:43.1703400Z End test: duckdb_fetch_arrow() table with prepared statement
2026-08-15T08:32:43.1703620Z 
2026-08-15T08:32:43.1710960Z Start test: duckdb_fetch_arrow() record_batch_reader 
2026-08-15T08:32:43.2000140Z   'test-fetch_arrow.R:106:3' [success]
2026-08-15T08:32:43.2062130Z   'test-fetch_arrow.R:109:3' [success]
2026-08-15T08:32:43.2124980Z   'test-fetch_arrow.R:112:3' [success]
2026-08-15T08:32:43.2179490Z   'test-fetch_arrow.R:115:3' [success]
2026-08-15T08:32:43.2188750Z End test: duckdb_fetch_arrow() record_batch_reader 
2026-08-15T08:32:43.2189820Z 
2026-08-15T08:32:43.2198310Z Start test: duckdb_fetch_arrow() record_batch_reader multiple vectors per chunk
2026-08-15T08:32:43.2434220Z   'test-fetch_arrow.R:125:3' [success]
2026-08-15T08:32:43.2494930Z   'test-fetch_arrow.R:128:3' [success]
2026-08-15T08:32:43.2557410Z   'test-fetch_arrow.R:131:3' [success]
2026-08-15T08:32:43.2567570Z End test: duckdb_fetch_arrow() record_batch_reader multiple vectors per chunk
2026-08-15T08:32:43.2567830Z 
2026-08-15T08:32:43.2575500Z Start test: record_batch_reader and table error
2026-08-15T08:32:43.2819680Z   'test-fetch_arrow.R:141:3' [success]
2026-08-15T08:32:43.2891990Z   'test-fetch_arrow.R:142:3' [success]
2026-08-15T08:32:43.2902650Z End test: record_batch_reader and table error
2026-08-15T08:32:43.2902840Z 
2026-08-15T08:32:43.2910510Z Start test: duckdb_fetch_arrow() record_batch_reader defaultparamenter
2026-08-15T08:32:43.3156660Z   'test-fetch_arrow.R:156:3' [success]
2026-08-15T08:32:43.3166700Z End test: duckdb_fetch_arrow() record_batch_reader defaultparamenter
2026-08-15T08:32:43.3166930Z 
2026-08-15T08:32:43.3174320Z Start test: duckdb_fetch_arrow() record_batch_reader Read Table
2026-08-15T08:32:43.3417790Z   'test-fetch_arrow.R:169:3' [success]
2026-08-15T08:32:43.3427470Z End test: duckdb_fetch_arrow() record_batch_reader Read Table
2026-08-15T08:32:43.3427680Z 
2026-08-15T08:32:43.3435400Z Start test: fetching from a consumed query result errors instead of crashing
2026-08-15T08:32:43.3656730Z   'test-fetch_arrow.R:177:3' [success]
2026-08-15T08:32:43.3819900Z   'test-fetch_arrow.R:181:3' [success]
2026-08-15T08:32:43.3928980Z   'test-fetch_arrow.R:182:3' [success]
2026-08-15T08:32:43.3991250Z   'test-fetch_arrow.R:184:3' [success]
2026-08-15T08:32:43.4006740Z End test: fetching from a consumed query result errors instead of crashing
2026-08-15T08:32:43.4006990Z 
2026-08-15T08:32:43.4029870Z Start test: dbFetch() can fetch RETURNING statements (#3875)
2026-08-15T08:32:43.4251370Z   'test-fetch.R:6:3' [success]
2026-08-15T08:32:43.4324950Z   'test-fetch.R:9:3' [success]
2026-08-15T08:32:43.4344740Z End test: dbFetch() can fetch RETURNING statements (#3875)
2026-08-15T08:32:43.4345140Z 
2026-08-15T08:32:43.4385370Z Start test: local_con() creates and cleans up connection
2026-08-15T08:32:43.4673970Z   'test-fixtures.R:5:5' [success]
2026-08-15T08:32:43.4736420Z   'test-fixtures.R:6:5' [success]
2026-08-15T08:32:43.4812520Z   'test-fixtures.R:10:5' [success]
2026-08-15T08:32:43.4887330Z   'test-fixtures.R:20:3' [success]
2026-08-15T08:32:43.4896920Z End test: local_con() creates and cleans up connection
2026-08-15T08:32:43.4897280Z 
2026-08-15T08:32:43.4906100Z Start test: local_con() accepts duckdb() arguments
2026-08-15T08:32:43.5118660Z   'test-fixtures.R:26:3' [success]
2026-08-15T08:32:43.5173000Z   'test-fixtures.R:27:3' [success]
2026-08-15T08:32:43.5187020Z End test: local_con() accepts duckdb() arguments
2026-08-15T08:32:43.5187230Z 
2026-08-15T08:32:43.5211180Z Start test: the package name is hard-coded only where scripts/flavor.patch rewrites it
2026-08-15T08:32:43.6257370Z   'test-flavor-package-name.R:27:3' [success]
2026-08-15T08:32:43.6270690Z End test: the package name is hard-coded only where scripts/flavor.patch rewrites it
2026-08-15T08:32:43.6271440Z 
2026-08-15T08:32:43.6279530Z Start test: no file still carries the mainline name that scripts/flavor.patch renames
2026-08-15T08:32:43.6367870Z   'test-flavor-package-name.R:36:3' [success]
2026-08-15T08:32:43.6380990Z End test: no file still carries the mainline name that scripts/flavor.patch renames
2026-08-15T08:32:43.6382210Z 
2026-08-15T08:32:43.6391100Z Start test: no generated README tells a reader to install the mainline package
2026-08-15T08:32:43.6468850Z   'test-flavor-package-name.R:45:3' [success]
2026-08-15T08:32:43.6481630Z End test: no generated README tells a reader to install the mainline package
2026-08-15T08:32:43.6482310Z 
2026-08-15T08:32:43.6532760Z Start test: geometry columns can be read as blob (default)
2026-08-15T08:32:43.6844550Z   'test-geometry.R:11:3' [success]
2026-08-15T08:32:43.6920020Z   'test-geometry.R:12:3' [success]
2026-08-15T08:32:43.6985890Z   'test-geometry.R:13:3' [success]
2026-08-15T08:32:43.7061660Z   'test-geometry.R:14:3' [success]
2026-08-15T08:32:43.7120660Z   'test-geometry.R:15:3' [success]
2026-08-15T08:32:43.7179150Z   'test-geometry.R:16:3' [success]
2026-08-15T08:32:43.7241670Z   'test-geometry.R:20:3' [success]
2026-08-15T08:32:43.7302060Z   'test-geometry.R:21:3' [success]
2026-08-15T08:32:43.7320360Z End test: geometry columns can be read as blob (default)
2026-08-15T08:32:43.7320580Z 
2026-08-15T08:32:43.7328260Z Start test: geometry columns can be read inline
2026-08-15T08:32:43.7568570Z   'test-geometry.R:29:3' [success]
2026-08-15T08:32:43.7625590Z   'test-geometry.R:30:3' [success]
2026-08-15T08:32:43.7643790Z End test: geometry columns can be read inline
2026-08-15T08:32:43.7643990Z 
2026-08-15T08:32:43.7651990Z Start test: geometry = 'blob' returns raw vectors
2026-08-15T08:32:43.7930990Z   'test-geometry.R:40:3' [success]
2026-08-15T08:32:43.7988910Z   'test-geometry.R:41:3' [success]
2026-08-15T08:32:43.8004850Z End test: geometry = 'blob' returns raw vectors
2026-08-15T08:32:43.8005470Z 
2026-08-15T08:32:43.8012800Z Start test: geometry = 'wk' returns wk_wkb objects
2026-08-15T08:32:43.8392600Z   'test-geometry.R:56:3' [success]
2026-08-15T08:32:43.8440700Z   'test-geometry.R:57:3' [success]
2026-08-15T08:32:43.8504260Z   'test-geometry.R:58:3' [success]
2026-08-15T08:32:43.8564460Z   'test-geometry.R:62:3' [success]
2026-08-15T08:32:43.8624160Z   'test-geometry.R:63:3' [success]
2026-08-15T08:32:43.8681120Z   'test-geometry.R:64:3' [success]
2026-08-15T08:32:43.8738200Z   'test-geometry.R:65:3' [success]
2026-08-15T08:32:43.8798750Z   'test-geometry.R:68:3' [success]
2026-08-15T08:32:43.8814340Z End test: geometry = 'wk' returns wk_wkb objects
2026-08-15T08:32:43.8814570Z 
2026-08-15T08:32:43.8822400Z Start test: geometry = 'wk' works end-to-end with sf
2026-08-15T08:32:44.1622250Z   'test-geometry.R:87:3' [success]
2026-08-15T08:32:44.1680340Z   'test-geometry.R:88:3' [success]
2026-08-15T08:32:44.1740770Z   'test-geometry.R:92:3' [success]
2026-08-15T08:32:44.1797530Z   'test-geometry.R:93:3' [success]
2026-08-15T08:32:44.1850980Z   'test-geometry.R:94:3' [success]
2026-08-15T08:32:44.1905480Z   'test-geometry.R:95:3' [success]
2026-08-15T08:32:44.1962340Z   'test-geometry.R:98:3' [success]
2026-08-15T08:32:44.1978500Z End test: geometry = 'wk' works end-to-end with sf
2026-08-15T08:32:44.1978690Z 
2026-08-15T08:32:44.1986180Z Start test: invalid geometry option is rejected
2026-08-15T08:32:44.2215250Z   'test-geometry.R:102:3' [success]
2026-08-15T08:32:44.2225890Z End test: invalid geometry option is rejected
2026-08-15T08:32:44.2226100Z 
2026-08-15T08:32:44.2248970Z Start test: a release version is told from a snapshot between releases
2026-08-15T08:32:44.2358660Z   'test-helper-skip.R:7:3' [success]
2026-08-15T08:32:44.2412810Z   'test-helper-skip.R:8:3' [success]
2026-08-15T08:32:44.2465140Z   'test-helper-skip.R:13:3' [success]
2026-08-15T08:32:44.2518640Z   'test-helper-skip.R:14:3' [success]
2026-08-15T08:32:44.2571640Z   'test-helper-skip.R:15:3' [success]
2026-08-15T08:32:44.2623510Z   'test-helper-skip.R:18:3' [success]
2026-08-15T08:32:44.2683150Z   'test-helper-skip.R:21:3' [success]
2026-08-15T08:32:44.2740290Z   'test-helper-skip.R:22:3' [success]
2026-08-15T08:32:44.2795650Z   'test-helper-skip.R:23:3' [success]
2026-08-15T08:32:44.2852890Z   'test-helper-skip.R:24:3' [success]
2026-08-15T08:32:44.2862270Z End test: a release version is told from a snapshot between releases
2026-08-15T08:32:44.2862640Z 
2026-08-15T08:32:44.2888730Z Start test: reusing an instance is silent when nothing collides
2026-08-15T08:32:44.3141060Z   'test-instance-settings.R:13:3' [success]
2026-08-15T08:32:44.3268470Z   'test-instance-settings.R:14:3' [success]
2026-08-15T08:32:44.3447570Z End test: reusing an instance is silent when nothing collides
2026-08-15T08:32:44.3447800Z 
2026-08-15T08:32:44.3454610Z Start test: a differing `bigint` is not a collision
2026-08-15T08:32:44.3706290Z   'test-instance-settings.R:31:3' [success]
2026-08-15T08:32:44.3807410Z End test: a differing `bigint` is not a collision
2026-08-15T08:32:44.3807630Z 
2026-08-15T08:32:44.3814950Z Start test: a `read_only` that the instance cannot honor is reported
2026-08-15T08:32:44.4123280Z   'test-instance-settings.R:42:3' [success]
2026-08-15T08:32:44.4216840Z   'test-instance-settings.R:44:3' [success]
2026-08-15T08:32:44.4318690Z End test: a `read_only` that the instance cannot honor is reported
2026-08-15T08:32:44.4318930Z 
2026-08-15T08:32:44.4326250Z Start test: a `config` entry that the instance cannot honor is reported
2026-08-15T08:32:44.4578190Z   'test-instance-settings.R:56:3' [success]
2026-08-15T08:32:44.4696430Z   'test-instance-settings.R:57:3' [success]
2026-08-15T08:32:44.4800240Z End test: a `config` entry that the instance cannot honor is reported
2026-08-15T08:32:44.4800500Z 
2026-08-15T08:32:44.4807920Z Start test: storage arguments are reported when the instance already exists
2026-08-15T08:32:44.5094000Z   'test-instance-settings.R:72:3' [success]
2026-08-15T08:32:44.5201870Z End test: storage arguments are reported when the instance already exists
2026-08-15T08:32:44.5202150Z 
2026-08-15T08:32:44.5209270Z Start test: a `dbdir` that overrides a file driver's own is reported
2026-08-15T08:32:44.5423340Z   'test-instance-settings.R:83:3' [success]
2026-08-15T08:32:44.5483070Z   'test-instance-settings.R:86:3' [success]
2026-08-15T08:32:44.5586340Z End test: a `dbdir` that overrides a file driver's own is reported
2026-08-15T08:32:44.5586650Z 
2026-08-15T08:32:44.5593640Z Start test: the in-memory driver idiom stays silent
2026-08-15T08:32:44.5879810Z   'test-instance-settings.R:94:3' [success]
2026-08-15T08:32:44.5895750Z End test: the in-memory driver idiom stays silent
2026-08-15T08:32:44.5895950Z 
2026-08-15T08:32:44.5903330Z Start test: a `dbdir` an extension answers is left alone
2026-08-15T08:32:44.5960110Z   'test-instance-settings.R:102:3' [success]
2026-08-15T08:32:44.6019650Z   'test-instance-settings.R:103:3' [success]
2026-08-15T08:32:44.6075050Z   'test-instance-settings.R:106:3' [success]
2026-08-15T08:32:44.7299970Z   'test-instance-settings.R:107:3' [success]
2026-08-15T08:32:44.7360610Z   'test-instance-settings.R:108:3' [success]
2026-08-15T08:32:44.7412790Z   'test-instance-settings.R:109:3' [success]
2026-08-15T08:32:44.7474280Z   'test-instance-settings.R:114:3' [success]
2026-08-15T08:32:44.7478460Z End test: a `dbdir` an extension answers is left alone
2026-08-15T08:32:44.7478640Z 
2026-08-15T08:32:44.7500950Z Start test: we can roundtrip an integer64 via driver
2026-08-15T08:32:44.7730970Z   'test-integer64.R:14:3' [success]
2026-08-15T08:32:44.7744760Z End test: we can roundtrip an integer64 via driver
2026-08-15T08:32:44.7744950Z 
2026-08-15T08:32:44.7752190Z Start test: we can roundtrip an integer64 via dbConnect
2026-08-15T08:32:44.7975990Z   'test-integer64.R:29:3' [success]
2026-08-15T08:32:44.7990620Z End test: we can roundtrip an integer64 via dbConnect
2026-08-15T08:32:44.7990860Z 
2026-08-15T08:32:44.8013430Z Start test: we can retrieve an interval
2026-08-15T08:32:44.8240830Z   'test-interval.R:12:3' [success]
2026-08-15T08:32:44.8305540Z   'test-interval.R:18:3' [success]
2026-08-15T08:32:44.8370960Z   'test-interval.R:27:3' [success]
2026-08-15T08:32:44.8436090Z   'test-interval.R:33:3' [success]
2026-08-15T08:32:44.8501370Z   'test-interval.R:39:3' [success]
2026-08-15T08:32:44.8517580Z End test: we can retrieve an interval
2026-08-15T08:32:44.8517770Z 
2026-08-15T08:32:44.8543200Z Start test: one-level lists can be read
2026-08-15T08:32:44.8766160Z   'test-list.R:5:3' [success]
2026-08-15T08:32:44.8839720Z   'test-list.R:8:3' [success]
2026-08-15T08:32:44.8933930Z   'test-list.R:11:3' [success]
2026-08-15T08:32:44.8994490Z   'test-list.R:14:3' [success]
2026-08-15T08:32:44.9062080Z   'test-list.R:17:3' [success]
2026-08-15T08:32:44.9133620Z   'test-list.R:20:3' [success]
2026-08-15T08:32:44.9205940Z   'test-list.R:23:3' [success]
2026-08-15T08:32:44.9267890Z   'test-list.R:29:3' [success]
2026-08-15T08:32:44.9283120Z End test: one-level lists can be read
2026-08-15T08:32:44.9283280Z 
2026-08-15T08:32:44.9290780Z Start test: rel_filter() handles LIST logical type
2026-08-15T08:32:44.9553310Z   'test-list.R:44:3' [success]
2026-08-15T08:32:44.9567900Z End test: rel_filter() handles LIST logical type
2026-08-15T08:32:44.9568070Z 
2026-08-15T08:32:44.9618280Z Start test: maps can be read
2026-08-15T08:32:44.9840310Z   'test-map.R:10:3' [success]
2026-08-15T08:32:44.9917800Z   'test-map.R:23:3' [success]
2026-08-15T08:32:44.9995040Z   'test-map.R:38:3' [success]
2026-08-15T08:32:45.0011070Z End test: maps can be read
2026-08-15T08:32:45.0011390Z 
2026-08-15T08:32:45.0019590Z Start test: maps can be written with dbAppendTable (#200)
2026-08-15T08:32:45.0286970Z   'test-map.R:65:3' [success]
2026-08-15T08:32:45.0378050Z   'test-map.R:66:3' [success]
2026-08-15T08:32:45.0393780Z End test: maps can be written with dbAppendTable (#200)
2026-08-15T08:32:45.0394030Z 
2026-08-15T08:32:45.0401180Z Start test: maps can be round-tripped via dbAppendTable (#200)
2026-08-15T08:32:45.0670320Z   'test-map.R:87:3' [success]
2026-08-15T08:32:45.0728830Z   'test-map.R:88:3' [success]
2026-08-15T08:32:45.0790210Z   'test-map.R:90:5' [success]
2026-08-15T08:32:45.0851730Z   'test-map.R:90:5' [success]
2026-08-15T08:32:45.0870620Z End test: maps can be round-tripped via dbAppendTable (#200)
2026-08-15T08:32:45.0870860Z 
2026-08-15T08:32:45.0878270Z Start test: maps with NULL values can be written (#200)
2026-08-15T08:32:45.1139680Z   'test-map.R:110:3' [success]
2026-08-15T08:32:45.1195880Z   'test-map.R:111:3' [success]
2026-08-15T08:32:45.1251450Z   'test-map.R:115:3' [success]
2026-08-15T08:32:45.1267440Z End test: maps with NULL values can be written (#200)
2026-08-15T08:32:45.1267770Z 
2026-08-15T08:32:45.1275050Z Start test: maps with non-character keys/values can be written (#200)
2026-08-15T08:32:45.1533850Z   'test-map.R:129:3' [success]
2026-08-15T08:32:45.1549370Z End test: maps with non-character keys/values can be written (#200)
2026-08-15T08:32:45.1549690Z 
2026-08-15T08:32:45.1557070Z Start test: maps can be written with dbWriteTable and field.types (#200)
2026-08-15T08:32:45.2013920Z   'test-map.R:144:3' [success]
2026-08-15T08:32:45.2086730Z   'test-map.R:147:3' [success]
2026-08-15T08:32:45.2106810Z End test: maps can be written with dbWriteTable and field.types (#200)
2026-08-15T08:32:45.2107050Z 
2026-08-15T08:32:45.2114750Z Start test: non-map columns alongside map columns still work (#200)
2026-08-15T08:32:45.2374400Z   'test-map.R:173:3' [success]
2026-08-15T08:32:45.2426990Z   'test-map.R:174:3' [success]
2026-08-15T08:32:45.2482310Z   'test-map.R:175:3' [success]
2026-08-15T08:32:45.2537480Z   'test-map.R:179:3' [success]
2026-08-15T08:32:45.2553000Z End test: non-map columns alongside map columns still work (#200)
2026-08-15T08:32:45.2553220Z 
2026-08-15T08:32:45.2560350Z Start test: structs give the same results via Arrow
2026-08-15T08:32:45.2817510Z   'test-map.R:198:3' [success]
2026-08-15T08:32:45.2908320Z   'test-map.R:215:3' [success]
2026-08-15T08:32:45.2994180Z   'test-map.R:234:3' [success]
2026-08-15T08:32:45.3008830Z End test: structs give the same results via Arrow
2026-08-15T08:32:45.3009020Z 
2026-08-15T08:32:45.3016350Z Start test: empty maps can be read
2026-08-15T08:32:45.3236830Z   'test-map.R:255:3' [success]
2026-08-15T08:32:45.3305660Z   'test-map.R:268:3' [success]
2026-08-15T08:32:45.3321250Z End test: empty maps can be read
2026-08-15T08:32:45.3321410Z 
2026-08-15T08:32:45.3328700Z Start test: NULL maps can be read
2026-08-15T08:32:45.3581480Z   'test-map.R:286:3' [success]
2026-08-15T08:32:45.3647880Z   'test-map.R:292:3' [success]
2026-08-15T08:32:45.3662260Z End test: NULL maps can be read
2026-08-15T08:32:45.3662400Z 
2026-08-15T08:32:45.3669760Z Start test: maps with NULL values can be read
2026-08-15T08:32:45.3888170Z   'test-map.R:310:3' [success]
2026-08-15T08:32:45.3901870Z End test: maps with NULL values can be read
2026-08-15T08:32:45.3902030Z 
2026-08-15T08:32:45.3909250Z Start test: maps preserve key insertion order
2026-08-15T08:32:45.4128610Z   'test-map.R:326:3' [success]
2026-08-15T08:32:45.4143860Z End test: maps preserve key insertion order
2026-08-15T08:32:45.4144050Z 
2026-08-15T08:32:45.4151250Z Start test: maps with various key and value types can be read
2026-08-15T08:32:45.4370020Z   'test-map.R:338:3' [success]
2026-08-15T08:32:45.4431800Z   'test-map.R:344:3' [success]
2026-08-15T08:32:45.4495080Z   'test-map.R:353:3' [success]
2026-08-15T08:32:45.4557490Z   'test-map.R:359:3' [success]
2026-08-15T08:32:45.4603580Z   'test-map.R:360:3' [success]
2026-08-15T08:32:45.4649920Z   'test-map.R:361:3' [success]
2026-08-15T08:32:45.4665470Z End test: maps with various key and value types can be read
2026-08-15T08:32:45.4665670Z 
2026-08-15T08:32:45.4673360Z Start test: BIGINT values in maps respect the bigint connection option
2026-08-15T08:32:45.4894750Z   'test-map.R:369:3' [success]
2026-08-15T08:32:45.5127720Z   'test-map.R:380:3' [success]
2026-08-15T08:32:45.5147630Z End test: BIGINT values in maps respect the bigint connection option
2026-08-15T08:32:45.5147980Z 
2026-08-15T08:32:45.5155340Z Start test: maps with nested value types can be read
2026-08-15T08:32:45.5377070Z   'test-map.R:398:3' [success]
2026-08-15T08:32:45.5473050Z   'test-map.R:410:3' [success]
2026-08-15T08:32:45.5535920Z   'test-map.R:422:3' [success]
2026-08-15T08:32:45.5549750Z End test: maps with nested value types can be read
2026-08-15T08:32:45.5550050Z 
2026-08-15T08:32:45.5557480Z Start test: maps nested inside structs can be read
2026-08-15T08:32:45.5776120Z   'test-map.R:440:3' [success]
2026-08-15T08:32:45.5790560Z End test: maps nested inside structs can be read
2026-08-15T08:32:45.5790840Z 
2026-08-15T08:32:45.5798040Z Start test: maps nested inside lists can be read
2026-08-15T08:32:45.6016870Z   'test-map.R:460:3' [success]
2026-08-15T08:32:45.6031140Z End test: maps nested inside lists can be read
2026-08-15T08:32:45.6031440Z 
2026-08-15T08:32:45.6038700Z Start test: map column type is reported by DESCRIBE
2026-08-15T08:32:45.6263430Z   'test-map.R:474:3' [success]
2026-08-15T08:32:45.6316110Z   'test-map.R:475:3' [success]
2026-08-15T08:32:45.6331540Z End test: map column type is reported by DESCRIBE
2026-08-15T08:32:45.6331790Z 
2026-08-15T08:32:45.6341190Z Start test: duplicate map keys are rejected by DuckDB
2026-08-15T08:32:45.6720460Z   'test-map.R:480:3' [success]
2026-08-15T08:32:45.6730040Z End test: duplicate map keys are rejected by DuckDB
2026-08-15T08:32:45.6730290Z 
2026-08-15T08:32:45.6738230Z Start test: dbConnect(map = "list_of") returns vctrs::list_of for MAP columns
2026-08-15T08:32:45.6952160Z   'test-map.R:494:3' [success]
2026-08-15T08:32:45.7009260Z   'test-map.R:495:3' [success]
2026-08-15T08:32:45.7105770Z   'test-map.R:499:3' [success]
2026-08-15T08:32:45.7119960Z End test: dbConnect(map = "list_of") returns vctrs::list_of for MAP columns
2026-08-15T08:32:45.7120210Z 
2026-08-15T08:32:45.7127260Z Start test: dbConnect(map = "list_of") preserves NULL and empty MAP cells
2026-08-15T08:32:45.7340650Z   'test-map.R:516:3' [success]
2026-08-15T08:32:45.7395080Z   'test-map.R:517:3' [success]
2026-08-15T08:32:45.7446670Z   'test-map.R:521:3' [success]
2026-08-15T08:32:45.7499960Z   'test-map.R:522:3' [success]
2026-08-15T08:32:45.7514830Z End test: dbConnect(map = "list_of") preserves NULL and empty MAP cells
2026-08-15T08:32:45.7515120Z 
2026-08-15T08:32:45.7522580Z Start test: dbConnect default `map` keeps MAP columns as plain data.frame lists
2026-08-15T08:32:45.7739790Z   'test-map.R:531:3' [success]
2026-08-15T08:32:45.7783860Z   'test-map.R:532:3' [success]
2026-08-15T08:32:45.7799320Z End test: dbConnect default `map` keeps MAP columns as plain data.frame lists
2026-08-15T08:32:45.7799960Z 
2026-08-15T08:32:45.7806890Z Start test: dbConnect(map = "list_of") works with nested key/value types
2026-08-15T08:32:45.8018940Z   'test-map.R:544:3' [success]
2026-08-15T08:32:45.8064300Z   'test-map.R:546:3' [success]
2026-08-15T08:32:45.8113120Z   'test-map.R:547:3' [success]
2026-08-15T08:32:45.8128500Z End test: dbConnect(map = "list_of") works with nested key/value types
2026-08-15T08:32:45.8128730Z 
2026-08-15T08:32:45.8136140Z Start test: dbConnect(map = ...) rejects unknown values
2026-08-15T08:32:45.8356610Z   'test-map.R:551:3' [success]
2026-08-15T08:32:45.8366210Z End test: dbConnect(map = ...) rejects unknown values
2026-08-15T08:32:45.8366400Z 
2026-08-15T08:32:45.8373970Z Start test: dbDataType reports MAP for vctrs::list_of with key/value ptype
2026-08-15T08:32:45.8600160Z   'test-map.R:569:3' [success]
2026-08-15T08:32:45.8660600Z   'test-map.R:583:3' [success]
2026-08-15T08:32:45.8676050Z End test: dbDataType reports MAP for vctrs::list_of with key/value ptype
2026-08-15T08:32:45.8676300Z 
2026-08-15T08:32:45.8683810Z Start test: dbDataType ignores vctrs::list_of without key/value ptype
2026-08-15T08:32:45.8935680Z   'test-map.R:592:3' [success]
2026-08-15T08:32:45.8993740Z   'test-map.R:598:3' [success]
2026-08-15T08:32:45.9007990Z End test: dbDataType ignores vctrs::list_of without key/value ptype
2026-08-15T08:32:45.9008230Z 
2026-08-15T08:32:45.9015430Z Start test: dbCreateTable on a list_of column creates a MAP column
2026-08-15T08:32:45.9247230Z   'test-map.R:617:3' [success]
2026-08-15T08:32:45.9261520Z End test: dbCreateTable on a list_of column creates a MAP column
2026-08-15T08:32:45.9261740Z 
2026-08-15T08:32:45.9268960Z Start test: dbWriteTable on a list_of column creates and populates a MAP column
2026-08-15T08:32:45.9683290Z   'test-map.R:643:3' [success]
2026-08-15T08:32:45.9748550Z   'test-map.R:648:3' [success]
2026-08-15T08:32:45.9805650Z   'test-map.R:649:3' [success]
2026-08-15T08:32:45.9859290Z   'test-map.R:653:3' [success]
2026-08-15T08:32:45.9915910Z   'test-map.R:654:3' [success]
2026-08-15T08:32:45.9931890Z End test: dbWriteTable on a list_of column creates and populates a MAP column
2026-08-15T08:32:45.9932180Z 
2026-08-15T08:32:45.9939510Z Start test: `map = "list_of"` round-trips a MAP column through dbWriteTable (#200)
2026-08-15T08:32:46.0164920Z   'test-map.R:675:3' [success]
2026-08-15T08:32:46.0452630Z   'test-map.R:678:3' [success]
2026-08-15T08:32:46.0506080Z   'test-map.R:684:3' [success]
2026-08-15T08:32:46.0561190Z   'test-map.R:685:3' [success]
2026-08-15T08:32:46.0614550Z   'test-map.R:690:7' [success]
2026-08-15T08:32:46.0667650Z   'test-map.R:688:7' [success]
2026-08-15T08:32:46.0722890Z   'test-map.R:690:7' [success]
2026-08-15T08:32:46.0739000Z End test: `map = "list_of"` round-trips a MAP column through dbWriteTable (#200)
2026-08-15T08:32:46.0739260Z 
2026-08-15T08:32:46.0746770Z Start test: `map = "list_of"` scans named-list cells as MAP entries
2026-08-15T08:32:46.1003080Z   'test-map.R:708:3' [success]
2026-08-15T08:32:46.1059120Z   'test-map.R:709:3' [success]
2026-08-15T08:32:46.1116670Z   'test-map.R:713:3' [success]
2026-08-15T08:32:46.1173000Z   'test-map.R:714:3' [success]
2026-08-15T08:32:46.1187810Z End test: `map = "list_of"` scans named-list cells as MAP entries
2026-08-15T08:32:46.1188070Z 
2026-08-15T08:32:46.1195520Z Start test: `map = "list_of"` scan ignores unnamed list columns
2026-08-15T08:32:46.1454180Z   'test-map.R:729:3' [success]
2026-08-15T08:32:46.1469040Z End test: `map = "list_of"` scan ignores unnamed list columns
2026-08-15T08:32:46.1469270Z 
2026-08-15T08:32:46.1476500Z Start test: `map = "list_of"` scan does not promote partly-unnamed lists
2026-08-15T08:32:46.1697740Z   'test-map.R:743:3' [success]
2026-08-15T08:32:46.1711390Z End test: `map = "list_of"` scan does not promote partly-unnamed lists
2026-08-15T08:32:46.1711660Z 
2026-08-15T08:32:46.1718980Z Start test: `map = "list_of"` scan keeps data.frame(key, value) cells working
2026-08-15T08:32:46.1971870Z   'test-map.R:761:3' [success]
2026-08-15T08:32:46.1985910Z End test: `map = "list_of"` scan keeps data.frame(key, value) cells working
2026-08-15T08:32:46.1986200Z 
2026-08-15T08:32:46.1993430Z Start test: default `map` does not interpret named lists as MAP entries
2026-08-15T08:32:46.2217340Z   'test-map.R:776:3' [success]
2026-08-15T08:32:46.2231340Z End test: default `map` does not interpret named lists as MAP entries
2026-08-15T08:32:46.2231650Z 
2026-08-15T08:32:46.2238800Z Start test: dbAppendTable can write to a MAP column (issue #200)
2026-08-15T08:32:46.2492740Z   'test-map.R:800:3' [success]
2026-08-15T08:32:46.2548500Z   'test-map.R:801:3' [success]
2026-08-15T08:32:46.2564590Z End test: dbAppendTable can write to a MAP column (issue #200)
2026-08-15T08:32:46.2564820Z 
2026-08-15T08:32:46.2572500Z Start test: dbWriteTable of a MAP-shaped data frame creates STRUCT[], not MAP
2026-08-15T08:32:46.3008140Z   'test-map.R:818:3' [success]
2026-08-15T08:32:46.3024300Z End test: dbWriteTable of a MAP-shaped data frame creates STRUCT[], not MAP
2026-08-15T08:32:46.3024570Z 
2026-08-15T08:32:46.3032160Z Start test: dbCreateTable of a MAP-shaped data frame creates VARCHAR, not MAP
2026-08-15T08:32:46.3262610Z   'test-map.R:831:3' [success]
2026-08-15T08:32:46.3311810Z End test: dbCreateTable of a MAP-shaped data frame creates VARCHAR, not MAP
2026-08-15T08:32:46.3312070Z 
2026-08-15T08:32:46.3319040Z Start test: duckdb_register exposes list-of-data.frame as STRUCT[], not MAP
2026-08-15T08:32:46.3540140Z   'test-map.R:841:3' [success]
2026-08-15T08:32:46.3553780Z End test: duckdb_register exposes list-of-data.frame as STRUCT[], not MAP
2026-08-15T08:32:46.3554040Z 
2026-08-15T08:32:46.3561280Z Start test: duckdb_register exposes list of named atomic vectors as plain list
2026-08-15T08:32:46.3779840Z   'test-map.R:856:3' [success]
2026-08-15T08:32:46.3793530Z End test: duckdb_register exposes list of named atomic vectors as plain list
2026-08-15T08:32:46.3793790Z 
2026-08-15T08:32:46.3800930Z Start test: dbDataType reports STRING for MAP-shaped R values
2026-08-15T08:32:46.4012270Z   'test-map.R:862:3' [success]
2026-08-15T08:32:46.4064790Z   'test-map.R:866:3' [success]
2026-08-15T08:32:46.4079110Z End test: dbDataType reports STRING for MAP-shaped R values
2026-08-15T08:32:46.4079310Z 
2026-08-15T08:32:46.4087410Z Start test: casting STRUCT(key, value)[] to MAP is unsupported (issue #200)
2026-08-15T08:32:46.4467400Z   'test-map.R:874:3' [success]
2026-08-15T08:32:46.4476830Z End test: casting STRUCT(key, value)[] to MAP is unsupported (issue #200)
2026-08-15T08:32:46.4477070Z 
2026-08-15T08:32:46.4484280Z Start test: map_from_entries() is a working SQL-side workaround (issue #200)
2026-08-15T08:32:46.4731690Z   'test-map.R:900:3' [success]
2026-08-15T08:32:46.4797280Z   'test-map.R:904:3' [success]
2026-08-15T08:32:46.4813480Z End test: map_from_entries() is a working SQL-side workaround (issue #200)
2026-08-15T08:32:46.4813730Z 
2026-08-15T08:32:46.4821240Z Start test: read-then-write round-trip via duckdb_register preserves values
2026-08-15T08:32:46.5051940Z   'test-map.R:926:3' [success]
2026-08-15T08:32:46.5156300Z   'test-map.R:927:3' [success]
2026-08-15T08:32:46.5211230Z   'test-map.R:928:3' [success]
2026-08-15T08:32:46.5264270Z   'test-map.R:929:3' [success]
2026-08-15T08:32:46.5279050Z End test: read-then-write round-trip via duckdb_register preserves values
2026-08-15T08:32:46.5279310Z 
2026-08-15T08:32:46.5314020Z Start test: empty statement gives an error
2026-08-15T08:32:46.5594890Z   'test-multi_statement.R:6:3' [success]
2026-08-15T08:32:46.5609920Z End test: empty statement gives an error
2026-08-15T08:32:46.5610100Z 
2026-08-15T08:32:46.5617550Z Start test: multiple statements can be used in one call
2026-08-15T08:32:46.5837090Z   'test-multi_statement.R:17:3' [success]
2026-08-15T08:32:46.5963780Z   'test-multi_statement.R:18:3' [success]
2026-08-15T08:32:46.5979350Z End test: multiple statements can be used in one call
2026-08-15T08:32:46.5979650Z 
2026-08-15T08:32:46.5987280Z Start test: statements can be splitted apart correctly
2026-08-15T08:32:46.6303510Z   'test-multi_statement.R:26:3' [success]
2026-08-15T08:32:46.6318540Z End test: statements can be splitted apart correctly
2026-08-15T08:32:46.6318850Z 
2026-08-15T08:32:46.6326180Z Start test: export/import database works
2026-08-15T08:32:46.6373770Z   'test-multi_statement.R:44:3' [skip]
2026-08-15T08:32:46.6383070Z End test: export/import database works
2026-08-15T08:32:46.6383390Z 
2026-08-15T08:32:46.6409170Z Start test: test null bytes in strings
2026-08-15T08:32:46.6723090Z   'test-null_byte.R:3:3' [success]
2026-08-15T08:32:46.6737360Z End test: test null bytes in strings
2026-08-15T08:32:46.6737530Z 
2026-08-15T08:32:46.6760050Z Start test: as.numeric treats values as doubles
2026-08-15T08:32:46.7094480Z   'test-numeric.R:12:3' [success]
2026-08-15T08:32:46.7108590Z End test: as.numeric treats values as doubles
2026-08-15T08:32:46.7108850Z 
2026-08-15T08:32:46.7133100Z Start test: parquet reader works on the notorious userdata1 file
2026-08-15T08:32:46.7369120Z   'test-parquet.R:4:3' [success]
2026-08-15T08:32:46.7383260Z End test: parquet reader works on the notorious userdata1 file
2026-08-15T08:32:46.7383470Z 
2026-08-15T08:32:46.7390830Z Start test: parquet reader works with the binary as string flag
2026-08-15T08:32:46.8139150Z   'test-parquet.R:14:3' [success]
2026-08-15T08:32:46.8154320Z End test: parquet reader works with the binary as string flag
2026-08-15T08:32:46.8154580Z 
2026-08-15T08:32:46.8162020Z Start test: parquet reader handles TIME WITH TIME ZONE columns (#1807)
2026-08-15T08:32:46.8393110Z   'test-parquet.R:34:3' [success]
2026-08-15T08:32:46.8445570Z   'test-parquet.R:35:3' [success]
2026-08-15T08:32:46.8463080Z End test: parquet reader handles TIME WITH TIME ZONE columns (#1807)
2026-08-15T08:32:46.8463470Z 
2026-08-15T08:32:46.8471720Z Start test: duckdb_write_parquet() works as expected
2026-08-15T08:32:46.8818130Z   'test-parquet.R:56:3' [success]
2026-08-15T08:32:46.8900890Z   'test-parquet.R:66:3' [success]
2026-08-15T08:32:46.8917750Z End test: duckdb_write_parquet() works as expected
2026-08-15T08:32:46.8918050Z 
2026-08-15T08:32:46.8926390Z Start test: duckdb rel_to_parquet() throws error with no file name
2026-08-15T08:32:46.9202980Z   'test-parquet.R:74:3' [success]
2026-08-15T08:32:46.9220650Z End test: duckdb rel_to_parquet() throws error with no file name
2026-08-15T08:32:46.9221000Z 
2026-08-15T08:32:46.9228630Z Start test: duckdb rel_to_parquet() allows multiple files (#1015)
2026-08-15T08:32:46.9496410Z   'test-parquet.R:95:3' [success]
2026-08-15T08:32:46.9514080Z End test: duckdb rel_to_parquet() allows multiple files (#1015)
2026-08-15T08:32:46.9514420Z 
2026-08-15T08:32:46.9565170Z Start test: progress display
2026-08-15T08:32:46.9636260Z   'test-progress_display.R:7:5' [success]
2026-08-15T08:32:46.9729620Z   'test-progress_display.R:11:3' [success]
2026-08-15T08:32:46.9782670Z   'test-progress_display.R:11:3' [success]
2026-08-15T08:32:46.9887380Z   'test-progress_display.R:17:3' [success]
2026-08-15T08:32:46.9939000Z   'test-progress_display.R:17:3' [success]
2026-08-15T08:32:46.9995590Z   'test-progress_display.R:25:3' [success]
2026-08-15T08:32:47.0102940Z   'test-progress_display.R:28:3' [success]
2026-08-15T08:32:47.0170660Z   'test-progress_display.R:31:3' [success]
2026-08-15T08:32:47.0233130Z   'test-progress_display.R:35:3' [success]
2026-08-15T08:32:47.0246060Z End test: progress display
2026-08-15T08:32:47.0247600Z 
2026-08-15T08:32:47.0254800Z Start test: a handle collected while the display is created does not deadlock
2026-08-15T08:32:47.2244000Z   'test-progress_display.R:52:3' [error]
2026-08-15T08:32:47.2261920Z End test: a handle collected while the display is created does not deadlock
2026-08-15T08:32:47.2262320Z 
2026-08-15T08:32:47.2308190Z Start test: duckdb_read_csv() works as expected
2026-08-15T08:32:47.2371370Z   'test-read.R:2:3' [skip]
2026-08-15T08:32:47.2383830Z End test: duckdb_read_csv() works as expected
2026-08-15T08:32:47.2384340Z 
2026-08-15T08:32:47.2394360Z Start test: duckdb_read_csv
2026-08-15T08:32:47.2465370Z   'test-read.R:140:3' [skip]
2026-08-15T08:32:47.2477090Z End test: duckdb_read_csv
2026-08-15T08:32:47.2477310Z 
2026-08-15T08:32:47.2512870Z Start test: read_only flag and shutdown works as expected
2026-08-15T08:32:47.2575360Z   'test-readonly.R:2:3' [skip]
2026-08-15T08:32:47.2587590Z End test: read_only flag and shutdown works as expected
2026-08-15T08:32:47.2587870Z 
2026-08-15T08:32:47.2597460Z Start test: read_only flag does not throw error when rel_sql is called
2026-08-15T08:32:47.3310680Z   'test-readonly.R:72:3' [success]
2026-08-15T08:32:47.3342920Z End test: read_only flag does not throw error when rel_sql is called
2026-08-15T08:32:47.3362990Z 
2026-08-15T08:32:47.3364720Z Start test: read_only flag still throws error when table is attempted to be created
2026-08-15T08:32:47.4172820Z   'test-readonly.R:86:3' [success]
2026-08-15T08:32:47.4203260Z End test: read_only flag still throws error when table is attempted to be created
2026-08-15T08:32:47.4203710Z 
2026-08-15T08:32:47.4329070Z Start test: duckdb_register_arrow() works
2026-08-15T08:32:47.4400100Z   'test-register_arrow.R:11:3' [skip]
2026-08-15T08:32:47.4413440Z End test: duckdb_register_arrow() works
2026-08-15T08:32:47.4413870Z 
2026-08-15T08:32:47.4425020Z Start test: duckdb_register_arrow() works with record_batch_readers
2026-08-15T08:32:47.4494300Z   'test-register_arrow.R:38:3' [skip]
2026-08-15T08:32:47.4505990Z End test: duckdb_register_arrow() works with record_batch_readers
2026-08-15T08:32:47.4506450Z 
2026-08-15T08:32:47.4516150Z Start test: duckdb_register_arrow() works with scanner
2026-08-15T08:32:47.4574270Z   'test-register_arrow.R:63:3' [skip]
2026-08-15T08:32:47.4583760Z End test: duckdb_register_arrow() works with scanner
2026-08-15T08:32:47.4584000Z 
2026-08-15T08:32:47.4592180Z Start test: duckdb_register_arrow() works with datasets
2026-08-15T08:32:47.4893770Z   'test-register_arrow.R:99:3' [success]
2026-08-15T08:32:47.4983680Z   'test-register_arrow.R:103:3' [success]
2026-08-15T08:32:47.5001320Z End test: duckdb_register_arrow() works with datasets
2026-08-15T08:32:47.5001610Z 
2026-08-15T08:32:47.5010560Z Start test: duckdb_register_arrow() works with datasets and async arrow scanner
2026-08-15T08:32:47.5290180Z   'test-register_arrow.R:119:3' [success]
2026-08-15T08:32:47.5369380Z   'test-register_arrow.R:123:3' [success]
2026-08-15T08:32:47.5391590Z End test: duckdb_register_arrow() works with datasets and async arrow scanner
2026-08-15T08:32:47.5391880Z 
2026-08-15T08:32:47.5399190Z Start test: duckdb_register_arrow() performs projection pushdown
2026-08-15T08:32:47.5659050Z   'test-register_arrow.R:143:3' [success]
2026-08-15T08:32:47.5739490Z   'test-register_arrow.R:150:3' [success]
2026-08-15T08:32:47.5755520Z End test: duckdb_register_arrow() performs projection pushdown
2026-08-15T08:32:47.5755750Z 
2026-08-15T08:32:47.5763400Z Start test: duckdb_register_arrow() performs selection pushdown
2026-08-15T08:32:47.6065190Z   'test-register_arrow.R:169:3' [success]
2026-08-15T08:32:47.6153660Z   'test-register_arrow.R:176:3' [success]
2026-08-15T08:32:47.6168580Z End test: duckdb_register_arrow() performs selection pushdown
2026-08-15T08:32:47.6168830Z 
2026-08-15T08:32:47.6176370Z Start test: duckdb_register_arrow() performs selection pushdown numeric types
2026-08-15T08:32:47.6447840Z   'test-register_arrow.R:284:5' [success]
2026-08-15T08:32:47.6531340Z   'test-register_arrow.R:284:5' [success]
2026-08-15T08:32:47.6614020Z   'test-register_arrow.R:284:5' [success]
2026-08-15T08:32:47.6697340Z   'test-register_arrow.R:284:5' [success]
2026-08-15T08:32:47.6780940Z   'test-register_arrow.R:284:5' [success]
2026-08-15T08:32:47.6855980Z   'test-register_arrow.R:284:5' [success]
2026-08-15T08:32:47.6932280Z   'test-register_arrow.R:284:5' [success]
2026-08-15T08:32:47.7069600Z   'test-register_arrow.R:284:5' [success]
2026-08-15T08:32:47.7169950Z   'test-register_arrow.R:284:5' [success]
2026-08-15T08:32:47.7242970Z   'test-register_arrow.R:284:5' [success]
2026-08-15T08:32:47.7562180Z   'test-register_arrow.R:284:5' [success]
2026-08-15T08:32:47.7645890Z   'test-register_arrow.R:284:5' [success]
2026-08-15T08:32:47.7730710Z   'test-register_arrow.R:284:5' [success]
2026-08-15T08:32:47.7814360Z   'test-register_arrow.R:284:5' [success]
2026-08-15T08:32:47.7898790Z   'test-register_arrow.R:284:5' [success]
2026-08-15T08:32:47.8008960Z   'test-register_arrow.R:284:5' [success]
2026-08-15T08:32:47.8082100Z   'test-register_arrow.R:284:5' [success]
2026-08-15T08:32:47.8177790Z   'test-register_arrow.R:284:5' [success]
2026-08-15T08:32:47.8280320Z   'test-register_arrow.R:284:5' [success]
2026-08-15T08:32:47.8353300Z   'test-register_arrow.R:284:5' [success]
2026-08-15T08:32:47.8613700Z   'test-register_arrow.R:284:5' [success]
2026-08-15T08:32:47.8699210Z   'test-register_arrow.R:284:5' [success]
2026-08-15T08:32:47.8781830Z   'test-register_arrow.R:284:5' [success]
2026-08-15T08:32:47.8867650Z   'test-register_arrow.R:284:5' [success]
2026-08-15T08:32:47.8985950Z   'test-register_arrow.R:284:5' [success]
2026-08-15T08:32:47.9059900Z   'test-register_arrow.R:284:5' [success]
2026-08-15T08:32:47.9131270Z   'test-register_arrow.R:284:5' [success]
2026-08-15T08:32:47.9221500Z   'test-register_arrow.R:284:5' [success]
2026-08-15T08:32:47.9322000Z   'test-register_arrow.R:284:5' [success]
2026-08-15T08:32:47.9397900Z   'test-register_arrow.R:284:5' [success]
2026-08-15T08:32:47.9668200Z   'test-register_arrow.R:284:5' [success]
2026-08-15T08:32:47.9753980Z   'test-register_arrow.R:284:5' [success]
2026-08-15T08:32:47.9838400Z   'test-register_arrow.R:284:5' [success]
2026-08-15T08:32:47.9960180Z   'test-register_arrow.R:284:5' [success]
2026-08-15T08:32:48.0042070Z   'test-register_arrow.R:284:5' [success]
2026-08-15T08:32:48.0115700Z   'test-register_arrow.R:284:5' [success]
2026-08-15T08:32:48.0189240Z   'test-register_arrow.R:284:5' [success]
2026-08-15T08:32:48.0303460Z   'test-register_arrow.R:284:5' [success]
2026-08-15T08:32:48.0406230Z   'test-register_arrow.R:284:5' [success]
2026-08-15T08:32:48.0482140Z   'test-register_arrow.R:284:5' [success]
2026-08-15T08:32:48.0741590Z   'test-register_arrow.R:284:5' [success]
2026-08-15T08:32:48.0827470Z   'test-register_arrow.R:284:5' [success]
2026-08-15T08:32:48.1067520Z   'test-register_arrow.R:284:5' [success]
2026-08-15T08:32:48.1150580Z   'test-register_arrow.R:284:5' [success]
2026-08-15T08:32:48.1232040Z   'test-register_arrow.R:284:5' [success]
2026-08-15T08:32:48.1304620Z   'test-register_arrow.R:284:5' [success]
2026-08-15T08:32:48.1376370Z   'test-register_arrow.R:284:5' [success]
2026-08-15T08:32:48.1468750Z   'test-register_arrow.R:284:5' [success]
2026-08-15T08:32:48.1572010Z   'test-register_arrow.R:284:5' [success]
2026-08-15T08:32:48.1646540Z   'test-register_arrow.R:284:5' [success]
2026-08-15T08:32:48.1906710Z   'test-register_arrow.R:284:5' [success]
2026-08-15T08:32:48.2026660Z   'test-register_arrow.R:284:5' [success]
2026-08-15T08:32:48.2118770Z   'test-register_arrow.R:284:5' [success]
2026-08-15T08:32:48.2202740Z   'test-register_arrow.R:284:5' [success]
2026-08-15T08:32:48.2284460Z   'test-register_arrow.R:284:5' [success]
2026-08-15T08:32:48.2356180Z   'test-register_arrow.R:284:5' [success]
2026-08-15T08:32:48.2428770Z   'test-register_arrow.R:284:5' [success]
2026-08-15T08:32:48.2522120Z   'test-register_arrow.R:284:5' [success]
2026-08-15T08:32:48.2623860Z   'test-register_arrow.R:284:5' [success]
2026-08-15T08:32:48.2699300Z   'test-register_arrow.R:284:5' [success]
2026-08-15T08:32:48.2958380Z   'test-register_arrow.R:284:5' [success]
2026-08-15T08:32:48.3085740Z   'test-register_arrow.R:284:5' [success]
2026-08-15T08:32:48.3167630Z   'test-register_arrow.R:284:5' [success]
2026-08-15T08:32:48.3248680Z   'test-register_arrow.R:284:5' [success]
2026-08-15T08:32:48.3329720Z   'test-register_arrow.R:284:5' [success]
2026-08-15T08:32:48.3402170Z   'test-register_arrow.R:284:5' [success]
2026-08-15T08:32:48.3473800Z   'test-register_arrow.R:284:5' [success]
2026-08-15T08:32:48.3567140Z   'test-register_arrow.R:284:5' [success]
2026-08-15T08:32:48.3668860Z   'test-register_arrow.R:284:5' [success]
2026-08-15T08:32:48.3743180Z   'test-register_arrow.R:284:5' [success]
2026-08-15T08:32:48.4046280Z   'test-register_arrow.R:284:5' [success]
2026-08-15T08:32:48.4131350Z   'test-register_arrow.R:284:5' [success]
2026-08-15T08:32:48.4213980Z   'test-register_arrow.R:284:5' [success]
2026-08-15T08:32:48.4297140Z   'test-register_arrow.R:284:5' [success]
2026-08-15T08:32:48.4379730Z   'test-register_arrow.R:284:5' [success]
2026-08-15T08:32:48.4452620Z   'test-register_arrow.R:284:5' [success]
2026-08-15T08:32:48.4526560Z   'test-register_arrow.R:284:5' [success]
2026-08-15T08:32:48.4622220Z   'test-register_arrow.R:284:5' [success]
2026-08-15T08:32:48.4725070Z   'test-register_arrow.R:284:5' [success]
2026-08-15T08:32:48.4800580Z   'test-register_arrow.R:284:5' [success]
2026-08-15T08:32:48.5104520Z   'test-register_arrow.R:284:5' [success]
2026-08-15T08:32:48.5186500Z   'test-register_arrow.R:284:5' [success]
2026-08-15T08:32:48.5280380Z   'test-register_arrow.R:284:5' [success]
2026-08-15T08:32:48.5365130Z   'test-register_arrow.R:284:5' [success]
2026-08-15T08:32:48.5446500Z   'test-register_arrow.R:284:5' [success]
2026-08-15T08:32:48.5520330Z   'test-register_arrow.R:284:5' [success]
2026-08-15T08:32:48.5595000Z   'test-register_arrow.R:284:5' [success]
2026-08-15T08:32:48.5689050Z   'test-register_arrow.R:284:5' [success]
2026-08-15T08:32:48.5791750Z   'test-register_arrow.R:284:5' [success]
2026-08-15T08:32:48.5910140Z   'test-register_arrow.R:284:5' [success]
2026-08-15T08:32:48.6172590Z   'test-register_arrow.R:284:5' [success]
2026-08-15T08:32:48.6254730Z   'test-register_arrow.R:284:5' [success]
2026-08-15T08:32:48.6335320Z   'test-register_arrow.R:284:5' [success]
2026-08-15T08:32:48.6416880Z   'test-register_arrow.R:284:5' [success]
2026-08-15T08:32:48.6500570Z   'test-register_arrow.R:284:5' [success]
2026-08-15T08:32:48.6575130Z   'test-register_arrow.R:284:5' [success]
2026-08-15T08:32:48.6649110Z   'test-register_arrow.R:284:5' [success]
2026-08-15T08:32:48.6742050Z   'test-register_arrow.R:284:5' [success]
2026-08-15T08:32:48.6883600Z   'test-register_arrow.R:284:5' [success]
2026-08-15T08:32:48.6963690Z   'test-register_arrow.R:284:5' [success]
2026-08-15T08:32:48.7223000Z   'test-register_arrow.R:284:5' [success]
2026-08-15T08:32:48.7305700Z   'test-register_arrow.R:284:5' [success]
2026-08-15T08:32:48.7387230Z   'test-register_arrow.R:284:5' [success]
2026-08-15T08:32:48.7469070Z   'test-register_arrow.R:284:5' [success]
2026-08-15T08:32:48.7552060Z   'test-register_arrow.R:284:5' [success]
2026-08-15T08:32:48.7626870Z   'test-register_arrow.R:284:5' [success]
2026-08-15T08:32:48.7699720Z   'test-register_arrow.R:284:5' [success]
2026-08-15T08:32:48.7793960Z   'test-register_arrow.R:284:5' [success]
2026-08-15T08:32:48.7938090Z   'test-register_arrow.R:284:5' [success]
2026-08-15T08:32:48.8011180Z   'test-register_arrow.R:284:5' [success]
2026-08-15T08:32:48.8027020Z End test: duckdb_register_arrow() performs selection pushdown numeric types
2026-08-15T08:32:48.8027400Z 
2026-08-15T08:32:48.8034890Z Start test: duckdb_register_arrow() performs selection pushdown decimal types
2026-08-15T08:32:48.8287620Z   'test-register_arrow.R:296:5' [success]
2026-08-15T08:32:48.8359140Z   'test-register_arrow.R:296:5' [success]
2026-08-15T08:32:48.8432480Z   'test-register_arrow.R:296:5' [success]
2026-08-15T08:32:48.8506720Z   'test-register_arrow.R:296:5' [success]
2026-08-15T08:32:48.8580160Z   'test-register_arrow.R:296:5' [success]
2026-08-15T08:32:48.8654960Z   'test-register_arrow.R:296:5' [success]
2026-08-15T08:32:48.8727900Z   'test-register_arrow.R:296:5' [success]
2026-08-15T08:32:48.8804810Z   'test-register_arrow.R:296:5' [success]
2026-08-15T08:32:48.8924870Z   'test-register_arrow.R:296:5' [success]
2026-08-15T08:32:48.8999830Z   'test-register_arrow.R:296:5' [success]
2026-08-15T08:32:48.9248450Z   'test-register_arrow.R:296:5' [success]
2026-08-15T08:32:48.9320330Z   'test-register_arrow.R:296:5' [success]
2026-08-15T08:32:48.9392030Z   'test-register_arrow.R:296:5' [success]
2026-08-15T08:32:48.9463570Z   'test-register_arrow.R:296:5' [success]
2026-08-15T08:32:48.9537840Z   'test-register_arrow.R:296:5' [success]
2026-08-15T08:32:48.9611720Z   'test-register_arrow.R:296:5' [success]
2026-08-15T08:32:48.9685500Z   'test-register_arrow.R:296:5' [success]
2026-08-15T08:32:48.9760000Z   'test-register_arrow.R:296:5' [success]
2026-08-15T08:32:48.9834070Z   'test-register_arrow.R:296:5' [success]
2026-08-15T08:32:48.9952750Z   'test-register_arrow.R:296:5' [success]
2026-08-15T08:32:49.0203550Z   'test-register_arrow.R:296:5' [success]
2026-08-15T08:32:49.0274720Z   'test-register_arrow.R:296:5' [success]
2026-08-15T08:32:49.0347170Z   'test-register_arrow.R:296:5' [success]
2026-08-15T08:32:49.0419160Z   'test-register_arrow.R:296:5' [success]
2026-08-15T08:32:49.0492520Z   'test-register_arrow.R:296:5' [success]
2026-08-15T08:32:49.0566860Z   'test-register_arrow.R:296:5' [success]
2026-08-15T08:32:49.0642040Z   'test-register_arrow.R:296:5' [success]
2026-08-15T08:32:49.0717060Z   'test-register_arrow.R:296:5' [success]
2026-08-15T08:32:49.0792050Z   'test-register_arrow.R:296:5' [success]
2026-08-15T08:32:49.0908630Z   'test-register_arrow.R:296:5' [success]
2026-08-15T08:32:49.1173920Z   'test-register_arrow.R:296:5' [success]
2026-08-15T08:32:49.1255530Z   'test-register_arrow.R:296:5' [success]
2026-08-15T08:32:49.1337800Z   'test-register_arrow.R:296:5' [success]
2026-08-15T08:32:49.1419320Z   'test-register_arrow.R:296:5' [success]
2026-08-15T08:32:49.1502080Z   'test-register_arrow.R:296:5' [success]
2026-08-15T08:32:49.1576130Z   'test-register_arrow.R:296:5' [success]
2026-08-15T08:32:49.1650630Z   'test-register_arrow.R:296:5' [success]
2026-08-15T08:32:49.1743470Z   'test-register_arrow.R:296:5' [success]
2026-08-15T08:32:49.1848630Z   'test-register_arrow.R:296:5' [success]
2026-08-15T08:32:49.1967050Z   'test-register_arrow.R:296:5' [success]
2026-08-15T08:32:49.1981940Z End test: duckdb_register_arrow() performs selection pushdown decimal types
2026-08-15T08:32:49.1982230Z 
2026-08-15T08:32:49.1989600Z Start test: duckdb_register_arrow() performs selection pushdown varchar type
2026-08-15T08:32:49.2250210Z   'test-register_arrow.R:316:3' [success]
2026-08-15T08:32:49.2331490Z   'test-register_arrow.R:321:3' [success]
2026-08-15T08:32:49.2412090Z   'test-register_arrow.R:326:3' [success]
2026-08-15T08:32:49.2494800Z   'test-register_arrow.R:331:3' [success]
2026-08-15T08:32:49.2577840Z   'test-register_arrow.R:336:3' [success]
2026-08-15T08:32:49.2651580Z   'test-register_arrow.R:342:3' [success]
2026-08-15T08:32:49.2726290Z   'test-register_arrow.R:347:3' [success]
2026-08-15T08:32:49.2821820Z   'test-register_arrow.R:353:3' [success]
2026-08-15T08:32:49.2968480Z   'test-register_arrow.R:359:3' [success]
2026-08-15T08:32:49.3043330Z   'test-register_arrow.R:367:3' [success]
2026-08-15T08:32:49.3058040Z End test: duckdb_register_arrow() performs selection pushdown varchar type
2026-08-15T08:32:49.3058330Z 
2026-08-15T08:32:49.3065590Z Start test: duckdb_register_arrow() performs selection pushdown bool type
2026-08-15T08:32:49.3319050Z   'test-register_arrow.R:394:3' [success]
2026-08-15T08:32:49.3390440Z   'test-register_arrow.R:400:3' [success]
2026-08-15T08:32:49.3463290Z   'test-register_arrow.R:405:3' [success]
2026-08-15T08:32:49.3563520Z   'test-register_arrow.R:411:3' [success]
2026-08-15T08:32:49.3638900Z   'test-register_arrow.R:418:3' [success]
2026-08-15T08:32:49.3648440Z End test: duckdb_register_arrow() performs selection pushdown bool type
2026-08-15T08:32:49.3648770Z 
2026-08-15T08:32:49.3656140Z Start test: duckdb_register_arrow() performs selection pushdown time type
2026-08-15T08:32:49.3902000Z   'test-register_arrow.R:439:3' [success]
2026-08-15T08:32:49.3974210Z   'test-register_arrow.R:444:3' [success]
2026-08-15T08:32:49.4098700Z   'test-register_arrow.R:449:3' [success]
2026-08-15T08:32:49.4176540Z   'test-register_arrow.R:454:3' [success]
2026-08-15T08:32:49.4248850Z   'test-register_arrow.R:459:3' [success]
2026-08-15T08:32:49.4320560Z   'test-register_arrow.R:465:3' [success]
2026-08-15T08:32:49.4391740Z   'test-register_arrow.R:470:3' [success]
2026-08-15T08:32:49.4464930Z   'test-register_arrow.R:476:3' [success]
2026-08-15T08:32:49.4540570Z   'test-register_arrow.R:483:3' [success]
2026-08-15T08:32:49.4617910Z   'test-register_arrow.R:490:3' [success]
2026-08-15T08:32:49.4693190Z   'test-register_arrow.R:498:3' [success]
2026-08-15T08:32:49.4707890Z End test: duckdb_register_arrow() performs selection pushdown time type
2026-08-15T08:32:49.4708230Z 
2026-08-15T08:32:49.4715590Z Start test: duckdb_register_arrow() performs selection pushdown timestamp type
2026-08-15T08:32:49.4980920Z   'test-register_arrow.R:528:3' [success]
2026-08-15T08:32:49.5110560Z   'test-register_arrow.R:536:3' [success]
2026-08-15T08:32:49.5192860Z   'test-register_arrow.R:544:3' [success]
2026-08-15T08:32:49.5274620Z   'test-register_arrow.R:552:3' [success]
2026-08-15T08:32:49.5364040Z   'test-register_arrow.R:560:3' [success]
2026-08-15T08:32:49.5439610Z   'test-register_arrow.R:569:3' [success]
2026-08-15T08:32:49.5511170Z   'test-register_arrow.R:574:3' [success]
2026-08-15T08:32:49.5604830Z   'test-register_arrow.R:580:3' [success]
2026-08-15T08:32:49.5708750Z   'test-register_arrow.R:587:3' [success]
2026-08-15T08:32:49.5782760Z   'test-register_arrow.R:595:3' [success]
2026-08-15T08:32:49.5799020Z End test: duckdb_register_arrow() performs selection pushdown timestamp type
2026-08-15T08:32:49.5799280Z 
2026-08-15T08:32:49.5806890Z Start test: duckdb_register_arrow() performs selection pushdown timestamptz type
2026-08-15T08:32:49.6109970Z   'test-register_arrow.R:625:3' [success]
2026-08-15T08:32:49.6195740Z   'test-register_arrow.R:633:3' [success]
2026-08-15T08:32:49.6278730Z   'test-register_arrow.R:641:3' [success]
2026-08-15T08:32:49.6360960Z   'test-register_arrow.R:649:3' [success]
2026-08-15T08:32:49.6444560Z   'test-register_arrow.R:657:3' [success]
2026-08-15T08:32:49.6525560Z   'test-register_arrow.R:666:3' [success]
2026-08-15T08:32:49.6610960Z   'test-register_arrow.R:671:3' [success]
2026-08-15T08:32:49.6713190Z   'test-register_arrow.R:677:3' [success]
2026-08-15T08:32:49.6815970Z   'test-register_arrow.R:684:3' [success]
2026-08-15T08:32:49.6892460Z   'test-register_arrow.R:692:3' [success]
2026-08-15T08:32:49.6907530Z End test: duckdb_register_arrow() performs selection pushdown timestamptz type
2026-08-15T08:32:49.6907800Z 
2026-08-15T08:32:49.6915370Z Start test: duckdb_register_arrow() performs selection pushdown date type
2026-08-15T08:32:49.7220690Z   'test-register_arrow.R:719:3' [success]
2026-08-15T08:32:49.7304290Z   'test-register_arrow.R:726:3' [success]
2026-08-15T08:32:49.7387110Z   'test-register_arrow.R:733:3' [success]
2026-08-15T08:32:49.7468020Z   'test-register_arrow.R:740:3' [success]
2026-08-15T08:32:49.7550130Z   'test-register_arrow.R:747:3' [success]
2026-08-15T08:32:49.7624790Z   'test-register_arrow.R:755:3' [success]
2026-08-15T08:32:49.7698840Z   'test-register_arrow.R:760:3' [success]
2026-08-15T08:32:49.7792610Z   'test-register_arrow.R:766:3' [success]
2026-08-15T08:32:49.7895250Z   'test-register_arrow.R:773:3' [success]
2026-08-15T08:32:49.8015810Z   'test-register_arrow.R:781:3' [success]
2026-08-15T08:32:49.8031050Z End test: duckdb_register_arrow() performs selection pushdown date type
2026-08-15T08:32:49.8031300Z 
2026-08-15T08:32:49.8038900Z Start test: duckdb_register_arrow() under many threads
2026-08-15T08:32:49.8285070Z   'test-register_arrow.R:799:3' [success]
2026-08-15T08:32:49.8350110Z   'test-register_arrow.R:803:3' [success]
2026-08-15T08:32:49.8415920Z   'test-register_arrow.R:807:3' [success]
2026-08-15T08:32:49.8433570Z End test: duckdb_register_arrow() under many threads
2026-08-15T08:32:49.8433760Z 
2026-08-15T08:32:49.8441410Z Start test: we can unregister in finalizers yay
2026-08-15T08:32:49.9961160Z   'test-register_arrow.R:836:3' [success]
2026-08-15T08:32:49.9975650Z End test: we can unregister in finalizers yay
2026-08-15T08:32:49.9976320Z 
2026-08-15T08:32:49.9983740Z Start test: we can list registered arrow tables
2026-08-15T08:32:50.0212640Z   'test-register_arrow.R:844:3' [success]
2026-08-15T08:32:50.0266350Z   'test-register_arrow.R:849:3' [success]
2026-08-15T08:32:50.0321760Z   'test-register_arrow.R:852:3' [success]
2026-08-15T08:32:50.0379050Z   'test-register_arrow.R:855:3' [success]
2026-08-15T08:32:50.0393360Z End test: we can list registered arrow tables
2026-08-15T08:32:50.0393670Z 
2026-08-15T08:32:50.0401010Z Start test: registered tables must be unique
2026-08-15T08:32:50.0631680Z   'test-register_arrow.R:864:3' [success]
2026-08-15T08:32:50.0748450Z   'test-register_arrow.R:867:3' [success]
2026-08-15T08:32:50.0763840Z End test: registered tables must be unique
2026-08-15T08:32:50.0764150Z 
2026-08-15T08:32:50.0771940Z Start test: duckdb can read arrow timestamps
2026-08-15T08:32:50.1014140Z   'test-register_arrow.R:888:7' [success]
2026-08-15T08:32:50.1072430Z   'test-register_arrow.R:895:5' [success]
2026-08-15T08:32:50.1184610Z   'test-register_arrow.R:902:5' [success]
2026-08-15T08:32:50.1238400Z   'test-register_arrow.R:903:5' [success]
2026-08-15T08:32:50.1290900Z   'test-register_arrow.R:904:5' [success]
2026-08-15T08:32:50.1343900Z   'test-register_arrow.R:905:5' [success]
2026-08-15T08:32:50.1396270Z   'test-register_arrow.R:906:5' [success]
2026-08-15T08:32:50.1448930Z   'test-register_arrow.R:907:5' [success]
2026-08-15T08:32:50.1520950Z   'test-register_arrow.R:888:7' [success]
2026-08-15T08:32:50.1577250Z   'test-register_arrow.R:895:5' [success]
2026-08-15T08:32:50.1654200Z   'test-register_arrow.R:902:5' [success]
2026-08-15T08:32:50.1709020Z   'test-register_arrow.R:903:5' [success]
2026-08-15T08:32:50.1762940Z   'test-register_arrow.R:904:5' [success]
2026-08-15T08:32:50.1819000Z   'test-register_arrow.R:905:5' [success]
2026-08-15T08:32:50.1907330Z   'test-register_arrow.R:906:5' [success]
2026-08-15T08:32:50.1961780Z   'test-register_arrow.R:907:5' [success]
2026-08-15T08:32:50.2032620Z   'test-register_arrow.R:888:7' [success]
2026-08-15T08:32:50.2087270Z   'test-register_arrow.R:895:5' [success]
2026-08-15T08:32:50.2165430Z   'test-register_arrow.R:902:5' [success]
2026-08-15T08:32:50.2220470Z   'test-register_arrow.R:903:5' [success]
2026-08-15T08:32:50.2272900Z   'test-register_arrow.R:904:5' [success]
2026-08-15T08:32:50.2327890Z   'test-register_arrow.R:905:5' [success]
2026-08-15T08:32:50.2382160Z   'test-register_arrow.R:906:5' [success]
2026-08-15T08:32:50.2436980Z   'test-register_arrow.R:907:5' [success]
2026-08-15T08:32:50.2533730Z   'test-register_arrow.R:884:7' [success]
2026-08-15T08:32:50.2591010Z   'test-register_arrow.R:895:5' [success]
2026-08-15T08:32:50.2701300Z   'test-register_arrow.R:902:5' [success]
2026-08-15T08:32:50.2755900Z   'test-register_arrow.R:903:5' [success]
2026-08-15T08:32:50.2808310Z   'test-register_arrow.R:904:5' [success]
2026-08-15T08:32:50.2862960Z   'test-register_arrow.R:905:5' [success]
2026-08-15T08:32:50.2915680Z   'test-register_arrow.R:906:5' [success]
2026-08-15T08:32:50.2968260Z   'test-register_arrow.R:907:5' [success]
2026-08-15T08:32:50.2982970Z End test: duckdb can read arrow timestamps
2026-08-15T08:32:50.2983280Z 
2026-08-15T08:32:50.2991370Z Start test: duckdb can read arrow timestamptz
2026-08-15T08:32:50.3037360Z   'test-register_arrow.R:914:3' [skip]
2026-08-15T08:32:50.3046600Z End test: duckdb can read arrow timestamptz
2026-08-15T08:32:50.3046900Z 
2026-08-15T08:32:50.3054820Z Start test: OR and IN predicates are pushed down to registered Arrow tables
2026-08-15T08:32:50.3310940Z   'test-register_arrow.R:963:3' [success]
2026-08-15T08:32:50.3413810Z   'test-register_arrow.R:970:3' [success]
2026-08-15T08:32:50.3507660Z   'test-register_arrow.R:977:3' [success]
2026-08-15T08:32:50.3626630Z   'test-register_arrow.R:984:3' [success]
2026-08-15T08:32:50.3636580Z End test: OR and IN predicates are pushed down to registered Arrow tables
2026-08-15T08:32:50.3636870Z 
2026-08-15T08:32:50.3644260Z Start test: long IN lists on registered Arrow tables degrade gracefully
2026-08-15T08:32:50.4664470Z   'test-register_arrow.R:1007:3' [success]
2026-08-15T08:32:50.4756290Z   'test-register_arrow.R:1017:3' [success]
2026-08-15T08:32:50.4765830Z End test: long IN lists on registered Arrow tables degrade gracefully
2026-08-15T08:32:50.4766220Z 
2026-08-15T08:32:50.4788720Z Start test: we can register a data frame on a read only connection
2026-08-15T08:32:50.5308850Z   'test-register_readonly.R:9:3' [success]
2026-08-15T08:32:50.5323470Z End test: we can register a data frame on a read only connection
2026-08-15T08:32:50.5323740Z 
2026-08-15T08:32:50.5349800Z Start test: duckdb_register() works
2026-08-15T08:32:50.5587700Z   'test-register.R:8:3' [success]
2026-08-15T08:32:50.5661420Z   'test-register.R:14:3' [success]
2026-08-15T08:32:50.5770190Z   'test-register.R:20:3' [success]
2026-08-15T08:32:50.5887270Z   'test-register.R:23:3' [success]
2026-08-15T08:32:50.5956300Z   'test-register.R:28:3' [success]
2026-08-15T08:32:50.6012650Z   'test-register.R:35:3' [success]
2026-08-15T08:32:50.6027190Z End test: duckdb_register() works
2026-08-15T08:32:50.6028270Z 
2026-08-15T08:32:50.6035960Z Start test: various error cases for duckdb_register()
2026-08-15T08:32:50.6082320Z   'test-register.R:40:3' [skip]
2026-08-15T08:32:50.6091470Z End test: various error cases for duckdb_register()
2026-08-15T08:32:50.6091770Z 
2026-08-15T08:32:50.6099770Z Start test: uppercase data frames are queryable
2026-08-15T08:32:50.6332750Z   'test-register.R:66:3' [success]
2026-08-15T08:32:50.6348760Z End test: uppercase data frames are queryable
2026-08-15T08:32:50.6349030Z 
2026-08-15T08:32:50.6356510Z Start test: experimental string handling works
2026-08-15T08:32:50.6597210Z   'test-register.R:76:3' [success]
2026-08-15T08:32:50.6661230Z   'test-register.R:77:3' [success]
2026-08-15T08:32:50.6676630Z End test: experimental string handling works
2026-08-15T08:32:50.6676950Z 
2026-08-15T08:32:50.6684380Z Start test: can register list of NULL values
2026-08-15T08:32:50.6904060Z   'test-register.R:86:3' [success]
2026-08-15T08:32:50.6960390Z   'test-register.R:87:3' [success]
2026-08-15T08:32:50.7064820Z   'test-register.R:89:3' [success]
2026-08-15T08:32:50.7079660Z End test: can register list of NULL values
2026-08-15T08:32:50.7079920Z 
2026-08-15T08:32:50.7463130Z Start test: relational anti_join(join_by(a)) order-preserving
2026-08-15T08:32:50.7698530Z   'test-rel_api.R:74:3' [success]
2026-08-15T08:32:50.7712760Z End test: relational anti_join(join_by(a)) order-preserving
2026-08-15T08:32:50.7713090Z 
2026-08-15T08:32:50.7720290Z Start test: relational anti_join(join_by(a)) order-enforcing
2026-08-15T08:32:50.7948600Z   'test-rel_api.R:115:3' [success]
2026-08-15T08:32:50.7962910Z End test: relational anti_join(join_by(a)) order-enforcing
2026-08-15T08:32:50.7963130Z 
2026-08-15T08:32:50.7970400Z Start test: relational arrange() order-preserving
2026-08-15T08:32:50.8188350Z   'test-rel_api.R:134:3' [success]
2026-08-15T08:32:50.8202340Z End test: relational arrange() order-preserving
2026-08-15T08:32:50.8202680Z 
2026-08-15T08:32:50.8210040Z Start test: relational arrange(a) order-preserving
2026-08-15T08:32:50.8490090Z   'test-rel_api.R:200:3' [success]
2026-08-15T08:32:50.8504920Z End test: relational arrange(a) order-preserving
2026-08-15T08:32:50.8505220Z 
2026-08-15T08:32:50.8512650Z Start test: relational arrange(g) order-preserving
2026-08-15T08:32:50.8740600Z   'test-rel_api.R:266:3' [success]
2026-08-15T08:32:50.8755310Z End test: relational arrange(g) order-preserving
2026-08-15T08:32:50.8755520Z 
2026-08-15T08:32:50.8763250Z Start test: relational arrange(g, a) order-preserving
2026-08-15T08:32:50.8992090Z   'test-rel_api.R:335:3' [success]
2026-08-15T08:32:50.9006320Z End test: relational arrange(g, a) order-preserving
2026-08-15T08:32:50.9006640Z 
2026-08-15T08:32:50.9014320Z Start test: relational arrange(a, g) order-preserving
2026-08-15T08:32:50.9294600Z   'test-rel_api.R:404:3' [success]
2026-08-15T08:32:50.9310860Z End test: relational arrange(a, g) order-preserving
2026-08-15T08:32:50.9311550Z 
2026-08-15T08:32:50.9319070Z Start test: relational arrange() order-enforcing
2026-08-15T08:32:50.9542430Z   'test-rel_api.R:430:3' [success]
2026-08-15T08:32:50.9556320Z End test: relational arrange() order-enforcing
2026-08-15T08:32:50.9556620Z 
2026-08-15T08:32:50.9563900Z Start test: relational arrange(a) order-enforcing
2026-08-15T08:32:50.9784580Z   'test-rel_api.R:454:3' [success]
2026-08-15T08:32:50.9798850Z End test: relational arrange(a) order-enforcing
2026-08-15T08:32:50.9799130Z 
2026-08-15T08:32:50.9806650Z Start test: relational arrange(g) order-enforcing
2026-08-15T08:32:51.0027470Z   'test-rel_api.R:478:3' [success]
2026-08-15T08:32:51.0041730Z End test: relational arrange(g) order-enforcing
2026-08-15T08:32:51.0042070Z 
2026-08-15T08:32:51.0049510Z Start test: relational arrange(g, a) order-enforcing
2026-08-15T08:32:51.0279150Z   'test-rel_api.R:502:3' [success]
2026-08-15T08:32:51.0293580Z End test: relational arrange(g, a) order-enforcing
2026-08-15T08:32:51.0293900Z 
2026-08-15T08:32:51.0301500Z Start test: relational arrange(a, g) order-enforcing
2026-08-15T08:32:51.0523540Z   'test-rel_api.R:526:3' [success]
2026-08-15T08:32:51.0537860Z End test: relational arrange(a, g) order-enforcing
2026-08-15T08:32:51.0538110Z 
2026-08-15T08:32:51.0545600Z Start test: relational count() order-preserving
2026-08-15T08:32:51.0768250Z   'test-rel_api.R:558:3' [success]
2026-08-15T08:32:51.0783320Z End test: relational count() order-preserving
2026-08-15T08:32:51.0783540Z 
2026-08-15T08:32:51.0791180Z Start test: relational count(a) order-preserving
2026-08-15T08:32:51.1024290Z   'test-rel_api.R:605:3' [success]
2026-08-15T08:32:51.1038530Z End test: relational count(a) order-preserving
2026-08-15T08:32:51.1038790Z 
2026-08-15T08:32:51.1046330Z Start test: relational count(b) order-preserving
2026-08-15T08:32:51.1315060Z   'test-rel_api.R:652:3' [success]
2026-08-15T08:32:51.1330230Z End test: relational count(b) order-preserving
2026-08-15T08:32:51.1330520Z 
2026-08-15T08:32:51.1338200Z Start test: relational count(g) order-preserving
2026-08-15T08:32:51.1564360Z   'test-rel_api.R:699:3' [success]
2026-08-15T08:32:51.1578210Z End test: relational count(g) order-preserving
2026-08-15T08:32:51.1578480Z 
2026-08-15T08:32:51.1585930Z Start test: relational count(g, a) order-preserving
2026-08-15T08:32:51.1812580Z   'test-rel_api.R:756:3' [success]
2026-08-15T08:32:51.1826960Z End test: relational count(g, a) order-preserving
2026-08-15T08:32:51.1827250Z 
2026-08-15T08:32:51.1834520Z Start test: relational count(b, g) order-preserving
2026-08-15T08:32:51.2064590Z   'test-rel_api.R:813:3' [success]
2026-08-15T08:32:51.2078400Z End test: relational count(b, g) order-preserving
2026-08-15T08:32:51.2078630Z 
2026-08-15T08:32:51.2086070Z Start test: relational count() order-enforcing
2026-08-15T08:32:51.2317880Z   'test-rel_api.R:847:3' [success]
2026-08-15T08:32:51.2333180Z End test: relational count() order-enforcing
2026-08-15T08:32:51.2333440Z 
2026-08-15T08:32:51.2341020Z Start test: relational count(a) order-enforcing
2026-08-15T08:32:51.2573720Z   'test-rel_api.R:896:3' [success]
2026-08-15T08:32:51.2591720Z End test: relational count(a) order-enforcing
2026-08-15T08:32:51.2592010Z 
2026-08-15T08:32:51.2600700Z Start test: relational count(b) order-enforcing
2026-08-15T08:32:51.2871350Z   'test-rel_api.R:945:3' [success]
2026-08-15T08:32:51.2889680Z End test: relational count(b) order-enforcing
2026-08-15T08:32:51.2889970Z 
2026-08-15T08:32:51.2898590Z Start test: relational count(g) order-enforcing
2026-08-15T08:32:51.3172390Z   'test-rel_api.R:994:3' [success]
2026-08-15T08:32:51.3190570Z End test: relational count(g) order-enforcing
2026-08-15T08:32:51.3190870Z 
2026-08-15T08:32:51.3198630Z Start test: relational count(g, a) order-enforcing
2026-08-15T08:32:51.3517280Z   'test-rel_api.R:1056:3' [success]
2026-08-15T08:32:51.3535640Z End test: relational count(g, a) order-enforcing
2026-08-15T08:32:51.3535870Z 
2026-08-15T08:32:51.3544680Z Start test: relational count(b, g) order-enforcing
2026-08-15T08:32:51.3811780Z   'test-rel_api.R:1118:3' [success]
2026-08-15T08:32:51.3830490Z End test: relational count(b, g) order-enforcing
2026-08-15T08:32:51.3830740Z 
2026-08-15T08:32:51.3838980Z Start test: relational distinct() order-preserving
2026-08-15T08:32:51.4224820Z   'test-rel_api.R:1242:3' [success]
2026-08-15T08:32:51.4244540Z End test: relational distinct() order-preserving
2026-08-15T08:32:51.4244800Z 
2026-08-15T08:32:51.4253320Z Start test: relational distinct(a) order-preserving
2026-08-15T08:32:51.4577450Z   'test-rel_api.R:1334:3' [success]
2026-08-15T08:32:51.4595610Z End test: relational distinct(a) order-preserving
2026-08-15T08:32:51.4595860Z 
2026-08-15T08:32:51.4604420Z Start test: relational distinct(a, b) order-preserving
2026-08-15T08:32:51.4922770Z   'test-rel_api.R:1441:3' [success]
2026-08-15T08:32:51.4939430Z End test: relational distinct(a, b) order-preserving
2026-08-15T08:32:51.4939690Z 
2026-08-15T08:32:51.4948330Z Start test: relational distinct(b, b) order-preserving
2026-08-15T08:32:51.5266780Z   'test-rel_api.R:1533:3' [success]
2026-08-15T08:32:51.5284360Z End test: relational distinct(b, b) order-preserving
2026-08-15T08:32:51.5284660Z 
2026-08-15T08:32:51.5293060Z Start test: relational distinct(g) order-preserving
2026-08-15T08:32:51.5620750Z   'test-rel_api.R:1625:3' [success]
2026-08-15T08:32:51.5638990Z End test: relational distinct(g) order-preserving
2026-08-15T08:32:51.5639240Z 
2026-08-15T08:32:51.5647500Z Start test: relational union_all(data.frame(a = 1L, b = 3, g = 2L)) %>% distinct(g) order-preserving
2026-08-15T08:32:51.6108190Z   'test-rel_api.R:1811:3' [success]
2026-08-15T08:32:51.6126160Z End test: relational union_all(data.frame(a = 1L, b = 3, g = 2L)) %>% distinct(g) order-preserving
2026-08-15T08:32:51.6126500Z 
2026-08-15T08:32:51.6133880Z Start test: relational union_all(data.frame(a = 1L, b = 4, g = 2L)) %>% distinct(g) order-preserving
2026-08-15T08:32:51.6484120Z   'test-rel_api.R:1997:3' [success]
2026-08-15T08:32:51.6499550Z End test: relational union_all(data.frame(a = 1L, b = 4, g = 2L)) %>% distinct(g) order-preserving
2026-08-15T08:32:51.6499870Z 
2026-08-15T08:32:51.6507320Z Start test: relational union_all(data.frame(a = 1L, b = 5, g = 2L)) %>% distinct(g) order-preserving
2026-08-15T08:32:51.6854880Z   'test-rel_api.R:2183:3' [success]
2026-08-15T08:32:51.6869800Z End test: relational union_all(data.frame(a = 1L, b = 5, g = 2L)) %>% distinct(g) order-preserving
2026-08-15T08:32:51.6870140Z 
2026-08-15T08:32:51.6877280Z Start test: relational union_all(data.frame(a = 1L, b = 6, g = 2L)) %>% distinct(g) order-preserving
2026-08-15T08:32:51.7227650Z   'test-rel_api.R:2369:3' [success]
2026-08-15T08:32:51.7242370Z End test: relational union_all(data.frame(a = 1L, b = 6, g = 2L)) %>% distinct(g) order-preserving
2026-08-15T08:32:51.7242710Z 
2026-08-15T08:32:51.7250120Z Start test: relational union_all(data.frame(a = 1L, b = 7, g = 2L)) %>% distinct(g) order-preserving
2026-08-15T08:32:51.7599770Z   'test-rel_api.R:2555:3' [success]
2026-08-15T08:32:51.7619470Z End test: relational union_all(data.frame(a = 1L, b = 7, g = 2L)) %>% distinct(g) order-preserving
2026-08-15T08:32:51.7619840Z 
2026-08-15T08:32:51.7622930Z Start test: relational distinct(g, .keep_all = TRUE) order-preserving
2026-08-15T08:32:51.7892000Z   'test-rel_api.R:2667:3' [success]
2026-08-15T08:32:51.7906480Z End test: relational distinct(g, .keep_all = TRUE) order-preserving
2026-08-15T08:32:51.7906750Z 
2026-08-15T08:32:51.7914750Z Start test: relational distinct() order-enforcing
2026-08-15T08:32:51.8141560Z   'test-rel_api.R:2693:3' [success]
2026-08-15T08:32:51.8156420Z End test: relational distinct() order-enforcing
2026-08-15T08:32:51.8156730Z 
2026-08-15T08:32:51.8164190Z Start test: relational distinct(a) order-enforcing
2026-08-15T08:32:51.8387860Z   'test-rel_api.R:2725:3' [success]
2026-08-15T08:32:51.8441570Z End test: relational distinct(a) order-enforcing
2026-08-15T08:32:51.8441820Z 
2026-08-15T08:32:51.8449030Z Start test: relational distinct(a, b) order-enforcing
2026-08-15T08:32:51.8673450Z   'test-rel_api.R:2762:3' [success]
2026-08-15T08:32:51.8688020Z End test: relational distinct(a, b) order-enforcing
2026-08-15T08:32:51.8688220Z 
2026-08-15T08:32:51.8695770Z Start test: relational distinct(b, b) order-enforcing
2026-08-15T08:32:51.8920350Z   'test-rel_api.R:2794:3' [success]
2026-08-15T08:32:51.8934910Z End test: relational distinct(b, b) order-enforcing
2026-08-15T08:32:51.8935140Z 
2026-08-15T08:32:51.8942470Z Start test: relational distinct(g) order-enforcing
2026-08-15T08:32:51.9165030Z   'test-rel_api.R:2826:3' [success]
2026-08-15T08:32:51.9178930Z End test: relational distinct(g) order-enforcing
2026-08-15T08:32:51.9179200Z 
2026-08-15T08:32:51.9186860Z Start test: relational union_all(data.frame(a = 1L, b = 3, g = 2L)) %>% distinct(g) order-enforcing
2026-08-15T08:32:51.9410840Z   'test-rel_api.R:2864:3' [success]
2026-08-15T08:32:51.9425510Z End test: relational union_all(data.frame(a = 1L, b = 3, g = 2L)) %>% distinct(g) order-enforcing
2026-08-15T08:32:51.9425850Z 
2026-08-15T08:32:51.9433450Z Start test: relational union_all(data.frame(a = 1L, b = 4, g = 2L)) %>% distinct(g) order-enforcing
2026-08-15T08:32:51.9659800Z   'test-rel_api.R:2902:3' [success]
2026-08-15T08:32:51.9674280Z End test: relational union_all(data.frame(a = 1L, b = 4, g = 2L)) %>% distinct(g) order-enforcing
2026-08-15T08:32:51.9674590Z 
2026-08-15T08:32:51.9682180Z Start test: relational union_all(data.frame(a = 1L, b = 5, g = 2L)) %>% distinct(g) order-enforcing
2026-08-15T08:32:51.9909570Z   'test-rel_api.R:2940:3' [success]
2026-08-15T08:32:51.9924590Z End test: relational union_all(data.frame(a = 1L, b = 5, g = 2L)) %>% distinct(g) order-enforcing
2026-08-15T08:32:51.9924890Z 
2026-08-15T08:32:51.9932440Z Start test: relational union_all(data.frame(a = 1L, b = 6, g = 2L)) %>% distinct(g) order-enforcing
2026-08-15T08:32:52.0162000Z   'test-rel_api.R:2978:3' [success]
2026-08-15T08:32:52.0176550Z End test: relational union_all(data.frame(a = 1L, b = 6, g = 2L)) %>% distinct(g) order-enforcing
2026-08-15T08:32:52.0176880Z 
2026-08-15T08:32:52.0184150Z Start test: relational union_all(data.frame(a = 1L, b = 7, g = 2L)) %>% distinct(g) order-enforcing
2026-08-15T08:32:52.0456080Z   'test-rel_api.R:3016:3' [success]
2026-08-15T08:32:52.0471390Z End test: relational union_all(data.frame(a = 1L, b = 7, g = 2L)) %>% distinct(g) order-enforcing
2026-08-15T08:32:52.0471680Z 
2026-08-15T08:32:52.0479940Z Start test: relational distinct(g, .keep_all = TRUE) order-enforcing
2026-08-15T08:32:52.0767980Z   'test-rel_api.R:3133:3' [success]
2026-08-15T08:32:52.0782500Z End test: relational distinct(g, .keep_all = TRUE) order-enforcing
2026-08-15T08:32:52.0782730Z 
2026-08-15T08:32:52.0790060Z Start test: relational filter(a == 1) order-preserving
2026-08-15T08:32:52.1055010Z   'test-rel_api.R:3208:3' [success]
2026-08-15T08:32:52.1068980Z End test: relational filter(a == 1) order-preserving
2026-08-15T08:32:52.1069190Z 
2026-08-15T08:32:52.1076400Z Start test: relational filter(a %in% 2:3, g == 2) order-preserving
2026-08-15T08:32:52.1451710Z   'test-rel_api.R:3297:3' [success]
2026-08-15T08:32:52.1466530Z End test: relational filter(a %in% 2:3, g == 2) order-preserving
2026-08-15T08:32:52.1466760Z 
2026-08-15T08:32:52.1474040Z Start test: relational filter(a %in% 2:3 & g == 2) order-preserving
2026-08-15T08:32:52.1851830Z   'test-rel_api.R:3392:3' [success]
2026-08-15T08:32:52.1867200Z End test: relational filter(a %in% 2:3 & g == 2) order-preserving
2026-08-15T08:32:52.1867430Z 
2026-08-15T08:32:52.1874710Z Start test: relational filter(a != 2 | g != 2) order-preserving
2026-08-15T08:32:52.2180030Z   'test-rel_api.R:3473:3' [success]
2026-08-15T08:32:52.2194620Z End test: relational filter(a != 2 | g != 2) order-preserving
2026-08-15T08:32:52.2194820Z 
2026-08-15T08:32:52.2202280Z Start test: relational filter(a == 1) order-enforcing
2026-08-15T08:32:52.2460070Z   'test-rel_api.R:3504:3' [success]
2026-08-15T08:32:52.2474530Z End test: relational filter(a == 1) order-enforcing
2026-08-15T08:32:52.2475060Z 
2026-08-15T08:32:52.2482430Z Start test: relational filter(a %in% 2:3, g == 2) order-enforcing
2026-08-15T08:32:52.2852570Z   'test-rel_api.R:3549:3' [success]
2026-08-15T08:32:52.2867260Z End test: relational filter(a %in% 2:3, g == 2) order-enforcing
2026-08-15T08:32:52.2867470Z 
2026-08-15T08:32:52.2875000Z Start test: relational filter(a %in% 2:3 & g == 2) order-enforcing
2026-08-15T08:32:52.3293590Z   'test-rel_api.R:3600:3' [success]
2026-08-15T08:32:52.3309330Z End test: relational filter(a %in% 2:3 & g == 2) order-enforcing
2026-08-15T08:32:52.3309690Z 
2026-08-15T08:32:52.3316960Z Start test: relational filter(a != 2 | g != 2) order-enforcing
2026-08-15T08:32:52.3614330Z   'test-rel_api.R:3637:3' [success]
2026-08-15T08:32:52.3629230Z End test: relational filter(a != 2 | g != 2) order-enforcing
2026-08-15T08:32:52.3629540Z 
2026-08-15T08:32:52.3636780Z Start test: relational full_join(join_by(a)) order-preserving
2026-08-15T08:32:52.3877480Z   'test-rel_api.R:3777:3' [success]
2026-08-15T08:32:52.3892440Z End test: relational full_join(join_by(a)) order-preserving
2026-08-15T08:32:52.3892700Z 
2026-08-15T08:32:52.3899980Z Start test: relational full_join(join_by(a)) order-enforcing
2026-08-15T08:32:52.4140450Z   'test-rel_api.R:3875:3' [success]
2026-08-15T08:32:52.4155700Z End test: relational full_join(join_by(a)) order-enforcing
2026-08-15T08:32:52.4156010Z 
2026-08-15T08:32:52.4163510Z Start test: relational inner_join(join_by(a)) order-preserving
2026-08-15T08:32:52.4406460Z   'test-rel_api.R:4015:3' [success]
2026-08-15T08:32:52.4420760Z End test: relational inner_join(join_by(a)) order-preserving
2026-08-15T08:32:52.4421020Z 
2026-08-15T08:32:52.4428820Z Start test: relational inner_join(join_by(a)) order-enforcing
2026-08-15T08:32:52.4667860Z   'test-rel_api.R:4113:3' [success]
2026-08-15T08:32:52.4682440Z End test: relational inner_join(join_by(a)) order-enforcing
2026-08-15T08:32:52.4682690Z 
2026-08-15T08:32:52.4690420Z Start test: relational intersect() order-preserving
2026-08-15T08:32:52.4978470Z   'test-rel_api.R:4277:3' [success]
2026-08-15T08:32:52.4993150Z End test: relational intersect() order-preserving
2026-08-15T08:32:52.4993450Z 
2026-08-15T08:32:52.5001100Z Start test: relational intersect() order-enforcing
2026-08-15T08:32:52.5269870Z   'test-rel_api.R:4304:3' [success]
2026-08-15T08:32:52.5284700Z End test: relational intersect() order-enforcing
2026-08-15T08:32:52.5284980Z 
2026-08-15T08:32:52.5292580Z Start test: relational left_join(join_by(a)) order-preserving
2026-08-15T08:32:52.5536010Z   'test-rel_api.R:4444:3' [success]
2026-08-15T08:32:52.5552480Z End test: relational left_join(join_by(a)) order-preserving
2026-08-15T08:32:52.5552770Z 
2026-08-15T08:32:52.5560780Z Start test: relational left_join(join_by(a)) order-enforcing
2026-08-15T08:32:52.5806740Z   'test-rel_api.R:4542:3' [success]
2026-08-15T08:32:52.5820770Z End test: relational left_join(join_by(a)) order-enforcing
2026-08-15T08:32:52.5821080Z 
2026-08-15T08:32:52.5828400Z Start test: relational mutate() order-preserving
2026-08-15T08:32:52.6046490Z   'test-rel_api.R:4561:3' [success]
2026-08-15T08:32:52.6061110Z End test: relational mutate() order-preserving
2026-08-15T08:32:52.6061320Z 
2026-08-15T08:32:52.6069080Z Start test: relational mutate(a + 1) order-preserving
2026-08-15T08:32:52.6332780Z   'test-rel_api.R:4604:3' [success]
2026-08-15T08:32:52.6347520Z End test: relational mutate(a + 1) order-preserving
2026-08-15T08:32:52.6347770Z 
2026-08-15T08:32:52.6355920Z Start test: relational mutate(a + 1, .by = g) order-preserving
2026-08-15T08:32:52.6626980Z   'test-rel_api.R:4712:3' [success]
2026-08-15T08:32:52.6641600Z End test: relational mutate(a + 1, .by = g) order-preserving
2026-08-15T08:32:52.6641910Z 
2026-08-15T08:32:52.6649270Z Start test: relational mutate(c = a + 1) order-preserving
2026-08-15T08:32:52.6908260Z   'test-rel_api.R:4761:3' [success]
2026-08-15T08:32:52.6922990Z End test: relational mutate(c = a + 1) order-preserving
2026-08-15T08:32:52.6923290Z 
2026-08-15T08:32:52.6931020Z Start test: relational mutate(`if` = a + 1) order-preserving
2026-08-15T08:32:52.7227690Z   'test-rel_api.R:4809:3' [success]
2026-08-15T08:32:52.7242410Z End test: relational mutate(`if` = a + 1) order-preserving
2026-08-15T08:32:52.7242620Z 
2026-08-15T08:32:52.7250050Z Start test: relational mutate(sum(a, na.rm = TRUE)) order-preserving
2026-08-15T08:32:52.7473420Z   'test-rel_api.R:4858:3' [success]
2026-08-15T08:32:52.7488320Z End test: relational mutate(sum(a, na.rm = TRUE)) order-preserving
2026-08-15T08:32:52.7488600Z 
2026-08-15T08:32:52.7495990Z Start test: relational mutate(sum(a, na.rm = TRUE), .by = g) order-preserving
2026-08-15T08:32:52.7726560Z   'test-rel_api.R:4966:3' [success]
2026-08-15T08:32:52.7740670Z End test: relational mutate(sum(a, na.rm = TRUE), .by = g) order-preserving
2026-08-15T08:32:52.7740920Z 
2026-08-15T08:32:52.7748260Z Start test: relational mutate(mean(a, na.rm = TRUE)) order-preserving
2026-08-15T08:32:52.7970330Z   'test-rel_api.R:5015:3' [success]
2026-08-15T08:32:52.7984590Z End test: relational mutate(mean(a, na.rm = TRUE)) order-preserving
2026-08-15T08:32:52.7984820Z 
2026-08-15T08:32:52.7992200Z Start test: relational mutate(mean(a, na.rm = TRUE), .by = g) order-preserving
2026-08-15T08:32:52.8230300Z   'test-rel_api.R:5123:3' [success]
2026-08-15T08:32:52.8245140Z End test: relational mutate(mean(a, na.rm = TRUE), .by = g) order-preserving
2026-08-15T08:32:52.8245400Z 
2026-08-15T08:32:52.8252800Z Start test: relational mutate(sd(a, na.rm = TRUE)) order-preserving
2026-08-15T08:32:52.8475820Z   'test-rel_api.R:5172:3' [success]
2026-08-15T08:32:52.8490400Z End test: relational mutate(sd(a, na.rm = TRUE)) order-preserving
2026-08-15T08:32:52.8490620Z 
2026-08-15T08:32:52.8498090Z Start test: relational mutate(sd(a, na.rm = TRUE), .by = g) order-preserving
2026-08-15T08:32:52.8729320Z   'test-rel_api.R:5280:3' [success]
2026-08-15T08:32:52.8744000Z End test: relational mutate(sd(a, na.rm = TRUE), .by = g) order-preserving
2026-08-15T08:32:52.8744260Z 
2026-08-15T08:32:52.8752000Z Start test: relational mutate(lag(a)) order-preserving
2026-08-15T08:32:52.9011930Z   'test-rel_api.R:5329:3' [success]
2026-08-15T08:32:52.9026990Z End test: relational mutate(lag(a)) order-preserving
2026-08-15T08:32:52.9027190Z 
2026-08-15T08:32:52.9034950Z Start test: relational mutate(lag(a), .by = g) order-preserving
2026-08-15T08:32:52.9342120Z   'test-rel_api.R:5437:3' [success]
2026-08-15T08:32:52.9356980Z End test: relational mutate(lag(a), .by = g) order-preserving
2026-08-15T08:32:52.9357200Z 
2026-08-15T08:32:52.9364520Z Start test: relational mutate(lead(a)) order-preserving
2026-08-15T08:32:52.9620070Z   'test-rel_api.R:5486:3' [success]
2026-08-15T08:32:52.9634280Z End test: relational mutate(lead(a)) order-preserving
2026-08-15T08:32:52.9634570Z 
2026-08-15T08:32:52.9642150Z Start test: relational mutate(lead(a), .by = g) order-preserving
2026-08-15T08:32:52.9906120Z   'test-rel_api.R:5594:3' [success]
2026-08-15T08:32:52.9920640Z End test: relational mutate(lead(a), .by = g) order-preserving
2026-08-15T08:32:52.9920900Z 
2026-08-15T08:32:52.9928320Z Start test: relational mutate(lag(a, 2)) order-preserving
2026-08-15T08:32:53.0189180Z   'test-rel_api.R:5643:3' [success]
2026-08-15T08:32:53.0203790Z End test: relational mutate(lag(a, 2)) order-preserving
2026-08-15T08:32:53.0203990Z 
2026-08-15T08:32:53.0211610Z Start test: relational mutate(lag(a, 2), .by = g) order-preserving
2026-08-15T08:32:53.0480280Z   'test-rel_api.R:5751:3' [success]
2026-08-15T08:32:53.0494890Z End test: relational mutate(lag(a, 2), .by = g) order-preserving
2026-08-15T08:32:53.0495210Z 
2026-08-15T08:32:53.0502810Z Start test: relational mutate(lead(a, 2)) order-preserving
2026-08-15T08:32:53.0762750Z   'test-rel_api.R:5800:3' [success]
2026-08-15T08:32:53.0777710Z End test: relational mutate(lead(a, 2)) order-preserving
2026-08-15T08:32:53.0778000Z 
2026-08-15T08:32:53.0785570Z Start test: relational mutate(lead(a, 2), .by = g) order-preserving
2026-08-15T08:32:53.1056510Z   'test-rel_api.R:5908:3' [success]
2026-08-15T08:32:53.1070800Z End test: relational mutate(lead(a, 2), .by = g) order-preserving
2026-08-15T08:32:53.1071080Z 
2026-08-15T08:32:53.1078630Z Start test: relational mutate(lag(a, 4)) order-preserving
2026-08-15T08:32:53.1383080Z   'test-rel_api.R:5957:3' [success]
2026-08-15T08:32:53.1397640Z End test: relational mutate(lag(a, 4)) order-preserving
2026-08-15T08:32:53.1397940Z 
2026-08-15T08:32:53.1405450Z Start test: relational mutate(lag(a, 4), .by = g) order-preserving
2026-08-15T08:32:53.1672530Z   'test-rel_api.R:6065:3' [success]
2026-08-15T08:32:53.1687380Z End test: relational mutate(lag(a, 4), .by = g) order-preserving
2026-08-15T08:32:53.1687650Z 
2026-08-15T08:32:53.1695160Z Start test: relational mutate(lead(a, 4)) order-preserving
2026-08-15T08:32:53.1950610Z   'test-rel_api.R:6114:3' [success]
2026-08-15T08:32:53.1964650Z End test: relational mutate(lead(a, 4)) order-preserving
2026-08-15T08:32:53.1964890Z 
2026-08-15T08:32:53.1972400Z Start test: relational mutate(lead(a, 4), .by = g) order-preserving
2026-08-15T08:32:53.2243700Z   'test-rel_api.R:6222:3' [success]
2026-08-15T08:32:53.2257970Z End test: relational mutate(lead(a, 4), .by = g) order-preserving
2026-08-15T08:32:53.2258280Z 
2026-08-15T08:32:53.2265580Z Start test: relational mutate(lag(a, default = 0)) order-preserving
2026-08-15T08:32:53.2556510Z   'test-rel_api.R:6271:3' [success]
2026-08-15T08:32:53.2571360Z End test: relational mutate(lag(a, default = 0)) order-preserving
2026-08-15T08:32:53.2571630Z 
2026-08-15T08:32:53.2579020Z Start test: relational mutate(lag(a, default = 0), .by = g) order-preserving
2026-08-15T08:32:53.2880650Z   'test-rel_api.R:6379:3' [success]
2026-08-15T08:32:53.2895270Z End test: relational mutate(lag(a, default = 0), .by = g) order-preserving
2026-08-15T08:32:53.2895600Z 
2026-08-15T08:32:53.2903010Z Start test: relational mutate(lead(a, default = 1000)) order-preserving
2026-08-15T08:32:53.3193440Z   'test-rel_api.R:6428:3' [success]
2026-08-15T08:32:53.3208380Z End test: relational mutate(lead(a, default = 1000)) order-preserving
2026-08-15T08:32:53.3208730Z 
2026-08-15T08:32:53.3216340Z Start test: relational mutate(lead(a, default = 1000), .by = g) order-preserving
2026-08-15T08:32:53.3518770Z   'test-rel_api.R:6536:3' [success]
2026-08-15T08:32:53.3533330Z End test: relational mutate(lead(a, default = 1000), .by = g) order-preserving
2026-08-15T08:32:53.3533620Z 
2026-08-15T08:32:53.3541060Z Start test: relational mutate(min(a, na.rm = TRUE)) order-preserving
2026-08-15T08:32:53.3804260Z   'test-rel_api.R:6585:3' [success]
2026-08-15T08:32:53.3819270Z End test: relational mutate(min(a, na.rm = TRUE)) order-preserving
2026-08-15T08:32:53.3819670Z 
2026-08-15T08:32:53.3826850Z Start test: relational mutate(min(a, na.rm = TRUE), .by = g) order-preserving
2026-08-15T08:32:53.4056750Z   'test-rel_api.R:6693:3' [success]
2026-08-15T08:32:53.4071000Z End test: relational mutate(min(a, na.rm = TRUE), .by = g) order-preserving
2026-08-15T08:32:53.4071360Z 
2026-08-15T08:32:53.4078680Z Start test: relational mutate(max(a, na.rm = TRUE)) order-preserving
2026-08-15T08:32:53.4304920Z   'test-rel_api.R:6742:3' [success]
2026-08-15T08:32:53.4319140Z End test: relational mutate(max(a, na.rm = TRUE)) order-preserving
2026-08-15T08:32:53.4319450Z 
2026-08-15T08:32:53.4326850Z Start test: relational mutate(max(a, na.rm = TRUE), .by = g) order-preserving
2026-08-15T08:32:53.4557090Z   'test-rel_api.R:6850:3' [success]
2026-08-15T08:32:53.4572170Z End test: relational mutate(max(a, na.rm = TRUE), .by = g) order-preserving
2026-08-15T08:32:53.4572450Z 
2026-08-15T08:32:53.4579710Z Start test: relational mutate(a / b) order-preserving
2026-08-15T08:32:53.4808050Z   'test-rel_api.R:6905:3' [success]
2026-08-15T08:32:53.4822960Z End test: relational mutate(a / b) order-preserving
2026-08-15T08:32:53.4823140Z 
2026-08-15T08:32:53.4830830Z Start test: relational mutate(d = 0, e = 1 / d, f = 0 / d, g = -1 / d) order-preserving
2026-08-15T08:32:53.5205180Z   'test-rel_api.R:7066:3' [success]
2026-08-15T08:32:53.5220380Z End test: relational mutate(d = 0, e = 1 / d, f = 0 / d, g = -1 / d) order-preserving
2026-08-15T08:32:53.5220650Z 
2026-08-15T08:32:53.5228160Z Start test: relational mutate(c = 0, d = -1, e = log(c), f = suppressWarnings(log(d))) order-preserving
2026-08-15T08:32:53.5535700Z   'test-rel_api.R:7224:3' [success]
2026-08-15T08:32:53.5550990Z End test: relational mutate(c = 0, d = -1, e = log(c), f = suppressWarnings(log(d))) order-preserving
2026-08-15T08:32:53.5551330Z 
2026-08-15T08:32:53.5558790Z Start test: relational mutate(c = 0, d = -1, e = log10(c), f = suppressWarnings(log10(d))) order-preserving
2026-08-15T08:32:53.5922590Z   'test-rel_api.R:7390:3' [success]
2026-08-15T08:32:53.5938750Z End test: relational mutate(c = 0, d = -1, e = log10(c), f = suppressWarnings(log10(d))) order-preserving
2026-08-15T08:32:53.5939070Z 
2026-08-15T08:32:53.5947590Z Start test: relational mutate(c = 10, d = log(c)) order-preserving
2026-08-15T08:32:53.6210180Z   'test-rel_api.R:7478:3' [success]
2026-08-15T08:32:53.6224450Z End test: relational mutate(c = 10, d = log(c)) order-preserving
2026-08-15T08:32:53.6224670Z 
2026-08-15T08:32:53.6232130Z Start test: relational mutate(c = 10, d = log10(c)) order-preserving
2026-08-15T08:32:53.6499500Z   'test-rel_api.R:7564:3' [success]
2026-08-15T08:32:53.6514280Z End test: relational mutate(c = 10, d = log10(c)) order-preserving
2026-08-15T08:32:53.6514520Z 
2026-08-15T08:32:53.6521980Z Start test: relational mutate(c = NA_character_, d = grepl('.', c)) order-preserving
2026-08-15T08:32:53.6568150Z   'test-rel_api.R:7572:3' [skip]
2026-08-15T08:32:53.6578950Z End test: relational mutate(c = NA_character_, d = grepl('.', c)) order-preserving
2026-08-15T08:32:53.6579210Z 
2026-08-15T08:32:53.6586650Z Start test: relational mutate(c = 'abbc', d = gsub('(b|c)', 'z' , c)) order-preserving
2026-08-15T08:32:53.6634870Z   'test-rel_api.R:7659:3' [skip]
2026-08-15T08:32:53.6644420Z End test: relational mutate(c = 'abbc', d = gsub('(b|c)', 'z' , c)) order-preserving
2026-08-15T08:32:53.6644700Z 
2026-08-15T08:32:53.6652110Z Start test: relational mutate(c = 'abbc', d = sub('(b|c)', 'z' , c)) order-preserving
2026-08-15T08:32:53.6699330Z   'test-rel_api.R:7749:3' [skip]
2026-08-15T08:32:53.6708650Z End test: relational mutate(c = 'abbc', d = sub('(b|c)', 'z' , c)) order-preserving
2026-08-15T08:32:53.6708910Z 
2026-08-15T08:32:53.6716300Z Start test: relational mutate(c = NA_character_, d = gsub('.', '-' , c)) order-preserving
2026-08-15T08:32:53.6763510Z   'test-rel_api.R:7839:3' [skip]
2026-08-15T08:32:53.6773320Z End test: relational mutate(c = NA_character_, d = gsub('.', '-' , c)) order-preserving
2026-08-15T08:32:53.6773580Z 
2026-08-15T08:32:53.6780990Z Start test: relational mutate(c = NA_character_, d = sub('.', '-' , c)) order-preserving
2026-08-15T08:32:53.6829910Z   'test-rel_api.R:7929:3' [skip]
2026-08-15T08:32:53.6839990Z End test: relational mutate(c = NA_character_, d = sub('.', '-' , c)) order-preserving
2026-08-15T08:32:53.6840270Z 
2026-08-15T08:32:53.6847640Z Start test: relational mutate(d = a %in% NA_real_) order-preserving
2026-08-15T08:32:53.7075180Z   'test-rel_api.R:8055:3' [success]
2026-08-15T08:32:53.7090240Z End test: relational mutate(d = a %in% NA_real_) order-preserving
2026-08-15T08:32:53.7090510Z 
2026-08-15T08:32:53.7137140Z Start test: relational mutate(d = a %in% NULL) order-preserving
2026-08-15T08:32:53.7393890Z   'test-rel_api.R:8098:3' [success]
2026-08-15T08:32:53.7409250Z End test: relational mutate(d = a %in% NULL) order-preserving
2026-08-15T08:32:53.7409490Z 
2026-08-15T08:32:53.7416590Z Start test: relational mutate(d = a %in% integer()) order-preserving
2026-08-15T08:32:53.7670400Z   'test-rel_api.R:8141:3' [success]
2026-08-15T08:32:53.7684800Z End test: relational mutate(d = a %in% integer()) order-preserving
2026-08-15T08:32:53.7685040Z 
2026-08-15T08:32:53.7692380Z Start test: relational mutate(d = NA_real_, e = is.na(d)) order-preserving
2026-08-15T08:32:53.7953010Z   'test-rel_api.R:8216:3' [success]
2026-08-15T08:32:53.7967420Z End test: relational mutate(d = NA_real_, e = is.na(d)) order-preserving
2026-08-15T08:32:53.7967710Z 
2026-08-15T08:32:53.7975160Z Start test: relational mutate(d = row_number()) order-preserving
2026-08-15T08:32:53.8202190Z   'test-rel_api.R:8271:3' [success]
2026-08-15T08:32:53.8217570Z End test: relational mutate(d = row_number()) order-preserving
2026-08-15T08:32:53.8217830Z 
2026-08-15T08:32:53.8225430Z Start test: relational mutate(d = row_number(), .by = g) order-preserving
2026-08-15T08:32:53.8459600Z   'test-rel_api.R:8379:3' [success]
2026-08-15T08:32:53.8474840Z End test: relational mutate(d = row_number(), .by = g) order-preserving
2026-08-15T08:32:53.8475170Z 
2026-08-15T08:32:53.8482550Z Start test: relational mutate(c = .data$b) order-preserving
2026-08-15T08:32:53.8704440Z   'test-rel_api.R:8427:3' [success]
2026-08-15T08:32:53.8718790Z End test: relational mutate(c = .data$b) order-preserving
2026-08-15T08:32:53.8719110Z 
2026-08-15T08:32:53.8726700Z Start test: relational mutate(d = NA) order-preserving
2026-08-15T08:32:53.8951950Z   'test-rel_api.R:8471:3' [success]
2026-08-15T08:32:53.8966730Z End test: relational mutate(d = NA) order-preserving
2026-08-15T08:32:53.8967000Z 
2026-08-15T08:32:53.8974670Z Start test: relational mutate(d = NA_integer_) order-preserving
2026-08-15T08:32:53.9272640Z   'test-rel_api.R:8514:3' [success]
2026-08-15T08:32:53.9288040Z End test: relational mutate(d = NA_integer_) order-preserving
2026-08-15T08:32:53.9292670Z 
2026-08-15T08:32:53.9296510Z Start test: relational mutate(d = NA_real_) order-preserving
2026-08-15T08:32:53.9552780Z   'test-rel_api.R:8557:3' [success]
2026-08-15T08:32:53.9566920Z End test: relational mutate(d = NA_real_) order-preserving
2026-08-15T08:32:53.9567160Z 
2026-08-15T08:32:53.9574750Z Start test: relational mutate(d = NA_character_) order-preserving
2026-08-15T08:32:53.9828920Z   'test-rel_api.R:8600:3' [success]
2026-08-15T08:32:53.9842810Z End test: relational mutate(d = NA_character_) order-preserving
2026-08-15T08:32:53.9843070Z 
2026-08-15T08:32:53.9850380Z Start test: relational mutate(d = if_else(a > 1, "ok", NA)) order-preserving
2026-08-15T08:32:54.0182150Z   'test-rel_api.R:8656:3' [success]
2026-08-15T08:32:54.0196850Z End test: relational mutate(d = if_else(a > 1, "ok", NA)) order-preserving
2026-08-15T08:32:54.0197110Z 
2026-08-15T08:32:54.0204430Z Start test: relational mutate() order-enforcing
2026-08-15T08:32:54.0427200Z   'test-rel_api.R:8685:3' [success]
2026-08-15T08:32:54.0442070Z End test: relational mutate() order-enforcing
2026-08-15T08:32:54.0442260Z 
2026-08-15T08:32:54.0449670Z Start test: relational mutate(a + 1) order-enforcing
2026-08-15T08:32:54.0710060Z   'test-rel_api.R:8733:3' [success]
2026-08-15T08:32:54.0724570Z End test: relational mutate(a + 1) order-enforcing
2026-08-15T08:32:54.0724760Z 
2026-08-15T08:32:54.0732390Z Start test: relational mutate(a + 1, .by = g) order-enforcing
2026-08-15T08:32:54.0995550Z   'test-rel_api.R:8787:3' [success]
2026-08-15T08:32:54.1010950Z End test: relational mutate(a + 1, .by = g) order-enforcing
2026-08-15T08:32:54.1011200Z 
2026-08-15T08:32:54.1018770Z Start test: relational mutate(c = a + 1) order-enforcing
2026-08-15T08:32:54.1279800Z   'test-rel_api.R:8841:3' [success]
2026-08-15T08:32:54.1295070Z End test: relational mutate(c = a + 1) order-enforcing
2026-08-15T08:32:54.1295280Z 
2026-08-15T08:32:54.1302830Z Start test: relational mutate(`if` = a + 1) order-enforcing
2026-08-15T08:32:54.1609230Z   'test-rel_api.R:8894:3' [success]
2026-08-15T08:32:54.1624300Z End test: relational mutate(`if` = a + 1) order-enforcing
2026-08-15T08:32:54.1624500Z 
2026-08-15T08:32:54.1632000Z Start test: relational mutate(sum(a, na.rm = TRUE)) order-enforcing
2026-08-15T08:32:54.1855450Z   'test-rel_api.R:8948:3' [success]
2026-08-15T08:32:54.1869710Z End test: relational mutate(sum(a, na.rm = TRUE)) order-enforcing
2026-08-15T08:32:54.1869950Z 
2026-08-15T08:32:54.1877480Z Start test: relational mutate(sum(a, na.rm = TRUE), .by = g) order-enforcing
2026-08-15T08:32:54.2108700Z   'test-rel_api.R:9002:3' [success]
2026-08-15T08:32:54.2124280Z End test: relational mutate(sum(a, na.rm = TRUE), .by = g) order-enforcing
2026-08-15T08:32:54.2124530Z 
2026-08-15T08:32:54.2132040Z Start test: relational mutate(mean(a, na.rm = TRUE)) order-enforcing
2026-08-15T08:32:54.2357220Z   'test-rel_api.R:9056:3' [success]
2026-08-15T08:32:54.2371920Z End test: relational mutate(mean(a, na.rm = TRUE)) order-enforcing
2026-08-15T08:32:54.2372160Z 
2026-08-15T08:32:54.2379870Z Start test: relational mutate(mean(a, na.rm = TRUE), .by = g) order-enforcing
2026-08-15T08:32:54.2609320Z   'test-rel_api.R:9110:3' [success]
2026-08-15T08:32:54.2624220Z End test: relational mutate(mean(a, na.rm = TRUE), .by = g) order-enforcing
2026-08-15T08:32:54.2624470Z 
2026-08-15T08:32:54.2631720Z Start test: relational mutate(sd(a, na.rm = TRUE)) order-enforcing
2026-08-15T08:32:54.2858320Z   'test-rel_api.R:9164:3' [success]
2026-08-15T08:32:54.2873330Z End test: relational mutate(sd(a, na.rm = TRUE)) order-enforcing
2026-08-15T08:32:54.2873600Z 
2026-08-15T08:32:54.2881110Z Start test: relational mutate(sd(a, na.rm = TRUE), .by = g) order-enforcing
2026-08-15T08:32:54.3109510Z   'test-rel_api.R:9218:3' [success]
2026-08-15T08:32:54.3123860Z End test: relational mutate(sd(a, na.rm = TRUE), .by = g) order-enforcing
2026-08-15T08:32:54.3124090Z 
2026-08-15T08:32:54.3131460Z Start test: relational mutate(lag(a)) order-enforcing
2026-08-15T08:32:54.3435510Z   'test-rel_api.R:9272:3' [success]
2026-08-15T08:32:54.3450090Z End test: relational mutate(lag(a)) order-enforcing
2026-08-15T08:32:54.3450360Z 
2026-08-15T08:32:54.3458640Z Start test: relational mutate(lag(a), .by = g) order-enforcing
2026-08-15T08:32:54.3719970Z   'test-rel_api.R:9326:3' [success]
2026-08-15T08:32:54.3734540Z End test: relational mutate(lag(a), .by = g) order-enforcing
2026-08-15T08:32:54.3734790Z 
2026-08-15T08:32:54.3742250Z Start test: relational mutate(lead(a)) order-enforcing
2026-08-15T08:32:54.4001380Z   'test-rel_api.R:9380:3' [success]
2026-08-15T08:32:54.4015470Z End test: relational mutate(lead(a)) order-enforcing
2026-08-15T08:32:54.4015770Z 
2026-08-15T08:32:54.4023340Z Start test: relational mutate(lead(a), .by = g) order-enforcing
2026-08-15T08:32:54.4290140Z   'test-rel_api.R:9434:3' [success]
2026-08-15T08:32:54.4304850Z End test: relational mutate(lead(a), .by = g) order-enforcing
2026-08-15T08:32:54.4305180Z 
2026-08-15T08:32:54.4312530Z Start test: relational mutate(lag(a, 2)) order-enforcing
2026-08-15T08:32:54.4573630Z   'test-rel_api.R:9488:3' [success]
2026-08-15T08:32:54.4589120Z End test: relational mutate(lag(a, 2)) order-enforcing
2026-08-15T08:32:54.4589460Z 
2026-08-15T08:32:54.4597210Z Start test: relational mutate(lag(a, 2), .by = g) order-enforcing
2026-08-15T08:32:54.4873940Z   'test-rel_api.R:9542:3' [success]
2026-08-15T08:32:54.4888350Z End test: relational mutate(lag(a, 2), .by = g) order-enforcing
2026-08-15T08:32:54.4888680Z 
2026-08-15T08:32:54.4896220Z Start test: relational mutate(lead(a, 2)) order-enforcing
2026-08-15T08:32:54.5157320Z   'test-rel_api.R:9596:3' [success]
2026-08-15T08:32:54.5172300Z End test: relational mutate(lead(a, 2)) order-enforcing
2026-08-15T08:32:54.5172630Z 
2026-08-15T08:32:54.5180480Z Start test: relational mutate(lead(a, 2), .by = g) order-enforcing
2026-08-15T08:32:54.5445390Z   'test-rel_api.R:9650:3' [success]
2026-08-15T08:32:54.5460150Z End test: relational mutate(lead(a, 2), .by = g) order-enforcing
2026-08-15T08:32:54.5460410Z 
2026-08-15T08:32:54.5468450Z Start test: relational mutate(lag(a, 4)) order-enforcing
2026-08-15T08:32:54.5915730Z   'test-rel_api.R:9704:3' [success]
2026-08-15T08:32:54.5930820Z End test: relational mutate(lag(a, 4)) order-enforcing
2026-08-15T08:32:54.5931120Z 
2026-08-15T08:32:54.5938980Z Start test: relational mutate(lag(a, 4), .by = g) order-enforcing
2026-08-15T08:32:54.6209370Z   'test-rel_api.R:9758:3' [success]
2026-08-15T08:32:54.6224270Z End test: relational mutate(lag(a, 4), .by = g) order-enforcing
2026-08-15T08:32:54.6224590Z 
2026-08-15T08:32:54.6232170Z Start test: relational mutate(lead(a, 4)) order-enforcing
2026-08-15T08:32:54.6491730Z   'test-rel_api.R:9812:3' [success]
2026-08-15T08:32:54.6505690Z End test: relational mutate(lead(a, 4)) order-enforcing
2026-08-15T08:32:54.6505930Z 
2026-08-15T08:32:54.6513390Z Start test: relational mutate(lead(a, 4), .by = g) order-enforcing
2026-08-15T08:32:54.6775740Z   'test-rel_api.R:9866:3' [success]
2026-08-15T08:32:54.6790160Z End test: relational mutate(lead(a, 4), .by = g) order-enforcing
2026-08-15T08:32:54.6790390Z 
2026-08-15T08:32:54.6797830Z Start test: relational mutate(lag(a, default = 0)) order-enforcing
2026-08-15T08:32:54.7093450Z   'test-rel_api.R:9920:3' [success]
2026-08-15T08:32:54.7109030Z End test: relational mutate(lag(a, default = 0)) order-enforcing
2026-08-15T08:32:54.7109300Z 
2026-08-15T08:32:54.7116810Z Start test: relational mutate(lag(a, default = 0), .by = g) order-enforcing
2026-08-15T08:32:54.7417230Z   'test-rel_api.R:9974:3' [success]
2026-08-15T08:32:54.7432000Z End test: relational mutate(lag(a, default = 0), .by = g) order-enforcing
2026-08-15T08:32:54.7432280Z 
2026-08-15T08:32:54.7439760Z Start test: relational mutate(lead(a, default = 1000)) order-enforcing
2026-08-15T08:32:54.7734730Z   'test-rel_api.R:10028:3' [success]
2026-08-15T08:32:54.7749760Z End test: relational mutate(lead(a, default = 1000)) order-enforcing
2026-08-15T08:32:54.7750000Z 
2026-08-15T08:32:54.7757520Z Start test: relational mutate(lead(a, default = 1000), .by = g) order-enforcing
2026-08-15T08:32:54.8055120Z   'test-rel_api.R:10082:3' [success]
2026-08-15T08:32:54.8070100Z End test: relational mutate(lead(a, default = 1000), .by = g) order-enforcing
2026-08-15T08:32:54.8070370Z 
2026-08-15T08:32:54.8124180Z Start test: relational mutate(min(a, na.rm = TRUE)) order-enforcing
2026-08-15T08:32:54.8362350Z   'test-rel_api.R:10136:3' [success]
2026-08-15T08:32:54.8377660Z End test: relational mutate(min(a, na.rm = TRUE)) order-enforcing
2026-08-15T08:32:54.8377880Z 
2026-08-15T08:32:54.8385370Z Start test: relational mutate(min(a, na.rm = TRUE), .by = g) order-enforcing
2026-08-15T08:32:54.8612980Z   'test-rel_api.R:10190:3' [success]
2026-08-15T08:32:54.8627990Z End test: relational mutate(min(a, na.rm = TRUE), .by = g) order-enforcing
2026-08-15T08:32:54.8628250Z 
2026-08-15T08:32:54.8635570Z Start test: relational mutate(max(a, na.rm = TRUE)) order-enforcing
2026-08-15T08:32:54.8860070Z   'test-rel_api.R:10244:3' [success]
2026-08-15T08:32:54.8874430Z End test: relational mutate(max(a, na.rm = TRUE)) order-enforcing
2026-08-15T08:32:54.8874660Z 
2026-08-15T08:32:54.8882120Z Start test: relational mutate(max(a, na.rm = TRUE), .by = g) order-enforcing
2026-08-15T08:32:54.9109650Z   'test-rel_api.R:10298:3' [success]
2026-08-15T08:32:54.9124050Z End test: relational mutate(max(a, na.rm = TRUE), .by = g) order-enforcing
2026-08-15T08:32:54.9124310Z 
2026-08-15T08:32:54.9131680Z Start test: relational mutate(a / b) order-enforcing
2026-08-15T08:32:54.9364380Z   'test-rel_api.R:10358:3' [success]
2026-08-15T08:32:54.9379150Z End test: relational mutate(a / b) order-enforcing
2026-08-15T08:32:54.9379330Z 
2026-08-15T08:32:54.9387090Z Start test: relational mutate(d = 0, e = 1 / d, f = 0 / d, g = -1 / d) order-enforcing
2026-08-15T08:32:54.9768800Z   'test-rel_api.R:10524:3' [success]
2026-08-15T08:32:54.9783850Z End test: relational mutate(d = 0, e = 1 / d, f = 0 / d, g = -1 / d) order-enforcing
2026-08-15T08:32:54.9784100Z 
2026-08-15T08:32:54.9791910Z Start test: relational mutate(c = 0, d = -1, e = log(c), f = suppressWarnings(log(d))) order-enforcing
2026-08-15T08:32:55.0106360Z   'test-rel_api.R:10687:3' [success]
2026-08-15T08:32:55.0123230Z End test: relational mutate(c = 0, d = -1, e = log(c), f = suppressWarnings(log(d))) order-enforcing
2026-08-15T08:32:55.0123560Z 
2026-08-15T08:32:55.0131260Z Start test: relational mutate(c = 0, d = -1, e = log10(c), f = suppressWarnings(log10(d))) order-enforcing
2026-08-15T08:32:55.0503800Z   'test-rel_api.R:10858:3' [success]
2026-08-15T08:32:55.0521640Z End test: relational mutate(c = 0, d = -1, e = log10(c), f = suppressWarnings(log10(d))) order-enforcing
2026-08-15T08:32:55.0522510Z 
2026-08-15T08:32:55.0530200Z Start test: relational mutate(c = 10, d = log(c)) order-enforcing
2026-08-15T08:32:55.0816020Z   'test-rel_api.R:10951:3' [success]
2026-08-15T08:32:55.0832440Z End test: relational mutate(c = 10, d = log(c)) order-enforcing
2026-08-15T08:32:55.0832710Z 
2026-08-15T08:32:55.0840610Z Start test: relational mutate(c = 10, d = log10(c)) order-enforcing
2026-08-15T08:32:55.1130020Z   'test-rel_api.R:11042:3' [success]
2026-08-15T08:32:55.1145800Z End test: relational mutate(c = 10, d = log10(c)) order-enforcing
2026-08-15T08:32:55.1146030Z 
2026-08-15T08:32:55.1153690Z Start test: relational mutate(c = NA_character_, d = grepl('.', c)) order-enforcing
2026-08-15T08:32:55.1202770Z   'test-rel_api.R:11050:3' [skip]
2026-08-15T08:32:55.1212030Z End test: relational mutate(c = NA_character_, d = grepl('.', c)) order-enforcing
2026-08-15T08:32:55.1212320Z 
2026-08-15T08:32:55.1219560Z Start test: relational mutate(c = 'abbc', d = gsub('(b|c)', 'z' , c)) order-enforcing
2026-08-15T08:32:55.1266570Z   'test-rel_api.R:11142:3' [skip]
2026-08-15T08:32:55.1276890Z End test: relational mutate(c = 'abbc', d = gsub('(b|c)', 'z' , c)) order-enforcing
2026-08-15T08:32:55.1277240Z 
2026-08-15T08:32:55.1285120Z Start test: relational mutate(c = 'abbc', d = sub('(b|c)', 'z' , c)) order-enforcing
2026-08-15T08:32:55.1335890Z   'test-rel_api.R:11237:3' [skip]
2026-08-15T08:32:55.1346890Z End test: relational mutate(c = 'abbc', d = sub('(b|c)', 'z' , c)) order-enforcing
2026-08-15T08:32:55.1347160Z 
2026-08-15T08:32:55.1354940Z Start test: relational mutate(c = NA_character_, d = gsub('.', '-' , c)) order-enforcing
2026-08-15T08:32:55.1406230Z   'test-rel_api.R:11332:3' [skip]
2026-08-15T08:32:55.1417020Z End test: relational mutate(c = NA_character_, d = gsub('.', '-' , c)) order-enforcing
2026-08-15T08:32:55.1417340Z 
2026-08-15T08:32:55.1425260Z Start test: relational mutate(c = NA_character_, d = sub('.', '-' , c)) order-enforcing
2026-08-15T08:32:55.1477230Z   'test-rel_api.R:11427:3' [skip]
2026-08-15T08:32:55.1488080Z End test: relational mutate(c = NA_character_, d = sub('.', '-' , c)) order-enforcing
2026-08-15T08:32:55.1488370Z 
2026-08-15T08:32:55.1496040Z Start test: relational mutate(d = a %in% NA_real_) order-enforcing
2026-08-15T08:32:55.1734920Z   'test-rel_api.R:11563:3' [success]
2026-08-15T08:32:55.1749830Z End test: relational mutate(d = a %in% NA_real_) order-enforcing
2026-08-15T08:32:55.1750140Z 
2026-08-15T08:32:55.1757620Z Start test: relational mutate(d = a %in% NULL) order-enforcing
2026-08-15T08:32:55.2069230Z   'test-rel_api.R:11611:3' [success]
2026-08-15T08:32:55.2084510Z End test: relational mutate(d = a %in% NULL) order-enforcing
2026-08-15T08:32:55.2084710Z 
2026-08-15T08:32:55.2092560Z Start test: relational mutate(d = a %in% integer()) order-enforcing
2026-08-15T08:32:55.2381910Z   'test-rel_api.R:11659:3' [success]
2026-08-15T08:32:55.2398760Z End test: relational mutate(d = a %in% integer()) order-enforcing
2026-08-15T08:32:55.2399070Z 
2026-08-15T08:32:55.2406730Z Start test: relational mutate(d = NA_real_, e = is.na(d)) order-enforcing
2026-08-15T08:32:55.2684660Z   'test-rel_api.R:11739:3' [success]
2026-08-15T08:32:55.2698940Z End test: relational mutate(d = NA_real_, e = is.na(d)) order-enforcing
2026-08-15T08:32:55.2699180Z 
2026-08-15T08:32:55.2706750Z Start test: relational mutate(d = row_number()) order-enforcing
2026-08-15T08:32:55.2935670Z   'test-rel_api.R:11799:3' [success]
2026-08-15T08:32:55.2949990Z End test: relational mutate(d = row_number()) order-enforcing
2026-08-15T08:32:55.2950210Z 
2026-08-15T08:32:55.2957630Z Start test: relational mutate(d = row_number(), .by = g) order-enforcing
2026-08-15T08:32:55.3188800Z   'test-rel_api.R:11853:3' [success]
2026-08-15T08:32:55.3203700Z End test: relational mutate(d = row_number(), .by = g) order-enforcing
2026-08-15T08:32:55.3203930Z 
2026-08-15T08:32:55.3211450Z Start test: relational mutate(c = .data$b) order-enforcing
2026-08-15T08:32:55.3439070Z   'test-rel_api.R:11906:3' [success]
2026-08-15T08:32:55.3453840Z End test: relational mutate(c = .data$b) order-enforcing
2026-08-15T08:32:55.3454050Z 
2026-08-15T08:32:55.3461500Z Start test: relational mutate(d = NA) order-enforcing
2026-08-15T08:32:55.3689900Z   'test-rel_api.R:11955:3' [success]
2026-08-15T08:32:55.3704290Z End test: relational mutate(d = NA) order-enforcing
2026-08-15T08:32:55.3704480Z 
2026-08-15T08:32:55.3712120Z Start test: relational mutate(d = NA_integer_) order-enforcing
2026-08-15T08:32:55.3974660Z   'test-rel_api.R:12003:3' [success]
2026-08-15T08:32:55.3990910Z End test: relational mutate(d = NA_integer_) order-enforcing
2026-08-15T08:32:55.3991160Z 
2026-08-15T08:32:55.4043430Z Start test: relational mutate(d = NA_real_) order-enforcing
2026-08-15T08:32:55.4337490Z   'test-rel_api.R:12051:3' [success]
2026-08-15T08:32:55.4352610Z End test: relational mutate(d = NA_real_) order-enforcing
2026-08-15T08:32:55.4352820Z 
2026-08-15T08:32:55.4360410Z Start test: relational mutate(d = NA_character_) order-enforcing
2026-08-15T08:32:55.4618190Z   'test-rel_api.R:12099:3' [success]
2026-08-15T08:32:55.4632260Z End test: relational mutate(d = NA_character_) order-enforcing
2026-08-15T08:32:55.4632480Z 
2026-08-15T08:32:55.4639870Z Start test: relational mutate(d = if_else(a > 1, "ok", NA)) order-enforcing
2026-08-15T08:32:55.4981680Z   'test-rel_api.R:12160:3' [success]
2026-08-15T08:32:55.4998290Z End test: relational mutate(d = if_else(a > 1, "ok", NA)) order-enforcing
2026-08-15T08:32:55.4998550Z 
2026-08-15T08:32:55.5006210Z Start test: relational relocate(g) order-preserving
2026-08-15T08:32:55.5242700Z   'test-rel_api.R:12205:3' [success]
2026-08-15T08:32:55.5256690Z End test: relational relocate(g) order-preserving
2026-08-15T08:32:55.5256880Z 
2026-08-15T08:32:55.5264350Z Start test: relational relocate(a) order-preserving
2026-08-15T08:32:55.5488720Z   'test-rel_api.R:12243:3' [success]
2026-08-15T08:32:55.5503280Z End test: relational relocate(a) order-preserving
2026-08-15T08:32:55.5503600Z 
2026-08-15T08:32:55.5511310Z Start test: relational relocate(g, .before = b) order-preserving
2026-08-15T08:32:55.5733970Z   'test-rel_api.R:12281:3' [success]
2026-08-15T08:32:55.5749370Z End test: relational relocate(g, .before = b) order-preserving
2026-08-15T08:32:55.5749630Z 
2026-08-15T08:32:55.5757310Z Start test: relational relocate(a:b, .after = g) order-preserving
2026-08-15T08:32:55.6006540Z   'test-rel_api.R:12319:3' [success]
2026-08-15T08:32:55.6023630Z End test: relational relocate(a:b, .after = g) order-preserving
2026-08-15T08:32:55.6023890Z 
2026-08-15T08:32:55.6031850Z Start test: relational relocate(g) order-enforcing
2026-08-15T08:32:55.6307450Z   'test-rel_api.R:12364:3' [success]
2026-08-15T08:32:55.6326120Z End test: relational relocate(g) order-enforcing
2026-08-15T08:32:55.6326370Z 
2026-08-15T08:32:55.6337780Z Start test: relational relocate(a) order-enforcing
2026-08-15T08:32:55.6577780Z   'test-rel_api.R:12407:3' [success]
2026-08-15T08:32:55.6592710Z End test: relational relocate(a) order-enforcing
2026-08-15T08:32:55.6592960Z 
2026-08-15T08:32:55.6600630Z Start test: relational relocate(g, .before = b) order-enforcing
2026-08-15T08:32:55.6822350Z   'test-rel_api.R:12450:3' [success]
2026-08-15T08:32:55.6837270Z End test: relational relocate(g, .before = b) order-enforcing
2026-08-15T08:32:55.6837560Z 
2026-08-15T08:32:55.6845410Z Start test: relational relocate(a:b, .after = g) order-enforcing
2026-08-15T08:32:55.7067580Z   'test-rel_api.R:12493:3' [success]
2026-08-15T08:32:55.7082780Z End test: relational relocate(a:b, .after = g) order-enforcing
2026-08-15T08:32:55.7083110Z 
2026-08-15T08:32:55.7090370Z Start test: relational rename() order-preserving
2026-08-15T08:32:55.7311470Z   'test-rel_api.R:12533:3' [success]
2026-08-15T08:32:55.7326040Z End test: relational rename() order-preserving
2026-08-15T08:32:55.7326320Z 
2026-08-15T08:32:55.7333710Z Start test: relational rename(c = a) order-preserving
2026-08-15T08:32:55.7555090Z   'test-rel_api.R:12571:3' [success]
2026-08-15T08:32:55.7569860Z End test: relational rename(c = a) order-preserving
2026-08-15T08:32:55.7570140Z 
2026-08-15T08:32:55.7577410Z Start test: relational rename() order-enforcing
2026-08-15T08:32:55.7802350Z   'test-rel_api.R:12616:3' [success]
2026-08-15T08:32:55.7816720Z End test: relational rename() order-enforcing
2026-08-15T08:32:55.7817000Z 
2026-08-15T08:32:55.7824780Z Start test: relational rename(c = a) order-enforcing
2026-08-15T08:32:55.8048680Z   'test-rel_api.R:12659:3' [success]
2026-08-15T08:32:55.8063270Z End test: relational rename(c = a) order-enforcing
2026-08-15T08:32:55.8063510Z 
2026-08-15T08:32:55.8071090Z Start test: relational right_join(join_by(a)) order-preserving
2026-08-15T08:32:55.8363960Z   'test-rel_api.R:12798:3' [success]
2026-08-15T08:32:55.8382890Z End test: relational right_join(join_by(a)) order-preserving
2026-08-15T08:32:55.8383220Z 
2026-08-15T08:32:55.8391490Z Start test: relational right_join(join_by(a)) order-enforcing
2026-08-15T08:32:55.8630320Z   'test-rel_api.R:12895:3' [success]
2026-08-15T08:32:55.8645080Z End test: relational right_join(join_by(a)) order-enforcing
2026-08-15T08:32:55.8645300Z 
2026-08-15T08:32:55.8652810Z Start test: relational select(a) order-preserving
2026-08-15T08:32:55.8871140Z   'test-rel_api.R:12925:3' [success]
2026-08-15T08:32:55.8885540Z End test: relational select(a) order-preserving
2026-08-15T08:32:55.8885720Z 
2026-08-15T08:32:55.8893380Z Start test: relational select(-g) order-preserving
2026-08-15T08:32:55.9111360Z   'test-rel_api.R:12958:3' [success]
2026-08-15T08:32:55.9125630Z End test: relational select(-g) order-preserving
2026-08-15T08:32:55.9125800Z 
2026-08-15T08:32:55.9133330Z Start test: relational select(everything()) order-preserving
2026-08-15T08:32:55.9351600Z   'test-rel_api.R:12996:3' [success]
2026-08-15T08:32:55.9366180Z End test: relational select(everything()) order-preserving
2026-08-15T08:32:55.9366380Z 
2026-08-15T08:32:55.9374150Z Start test: relational select(a) order-enforcing
2026-08-15T08:32:55.9596970Z   'test-rel_api.R:13028:3' [success]
2026-08-15T08:32:55.9611570Z End test: relational select(a) order-enforcing
2026-08-15T08:32:55.9611760Z 
2026-08-15T08:32:55.9619650Z Start test: relational select(-g) order-enforcing
2026-08-15T08:32:55.9844410Z   'test-rel_api.R:13063:3' [success]
2026-08-15T08:32:55.9858960Z End test: relational select(-g) order-enforcing
2026-08-15T08:32:55.9859160Z 
2026-08-15T08:32:55.9866790Z Start test: relational select(everything()) order-enforcing
2026-08-15T08:32:56.0089420Z   'test-rel_api.R:13106:3' [success]
2026-08-15T08:32:56.0106640Z End test: relational select(everything()) order-enforcing
2026-08-15T08:32:56.0106850Z 
2026-08-15T08:32:56.0114670Z Start test: relational semi_join(join_by(a)) order-preserving
2026-08-15T08:32:56.0402250Z   'test-rel_api.R:13184:3' [success]
2026-08-15T08:32:56.0418910Z End test: relational semi_join(join_by(a)) order-preserving
2026-08-15T08:32:56.0419130Z 
2026-08-15T08:32:56.0426960Z Start test: relational semi_join(join_by(a)) order-enforcing
2026-08-15T08:32:56.0659610Z   'test-rel_api.R:13225:3' [success]
2026-08-15T08:32:56.0674600Z End test: relational semi_join(join_by(a)) order-enforcing
2026-08-15T08:32:56.0674820Z 
2026-08-15T08:32:56.0682220Z Start test: relational setdiff() order-preserving
2026-08-15T08:32:56.0965610Z   'test-rel_api.R:13389:3' [success]
2026-08-15T08:32:56.0980450Z End test: relational setdiff() order-preserving
2026-08-15T08:32:56.0980640Z 
2026-08-15T08:32:56.0987870Z Start test: relational setdiff() order-enforcing
2026-08-15T08:32:56.1215240Z   'test-rel_api.R:13416:3' [success]
2026-08-15T08:32:56.1230340Z End test: relational setdiff() order-enforcing
2026-08-15T08:32:56.1230530Z 
2026-08-15T08:32:56.1237940Z Start test: relational slice_head(n = 2) order-preserving
2026-08-15T08:32:56.1456530Z   'test-rel_api.R:13437:3' [success]
2026-08-15T08:32:56.1471570Z End test: relational slice_head(n = 2) order-preserving
2026-08-15T08:32:56.1472060Z 
2026-08-15T08:32:56.1479400Z Start test: relational slice_head(n = 2) order-enforcing
2026-08-15T08:32:56.1701260Z   'test-rel_api.R:13463:3' [success]
2026-08-15T08:32:56.1716030Z End test: relational slice_head(n = 2) order-enforcing
2026-08-15T08:32:56.1716310Z 
2026-08-15T08:32:56.1724040Z Start test: relational summarise(c = mean(a)) order-preserving
2026-08-15T08:32:56.1951770Z   'test-rel_api.R:13502:3' [success]
2026-08-15T08:32:56.1966320Z End test: relational summarise(c = mean(a)) order-preserving
2026-08-15T08:32:56.1966540Z 
2026-08-15T08:32:56.1974410Z Start test: relational summarise(c = mean(a), .by = b) order-preserving
2026-08-15T08:32:56.2217990Z   'test-rel_api.R:13592:3' [success]
2026-08-15T08:32:56.2233190Z End test: relational summarise(c = mean(a), .by = b) order-preserving
2026-08-15T08:32:56.2233430Z 
2026-08-15T08:32:56.2241220Z Start test: relational summarise(c = mean(a), .by = g) order-preserving
2026-08-15T08:32:56.2532500Z   'test-rel_api.R:13682:3' [success]
2026-08-15T08:32:56.2548010Z End test: relational summarise(c = mean(a), .by = g) order-preserving
2026-08-15T08:32:56.2548300Z 
2026-08-15T08:32:56.2556120Z Start test: relational summarise(c = 1) order-preserving
2026-08-15T08:32:56.2810920Z   'test-rel_api.R:13713:3' [success]
2026-08-15T08:32:56.2825470Z End test: relational summarise(c = 1) order-preserving
2026-08-15T08:32:56.2825700Z 
2026-08-15T08:32:56.2833310Z Start test: relational summarise(c = 1, .by = g) order-preserving
2026-08-15T08:32:56.3100360Z   'test-rel_api.R:13797:3' [success]
2026-08-15T08:32:56.3114690Z End test: relational summarise(c = 1, .by = g) order-preserving
2026-08-15T08:32:56.3114940Z 
2026-08-15T08:32:56.3122430Z Start test: relational summarise(n = n(), n = n() + 1L, .by = g) order-preserving
2026-08-15T08:32:56.3395410Z   'test-rel_api.R:13882:3' [success]
2026-08-15T08:32:56.3409850Z End test: relational summarise(n = n(), n = n() + 1L, .by = g) order-preserving
2026-08-15T08:32:56.3410180Z 
2026-08-15T08:32:56.3417500Z Start test: relational summarise(n = n(), n = n() + 1L) order-preserving
2026-08-15T08:32:56.3680160Z   'test-rel_api.R:13914:3' [success]
2026-08-15T08:32:56.3694770Z End test: relational summarise(n = n(), n = n() + 1L) order-preserving
2026-08-15T08:32:56.3695110Z 
2026-08-15T08:32:56.3702400Z Start test: relational summarise(c = mean(a)) order-enforcing
2026-08-15T08:32:56.3930810Z   'test-rel_api.R:13955:3' [success]
2026-08-15T08:32:56.3945550Z End test: relational summarise(c = mean(a)) order-enforcing
2026-08-15T08:32:56.3945760Z 
2026-08-15T08:32:56.3953370Z Start test: relational summarise(c = mean(a), .by = b) order-enforcing
2026-08-15T08:32:56.4186670Z   'test-rel_api.R:13992:3' [success]
2026-08-15T08:32:56.4201640Z End test: relational summarise(c = mean(a), .by = b) order-enforcing
2026-08-15T08:32:56.4201890Z 
2026-08-15T08:32:56.4209390Z Start test: relational summarise(c = mean(a), .by = g) order-enforcing
2026-08-15T08:32:56.4481080Z   'test-rel_api.R:14029:3' [success]
2026-08-15T08:32:56.4499200Z End test: relational summarise(c = mean(a), .by = g) order-enforcing
2026-08-15T08:32:56.4499440Z 
2026-08-15T08:32:56.4513050Z Start test: relational summarise(c = 1) order-enforcing
2026-08-15T08:32:56.4775920Z   'test-rel_api.R:14062:3' [success]
2026-08-15T08:32:56.4791030Z End test: relational summarise(c = 1) order-enforcing
2026-08-15T08:32:56.4791240Z 
2026-08-15T08:32:56.4798710Z Start test: relational summarise(c = 1, .by = g) order-enforcing
2026-08-15T08:32:56.5062370Z   'test-rel_api.R:14093:3' [success]
2026-08-15T08:32:56.5077150Z End test: relational summarise(c = 1, .by = g) order-enforcing
2026-08-15T08:32:56.5077380Z 
2026-08-15T08:32:56.5084880Z Start test: relational summarise(n = n(), n = n() + 1L, .by = g) order-enforcing
2026-08-15T08:32:56.5353590Z   'test-rel_api.R:14125:3' [success]
2026-08-15T08:32:56.5368350Z End test: relational summarise(n = n(), n = n() + 1L, .by = g) order-enforcing
2026-08-15T08:32:56.5368620Z 
2026-08-15T08:32:56.5376000Z Start test: relational summarise(n = n(), n = n() + 1L) order-enforcing
2026-08-15T08:32:56.5648100Z   'test-rel_api.R:14159:3' [success]
2026-08-15T08:32:56.5662650Z End test: relational summarise(n = n(), n = n() + 1L) order-enforcing
2026-08-15T08:32:56.5662880Z 
2026-08-15T08:32:56.5670530Z Start test: relational symdiff() order-preserving
2026-08-15T08:32:56.6049550Z   'test-rel_api.R:14402:3' [success]
2026-08-15T08:32:56.6064950Z End test: relational symdiff() order-preserving
2026-08-15T08:32:56.6065160Z 
2026-08-15T08:32:56.6072710Z Start test: relational symdiff() order-enforcing
2026-08-15T08:32:56.6311450Z   'test-rel_api.R:14429:3' [success]
2026-08-15T08:32:56.6325870Z End test: relational symdiff() order-enforcing
2026-08-15T08:32:56.6326050Z 
2026-08-15T08:32:56.6333490Z Start test: relational tally() order-preserving
2026-08-15T08:32:56.6559790Z   'test-rel_api.R:14463:3' [success]
2026-08-15T08:32:56.6574450Z End test: relational tally() order-preserving
2026-08-15T08:32:56.6574620Z 
2026-08-15T08:32:56.6582240Z Start test: relational tally() order-enforcing
2026-08-15T08:32:56.6861790Z   'test-rel_api.R:14499:3' [success]
2026-08-15T08:32:56.6877800Z End test: relational tally() order-enforcing
2026-08-15T08:32:56.6877960Z 
2026-08-15T08:32:56.6885810Z Start test: relational transmute(c = a + 1) order-preserving
2026-08-15T08:32:56.7141830Z   'test-rel_api.R:14529:3' [success]
2026-08-15T08:32:56.7156550Z End test: relational transmute(c = a + 1) order-preserving
2026-08-15T08:32:56.7156860Z 
2026-08-15T08:32:56.7164250Z Start test: relational transmute(row = a) order-preserving
2026-08-15T08:32:56.7382260Z   'test-rel_api.R:14557:3' [success]
2026-08-15T08:32:56.7396590Z End test: relational transmute(row = a) order-preserving
2026-08-15T08:32:56.7396900Z 
2026-08-15T08:32:56.7404310Z Start test: relational transmute(c = a + 1) order-enforcing
2026-08-15T08:32:56.7659850Z   'test-rel_api.R:14589:3' [success]
2026-08-15T08:32:56.7674160Z End test: relational transmute(c = a + 1) order-enforcing
2026-08-15T08:32:56.7674490Z 
2026-08-15T08:32:56.7681850Z Start test: relational transmute(row = a) order-enforcing
2026-08-15T08:32:56.7903450Z   'test-rel_api.R:14619:3' [success]
2026-08-15T08:32:56.7918280Z End test: relational transmute(row = a) order-enforcing
2026-08-15T08:32:56.7918610Z 
2026-08-15T08:32:56.7926190Z Start test: relational union() order-preserving
2026-08-15T08:32:56.8308020Z   'test-rel_api.R:14802:3' [success]
2026-08-15T08:32:56.8326010Z End test: relational union() order-preserving
2026-08-15T08:32:56.8326260Z 
2026-08-15T08:32:56.8334090Z Start test: relational union() order-enforcing
2026-08-15T08:32:56.8562540Z   'test-rel_api.R:14831:3' [success]
2026-08-15T08:32:56.8577340Z End test: relational union() order-enforcing
2026-08-15T08:32:56.8577590Z 
2026-08-15T08:32:56.8585250Z Start test: relational union_all() order-preserving
2026-08-15T08:32:56.8886770Z   'test-rel_api.R:14929:3' [success]
2026-08-15T08:32:56.8901520Z End test: relational union_all() order-preserving
2026-08-15T08:32:56.8901870Z 
2026-08-15T08:32:56.8909500Z Start test: relational union_all() order-enforcing
2026-08-15T08:32:56.9188980Z   'test-rel_api.R:14956:3' [success]
2026-08-15T08:32:56.9204190Z End test: relational union_all() order-enforcing
2026-08-15T08:32:56.9204430Z 
2026-08-15T08:32:56.9478930Z Start test: we can create a relation from a df
2026-08-15T08:32:56.9528570Z   'test-relational.R:7:3' [success]
2026-08-15T08:32:56.9572700Z   'test-relational.R:8:3' [success]
2026-08-15T08:32:56.9582790Z End test: we can create a relation from a df
2026-08-15T08:32:56.9582970Z 
2026-08-15T08:32:56.9590090Z Start test: we don't add optional quotes to columns
2026-08-15T08:32:56.9654650Z   'test-relational.R:16:3' [success]
2026-08-15T08:32:56.9663380Z End test: we don't add optional quotes to columns
2026-08-15T08:32:56.9663560Z 
2026-08-15T08:32:56.9670960Z Start test: we won't crash when creating a relation from odd things
2026-08-15T08:32:56.9743510Z   'test-relational.R:23:3' [success]
2026-08-15T08:32:56.9823210Z   'test-relational.R:24:3' [success]
2026-08-15T08:32:56.9878480Z   'test-relational.R:26:3' [success]
2026-08-15T08:32:56.9887490Z End test: we won't crash when creating a relation from odd things
2026-08-15T08:32:56.9887710Z 
2026-08-15T08:32:56.9895080Z Start test: we can round-trip a data frame
2026-08-15T08:32:56.9964740Z   'test-relational.R:30:3' [success]
2026-08-15T08:32:56.9974030Z End test: we can round-trip a data frame
2026-08-15T08:32:56.9974190Z 
2026-08-15T08:32:56.9981990Z Start test: we can recognize if a df is materialized
2026-08-15T08:32:57.0157960Z   'test-relational.R:41:3' [success]
2026-08-15T08:32:57.0270440Z   'test-relational.R:42:3' [success]
2026-08-15T08:32:57.0329100Z   'test-relational.R:46:3' [success]
2026-08-15T08:32:57.0390330Z   'test-relational.R:48:3' [success]
2026-08-15T08:32:57.0447370Z   'test-relational.R:49:3' [success]
2026-08-15T08:32:57.0456980Z End test: we can recognize if a df is materialized
2026-08-15T08:32:57.0457170Z 
2026-08-15T08:32:57.0464710Z Start test: we can create various expressions and don't crash
2026-08-15T08:32:57.0614280Z   'test-relational.R:54:3' [success]
2026-08-15T08:32:57.0693660Z   'test-relational.R:59:3' [success]
2026-08-15T08:32:57.0823290Z   'test-relational.R:61:3' [success]
2026-08-15T08:32:57.0906030Z   'test-relational.R:62:3' [success]
2026-08-15T08:32:57.1191480Z   'test-relational.R:70:3' [success]
2026-08-15T08:32:57.1307390Z   'test-relational.R:71:3' [success]
2026-08-15T08:32:57.1384240Z   'test-relational.R:75:3' [success]
2026-08-15T08:32:57.1461410Z   'test-relational.R:77:3' [success]
2026-08-15T08:32:57.1542330Z   'test-relational.R:78:3' [success]
2026-08-15T08:32:57.1598700Z   'test-relational.R:80:3' [success]
2026-08-15T08:32:57.1607810Z End test: we can create various expressions and don't crash
2026-08-15T08:32:57.1608020Z 
2026-08-15T08:32:57.1615750Z Start test: we can create comparison expressions with appropriate operators
2026-08-15T08:32:57.1862590Z   'test-relational.R:86:3' [success]
2026-08-15T08:32:57.2052380Z   'test-relational.R:89:3' [success]
2026-08-15T08:32:57.2243810Z   'test-relational.R:92:3' [success]
2026-08-15T08:32:57.2435170Z   'test-relational.R:95:3' [success]
2026-08-15T08:32:57.2626100Z   'test-relational.R:98:3' [success]
2026-08-15T08:32:57.2869340Z   'test-relational.R:101:3' [success]
2026-08-15T08:32:57.2927150Z   'test-relational.R:104:3' [success]
2026-08-15T08:32:57.2936580Z End test: we can create comparison expressions with appropriate operators
2026-08-15T08:32:57.2936960Z 
2026-08-15T08:32:57.2944510Z Start test: we cannot create comparison expressions with inappropriate operators
2026-08-15T08:32:57.3174720Z   'test-relational.R:111:3' [success]
2026-08-15T08:32:57.3406640Z   'test-relational.R:114:3' [success]
2026-08-15T08:32:57.3642430Z   'test-relational.R:117:3' [success]
2026-08-15T08:32:57.3651550Z End test: we cannot create comparison expressions with inappropriate operators
2026-08-15T08:32:57.3651900Z 
2026-08-15T08:32:57.3659420Z Start test: we can create operator expressions
2026-08-15T08:32:57.3916350Z   'test-relational.R:127:3' [success]
2026-08-15T08:32:57.4117070Z   'test-relational.R:135:3' [success]
2026-08-15T08:32:57.4359630Z   'test-relational.R:143:3' [success]
2026-08-15T08:32:57.4368510Z End test: we can create operator expressions
2026-08-15T08:32:57.4368830Z 
2026-08-15T08:32:57.4376310Z Start test: we can use operator expressions in relations
2026-08-15T08:32:57.4517470Z   'test-relational.R:168:3' [success]
2026-08-15T08:32:57.4572670Z   'test-relational.R:169:3' [success]
2026-08-15T08:32:57.4743350Z   'test-relational.R:185:3' [success]
2026-08-15T08:32:57.4853910Z   'test-relational.R:186:3' [success]
2026-08-15T08:32:57.4863800Z End test: we can use operator expressions in relations
2026-08-15T08:32:57.4864050Z 
2026-08-15T08:32:57.4871950Z Start test: expr_operator validates ... parameter
2026-08-15T08:32:57.4947970Z   'test-relational.R:190:3' [success]
2026-08-15T08:32:57.4957810Z End test: expr_operator validates ... parameter
2026-08-15T08:32:57.4958120Z 
2026-08-15T08:32:57.4965650Z Start test: rel_to_altrep validates ... parameter
2026-08-15T08:32:57.5040510Z   'test-relational.R:198:3' [success]
2026-08-15T08:32:57.5108490Z   'test-relational.R:202:3' [success]
2026-08-15T08:32:57.5118200Z End test: rel_to_altrep validates ... parameter
2026-08-15T08:32:57.5118370Z 
2026-08-15T08:32:57.5125830Z Start test: we can cast R strings to DuckDB strings
2026-08-15T08:32:58.6686650Z   'test-relational.R:237:3' [success]
2026-08-15T08:32:58.6957680Z   'test-relational.R:247:3' [success]
2026-08-15T08:32:58.7053140Z   'test-relational.R:253:3' [success]
2026-08-15T08:32:58.7319720Z   'test-relational.R:259:5' [success]
2026-08-15T08:32:58.7585570Z   'test-relational.R:259:5' [success]
2026-08-15T08:32:58.7856030Z   'test-relational.R:259:5' [success]
2026-08-15T08:32:58.8129570Z   'test-relational.R:259:5' [success]
2026-08-15T08:32:58.8403540Z   'test-relational.R:259:5' [success]
2026-08-15T08:32:58.8671600Z   'test-relational.R:259:5' [success]
2026-08-15T08:32:58.9036740Z   'test-relational.R:259:5' [success]
2026-08-15T08:32:58.9318700Z   'test-relational.R:259:5' [success]
2026-08-15T08:32:58.9588450Z   'test-relational.R:259:5' [success]
2026-08-15T08:32:58.9856540Z   'test-relational.R:259:5' [success]
2026-08-15T08:32:59.0122930Z   'test-relational.R:270:5' [success]
2026-08-15T08:32:59.0387960Z   'test-relational.R:270:5' [success]
2026-08-15T08:32:59.0656920Z   'test-relational.R:270:5' [success]
2026-08-15T08:32:59.0922260Z   'test-relational.R:270:5' [success]
2026-08-15T08:32:59.1186750Z   'test-relational.R:270:5' [success]
2026-08-15T08:32:59.1450570Z   'test-relational.R:270:5' [success]
2026-08-15T08:32:59.1813170Z   'test-relational.R:270:5' [success]
2026-08-15T08:32:59.2090720Z   'test-relational.R:270:5' [success]
2026-08-15T08:32:59.2357350Z   'test-relational.R:270:5' [success]
2026-08-15T08:32:59.2618510Z   'test-relational.R:270:5' [success]
2026-08-15T08:32:59.2627410Z End test: we can cast R strings to DuckDB strings
2026-08-15T08:32:59.2627590Z 
2026-08-15T08:32:59.2635320Z Start test: the altrep-conversion for relations works
2026-08-15T08:32:59.2692720Z   'test-relational.R:287:3' [success]
2026-08-15T08:32:59.2748490Z   'test-relational.R:289:3' [success]
2026-08-15T08:32:59.2802520Z   'test-relational.R:294:3' [success]
2026-08-15T08:32:59.2858640Z   'test-relational.R:299:3' [success]
2026-08-15T08:32:59.2913290Z   'test-relational.R:300:3' [success]
2026-08-15T08:32:59.2971930Z   'test-relational.R:302:3' [success]
2026-08-15T08:32:59.3213570Z   'test-relational.R:304:3' [success]
2026-08-15T08:32:59.3286200Z   'test-relational.R:308:3' [success]
2026-08-15T08:32:59.3344870Z   'test-relational.R:309:3' [success]
2026-08-15T08:32:59.3354370Z End test: the altrep-conversion for relations works
2026-08-15T08:32:59.3354640Z 
2026-08-15T08:32:59.3362130Z Start test: ALTREP row names are materialized as integer sequence
2026-08-15T08:32:59.3421990Z   'test-relational.R:318:3' [success]
2026-08-15T08:32:59.3430890Z End test: ALTREP row names are materialized as integer sequence
2026-08-15T08:32:59.3431220Z 
2026-08-15T08:32:59.3440240Z Start test: ALTREP row names remain ALTREP after duplication
2026-08-15T08:32:59.3500980Z   'test-relational.R:330:3' [success]
2026-08-15T08:32:59.3558830Z   'test-relational.R:342:3' [success]
2026-08-15T08:32:59.3614060Z   'test-relational.R:349:3' [success]
2026-08-15T08:32:59.3623010Z End test: ALTREP row names remain ALTREP after duplication
2026-08-15T08:32:59.3623320Z 
2026-08-15T08:32:59.3633810Z Start test: Duplicated ALTREP row names stay ALTREP after a value-changing edit
2026-08-15T08:32:59.3695760Z   'test-relational.R:362:3' [success]
2026-08-15T08:32:59.3750280Z   'test-relational.R:368:3' [success]
2026-08-15T08:32:59.3805990Z   'test-relational.R:369:3' [success]
2026-08-15T08:32:59.3815390Z End test: Duplicated ALTREP row names stay ALTREP after a value-changing edit
2026-08-15T08:32:59.3815750Z 
2026-08-15T08:32:59.3823660Z Start test: ALTREP row names survive repeated duplications
2026-08-15T08:32:59.3971220Z   'test-relational.R:386:3' [success]
2026-08-15T08:32:59.4032090Z   'test-relational.R:393:3' [success]
2026-08-15T08:32:59.4086050Z   'test-relational.R:399:3' [success]
2026-08-15T08:32:59.4144720Z   'test-relational.R:400:3' [success]
2026-08-15T08:32:59.4154000Z End test: ALTREP row names survive repeated duplications
2026-08-15T08:32:59.4154290Z 
2026-08-15T08:32:59.4161740Z Start test: ALTREP row names of larger relations remain ALTREP after duplication
2026-08-15T08:32:59.4222720Z   'test-relational.R:413:3' [success]
2026-08-15T08:32:59.4275800Z   'test-relational.R:419:3' [success]
2026-08-15T08:32:59.4284730Z End test: ALTREP row names of larger relations remain ALTREP after duplication
2026-08-15T08:32:59.4285070Z 
2026-08-15T08:32:59.4292650Z Start test: the altrep-conversion for relations work for weirdo types for strict = FALSE
2026-08-15T08:32:59.4354260Z   'test-relational.R:430:3' [success]
2026-08-15T08:32:59.4412440Z   'test-relational.R:431:3' [success]
2026-08-15T08:32:59.4421520Z End test: the altrep-conversion for relations work for weirdo types for strict = FALSE
2026-08-15T08:32:59.4421840Z 
2026-08-15T08:32:59.4429390Z Start test: we can get the relation object back from an altrep df
2026-08-15T08:32:59.4491530Z   'test-relational.R:439:3' [success]
2026-08-15T08:32:59.4503000Z End test: we can get the relation object back from an altrep df
2026-08-15T08:32:59.4503300Z 
2026-08-15T08:32:59.4513440Z Start test: rel_order() sorts NAs last
2026-08-15T08:32:59.4647470Z   'test-relational.R:449:3' [success]
2026-08-15T08:32:59.4723860Z   'test-relational.R:452:3' [success]
2026-08-15T08:32:59.4733200Z End test: rel_order() sorts NAs last
2026-08-15T08:32:59.4733430Z 
2026-08-15T08:32:59.4741630Z Start test: Inner join returns all inner relations
2026-08-15T08:32:59.4818960Z   'test-relational.R:472:3' [success]
2026-08-15T08:32:59.4828780Z End test: Inner join returns all inner relations
2026-08-15T08:32:59.4829020Z 
2026-08-15T08:32:59.4836760Z Start test: Left join returns all left relations
2026-08-15T08:32:59.4908750Z   'test-relational.R:491:3' [success]
2026-08-15T08:32:59.4917240Z End test: Left join returns all left relations
2026-08-15T08:32:59.4917490Z 
2026-08-15T08:32:59.4926180Z Start test: Right join returns all right relations
2026-08-15T08:32:59.4999860Z   'test-relational.R:513:3' [success]
2026-08-15T08:32:59.5008410Z End test: Right join returns all right relations
2026-08-15T08:32:59.5008620Z 
2026-08-15T08:32:59.5016140Z Start test: Full join returns all outer relations
2026-08-15T08:32:59.5095510Z   'test-relational.R:539:3' [success]
2026-08-15T08:32:59.5105330Z End test: Full join returns all outer relations
2026-08-15T08:32:59.5105600Z 
2026-08-15T08:32:59.5113210Z Start test: cross join works
2026-08-15T08:32:59.5182350Z   'test-relational.R:561:3' [success]
2026-08-15T08:32:59.5191110Z End test: cross join works
2026-08-15T08:32:59.5191250Z 
2026-08-15T08:32:59.5200630Z Start test: semi join works
2026-08-15T08:32:59.5269650Z   'test-relational.R:579:3' [success]
2026-08-15T08:32:59.5278880Z End test: semi join works
2026-08-15T08:32:59.5279130Z 
2026-08-15T08:32:59.5286700Z Start test: anti join works
2026-08-15T08:32:59.5355090Z   'test-relational.R:597:3' [success]
2026-08-15T08:32:59.5436240Z End test: anti join works
2026-08-15T08:32:59.5436380Z 
2026-08-15T08:32:59.5446190Z Start test: Union all does not immediately materialize
2026-08-15T08:32:59.5522760Z   'test-relational.R:605:3' [success]
2026-08-15T08:32:59.5585580Z   'test-relational.R:607:3' [success]
2026-08-15T08:32:59.5594620Z End test: Union all does not immediately materialize
2026-08-15T08:32:59.5595030Z 
2026-08-15T08:32:59.5603140Z Start test: Union all has the correct values
2026-08-15T08:32:59.5664030Z   'test-relational.R:616:3' [success]
2026-08-15T08:32:59.5724640Z   'test-relational.R:618:3' [success]
2026-08-15T08:32:59.5779030Z   'test-relational.R:623:3' [success]
2026-08-15T08:32:59.5787570Z End test: Union all has the correct values
2026-08-15T08:32:59.5787810Z 
2026-08-15T08:32:59.5796300Z Start test: Union all keeps duplicates
2026-08-15T08:32:59.5864330Z   'test-relational.R:633:3' [success]
2026-08-15T08:32:59.5921720Z   'test-relational.R:638:3' [success]
2026-08-15T08:32:59.5930510Z End test: Union all keeps duplicates
2026-08-15T08:32:59.5930730Z 
2026-08-15T08:32:59.5938410Z Start test: Inner join returns all inner relations
2026-08-15T08:32:59.6014760Z   'test-relational.R:658:3' [success]
2026-08-15T08:32:59.6023890Z End test: Inner join returns all inner relations
2026-08-15T08:32:59.6024170Z 
2026-08-15T08:32:59.6031720Z Start test: ASOF join works
2026-08-15T08:32:59.6182440Z   'test-relational.R:683:3' [success]
2026-08-15T08:32:59.6194410Z End test: ASOF join works
2026-08-15T08:32:59.6194600Z 
2026-08-15T08:32:59.6204090Z Start test: LEFT ASOF join works
2026-08-15T08:32:59.6305990Z   'test-relational.R:719:3' [success]
2026-08-15T08:32:59.6317950Z End test: LEFT ASOF join works
2026-08-15T08:32:59.6318270Z 
2026-08-15T08:32:59.6326180Z Start test: Positional cross join works
2026-08-15T08:32:59.6392330Z   'test-relational.R:739:3' [success]
2026-08-15T08:32:59.6401100Z End test: Positional cross join works
2026-08-15T08:32:59.6401310Z 
2026-08-15T08:32:59.6409380Z Start test: regular positional join works
2026-08-15T08:32:59.6484180Z   'test-relational.R:758:3' [success]
2026-08-15T08:32:59.6492770Z End test: regular positional join works
2026-08-15T08:32:59.6493050Z 
2026-08-15T08:32:59.6500450Z Start test: Invalid asof join condition throws error
2026-08-15T08:32:59.6592740Z   'test-relational.R:772:3' [success]
2026-08-15T08:32:59.6602420Z End test: Invalid asof join condition throws error
2026-08-15T08:32:59.6602700Z 
2026-08-15T08:32:59.6611360Z Start test: multiple inequality conditions for asof join throws error
2026-08-15T08:32:59.6704500Z   'test-relational.R:794:3' [success]
2026-08-15T08:32:59.6714050Z End test: multiple inequality conditions for asof join throws error
2026-08-15T08:32:59.6714420Z 
2026-08-15T08:32:59.6722730Z Start test: Inequality joins work
2026-08-15T08:32:59.6798870Z   'test-relational.R:826:3' [success]
2026-08-15T08:32:59.6807990Z End test: Inequality joins work
2026-08-15T08:32:59.6808250Z 
2026-08-15T08:32:59.6815910Z Start test: Inequality join works to perform between operation
2026-08-15T08:32:59.7012490Z   'test-relational.R:859:3' [success]
2026-08-15T08:32:59.7024910Z End test: Inequality join works to perform between operation
2026-08-15T08:32:59.7025110Z 
2026-08-15T08:32:59.7034360Z Start test: we can union the same relation to itself
2026-08-15T08:32:59.7112010Z   'test-relational.R:872:3' [success]
2026-08-15T08:32:59.7122020Z End test: we can union the same relation to itself
2026-08-15T08:32:59.7122200Z 
2026-08-15T08:32:59.7131150Z Start test: we throw an error when attempting to union all relations that are not compatible
2026-08-15T08:32:59.7219700Z   'test-relational.R:882:3' [success]
2026-08-15T08:32:59.7230100Z End test: we throw an error when attempting to union all relations that are not compatible
2026-08-15T08:32:59.7230420Z 
2026-08-15T08:32:59.7237860Z Start test: A union with different column types casts to the richer type
2026-08-15T08:32:59.7300260Z   'test-relational.R:891:3' [success]
2026-08-15T08:32:59.7355600Z   'test-relational.R:892:3' [success]
2026-08-15T08:32:59.7410160Z   'test-relational.R:893:3' [success]
2026-08-15T08:32:59.7419480Z End test: A union with different column types casts to the richer type
2026-08-15T08:32:59.7419720Z 
2026-08-15T08:32:59.7427680Z Start test: Set Intersect returns set intersection
2026-08-15T08:32:59.7490060Z   'test-relational.R:902:3' [success]
2026-08-15T08:32:59.7554290Z   'test-relational.R:905:3' [success]
2026-08-15T08:32:59.7563210Z End test: Set Intersect returns set intersection
2026-08-15T08:32:59.7563390Z 
2026-08-15T08:32:59.7571000Z Start test: Set intersect casts columns to the richer type
2026-08-15T08:32:59.7629250Z   'test-relational.R:913:3' [success]
2026-08-15T08:32:59.7766810Z   'test-relational.R:914:3' [success]
2026-08-15T08:32:59.7840920Z   'test-relational.R:920:3' [success]
2026-08-15T08:32:59.7850340Z End test: Set intersect casts columns to the richer type
2026-08-15T08:32:59.7850530Z 
2026-08-15T08:32:59.7858340Z Start test: Set Diff returns the set difference
2026-08-15T08:32:59.7919370Z   'test-relational.R:928:3' [success]
2026-08-15T08:32:59.7982640Z   'test-relational.R:931:3' [success]
2026-08-15T08:32:59.7991220Z End test: Set Diff returns the set difference
2026-08-15T08:32:59.7991390Z 
2026-08-15T08:32:59.7998900Z Start test: Symmetric difference returns the symmetric difference
2026-08-15T08:32:59.8062090Z   'test-relational.R:940:3' [success]
2026-08-15T08:32:59.8133300Z   'test-relational.R:943:3' [success]
2026-08-15T08:32:59.8143070Z End test: Symmetric difference returns the symmetric difference
2026-08-15T08:32:59.8143290Z 
2026-08-15T08:32:59.8151100Z Start test: rel aggregate with no groups but a sum over a column, sums the column
2026-08-15T08:32:59.8216610Z   'test-relational.R:952:3' [success]
2026-08-15T08:32:59.8226380Z End test: rel aggregate with no groups but a sum over a column, sums the column
2026-08-15T08:32:59.8226650Z 
2026-08-15T08:32:59.8234440Z Start test: rel aggregate with groups and aggregate function works
2026-08-15T08:32:59.8302320Z   'test-relational.R:962:3' [success]
2026-08-15T08:32:59.8311560Z End test: rel aggregate with groups and aggregate function works
2026-08-15T08:32:59.8311790Z 
2026-08-15T08:32:59.8319990Z Start test: Window sum expression function test works
2026-08-15T08:32:59.8392560Z   'test-relational.R:984:3' [success]
2026-08-15T08:32:59.8401510Z End test: Window sum expression function test works
2026-08-15T08:32:59.8401800Z 
2026-08-15T08:32:59.8409890Z Start test: Window count function works
2026-08-15T08:32:59.8566960Z   'test-relational.R:999:3' [success]
2026-08-15T08:32:59.8576720Z End test: Window count function works
2026-08-15T08:32:59.8576930Z 
2026-08-15T08:32:59.8585380Z Start test: Window avg function works
2026-08-15T08:32:59.8656870Z   'test-relational.R:1017:3' [success]
2026-08-15T08:32:59.8665900Z End test: Window avg function works
2026-08-15T08:32:59.8666120Z 
2026-08-15T08:32:59.8674760Z Start test: Window sum with Partition, order, and window boundaries works
2026-08-15T08:32:59.8785700Z   'test-relational.R:1045:3' [success]
2026-08-15T08:32:59.8794420Z End test: Window sum with Partition, order, and window boundaries works
2026-08-15T08:32:59.8794710Z 
2026-08-15T08:32:59.8802070Z Start test: Window boundaries boundaries are CaSe INsenSItive
2026-08-15T08:32:59.8913150Z   'test-relational.R:1073:3' [success]
2026-08-15T08:32:59.8922240Z End test: Window boundaries boundaries are CaSe INsenSItive
2026-08-15T08:32:59.8922510Z 
2026-08-15T08:32:59.8930380Z Start test: Window avg with a filter expression and partition works
2026-08-15T08:32:59.9087170Z   'test-relational.R:1102:3' [success]
2026-08-15T08:32:59.9096090Z End test: Window avg with a filter expression and partition works
2026-08-15T08:32:59.9096360Z 
2026-08-15T08:32:59.9104070Z Start test: Window lag function works as expected
2026-08-15T08:32:59.9241250Z   'test-relational.R:1118:3' [success]
2026-08-15T08:32:59.9251130Z End test: Window lag function works as expected
2026-08-15T08:32:59.9251420Z 
2026-08-15T08:32:59.9258920Z Start test: function name for window is case insensitive
2026-08-15T08:32:59.9383770Z   'test-relational.R:1135:3' [success]
2026-08-15T08:32:59.9392960Z End test: function name for window is case insensitive
2026-08-15T08:32:59.9393210Z 
2026-08-15T08:32:59.9401040Z Start test: Window lead function works as expected
2026-08-15T08:32:59.9612240Z   'test-relational.R:1151:3' [success]
2026-08-15T08:32:59.9623580Z End test: Window lead function works as expected
2026-08-15T08:32:59.9623880Z 
2026-08-15T08:32:59.9631770Z Start test: Window function with string aggregate works
2026-08-15T08:32:59.9724270Z   'test-relational.R:1175:3' [success]
2026-08-15T08:32:59.9731130Z End test: Window function with string aggregate works
2026-08-15T08:32:59.9731370Z 
2026-08-15T08:32:59.9738730Z Start test: You can perform window functions on row_number
2026-08-15T08:32:59.9818890Z   'test-relational.R:1191:3' [success]
2026-08-15T08:32:59.9827590Z End test: You can perform window functions on row_number
2026-08-15T08:32:59.9827920Z 
2026-08-15T08:32:59.9836180Z Start test: You can perform the window function min_rank
2026-08-15T08:32:59.9902170Z   'test-relational.R:1212:3' [success]
2026-08-15T08:32:59.9911080Z End test: You can perform the window function min_rank
2026-08-15T08:32:59.9911310Z 
2026-08-15T08:32:59.9919580Z Start test: You can perform the window function dense_rank
2026-08-15T08:32:59.9987060Z   'test-relational.R:1230:3' [success]
2026-08-15T08:32:59.9996940Z End test: You can perform the window function dense_rank
2026-08-15T08:32:59.9997250Z 
2026-08-15T08:33:00.0005200Z Start test: You can perform the window function cume_dist
2026-08-15T08:33:00.0089850Z   'test-relational.R:1249:3' [success]
2026-08-15T08:33:00.0107670Z End test: You can perform the window function cume_dist
2026-08-15T08:33:00.0107940Z 
2026-08-15T08:33:00.0119820Z Start test: You can perform the window function percent rank
2026-08-15T08:33:00.0194330Z   'test-relational.R:1271:3' [success]
2026-08-15T08:33:00.0203640Z End test: You can perform the window function percent rank
2026-08-15T08:33:00.0203940Z 
2026-08-15T08:33:00.0211820Z Start test: R semantics for adding NaNs is respected
2026-08-15T08:33:00.0290990Z   'test-relational.R:1290:3' [success]
2026-08-15T08:33:00.0373960Z End test: R semantics for adding NaNs is respected
2026-08-15T08:33:00.0374250Z 
2026-08-15T08:33:00.0383680Z Start test: R semantics for arithmetics sum function are respected
2026-08-15T08:33:00.0463210Z   'test-relational.R:1298:3' [success]
2026-08-15T08:33:00.0473120Z End test: R semantics for arithmetics sum function are respected
2026-08-15T08:33:00.0473350Z 
2026-08-15T08:33:00.0481240Z Start test: anti joins for eq_na_matches works
2026-08-15T08:33:00.0555390Z   'test-relational.R:1314:3' [success]
2026-08-15T08:33:00.0564300Z End test: anti joins for eq_na_matches works
2026-08-15T08:33:00.0564570Z 
2026-08-15T08:33:00.0572050Z Start test: semi joins for eq_na_matches works
2026-08-15T08:33:00.0642730Z   'test-relational.R:1330:3' [success]
2026-08-15T08:33:00.0652750Z End test: semi joins for eq_na_matches works
2026-08-15T08:33:00.0653010Z 
2026-08-15T08:33:00.0660990Z Start test: rel_project does not automatically quote upper-case column names
2026-08-15T08:33:00.0722690Z   'test-relational.R:1340:3' [success]
2026-08-15T08:33:00.0732320Z End test: rel_project does not automatically quote upper-case column names
2026-08-15T08:33:00.0732650Z 
2026-08-15T08:33:00.0742630Z Start test: rel_tostring()
2026-08-15T08:33:00.0883550Z   'test-relational.R:1352:3' [success]
2026-08-15T08:33:00.1021300Z   'test-relational.R:1356:3' [success]
2026-08-15T08:33:00.1035010Z End test: rel_tostring()
2026-08-15T08:33:00.1035470Z 
2026-08-15T08:33:00.1047910Z Start test: rel_explain()
2026-08-15T08:33:00.1272950Z   'test-relational.R:1371:3' [success]
2026-08-15T08:33:00.1408300Z   'test-relational.R:1375:3' [success]
2026-08-15T08:33:00.1520460Z   'test-relational.R:1379:3' [success]
2026-08-15T08:33:00.1645420Z   'test-relational.R:1383:3' [success]
2026-08-15T08:33:00.1769340Z   'test-relational.R:1387:3' [success]
2026-08-15T08:33:00.1889580Z   'test-relational.R:1391:3' [success]
2026-08-15T08:33:00.1900410Z End test: rel_explain()
2026-08-15T08:33:00.1900690Z 
2026-08-15T08:33:00.1910920Z Start test: rel_to_sql works for row_number
2026-08-15T08:33:00.3863550Z   'test-relational.R:1416:3' [success]
2026-08-15T08:33:00.3875030Z End test: rel_to_sql works for row_number
2026-08-15T08:33:00.3875350Z 
2026-08-15T08:33:00.3885130Z Start test: rel_from_table_function works
2026-08-15T08:33:00.3951480Z   'test-relational.R:1422:3' [success]
2026-08-15T08:33:00.3961010Z End test: rel_from_table_function works
2026-08-15T08:33:00.3961290Z 
2026-08-15T08:33:00.3973440Z Start test: we don't crash with evaluation errors
2026-08-15T08:33:00.4119640Z   'test-relational.R:1456:3' [success]
2026-08-15T08:33:00.4130480Z End test: we don't crash with evaluation errors
2026-08-15T08:33:00.4130750Z 
2026-08-15T08:33:00.4138540Z Start test: we don't crash with evaluation errors
2026-08-15T08:33:00.4278270Z   'test-relational.R:1490:3' [success]
2026-08-15T08:33:00.4291840Z End test: we don't crash with evaluation errors
2026-08-15T08:33:00.4292330Z 
2026-08-15T08:33:00.4300400Z Start test: Handle zero-length lists (#186)
2026-08-15T08:33:00.4492710Z   'test-relational.R:1496:3' [success]
2026-08-15T08:33:00.4511000Z End test: Handle zero-length lists (#186)
2026-08-15T08:33:00.4511690Z 
2026-08-15T08:33:00.4520940Z Start test: prudence
2026-08-15T08:33:00.4803890Z   'test-relational.R:1524:3' [success]
2026-08-15T08:33:00.4876040Z   'test-relational.R:1529:3' [success]
2026-08-15T08:33:00.5029190Z   'test-relational.R:1532:3' [success]
2026-08-15T08:33:00.5097490Z   'test-relational.R:1537:3' [success]
2026-08-15T08:33:00.5270180Z   'test-relational.R:1540:3' [success]
2026-08-15T08:33:00.5332630Z   'test-relational.R:1545:3' [success]
2026-08-15T08:33:00.5499600Z   'test-relational.R:1548:3' [success]
2026-08-15T08:33:00.5705450Z   'test-relational.R:1553:3' [success]
2026-08-15T08:33:00.5723580Z End test: prudence
2026-08-15T08:33:00.5723790Z 
2026-08-15T08:33:00.5731500Z Start test: rel_to_view()
2026-08-15T08:33:00.5798940Z   'test-relational.R:1563:3' [success]
2026-08-15T08:33:00.5852050Z   'test-relational.R:1564:3' [success]
2026-08-15T08:33:00.5864710Z End test: rel_to_view()
2026-08-15T08:33:00.5865060Z 
2026-08-15T08:33:00.5872720Z Start test: logical
2026-08-15T08:33:00.5935300Z   'test-relational.R:1570:3' [success]
2026-08-15T08:33:00.5999850Z   'test-relational.R:1578:3' [success]
2026-08-15T08:33:00.6081020Z   'test-relational.R:1580:3' [success]
2026-08-15T08:33:00.6090890Z End test: logical
2026-08-15T08:33:00.6091020Z 
2026-08-15T08:33:00.6099210Z Start test: integer
2026-08-15T08:33:00.6165730Z   'test-relational.R:1586:3' [success]
2026-08-15T08:33:00.6230530Z   'test-relational.R:1594:3' [success]
2026-08-15T08:33:00.6312560Z   'test-relational.R:1596:3' [success]
2026-08-15T08:33:00.6327060Z End test: integer
2026-08-15T08:33:00.6327370Z 
2026-08-15T08:33:00.6336380Z Start test: numeric
2026-08-15T08:33:00.6418270Z   'test-relational.R:1602:3' [success]
2026-08-15T08:33:00.6500270Z   'test-relational.R:1608:3' [success]
2026-08-15T08:33:00.6585340Z   'test-relational.R:1610:3' [success]
2026-08-15T08:33:00.6595680Z End test: numeric
2026-08-15T08:33:00.6595830Z 
2026-08-15T08:33:00.6603650Z Start test: list
2026-08-15T08:33:00.6668880Z   'test-relational.R:1619:3' [success]
2026-08-15T08:33:00.6729300Z   'test-relational.R:1626:3' [success]
2026-08-15T08:33:00.6806720Z   'test-relational.R:1628:3' [success]
2026-08-15T08:33:00.6816460Z End test: list
2026-08-15T08:33:00.6816610Z 
2026-08-15T08:33:00.6824630Z Start test: Date
2026-08-15T08:33:00.6889580Z   'test-relational.R:1634:3' [success]
2026-08-15T08:33:00.6955560Z   'test-relational.R:1645:3' [success]
2026-08-15T08:33:00.7036660Z   'test-relational.R:1647:3' [success]
2026-08-15T08:33:00.7085650Z End test: Date
2026-08-15T08:33:00.7085770Z 
2026-08-15T08:33:00.7093330Z Start test: difftime
2026-08-15T08:33:00.7154350Z   'test-relational.R:1653:3' [success]
2026-08-15T08:33:00.7216030Z   'test-relational.R:1664:3' [success]
2026-08-15T08:33:00.7293080Z   'test-relational.R:1666:3' [success]
2026-08-15T08:33:00.7302490Z End test: difftime
2026-08-15T08:33:00.7302620Z 
2026-08-15T08:33:00.7310750Z Start test: factor
2026-08-15T08:33:00.7369750Z   'test-relational.R:1672:3' [success]
2026-08-15T08:33:00.7430360Z   'test-relational.R:1676:3' [success]
2026-08-15T08:33:00.7510660Z   'test-relational.R:1678:3' [success]
2026-08-15T08:33:00.7520250Z End test: factor
2026-08-15T08:33:00.7520370Z 
2026-08-15T08:33:00.7528260Z Start test: data.frame
2026-08-15T08:33:00.7594080Z   'test-relational.R:1687:3' [success]
2026-08-15T08:33:00.7654660Z   'test-relational.R:1693:3' [success]
2026-08-15T08:33:00.7734070Z   'test-relational.R:1695:3' [success]
2026-08-15T08:33:00.7743840Z End test: data.frame
2026-08-15T08:33:00.7744020Z 
2026-08-15T08:33:00.7752100Z Start test: POSIXct
2026-08-15T08:33:00.7812490Z   'test-relational.R:1707:3' [success]
2026-08-15T08:33:00.7871870Z   'test-relational.R:1713:3' [success]
2026-08-15T08:33:00.7948650Z   'test-relational.R:1715:3' [success]
2026-08-15T08:33:00.8007950Z   'test-relational.R:1725:3' [success]
2026-08-15T08:33:00.8085110Z   'test-relational.R:1727:3' [success]
2026-08-15T08:33:00.8146770Z   'test-relational.R:1739:3' [success]
2026-08-15T08:33:00.8223380Z   'test-relational.R:1741:3' [success]
2026-08-15T08:33:00.8232860Z End test: POSIXct
2026-08-15T08:33:00.8232960Z 
2026-08-15T08:33:00.8240910Z Start test: rel_order() supports descending order
2026-08-15T08:33:00.8344500Z   'test-relational.R:1749:3' [success]
2026-08-15T08:33:00.8355130Z End test: rel_order() supports descending order
﻿2026-08-15T08:33:00.8362740Z 
2026-08-15T08:33:00.8364840Z Start test: rel_order() supports nulls_first
2026-08-15T08:33:00.8428640Z   'test-relational.R:1757:3' [success]
2026-08-15T08:33:00.8438540Z End test: rel_order() supports nulls_first
2026-08-15T08:33:00.8444320Z 
2026-08-15T08:33:00.8447340Z Start test: rel_order() nulls_first error checking works
2026-08-15T08:33:00.8523260Z   'test-relational.R:1763:3' [success]
2026-08-15T08:33:00.8532800Z End test: rel_order() nulls_first error checking works
2026-08-15T08:33:00.8532980Z 
2026-08-15T08:33:00.8540450Z Start test: expr_window() supports descending order_bys
2026-08-15T08:33:00.8621350Z   'test-relational.R:1783:3' [success]
2026-08-15T08:33:00.8630310Z End test: expr_window() supports descending order_bys
2026-08-15T08:33:00.8630500Z 
2026-08-15T08:33:00.8640060Z Start test: expr_window() supports nulls_first in order_bys
2026-08-15T08:33:00.8720600Z   'test-relational.R:1804:3' [success]
2026-08-15T08:33:00.8729630Z End test: expr_window() supports nulls_first in order_bys
2026-08-15T08:33:00.8729870Z 
2026-08-15T08:33:00.8737250Z Start test: expr_window() ascending/nulls_first error checking works
2026-08-15T08:33:00.8813500Z   'test-relational.R:1809:3' [success]
2026-08-15T08:33:00.8885520Z   'test-relational.R:1817:3' [success]
2026-08-15T08:33:00.8895370Z End test: expr_window() ascending/nulls_first error checking works
2026-08-15T08:33:00.8895600Z 
2026-08-15T08:33:00.8903630Z Start test: rel_from_sql() works with registered tables
2026-08-15T08:33:00.9319300Z   'test-relational.R:1831:3' [success]
2026-08-15T08:33:00.9377740Z   'test-relational.R:1833:3' [success]
2026-08-15T08:33:00.9430860Z   'test-relational.R:1834:3' [success]
2026-08-15T08:33:00.9447730Z End test: rel_from_sql() works with registered tables
2026-08-15T08:33:00.9448290Z 
2026-08-15T08:33:00.9454770Z Start test: rel_from_sql() surfaces parser errors
2026-08-15T08:33:00.9693410Z   'test-relational.R:1839:3' [success]
2026-08-15T08:33:00.9708580Z End test: rel_from_sql() surfaces parser errors
2026-08-15T08:33:00.9708820Z 
2026-08-15T08:33:00.9716630Z Start test: rel_from_sql() scans data frames from the caller env by default
2026-08-15T08:33:00.9930560Z   'test-relational.R:1847:3' [success]
2026-08-15T08:33:00.9978520Z   'test-relational.R:1848:3' [success]
2026-08-15T08:33:00.9994280Z End test: rel_from_sql() scans data frames from the caller env by default
2026-08-15T08:33:00.9994560Z 
2026-08-15T08:33:01.0002220Z Start test: rel_from_sql() honours an explicit env argument
2026-08-15T08:33:01.0267850Z   'test-relational.R:1858:3' [success]
2026-08-15T08:33:01.0316680Z   'test-relational.R:1859:3' [success]
2026-08-15T08:33:01.0332160Z End test: rel_from_sql() honours an explicit env argument
2026-08-15T08:33:01.0332350Z 
2026-08-15T08:33:01.0340380Z Start test: rel_from_sql() does not scan with environment_scan = FALSE
2026-08-15T08:33:01.0591510Z   'test-relational.R:1866:3' [success]
2026-08-15T08:33:01.0607500Z End test: rel_from_sql() does not scan with environment_scan = FALSE
2026-08-15T08:33:01.0607780Z 
2026-08-15T08:33:01.0616050Z Start test: rel_from_sql() rejects non-environment env
2026-08-15T08:33:01.0852430Z   'test-relational.R:1871:3' [success]
2026-08-15T08:33:01.0868140Z End test: rel_from_sql() rejects non-environment env
2026-08-15T08:33:01.0868370Z 
2026-08-15T08:33:01.0876380Z Start test: rel_from_sql() falls back to the database catalog
2026-08-15T08:33:01.1308410Z   'test-relational.R:1883:3' [success]
2026-08-15T08:33:01.1324090Z End test: rel_from_sql() falls back to the database catalog
2026-08-15T08:33:01.1324510Z 
2026-08-15T08:33:01.1332450Z Start test: rel_from_sql() relations can be materialized after the env is gone
2026-08-15T08:33:01.4100010Z   'test-relational.R:1901:3' [success]
2026-08-15T08:33:01.4118000Z End test: rel_from_sql() relations can be materialized after the env is gone
2026-08-15T08:33:01.4118290Z 
2026-08-15T08:33:01.4125560Z Start test: rel_from_sql() relations can be used in further relational ops
2026-08-15T08:33:01.4532530Z   'test-relational.R:1917:3' [success]
2026-08-15T08:33:01.4614800Z End test: rel_from_sql() relations can be used in further relational ops
2026-08-15T08:33:01.4624150Z 
2026-08-15T08:33:01.4624560Z Start test: rel_from_df() rejects matrix, S4, and integer64 columns
2026-08-15T08:33:01.4810590Z   'test-relational.R:1925:3' [success]
2026-08-15T08:33:01.4924590Z   'test-relational.R:1930:3' [success]
2026-08-15T08:33:01.5015590Z   'test-relational.R:1935:3' [success]
2026-08-15T08:33:01.5032720Z End test: rel_from_df() rejects matrix, S4, and integer64 columns
2026-08-15T08:33:01.5033100Z 
2026-08-15T08:33:01.5077730Z Start test: r_base::min and r_base::max merge partial states under parallel aggregation
2026-08-15T08:33:01.5411350Z   'test-rfuns-minmax.R:16:3' [success]
2026-08-15T08:33:01.5470380Z   'test-rfuns-minmax.R:17:3' [success]
2026-08-15T08:33:01.5784690Z   'test-rfuns-minmax.R:26:3' [success]
2026-08-15T08:33:01.5844400Z   'test-rfuns-minmax.R:27:3' [success]
2026-08-15T08:33:01.5860680Z End test: r_base::min and r_base::max merge partial states under parallel aggregation
2026-08-15T08:33:01.5861100Z 
2026-08-15T08:33:01.5868670Z Start test: r_base::min and r_base::max propagate NA poisoning across partial states
2026-08-15T08:33:01.6196770Z   'test-rfuns-minmax.R:49:3' [success]
2026-08-15T08:33:01.6256680Z   'test-rfuns-minmax.R:50:3' [success]
2026-08-15T08:33:01.6274060Z End test: r_base::min and r_base::max propagate NA poisoning across partial states
2026-08-15T08:33:01.6274370Z 
2026-08-15T08:33:01.6282160Z Start test: r_base::min and r_base::max merge partial states in window frames
2026-08-15T08:33:01.6609740Z   'test-rfuns-minmax.R:79:3' [success]
2026-08-15T08:33:01.6628080Z End test: r_base::min and r_base::max merge partial states in window frames
2026-08-15T08:33:01.6628470Z 
2026-08-15T08:33:01.6657350Z Start test: mixed-type overloads of r_base functions work
2026-08-15T08:33:01.6937130Z   'test-rfuns-mixed-types.R:20:3' [success]
2026-08-15T08:33:01.7002920Z   'test-rfuns-mixed-types.R:21:3' [success]
2026-08-15T08:33:01.7070440Z   'test-rfuns-mixed-types.R:22:3' [success]
2026-08-15T08:33:01.7138380Z   'test-rfuns-mixed-types.R:23:3' [success]
2026-08-15T08:33:01.7256420Z   'test-rfuns-mixed-types.R:24:3' [success]
2026-08-15T08:33:01.7274500Z End test: mixed-type overloads of r_base functions work
2026-08-15T08:33:01.7274730Z 
2026-08-15T08:33:01.7303100Z Start test: na.rm argument of r_base aggregates is honored in SQL queries
2026-08-15T08:33:01.7574650Z   'test-rfuns-narm.R:16:3' [success]
2026-08-15T08:33:01.7637930Z   'test-rfuns-narm.R:17:3' [success]
2026-08-15T08:33:01.7701150Z   'test-rfuns-narm.R:18:3' [success]
2026-08-15T08:33:01.7764020Z   'test-rfuns-narm.R:19:3' [success]
2026-08-15T08:33:01.7828420Z   'test-rfuns-narm.R:20:3' [success]
2026-08-15T08:33:01.7895350Z   'test-rfuns-narm.R:21:3' [success]
2026-08-15T08:33:01.7914160Z End test: na.rm argument of r_base aggregates is honored in SQL queries
2026-08-15T08:33:01.7914420Z 
2026-08-15T08:33:01.7922290Z Start test: na.rm argument of r_base aggregates must be a constant
2026-08-15T08:33:01.8256830Z   'test-rfuns-narm.R:31:3' [success]
2026-08-15T08:33:01.8402200Z   'test-rfuns-narm.R:35:3' [success]
2026-08-15T08:33:01.8421350Z End test: na.rm argument of r_base aggregates must be a constant
2026-08-15T08:33:01.8421590Z 
2026-08-15T08:33:01.8449990Z Start test: r_base::sum merges partial states under parallel aggregation
2026-08-15T08:33:01.8959400Z   'test-rfuns-sum.R:16:3' [success]
2026-08-15T08:33:01.9026120Z   'test-rfuns-sum.R:17:3' [success]
2026-08-15T08:33:01.9090640Z   'test-rfuns-sum.R:18:3' [success]
2026-08-15T08:33:01.9437250Z   'test-rfuns-sum.R:27:3' [success]
2026-08-15T08:33:01.9455960Z End test: r_base::sum merges partial states under parallel aggregation
2026-08-15T08:33:01.9456280Z 
2026-08-15T08:33:01.9465520Z Start test: r_base::sum propagates NA poisoning across partial states
2026-08-15T08:33:01.9835300Z   'test-rfuns-sum.R:49:3' [success]
2026-08-15T08:33:01.9855570Z End test: r_base::sum propagates NA poisoning across partial states
2026-08-15T08:33:01.9856250Z 
2026-08-15T08:33:01.9864010Z Start test: r_base::sum merges partial states in window frames
2026-08-15T08:33:02.0143040Z   'test-rfuns-sum.R:76:3' [success]
2026-08-15T08:33:02.0157500Z End test: r_base::sum merges partial states in window frames
2026-08-15T08:33:02.0157710Z 
2026-08-15T08:33:02.0180140Z Start test: can load rfuns extension and run functions
2026-08-15T08:33:02.0511470Z   'test-rfuns.R:5:3' [success]
2026-08-15T08:33:02.0581060Z   'test-rfuns.R:9:3' [success]
2026-08-15T08:33:02.0597250Z End test: can load rfuns extension and run functions
2026-08-15T08:33:02.0597440Z 
2026-08-15T08:33:02.0623190Z Start test: Data frame scan is off by default
2026-08-15T08:33:02.0908930Z   'test-scan.R:5:3' [success]
2026-08-15T08:33:02.0925680Z End test: Data frame scan is off by default
2026-08-15T08:33:02.0925860Z 
2026-08-15T08:33:02.0933590Z Start test: Can scan data frames as tables with dbGetQuery()
2026-08-15T08:33:02.1180530Z   'test-scan.R:12:3' [success]
2026-08-15T08:33:02.1328140Z   'test-scan.R:13:3' [success]
2026-08-15T08:33:02.1344130Z End test: Can scan data frames as tables with dbGetQuery()
2026-08-15T08:33:02.1344440Z 
2026-08-15T08:33:02.1352120Z Start test: Can scan data frames as tables with dbSendQuery()
2026-08-15T08:33:02.1568250Z   'test-scan.R:22:3' [success]
2026-08-15T08:33:02.1583000Z End test: Can scan data frames as tables with dbSendQuery()
2026-08-15T08:33:02.1583280Z 
2026-08-15T08:33:02.1590970Z Start test: Data frame scan fetches from the correct environment
2026-08-15T08:33:02.1812720Z   'test-scan.R:35:3' [success]
2026-08-15T08:33:02.1874680Z   'test-scan.R:36:3' [success]
2026-08-15T08:33:02.1890410Z End test: Data frame scan fetches from the correct environment
2026-08-15T08:33:02.1890690Z 
2026-08-15T08:33:02.1898060Z Start test: Function hides data frame
2026-08-15T08:33:02.2189710Z   'test-scan.R:49:3' [success]
2026-08-15T08:33:02.2251540Z   'test-scan.R:50:3' [success]
2026-08-15T08:33:02.2266900Z End test: Function hides data frame
2026-08-15T08:33:02.2267170Z 
2026-08-15T08:33:02.2274820Z Start test: Database tables take precedence
2026-08-15T08:33:02.2724410Z   'test-scan.R:60:3' [success]
2026-08-15T08:33:02.2739420Z End test: Database tables take precedence
2026-08-15T08:33:02.2739690Z 
2026-08-15T08:33:02.2747440Z Start test: Data frame scan reads a packed ALTREP column that bind materialized
2026-08-15T08:33:02.4640720Z   'test-scan.R:72:3' [error]
2026-08-15T08:33:02.4656440Z End test: Data frame scan reads a packed ALTREP column that bind materialized
2026-08-15T08:33:02.4656750Z 
2026-08-15T08:33:02.4669710Z Start test: Data frames scan survives garbage collection
2026-08-15T08:33:02.7513880Z   'test-scan.R:116:3' [success]
2026-08-15T08:33:02.7528980Z End test: Data frames scan survives garbage collection
2026-08-15T08:33:02.7529220Z 
2026-08-15T08:33:02.7552680Z Start test: disconnect releases database file
2026-08-15T08:33:02.7599620Z   'test-shutdown.R:2:3' [skip]
2026-08-15T08:33:02.7608600Z End test: disconnect releases database file
2026-08-15T08:33:02.7608860Z 
2026-08-15T08:33:02.7631890Z Start test: long-running queries can be cancelled
2026-08-15T08:33:03.0128120Z   'test-signal.R:11:3' [error]
2026-08-15T08:33:03.0140670Z End test: long-running queries can be cancelled
2026-08-15T08:33:03.0140990Z 
2026-08-15T08:33:03.0189420Z Start test: sql_query() executes SELECT statements correctly
2026-08-15T08:33:03.0254340Z   'test-sql.R:5:3' [success]
2026-08-15T08:33:03.0324890Z   'test-sql.R:6:3' [success]
2026-08-15T08:33:03.0393280Z   'test-sql.R:7:3' [success]
2026-08-15T08:33:03.0463470Z   'test-sql.R:8:3' [success]
2026-08-15T08:33:03.0473610Z End test: sql_query() executes SELECT statements correctly
2026-08-15T08:33:03.0473950Z 
2026-08-15T08:33:03.0482250Z Start test: sql_query() works with multiple rows and columns
2026-08-15T08:33:03.0546860Z   'test-sql.R:13:3' [success]
2026-08-15T08:33:03.0618090Z   'test-sql.R:14:3' [success]
2026-08-15T08:33:03.0687270Z   'test-sql.R:15:3' [success]
2026-08-15T08:33:03.0755280Z   'test-sql.R:16:3' [success]
2026-08-15T08:33:03.0818060Z   'test-sql.R:17:3' [success]
2026-08-15T08:33:03.0828820Z End test: sql_query() works with multiple rows and columns
2026-08-15T08:33:03.0829110Z 
2026-08-15T08:33:03.0837630Z Start test: sql_query() can access data frames as tables
2026-08-15T08:33:03.0902730Z   'test-sql.R:25:3' [success]
2026-08-15T08:33:03.0970140Z   'test-sql.R:26:3' [success]
2026-08-15T08:33:03.1033790Z   'test-sql.R:27:3' [success]
2026-08-15T08:33:03.1095470Z   'test-sql.R:28:3' [success]
2026-08-15T08:33:03.1107470Z End test: sql_query() can access data frames as tables
2026-08-15T08:33:03.1107750Z 
2026-08-15T08:33:03.1115850Z Start test: sql_query() works with custom connection
2026-08-15T08:33:03.1345590Z   'test-sql.R:34:3' [success]
2026-08-15T08:33:03.1360060Z End test: sql_query() works with custom connection
2026-08-15T08:33:03.1360350Z 
2026-08-15T08:33:03.1368580Z Start test: sql_query() validates connection
2026-08-15T08:33:03.1737440Z   'test-sql.R:42:3' [success]
2026-08-15T08:33:03.1746110Z End test: sql_query() validates connection
2026-08-15T08:33:03.1746410Z 
2026-08-15T08:33:03.1753960Z Start test: sql_exec() executes DDL statements correctly
2026-08-15T08:33:03.1819060Z   'test-sql.R:51:3' [success]
2026-08-15T08:33:03.1832740Z End test: sql_exec() executes DDL statements correctly
2026-08-15T08:33:03.1833060Z 
2026-08-15T08:33:03.1840940Z Start test: sql_exec() executes INSERT statements correctly
2026-08-15T08:33:03.1909970Z   'test-sql.R:69:3' [success]
2026-08-15T08:33:03.1970040Z   'test-sql.R:73:3' [success]
2026-08-15T08:33:03.1985130Z End test: sql_exec() executes INSERT statements correctly
2026-08-15T08:33:03.1985390Z 
2026-08-15T08:33:03.1992880Z Start test: sql_exec() executes UPDATE statements correctly
2026-08-15T08:33:03.2068600Z   'test-sql.R:92:3' [success]
2026-08-15T08:33:03.2133030Z   'test-sql.R:96:3' [success]
2026-08-15T08:33:03.2149050Z End test: sql_exec() executes UPDATE statements correctly
2026-08-15T08:33:03.2149330Z 
2026-08-15T08:33:03.2156950Z Start test: sql_exec() executes DELETE statements correctly
2026-08-15T08:33:03.2230210Z   'test-sql.R:115:3' [success]
2026-08-15T08:33:03.2292850Z   'test-sql.R:119:3' [success]
2026-08-15T08:33:03.2307920Z End test: sql_exec() executes DELETE statements correctly
2026-08-15T08:33:03.2308190Z 
2026-08-15T08:33:03.2315530Z Start test: sql_exec() works with custom connection
2026-08-15T08:33:03.2532680Z   'test-sql.R:132:3' [success]
2026-08-15T08:33:03.2610370Z   'test-sql.R:149:3' [success]
2026-08-15T08:33:03.2625520Z End test: sql_exec() works with custom connection
2026-08-15T08:33:03.2625720Z 
2026-08-15T08:33:03.2633120Z Start test: sql_exec() validates connection
2026-08-15T08:33:03.2935250Z   'test-sql.R:158:3' [success]
2026-08-15T08:33:03.2943890Z End test: sql_exec() validates connection
2026-08-15T08:33:03.2944360Z 
2026-08-15T08:33:03.2951650Z Start test: default_conn() returns a valid connection
2026-08-15T08:33:03.2998800Z   'test-sql.R:163:3' [success]
2026-08-15T08:33:03.3051650Z   'test-sql.R:164:3' [success]
2026-08-15T08:33:03.3060690Z End test: default_conn() returns a valid connection
2026-08-15T08:33:03.3061010Z 
2026-08-15T08:33:03.3068620Z Start test: default_conn() returns the same connection on multiple calls
2026-08-15T08:33:03.3122060Z   'test-sql.R:170:3' [success]
2026-08-15T08:33:03.3131000Z End test: default_conn() returns the same connection on multiple calls
2026-08-15T08:33:03.3131270Z 
2026-08-15T08:33:03.3138860Z Start test: default_conn() connection has expected properties
2026-08-15T08:33:03.3245800Z   'test-sql.R:178:3' [success]
2026-08-15T08:33:03.3308000Z   'test-sql.R:183:3' [success]
2026-08-15T08:33:03.3316620Z End test: default_conn() connection has expected properties
2026-08-15T08:33:03.3316920Z 
2026-08-15T08:33:03.3325390Z Start test: default_conn() connection uses correct timezone and array settings
2026-08-15T08:33:03.3380280Z   'test-sql.R:192:3' [success]
2026-08-15T08:33:03.3437240Z   'test-sql.R:193:3' [success]
2026-08-15T08:33:03.3489730Z   'test-sql.R:201:7' [success]
2026-08-15T08:33:03.3499230Z End test: default_conn() connection uses correct timezone and array settings
2026-08-15T08:33:03.3499580Z 
2026-08-15T08:33:03.3507610Z Start test: functions work together in realistic scenarios
2026-08-15T08:33:03.3579040Z   'test-sql.R:227:3' [success]
2026-08-15T08:33:03.3648590Z   'test-sql.R:231:3' [success]
2026-08-15T08:33:03.3702740Z   'test-sql.R:232:3' [success]
2026-08-15T08:33:03.3766510Z   'test-sql.R:238:3' [success]
2026-08-15T08:33:03.3782050Z End test: functions work together in realistic scenarios
2026-08-15T08:33:03.3782250Z 
2026-08-15T08:33:03.3789660Z Start test: error handling works correctly
2026-08-15T08:33:03.3999990Z   'test-sql.R:246:3' [success]
2026-08-15T08:33:03.4060090Z   'test-sql.R:250:3' [success]
2026-08-15T08:33:03.4070580Z End test: error handling works correctly
2026-08-15T08:33:03.4070870Z 
2026-08-15T08:33:03.4099560Z Start test: a secret created in R is visible to the DuckDB CLI
2026-08-15T08:33:03.6233860Z   'test-storage-cli-e2e.R:105:3' [success]
2026-08-15T08:33:03.6662930Z   'test-storage-cli-e2e.R:113:3' [success]
2026-08-15T08:33:03.6685140Z End test: a secret created in R is visible to the DuckDB CLI
2026-08-15T08:33:03.6685550Z 
2026-08-15T08:33:03.6694910Z Start test: a secret created by the DuckDB CLI is visible to R
2026-08-15T08:33:03.7211180Z   'test-storage-cli-e2e.R:126:3' [success]
2026-08-15T08:33:03.7439270Z   'test-storage-cli-e2e.R:134:3' [success]
2026-08-15T08:33:03.7455620Z End test: a secret created by the DuckDB CLI is visible to R
2026-08-15T08:33:03.7455830Z 
2026-08-15T08:33:03.7484690Z Start test: a non-interactive connect announces the storage location, unless chosen
2026-08-15T08:33:03.7679570Z   'test-storage-e2e.R:19:3' [success]
2026-08-15T08:33:03.7889890Z   'test-storage-e2e.R:29:3' [success]
2026-08-15T08:33:03.7990360Z End test: a non-interactive connect announces the storage location, unless chosen
2026-08-15T08:33:03.7990670Z 
2026-08-15T08:33:03.7997920Z Start test: an interactive yes announces creation; a no announces the tempdir
2026-08-15T08:33:03.8149180Z   'test-storage-e2e.R:48:3' [success]
2026-08-15T08:33:03.8296800Z   'test-storage-e2e.R:55:3' [success]
2026-08-15T08:33:03.8445400Z   'test-storage-e2e.R:65:3' [success]
2026-08-15T08:33:03.8551550Z End test: an interactive yes announces creation; a no announces the tempdir
2026-08-15T08:33:03.8551820Z 
2026-08-15T08:33:03.8565280Z Start test: a persistent secret is written under the configured home
2026-08-15T08:33:03.8782250Z   'test-storage-e2e.R:89:3' [success]
2026-08-15T08:33:03.8836520Z   'test-storage-e2e.R:90:3' [success]
2026-08-15T08:33:03.8854980Z End test: a persistent secret is written under the configured home
2026-08-15T08:33:03.8855250Z 
2026-08-15T08:33:03.8862840Z Start test: the httpfs extension installs and loads under the configured home
2026-08-15T08:33:04.1251940Z   'test-storage-e2e.R:132:3' [success]
2026-08-15T08:33:04.1299540Z   'test-storage-e2e.R:140:3' [success]
2026-08-15T08:33:04.1319860Z End test: the httpfs extension installs and loads under the configured home
2026-08-15T08:33:04.1320560Z 
2026-08-15T08:33:04.1364580Z Start test: resolve_storage_home honors argument, then option, then env
2026-08-15T08:33:04.1426950Z   'test-storage-home.R:5:3' [success]
2026-08-15T08:33:04.1490700Z   'test-storage-home.R:13:3' [success]
2026-08-15T08:33:04.1546640Z   'test-storage-home.R:19:3' [success]
2026-08-15T08:33:04.1555750Z End test: resolve_storage_home honors argument, then option, then env
2026-08-15T08:33:04.1556100Z 
2026-08-15T08:33:04.1564080Z Start test: resolve_storage_home uses an existing ~/.duckdb
2026-08-15T08:33:04.1625760Z   'test-storage-home.R:30:3' [success]
2026-08-15T08:33:04.1636540Z End test: resolve_storage_home uses an existing ~/.duckdb
2026-08-15T08:33:04.1636870Z 
2026-08-15T08:33:04.1644620Z Start test: resolve_storage_home falls back to a session tempdir non-interactively
2026-08-15T08:33:04.1704970Z   'test-storage-home.R:43:3' [success]
2026-08-15T08:33:04.1715570Z End test: resolve_storage_home falls back to a session tempdir non-interactively
2026-08-15T08:33:04.1716120Z 
2026-08-15T08:33:04.1724640Z Start test: an interactive yes creates and uses ~/.duckdb
2026-08-15T08:33:04.1801940Z   'test-storage-home.R:59:3' [success]
2026-08-15T08:33:04.1858640Z   'test-storage-home.R:60:3' [success]
2026-08-15T08:33:04.1912500Z   'test-storage-home.R:61:3' [success]
2026-08-15T08:33:04.1924250Z End test: an interactive yes creates and uses ~/.duckdb
2026-08-15T08:33:04.1924570Z 
2026-08-15T08:33:04.1932380Z Start test: an interactive no uses tempdir and is not re-asked this session
2026-08-15T08:33:04.2038180Z   'test-storage-home.R:78:3' [success]
2026-08-15T08:33:04.2095570Z   'test-storage-home.R:80:3' [success]
2026-08-15T08:33:04.2153870Z   'test-storage-home.R:81:3' [success]
2026-08-15T08:33:04.2208530Z   'test-storage-home.R:82:3' [success]
2026-08-15T08:33:04.2219070Z End test: an interactive no uses tempdir and is not re-asked this session
2026-08-15T08:33:04.2219430Z 
2026-08-15T08:33:04.2226720Z Start test: describe_storage_home is read-only: no prompt, no creation
2026-08-15T08:33:04.2284890Z   'test-storage-home.R:94:3' [success]
2026-08-15T08:33:04.2339490Z   'test-storage-home.R:98:3' [success]
2026-08-15T08:33:04.2349740Z End test: describe_storage_home is read-only: no prompt, no creation
2026-08-15T08:33:04.2349980Z 
2026-08-15T08:33:04.2357500Z Start test: resolve_storage_home rejects a malformed home argument
2026-08-15T08:33:04.2430720Z   'test-storage-home.R:102:3' [success]
2026-08-15T08:33:04.2503080Z   'test-storage-home.R:103:3' [success]
2026-08-15T08:33:04.2574790Z   'test-storage-home.R:104:3' [success]
2026-08-15T08:33:04.2584360Z End test: resolve_storage_home rejects a malformed home argument
2026-08-15T08:33:04.2584720Z 
2026-08-15T08:33:04.2592290Z Start test: shared_home = TRUE opts into ~/.duckdb, creating it, without prompting
2026-08-15T08:33:04.2652080Z   'test-storage-home.R:116:3' [success]
2026-08-15T08:33:04.2711350Z   'test-storage-home.R:117:3' [success]
2026-08-15T08:33:04.2723590Z End test: shared_home = TRUE opts into ~/.duckdb, creating it, without prompting
2026-08-15T08:33:04.2723870Z 
2026-08-15T08:33:04.2731970Z Start test: shared_home = FALSE forces tempdir even when ~/.duckdb exists
2026-08-15T08:33:04.2795730Z   'test-storage-home.R:129:3' [success]
2026-08-15T08:33:04.2807290Z End test: shared_home = FALSE forces tempdir even when ~/.duckdb exists
2026-08-15T08:33:04.2807610Z 
2026-08-15T08:33:04.2815340Z Start test: duckdb() rejects home combined with shared_home, and bad shared_home
2026-08-15T08:33:04.2886820Z   'test-storage-home.R:136:3' [success]
2026-08-15T08:33:04.2955520Z   'test-storage-home.R:137:3' [success]
2026-08-15T08:33:04.3024980Z   'test-storage-home.R:138:3' [success]
2026-08-15T08:33:04.3093710Z   'test-storage-home.R:139:3' [success]
2026-08-15T08:33:04.3103540Z End test: duckdb() rejects home combined with shared_home, and bad shared_home
2026-08-15T08:33:04.3103850Z 
2026-08-15T08:33:04.3112680Z Start test: a cancelled prompt (NA) aborts with the storage-location message
2026-08-15T08:33:04.3189020Z   'test-storage-home.R:153:3' [success]
2026-08-15T08:33:04.3289120Z   'test-storage-home.R:154:3' [success]
2026-08-15T08:33:04.3300060Z End test: a cancelled prompt (NA) aborts with the storage-location message
2026-08-15T08:33:04.3300390Z 
2026-08-15T08:33:04.3308370Z Start test: an explicit no proceeds with a tempdir, no error
2026-08-15T08:33:04.3369760Z   'test-storage-home.R:167:3' [success]
2026-08-15T08:33:04.3428290Z   'test-storage-home.R:168:3' [success]
2026-08-15T08:33:04.3439620Z End test: an explicit no proceeds with a tempdir, no error
2026-08-15T08:33:04.3439870Z 
2026-08-15T08:33:04.3447770Z Start test: consent_to_create_home declines when it cannot be answered
2026-08-15T08:33:04.3509110Z   'test-storage-home.R:188:3' [success]
2026-08-15T08:33:04.3559730Z   'test-storage-home.R:189:3' [success]
2026-08-15T08:33:04.3570730Z End test: consent_to_create_home declines when it cannot be answered
2026-08-15T08:33:04.3571570Z 
2026-08-15T08:33:04.3579100Z Start test: a forced-interactive session does not get ~/.duckdb created for it
2026-08-15T08:33:04.3637080Z   'test-storage-home.R:211:3' [success]
2026-08-15T08:33:04.3702710Z   'test-storage-home.R:212:3' [success]
2026-08-15T08:33:04.3770390Z   'test-storage-home.R:213:3' [success]
2026-08-15T08:33:04.3783730Z End test: a forced-interactive session does not get ~/.duckdb created for it
2026-08-15T08:33:04.3784090Z 
2026-08-15T08:33:04.3792740Z Start test: resolve_temp_directory redirects in-memory only, honors override
2026-08-15T08:33:04.3859050Z   'test-storage-home.R:221:3' [success]
2026-08-15T08:33:04.3914520Z   'test-storage-home.R:225:3' [success]
2026-08-15T08:33:04.3970320Z   'test-storage-home.R:228:3' [success]
2026-08-15T08:33:04.4027290Z   'test-storage-home.R:231:3' [success]
2026-08-15T08:33:04.4085230Z   'test-storage-home.R:234:3' [success]
2026-08-15T08:33:04.4144660Z   'test-storage-home.R:239:3' [success]
2026-08-15T08:33:04.4205220Z   'test-storage-home.R:248:3' [success]
2026-08-15T08:33:04.4259970Z   'test-storage-home.R:252:3' [success]
2026-08-15T08:33:04.4314470Z   'test-storage-home.R:256:3' [success]
2026-08-15T08:33:04.4325550Z End test: resolve_temp_directory redirects in-memory only, honors override
2026-08-15T08:33:04.4325800Z 
2026-08-15T08:33:04.4333560Z Start test: an on-disk database keeps the engine's `<dbdir>.tmp` spill default
2026-08-15T08:33:04.4681860Z   'test-storage-home.R:274:3' [success]
2026-08-15T08:33:04.4796640Z End test: an on-disk database keeps the engine's `<dbdir>.tmp` spill default
2026-08-15T08:33:04.4797710Z 
2026-08-15T08:33:04.4805760Z Start test: an in-memory database spills to temporary storage out of the box
2026-08-15T08:33:04.5114870Z   'test-storage-home.R:295:3' [success]
2026-08-15T08:33:04.5176940Z   'test-storage-home.R:296:3' [success]
2026-08-15T08:33:05.6112380Z   'test-storage-home.R:306:3' [success]
2026-08-15T08:33:05.6209500Z   'test-storage-home.R:307:3' [success]
2026-08-15T08:33:05.6588430Z   'test-storage-home.R:316:3' [success]
2026-08-15T08:33:05.6597860Z End test: an in-memory database spills to temporary storage out of the box
2026-08-15T08:33:05.6598250Z 
2026-08-15T08:33:05.6611050Z Start test: storage-location message: tempdir wording
2026-08-15T08:33:05.6700740Z   'test-storage-home.R:323:3' [success]
2026-08-15T08:33:05.6713100Z End test: storage-location message: tempdir wording
2026-08-15T08:33:05.6713330Z 
2026-08-15T08:33:05.6723310Z Start test: storage-location message: ~/.duckdb wording mentions shared_home = FALSE
2026-08-15T08:33:05.6822380Z   'test-storage-home.R:333:3' [success]
2026-08-15T08:33:05.6836280Z End test: storage-location message: ~/.duckdb wording mentions shared_home = FALSE
2026-08-15T08:33:05.6836600Z 
2026-08-15T08:33:05.6845390Z Start test: non-interactive reminder is bounded by a count, interactive by time
2026-08-15T08:33:05.6973090Z   'test-storage-home.R:345:3' [success]
2026-08-15T08:33:05.7070960Z   'test-storage-home.R:346:3' [success]
2026-08-15T08:33:05.7197540Z   'test-storage-home.R:352:3' [success]
2026-08-15T08:33:05.7264610Z   'test-storage-home.R:356:3' [success]
2026-08-15T08:33:05.7276370Z End test: non-interactive reminder is bounded by a count, interactive by time
2026-08-15T08:33:05.7276690Z 
2026-08-15T08:33:05.7285660Z Start test: inform_once_every throttles within the interval (mocked clock)
2026-08-15T08:33:05.7293130Z x
2026-08-15T08:33:05.7357630Z   'test-storage-home.R:362:3' [success]
2026-08-15T08:33:05.7422170Z   'test-storage-home.R:363:3' [success]
2026-08-15T08:33:05.7428670Z x
2026-08-15T08:33:05.7490650Z   'test-storage-home.R:365:3' [success]
2026-08-15T08:33:05.7502510Z End test: inform_once_every throttles within the interval (mocked clock)
2026-08-15T08:33:05.7502820Z 
2026-08-15T08:33:05.7511670Z Start test: inform_up_to emits up to max times, notes the last, then goes silent
2026-08-15T08:33:05.7591300Z   'test-storage-home.R:370:3' [success]
2026-08-15T08:33:05.7670420Z   'test-storage-home.R:371:3' [success]
2026-08-15T08:33:05.7726830Z   'test-storage-home.R:372:3' [success]
2026-08-15T08:33:05.7738340Z End test: inform_up_to emits up to max times, notes the last, then goes silent
2026-08-15T08:33:05.7738630Z 
2026-08-15T08:33:05.7747460Z Start test: storage message wording is stable
2026-08-15T08:33:05.8038940Z   'test-storage-home.R:382:3' [success]
2026-08-15T08:33:05.8047660Z End test: storage message wording is stable
2026-08-15T08:33:05.8047890Z 
2026-08-15T08:33:05.8056230Z Start test: a cancelled prompt aborts with a stable error
2026-08-15T08:33:05.8464990Z   'test-storage-home.R:403:3' [success]
2026-08-15T08:33:05.8476580Z End test: a cancelled prompt aborts with a stable error
2026-08-15T08:33:05.8476890Z 
2026-08-15T08:33:05.8581830Z Start test: mark/read of the session choice flag round-trips
2026-08-15T08:33:05.8642560Z   'test-storage-message-once.R:6:3' [success]
2026-08-15T08:33:05.8697900Z   'test-storage-message-once.R:8:3' [success]
2026-08-15T08:33:05.8706520Z End test: mark/read of the session choice flag round-trips
2026-08-15T08:33:05.8706850Z 
2026-08-15T08:33:05.8714590Z Start test: an explicit shared_home choice silences a later bare duckdb()
2026-08-15T08:33:05.8845880Z   'test-storage-message-once.R:23:3' [success]
2026-08-15T08:33:05.9062500Z   'test-storage-message-once.R:29:3' [success]
2026-08-15T08:33:05.9165490Z End test: an explicit shared_home choice silences a later bare duckdb()
2026-08-15T08:33:05.9165770Z 
2026-08-15T08:33:05.9173220Z Start test: reusing a cached on-disk driver does not record a storage choice
2026-08-15T08:33:05.9219950Z duckdb keeps downloaded extensions and secrets in a temporary directory:
2026-08-15T08:33:05.9220490Z i /var/folders/df/djsxfhc17x95674wsm_g8s980000gn/T//Rtmpv0p3Qs/duckdb
2026-08-15T08:33:05.9220830Z This is removed when the R session ends.
2026-08-15T08:33:05.9221100Z * Extensions are re-downloaded each session.
2026-08-15T08:33:05.9221330Z * Secrets are lost.
2026-08-15T08:33:05.9221740Z i Run duckdb(shared_home = TRUE) (or create ~/.duckdb) to keep them (suitable for most users).
2026-08-15T08:33:05.9222340Z i Run duckdb(shared_home = FALSE) to accept the temporary directory (and silence this message).
2026-08-15T08:33:05.9222780Z i See ?duckdb_storage for details and alternatives.
2026-08-15T08:33:05.9372990Z   'test-storage-message-once.R:51:3' [success]
2026-08-15T08:33:05.9467570Z   'test-storage-message-once.R:52:3' [success]
2026-08-15T08:33:05.9520870Z   'test-storage-message-once.R:53:3' [success]
2026-08-15T08:33:05.9759440Z   'test-storage-message-once.R:59:3' [success]
2026-08-15T08:33:05.9862800Z End test: reusing a cached on-disk driver does not record a storage choice
2026-08-15T08:33:05.9863060Z 
2026-08-15T08:33:05.9870430Z Start test: without a prior choice, a bare duckdb() still announces
2026-08-15T08:33:06.0021990Z   'test-storage-message-once.R:79:3' [success]
2026-08-15T08:33:06.0131250Z End test: without a prior choice, a bare duckdb() still announces
2026-08-15T08:33:06.0131500Z 
2026-08-15T08:33:06.0155960Z Start test: check_dots_empty0 rejects non-empty dots
2026-08-15T08:33:06.0215800Z   'test-storage-seams.R:10:3' [success]
2026-08-15T08:33:06.0481740Z   'test-storage-seams.R:11:3' [success]
2026-08-15T08:33:06.0491790Z End test: check_dots_empty0 rejects non-empty dots
2026-08-15T08:33:06.0492050Z 
2026-08-15T08:33:06.0516630Z Start test: the secret store follows the home option
2026-08-15T08:33:06.0575540Z   'test-storage-secret.R:6:3' [success]
2026-08-15T08:33:06.0585790Z End test: the secret store follows the home option
2026-08-15T08:33:06.0586030Z 
2026-08-15T08:33:06.0593610Z Start test: the secret store follows the DUCKDB_R_HOME environment variable
2026-08-15T08:33:06.0652930Z   'test-storage-secret.R:15:3' [success]
2026-08-15T08:33:06.0663130Z End test: the secret store follows the DUCKDB_R_HOME environment variable
2026-08-15T08:33:06.0663420Z 
2026-08-15T08:33:06.0671020Z Start test: the secret store defaults under the session tempdir
2026-08-15T08:33:06.0731810Z   'test-storage-secret.R:28:3' [success]
2026-08-15T08:33:06.0742080Z End test: the secret store defaults under the session tempdir
2026-08-15T08:33:06.0742380Z 
2026-08-15T08:33:06.0768520Z Start test: duckdb_home_directory follows HOME on non-Windows
2026-08-15T08:33:06.0832200Z   'test-storage-shared-home.R:10:3' [success]
2026-08-15T08:33:06.0842900Z End test: duckdb_home_directory follows HOME on non-Windows
2026-08-15T08:33:06.0843150Z 
2026-08-15T08:33:06.0851170Z Start test: duckdb_home_directory follows USERPROFILE on Windows
2026-08-15T08:33:06.0921510Z   'test-storage-shared-home.R:20:3' [success]
2026-08-15T08:33:06.0933950Z End test: duckdb_home_directory follows USERPROFILE on Windows
2026-08-15T08:33:06.0934240Z 
2026-08-15T08:33:06.0942650Z Start test: duckdb_home_directory falls back to path.expand when the env var is unset
2026-08-15T08:33:06.1009780Z   'test-storage-shared-home.R:27:3' [success]
2026-08-15T08:33:06.1022130Z End test: duckdb_home_directory falls back to path.expand when the env var is unset
2026-08-15T08:33:06.1022530Z 
2026-08-15T08:33:06.1031820Z Start test: duckdb_shared_home appends .duckdb to the home directory
2026-08-15T08:33:06.1101130Z   'test-storage-shared-home.R:32:3' [success]
2026-08-15T08:33:06.1113130Z End test: duckdb_shared_home appends .duckdb to the home directory
2026-08-15T08:33:06.1113400Z 
2026-08-15T08:33:06.1122010Z Start test: duckdb_shared_home does not use the Windows Documents folder
2026-08-15T08:33:06.1184400Z   'test-storage-shared-home.R:40:3' [success]
2026-08-15T08:33:06.1195890Z End test: duckdb_shared_home does not use the Windows Documents folder
2026-08-15T08:33:06.1196200Z 
2026-08-15T08:33:06.1230360Z Start test: duckdb_storage_status reports the per-session default
2026-08-15T08:33:06.1286610Z   'test-storage-status.R:15:3' [success]
2026-08-15T08:33:06.1345130Z   'test-storage-status.R:16:3' [success]
2026-08-15T08:33:06.1403650Z   'test-storage-status.R:17:3' [success]
2026-08-15T08:33:06.1461330Z   'test-storage-status.R:18:3' [success]
2026-08-15T08:33:06.1520090Z   'test-storage-status.R:19:3' [success]
2026-08-15T08:33:06.1530570Z End test: duckdb_storage_status reports the per-session default
2026-08-15T08:33:06.1530840Z 
2026-08-15T08:33:06.1540120Z Start test: duckdb_storage_status reports an option override
2026-08-15T08:33:06.1603730Z   'test-storage-status.R:29:3' [success]
2026-08-15T08:33:06.1670260Z   'test-storage-status.R:30:3' [success]
2026-08-15T08:33:06.1680720Z End test: duckdb_storage_status reports an option override
2026-08-15T08:33:06.1680960Z 
2026-08-15T08:33:06.1732690Z Start test: duckdb_storage_status reports an existing ~/.duckdb
2026-08-15T08:33:06.1796010Z   'test-storage-status.R:41:3' [success]
2026-08-15T08:33:06.1853610Z   'test-storage-status.R:42:3' [success]
2026-08-15T08:33:06.1865130Z End test: duckdb_storage_status reports an existing ~/.duckdb
2026-08-15T08:33:06.1865390Z 
2026-08-15T08:33:06.1873380Z Start test: duckdb_storage_status returns a visible frame with no side effects
2026-08-15T08:33:06.1933600Z   'test-storage-status.R:52:3' [success]
2026-08-15T08:33:06.1978990Z   'test-storage-status.R:53:3' [success]
2026-08-15T08:33:06.1990150Z End test: duckdb_storage_status returns a visible frame with no side effects
2026-08-15T08:33:06.1990490Z 
2026-08-15T08:33:06.1997790Z Start test: duckdb_storage_status prints a readable summary
2026-08-15T08:33:06.2088230Z   'test-storage-status.R:64:3' [success]
2026-08-15T08:33:06.2097810Z End test: duckdb_storage_status prints a readable summary
2026-08-15T08:33:06.2098100Z 
2026-08-15T08:33:06.2135920Z Start test: structs can be read
2026-08-15T08:33:06.2183280Z duckdb is storing downloaded extensions and secrets under ~/.duckdb:
2026-08-15T08:33:06.2183630Z i /Users/runner/.duckdb
2026-08-15T08:33:06.2184060Z This persists across sessions and is shared with the DuckDB CLI and other clients.
2026-08-15T08:33:06.2184560Z i Run duckdb(shared_home = FALSE) to use a temporary directory instead.
2026-08-15T08:33:06.2184950Z i See ?duckdb_storage for details and alternatives.
2026-08-15T08:33:06.2387250Z   'test-struct.R:7:3' [success]
2026-08-15T08:33:06.2464390Z   'test-struct.R:18:3' [success]
2026-08-15T08:33:06.2532870Z   'test-struct.R:30:3' [success]
2026-08-15T08:33:06.2597770Z   'test-struct.R:42:3' [success]
2026-08-15T08:33:06.2667630Z   'test-struct.R:57:3' [success]
2026-08-15T08:33:06.2750450Z   'test-struct.R:71:3' [success]
2026-08-15T08:33:06.2765850Z End test: structs can be read
2026-08-15T08:33:06.2766080Z 
2026-08-15T08:33:06.2773760Z Start test: structs give the same results via Arrow
2026-08-15T08:33:06.2828900Z duckdb is storing downloaded extensions and secrets under ~/.duckdb:
2026-08-15T08:33:06.2829280Z i /Users/runner/.duckdb
2026-08-15T08:33:06.2829660Z This persists across sessions and is shared with the DuckDB CLI and other clients.
2026-08-15T08:33:06.2830160Z i Run duckdb(shared_home = FALSE) to use a temporary directory instead.
2026-08-15T08:33:06.2830530Z i See ?duckdb_storage for details and alternatives.
2026-08-15T08:33:06.3027560Z   'test-struct.R:96:3' [success]
2026-08-15T08:33:06.3106080Z   'test-struct.R:108:3' [success]
2026-08-15T08:33:06.3182200Z   'test-struct.R:121:3' [success]
2026-08-15T08:33:06.3291660Z   'test-struct.R:134:3' [success]
2026-08-15T08:33:06.3395750Z   'test-struct.R:150:3' [success]
2026-08-15T08:33:06.3558350Z   'test-struct.R:169:3' [success]
2026-08-15T08:33:06.3576450Z End test: structs give the same results via Arrow
2026-08-15T08:33:06.3576640Z 
2026-08-15T08:33:06.3586420Z Start test: nested lists of atomic values can be written
2026-08-15T08:33:06.3646900Z   'test-struct.R:186:3' [skip]
2026-08-15T08:33:06.3658660Z End test: nested lists of atomic values can be written
2026-08-15T08:33:06.3658950Z 
2026-08-15T08:33:06.3669210Z Start test: nested and packed columns work in full
2026-08-15T08:33:06.3728780Z   'test-struct.R:205:3' [skip]
2026-08-15T08:33:06.3740440Z End test: nested and packed columns work in full
2026-08-15T08:33:06.3740830Z 
2026-08-15T08:33:06.3749590Z Start test: packed columns work with ALTREP
2026-08-15T08:33:06.3803220Z duckdb is storing downloaded extensions and secrets under ~/.duckdb:
2026-08-15T08:33:06.3803760Z i /Users/runner/.duckdb
2026-08-15T08:33:06.3804210Z This persists across sessions and is shared with the DuckDB CLI and other clients.
2026-08-15T08:33:06.3804830Z i Run duckdb(shared_home = FALSE) to use a temporary directory instead.
2026-08-15T08:33:06.3805300Z i See ?duckdb_storage for details and alternatives.
2026-08-15T08:33:06.4037650Z   'test-struct.R:324:3' [success]
2026-08-15T08:33:06.4055010Z End test: packed columns work with ALTREP
2026-08-15T08:33:06.4055210Z 
2026-08-15T08:33:06.4062750Z Start test: nested columns work with ALTREP
2026-08-15T08:33:06.4112670Z duckdb is storing downloaded extensions and secrets under ~/.duckdb:
2026-08-15T08:33:06.4120160Z i /Users/runner/.duckdb
2026-08-15T08:33:06.4120620Z This persists across sessions and is shared with the DuckDB CLI and other clients.
2026-08-15T08:33:06.4121130Z i Run duckdb(shared_home = FALSE) to use a temporary directory instead.
2026-08-15T08:33:06.4121540Z i See ?duckdb_storage for details and alternatives.
2026-08-15T08:33:06.4316760Z   'test-struct.R:417:3' [success]
2026-08-15T08:33:06.4332240Z End test: nested columns work with ALTREP
2026-08-15T08:33:06.4332510Z 
2026-08-15T08:33:06.4367450Z Start test: Parquet files can be registered with dplyr::tbl()
2026-08-15T08:33:06.4422430Z   'test-tbl__duckdb_connection.R:8:3' [skip]
2026-08-15T08:33:06.4433120Z End test: Parquet files can be registered with dplyr::tbl()
2026-08-15T08:33:06.4433420Z 
2026-08-15T08:33:06.4441800Z Start test: Parquet files can be registered with tbl_file() and tbl_function()
2026-08-15T08:33:06.4491450Z duckdb is storing downloaded extensions and secrets under ~/.duckdb:
2026-08-15T08:33:06.4491780Z i /Users/runner/.duckdb
2026-08-15T08:33:06.4492170Z This persists across sessions and is shared with the DuckDB CLI and other clients.
2026-08-15T08:33:06.4492670Z i Run duckdb(shared_home = FALSE) to use a temporary directory instead.
2026-08-15T08:33:06.4493350Z i See ?duckdb_storage for details and alternatives.
2026-08-15T08:33:06.4764120Z   'test-tbl__duckdb_connection.R:35:3' [success]
2026-08-15T08:33:06.4927550Z   'test-tbl__duckdb_connection.R:36:3' [success]
2026-08-15T08:33:06.5035730Z   'test-tbl__duckdb_connection.R:39:3' [success]
2026-08-15T08:33:06.5192050Z   'test-tbl__duckdb_connection.R:40:3' [success]
2026-08-15T08:33:06.5294910Z   'test-tbl__duckdb_connection.R:43:3' [success]
2026-08-15T08:33:06.5456630Z   'test-tbl__duckdb_connection.R:44:3' [success]
2026-08-15T08:33:06.5550900Z   'test-tbl__duckdb_connection.R:47:3' [success]
2026-08-15T08:33:06.5688210Z   'test-tbl__duckdb_connection.R:48:3' [success]
2026-08-15T08:33:06.5705290Z End test: Parquet files can be registered with tbl_file() and tbl_function()
2026-08-15T08:33:06.5705750Z 
2026-08-15T08:33:06.5714190Z Start test: Object cache can be enabled for parquet files with dplyr::tbl()
2026-08-15T08:33:06.5826700Z   'test-tbl__duckdb_connection.R:55:3' [skip]
2026-08-15T08:33:06.5837160Z End test: Object cache can be enabled for parquet files with dplyr::tbl()
2026-08-15T08:33:06.5837430Z 
2026-08-15T08:33:06.5845260Z Start test: Object cache can be enabled for parquet files with tbl_file() and tbl_function()
2026-08-15T08:33:06.5901120Z   'test-tbl__duckdb_connection.R:81:3' [skip]
2026-08-15T08:33:06.5911530Z End test: Object cache can be enabled for parquet files with tbl_file() and tbl_function()
2026-08-15T08:33:06.5911870Z 
2026-08-15T08:33:06.5920140Z Start test: CSV files can be registered with dplyr::tbl()
2026-08-15T08:33:06.5971260Z   'test-tbl__duckdb_connection.R:106:3' [skip]
2026-08-15T08:33:06.5981180Z End test: CSV files can be registered with dplyr::tbl()
2026-08-15T08:33:06.5981420Z 
2026-08-15T08:33:06.5989260Z Start test: CSV files can be registered with tbl_file() and tbl_function()
2026-08-15T08:33:06.6053450Z duckdb is storing downloaded extensions and secrets under ~/.duckdb:
2026-08-15T08:33:06.6053840Z i /Users/runner/.duckdb
2026-08-15T08:33:06.6054340Z This persists across sessions and is shared with the DuckDB CLI and other clients.
2026-08-15T08:33:06.6054960Z i Run duckdb(shared_home = FALSE) to use a temporary directory instead.
2026-08-15T08:33:06.6055440Z i See ?duckdb_storage for details and alternatives.
2026-08-15T08:33:06.6325670Z   'test-tbl__duckdb_connection.R:135:3' [success]
2026-08-15T08:33:06.6486620Z   'test-tbl__duckdb_connection.R:136:3' [success]
2026-08-15T08:33:06.6601880Z   'test-tbl__duckdb_connection.R:139:3' [success]
2026-08-15T08:33:06.6765120Z   'test-tbl__duckdb_connection.R:140:3' [success]
2026-08-15T08:33:06.6782070Z End test: CSV files can be registered with tbl_file() and tbl_function()
2026-08-15T08:33:06.6782450Z 
2026-08-15T08:33:06.6790310Z Start test: Files use the default connection
2026-08-15T08:33:06.6921860Z   'test-tbl__duckdb_connection.R:152:3' [success]
2026-08-15T08:33:06.7095210Z   'test-tbl__duckdb_connection.R:153:3' [success]
2026-08-15T08:33:06.7105150Z End test: Files use the default connection
2026-08-15T08:33:06.7105490Z 
2026-08-15T08:33:06.7114650Z Start test: Other replacement scans or functions can be registered with dplyr::tbl()
2026-08-15T08:33:06.7162170Z   'test-tbl__duckdb_connection.R:158:3' [skip]
2026-08-15T08:33:06.7173170Z End test: Other replacement scans or functions can be registered with dplyr::tbl()
2026-08-15T08:33:06.7173480Z 
2026-08-15T08:33:06.7181170Z Start test: Other replacement scans or functions can be registered with tbl_function()
2026-08-15T08:33:06.7228600Z duckdb is storing downloaded extensions and secrets under ~/.duckdb:
2026-08-15T08:33:06.7228960Z i /Users/runner/.duckdb
2026-08-15T08:33:06.7229380Z This persists across sessions and is shared with the DuckDB CLI and other clients.
2026-08-15T08:33:06.7229880Z i Run duckdb(shared_home = FALSE) to use a temporary directory instead.
2026-08-15T08:33:06.7230280Z i See ?duckdb_storage for details and alternatives.
2026-08-15T08:33:06.7433900Z   'test-tbl__duckdb_connection.R:179:3' [success]
2026-08-15T08:33:06.7586930Z   'test-tbl__duckdb_connection.R:180:3' [success]
2026-08-15T08:33:06.7603190Z End test: Other replacement scans or functions can be registered with tbl_function()
2026-08-15T08:33:06.7603510Z 
2026-08-15T08:33:06.7612190Z Start test: Strings tagged as SQL will be handled correctly with dplyr::tbl()
2026-08-15T08:33:06.7659960Z duckdb is storing downloaded extensions and secrets under ~/.duckdb:
2026-08-15T08:33:06.7660340Z i /Users/runner/.duckdb
2026-08-15T08:33:06.7660780Z This persists across sessions and is shared with the DuckDB CLI and other clients.
2026-08-15T08:33:06.7661290Z i Run duckdb(shared_home = FALSE) to use a temporary directory instead.
2026-08-15T08:33:06.7661680Z i See ?duckdb_storage for details and alternatives.
2026-08-15T08:33:06.7872480Z   'test-tbl__duckdb_connection.R:196:3' [success]
2026-08-15T08:33:06.8004490Z   'test-tbl__duckdb_connection.R:197:3' [success]
2026-08-15T08:33:06.8021420Z End test: Strings tagged as SQL will be handled correctly with dplyr::tbl()
2026-08-15T08:33:06.8021800Z 
2026-08-15T08:33:06.8030060Z Start test: tbl_file() errors on erroneous paths and unapplicable wildcard use
2026-08-15T08:33:06.8086780Z duckdb is storing downloaded extensions and secrets under ~/.duckdb:
2026-08-15T08:33:06.8087190Z i /Users/runner/.duckdb
2026-08-15T08:33:06.8087670Z This persists across sessions and is shared with the DuckDB CLI and other clients.
2026-08-15T08:33:06.8088260Z i Run duckdb(shared_home = FALSE) to use a temporary directory instead.
2026-08-15T08:33:06.8088720Z i See ?duckdb_storage for details and alternatives.
2026-08-15T08:33:06.8525080Z   'test-tbl__duckdb_connection.R:205:3' [success]
2026-08-15T08:33:06.8819640Z   'test-tbl__duckdb_connection.R:206:3' [success]
2026-08-15T08:33:06.8837470Z End test: tbl_file() errors on erroneous paths and unapplicable wildcard use
2026-08-15T08:33:06.8837750Z 
2026-08-15T08:33:06.8870510Z Start test: fractional seconds can be roundtripped
2026-08-15T08:33:06.8926840Z   'test-timestamp.R:2:3' [skip]
2026-08-15T08:33:06.8938410Z End test: fractional seconds can be roundtripped
2026-08-15T08:33:06.8938680Z 
2026-08-15T08:33:06.8951080Z Start test: fractional seconds can be extracted from TIME columns
2026-08-15T08:33:06.9001850Z duckdb is storing downloaded extensions and secrets under ~/.duckdb:
2026-08-15T08:33:06.9002360Z i /Users/runner/.duckdb
2026-08-15T08:33:06.9003070Z This persists across sessions and is shared with the DuckDB CLI and other clients.
2026-08-15T08:33:06.9004010Z i Run duckdb(shared_home = FALSE) to use a temporary directory instead.
2026-08-15T08:33:06.9004590Z i See ?duckdb_storage for details and alternatives.
2026-08-15T08:33:06.9227680Z   'test-timestamp.R:25:3' [success]
2026-08-15T08:33:06.9294040Z   'test-timestamp.R:29:3' [success]
2026-08-15T08:33:06.9311030Z End test: fractional seconds can be extracted from TIME columns
2026-08-15T08:33:06.9311310Z 
2026-08-15T08:33:06.9319970Z Start test: TIME WITH TIME ZONE columns are returned as difftime (#1807)
2026-08-15T08:33:06.9370360Z duckdb is storing downloaded extensions and secrets under ~/.duckdb:
2026-08-15T08:33:06.9371080Z i /Users/runner/.duckdb
2026-08-15T08:33:06.9371480Z This persists across sessions and is shared with the DuckDB CLI and other clients.
2026-08-15T08:33:06.9372020Z i Run duckdb(shared_home = FALSE) to use a temporary directory instead.
2026-08-15T08:33:06.9372420Z i See ?duckdb_storage for details and alternatives.
2026-08-15T08:33:06.9601160Z   'test-timestamp.R:47:3' [success]
2026-08-15T08:33:06.9668450Z   'test-timestamp.R:48:3' [success]
2026-08-15T08:33:06.9736480Z   'test-timestamp.R:49:3' [success]
2026-08-15T08:33:06.9804710Z   'test-timestamp.R:50:3' [success]
2026-08-15T08:33:06.9824960Z End test: TIME WITH TIME ZONE columns are returned as difftime (#1807)
2026-08-15T08:33:06.9825500Z 
2026-08-15T08:33:06.9871040Z Start test: timezone_out works with default
2026-08-15T08:33:06.9922640Z duckdb is storing downloaded extensions and secrets under ~/.duckdb:
2026-08-15T08:33:06.9923120Z i /Users/runner/.duckdb
2026-08-15T08:33:06.9923880Z This persists across sessions and is shared with the DuckDB CLI and other clients.
2026-08-15T08:33:06.9924460Z i Run duckdb(shared_home = FALSE) to use a temporary directory instead.
2026-08-15T08:33:06.9924900Z i See ?duckdb_storage for details and alternatives.
2026-08-15T08:33:07.0136800Z   'test-timezone.R:6:3' [success]
2026-08-15T08:33:07.0154210Z End test: timezone_out works with default
2026-08-15T08:33:07.0154460Z 
2026-08-15T08:33:07.0163680Z Start test: timezone_out works with UTC specified
2026-08-15T08:33:07.0218100Z duckdb is storing downloaded extensions and secrets under ~/.duckdb:
2026-08-15T08:33:07.0218940Z i /Users/runner/.duckdb
2026-08-15T08:33:07.0219420Z This persists across sessions and is shared with the DuckDB CLI and other clients.
2026-08-15T08:33:07.0219960Z i Run duckdb(shared_home = FALSE) to use a temporary directory instead.
2026-08-15T08:33:07.0220360Z i See ?duckdb_storage for details and alternatives.
2026-08-15T08:33:07.0512310Z   'test-timezone.R:14:3' [success]
2026-08-15T08:33:07.0530320Z End test: timezone_out works with UTC specified
2026-08-15T08:33:07.0530570Z 
2026-08-15T08:33:07.0539410Z Start test: timezone_out works with a specified timezone
2026-08-15T08:33:07.0590000Z duckdb is storing downloaded extensions and secrets under ~/.duckdb:
2026-08-15T08:33:07.0590550Z i /Users/runner/.duckdb
2026-08-15T08:33:07.0591000Z This persists across sessions and is shared with the DuckDB CLI and other clients.
2026-08-15T08:33:07.0591540Z i Run duckdb(shared_home = FALSE) to use a temporary directory instead.
2026-08-15T08:33:07.0591930Z i See ?duckdb_storage for details and alternatives.
2026-08-15T08:33:07.0799720Z   'test-timezone.R:22:3' [success]
2026-08-15T08:33:07.0814690Z End test: timezone_out works with a specified timezone
2026-08-15T08:33:07.0814940Z 
2026-08-15T08:33:07.0823000Z Start test: timezone_out works with '' and converts to local timezime
2026-08-15T08:33:07.0869320Z duckdb is storing downloaded extensions and secrets under ~/.duckdb:
2026-08-15T08:33:07.0869870Z i /Users/runner/.duckdb
2026-08-15T08:33:07.0870720Z This persists across sessions and is shared with the DuckDB CLI and other clients.
2026-08-15T08:33:07.0871510Z i Run duckdb(shared_home = FALSE) to use a temporary directory instead.
2026-08-15T08:33:07.0871960Z i See ?duckdb_storage for details and alternatives.
2026-08-15T08:33:07.0982180Z   'test-timezone.R:35:3' [success]
2026-08-15T08:33:07.0997310Z End test: timezone_out works with '' and converts to local timezime
2026-08-15T08:33:07.0997830Z 
2026-08-15T08:33:07.1005140Z Start test: timezone_out works with Sys.timezone
2026-08-15T08:33:07.1052210Z duckdb is storing downloaded extensions and secrets under ~/.duckdb:
2026-08-15T08:33:07.1054670Z i /Users/runner/.duckdb
2026-08-15T08:33:07.1055310Z This persists across sessions and is shared with the DuckDB CLI and other clients.
2026-08-15T08:33:07.1056030Z i Run duckdb(shared_home = FALSE) to use a temporary directory instead.
2026-08-15T08:33:07.1056530Z i See ?duckdb_storage for details and alternatives.
2026-08-15T08:33:07.1233130Z   'test-timezone.R:49:3' [success]
2026-08-15T08:33:07.1247790Z End test: timezone_out works with Sys.timezone
2026-08-15T08:33:07.1248190Z 
2026-08-15T08:33:07.1255800Z Start test: timezone_out works with UTC and tz_out_convert = 'force'
2026-08-15T08:33:07.1299530Z duckdb is storing downloaded extensions and secrets under ~/.duckdb:
2026-08-15T08:33:07.1300030Z i /Users/runner/.duckdb
2026-08-15T08:33:07.1300560Z This persists across sessions and is shared with the DuckDB CLI and other clients.
2026-08-15T08:33:07.1301190Z i Run duckdb(shared_home = FALSE) to use a temporary directory instead.
2026-08-15T08:33:07.1302010Z i See ?duckdb_storage for details and alternatives.
2026-08-15T08:33:07.1478680Z   'test-timezone.R:60:3' [success]
2026-08-15T08:33:07.1492920Z End test: timezone_out works with UTC and tz_out_convert = 'force'
2026-08-15T08:33:07.1493260Z 
2026-08-15T08:33:07.1501000Z Start test: timezone_out works with a specified timezone and tz_out_convert = 'force'
2026-08-15T08:33:07.1544660Z duckdb is storing downloaded extensions and secrets under ~/.duckdb:
2026-08-15T08:33:07.1545120Z i /Users/runner/.duckdb
2026-08-15T08:33:07.1545580Z This persists across sessions and is shared with the DuckDB CLI and other clients.
2026-08-15T08:33:07.1546360Z i Run duckdb(shared_home = FALSE) to use a temporary directory instead.
2026-08-15T08:33:07.1546940Z i See ?duckdb_storage for details and alternatives.
2026-08-15T08:33:07.1731420Z   'test-timezone.R:68:3' [success]
2026-08-15T08:33:07.1745820Z End test: timezone_out works with a specified timezone and tz_out_convert = 'force'
2026-08-15T08:33:07.1746190Z 
2026-08-15T08:33:07.1753700Z Start test: timezone_out works with '' and tz_out_convert = 'force': forces local timezime
2026-08-15T08:33:07.1804110Z duckdb is storing downloaded extensions and secrets under ~/.duckdb:
2026-08-15T08:33:07.1804730Z i /Users/runner/.duckdb
2026-08-15T08:33:07.1805220Z This persists across sessions and is shared with the DuckDB CLI and other clients.
2026-08-15T08:33:07.1805850Z i Run duckdb(shared_home = FALSE) to use a temporary directory instead.
2026-08-15T08:33:07.1806320Z i See ?duckdb_storage for details and alternatives.
2026-08-15T08:33:07.1953480Z   'test-timezone.R:81:3' [success]
2026-08-15T08:33:07.1972410Z End test: timezone_out works with '' and tz_out_convert = 'force': forces local timezime
2026-08-15T08:33:07.1972850Z 
2026-08-15T08:33:07.1982590Z Start test: timezone_out works with a specified local timezone and tz_out_convert = 'force': forces local timezime
2026-08-15T08:33:07.2036210Z duckdb is storing downloaded extensions and secrets under ~/.duckdb:
2026-08-15T08:33:07.2036690Z i /Users/runner/.duckdb
2026-08-15T08:33:07.2037330Z This persists across sessions and is shared with the DuckDB CLI and other clients.
2026-08-15T08:33:07.2038030Z i Run duckdb(shared_home = FALSE) to use a temporary directory instead.
2026-08-15T08:33:07.2038500Z i See ?duckdb_storage for details and alternatives.
2026-08-15T08:33:07.2279840Z   'test-timezone.R:95:3' [success]
2026-08-15T08:33:07.2298220Z End test: timezone_out works with a specified local timezone and tz_out_convert = 'force': forces local timezime
2026-08-15T08:33:07.2298580Z 
2026-08-15T08:33:07.2306960Z Start test: timezone_out gives a warning with invalid timezone, and converts to UTC
2026-08-15T08:33:07.2360970Z duckdb is storing downloaded extensions and secrets under ~/.duckdb:
2026-08-15T08:33:07.2361530Z i /Users/runner/.duckdb
2026-08-15T08:33:07.2362550Z This persists across sessions and is shared with the DuckDB CLI and other clients.
2026-08-15T08:33:07.2363160Z i Run duckdb(shared_home = FALSE) to use a temporary directory instead.
2026-08-15T08:33:07.2363700Z i See ?duckdb_storage for details and alternatives.
2026-08-15T08:33:07.2579990Z   'test-timezone.R:102:3' [success]
2026-08-15T08:33:07.2644890Z   'test-timezone.R:103:3' [success]
2026-08-15T08:33:07.2669180Z End test: timezone_out gives a warning with invalid timezone, and converts to UTC
2026-08-15T08:33:07.2669750Z 
2026-08-15T08:33:07.2679310Z Start test: timezone_out gives a warning with NULL timezone, and converts to UTC
2026-08-15T08:33:07.2736090Z duckdb is storing downloaded extensions and secrets under ~/.duckdb:
2026-08-15T08:33:07.2736500Z i /Users/runner/.duckdb
2026-08-15T08:33:07.2736950Z This persists across sessions and is shared with the DuckDB CLI and other clients.
2026-08-15T08:33:07.2737530Z i Run duckdb(shared_home = FALSE) to use a temporary directory instead.
2026-08-15T08:33:07.2737980Z i See ?duckdb_storage for details and alternatives.
2026-08-15T08:33:07.2912340Z   'test-timezone.R:107:3' [success]
2026-08-15T08:33:07.2976750Z   'test-timezone.R:108:3' [success]
2026-08-15T08:33:07.2994600Z End test: timezone_out gives a warning with NULL timezone, and converts to UTC
2026-08-15T08:33:07.2994910Z 
2026-08-15T08:33:07.3003550Z Start test: dbConnect fails when tz_out_convert is misspecified
2026-08-15T08:33:07.3055050Z duckdb is storing downloaded extensions and secrets under ~/.duckdb:
2026-08-15T08:33:07.3055960Z i /Users/runner/.duckdb
2026-08-15T08:33:07.3056480Z This persists across sessions and is shared with the DuckDB CLI and other clients.
2026-08-15T08:33:07.3057150Z i Run duckdb(shared_home = FALSE) to use a temporary directory instead.
2026-08-15T08:33:07.3057690Z i See ?duckdb_storage for details and alternatives.
2026-08-15T08:33:07.3242870Z   'test-timezone.R:115:3' [success]
2026-08-15T08:33:07.3368900Z End test: dbConnect fails when tz_out_convert is misspecified
2026-08-15T08:33:07.3369220Z 
2026-08-15T08:33:07.3379020Z Start test: timezone_out and tz_out_convert = force with midnight times (#8547)
2026-08-15T08:33:07.3431210Z duckdb is storing downloaded extensions and secrets under ~/.duckdb:
2026-08-15T08:33:07.3431740Z i /Users/runner/.duckdb
2026-08-15T08:33:07.3432320Z This persists across sessions and is shared with the DuckDB CLI and other clients.
2026-08-15T08:33:07.3432940Z i Run duckdb(shared_home = FALSE) to use a temporary directory instead.
2026-08-15T08:33:07.3433460Z i See ?duckdb_storage for details and alternatives.
2026-08-15T08:33:07.3676350Z   'test-timezone.R:132:3' [success]
2026-08-15T08:33:07.3691750Z End test: timezone_out and tz_out_convert = force with midnight times (#8547)
2026-08-15T08:33:07.3692100Z 
2026-08-15T08:33:07.3699750Z Start test: POSIXct with local time zone
2026-08-15T08:33:07.3744590Z duckdb is storing downloaded extensions and secrets under ~/.duckdb:
2026-08-15T08:33:07.3745430Z i /Users/runner/.duckdb
2026-08-15T08:33:07.3746310Z This persists across sessions and is shared with the DuckDB CLI and other clients.
2026-08-15T08:33:07.3747210Z i Run duckdb(shared_home = FALSE) to use a temporary directory instead.
2026-08-15T08:33:07.3747820Z i See ?duckdb_storage for details and alternatives.
2026-08-15T08:33:07.4018850Z   'test-timezone.R:148:3' [success]
2026-08-15T08:33:07.4079000Z   'test-timezone.R:155:3' [success]
2026-08-15T08:33:07.4161410Z   'test-timezone.R:157:3' [success]
2026-08-15T08:33:07.4176990Z End test: POSIXct with local time zone
2026-08-15T08:33:07.4177280Z 
2026-08-15T08:33:07.4185210Z Start test: POSIXct with local time zone and existing but empty attribute
2026-08-15T08:33:07.4229070Z duckdb is storing downloaded extensions and secrets under ~/.duckdb:
2026-08-15T08:33:07.4229500Z i /Users/runner/.duckdb
2026-08-15T08:33:07.4229880Z This persists across sessions and is shared with the DuckDB CLI and other clients.
2026-08-15T08:33:07.4230660Z i Run duckdb(shared_home = FALSE) to use a temporary directory instead.
2026-08-15T08:33:07.4231050Z i See ?duckdb_storage for details and alternatives.
2026-08-15T08:33:07.4337110Z   'test-timezone.R:167:3' [success]
2026-08-15T08:33:07.4396390Z   'test-timezone.R:174:3' [success]
2026-08-15T08:33:07.4477460Z   'test-timezone.R:176:3' [success]
2026-08-15T08:33:07.4494070Z End test: POSIXct with local time zone and existing but empty attribute
2026-08-15T08:33:07.4494360Z 
2026-08-15T08:33:07.4501940Z Start test: TIMESTAMPTZ values preserve UTC instants regardless of input offset (#184)
2026-08-15T08:33:07.4545770Z duckdb is storing downloaded extensions and secrets under ~/.duckdb:
2026-08-15T08:33:07.4546120Z i /Users/runner/.duckdb
2026-08-15T08:33:07.4546540Z This persists across sessions and is shared with the DuckDB CLI and other clients.
2026-08-15T08:33:07.4547050Z i Run duckdb(shared_home = FALSE) to use a temporary directory instead.
2026-08-15T08:33:07.4547440Z i See ?duckdb_storage for details and alternatives.
2026-08-15T08:33:07.4756110Z   'test-timezone.R:197:3' [success]
2026-08-15T08:33:07.4772700Z End test: TIMESTAMPTZ values preserve UTC instants regardless of input offset (#184)
2026-08-15T08:33:07.4773060Z 
2026-08-15T08:33:07.4781870Z Start test: TIMESTAMPTZ without icu falls back to tzone "UTC" (#184)
2026-08-15T08:33:07.4833260Z duckdb is storing downloaded extensions and secrets under ~/.duckdb:
2026-08-15T08:33:07.4833720Z i /Users/runner/.duckdb
2026-08-15T08:33:07.4834250Z This persists across sessions and is shared with the DuckDB CLI and other clients.
2026-08-15T08:33:07.4835210Z i Run duckdb(shared_home = FALSE) to use a temporary directory instead.
2026-08-15T08:33:07.4835710Z i See ?duckdb_storage for details and alternatives.
2026-08-15T08:33:07.5072220Z   'test-timezone.R:218:3' [success]
2026-08-15T08:33:07.5145790Z   'test-timezone.R:222:3' [success]
2026-08-15T08:33:07.5301410Z   'test-timezone.R:226:3' [success]
2026-08-15T08:33:07.5313750Z End test: TIMESTAMPTZ without icu falls back to tzone "UTC" (#184)
2026-08-15T08:33:07.5314100Z 
2026-08-15T08:33:07.5323100Z Start test: TIMESTAMPTZ tzone attribute follows session TimeZone setting (#184)
2026-08-15T08:33:07.5383110Z duckdb is storing downloaded extensions and secrets under ~/.duckdb:
2026-08-15T08:33:07.5383570Z i /Users/runner/.duckdb
2026-08-15T08:33:07.5384070Z This persists across sessions and is shared with the DuckDB CLI and other clients.
2026-08-15T08:33:07.5384750Z i Run duckdb(shared_home = FALSE) to use a temporary directory instead.
2026-08-15T08:33:07.5385260Z i See ?duckdb_storage for details and alternatives.
2026-08-15T08:33:07.5875830Z   'test-timezone.R:239:3' [success]
2026-08-15T08:33:07.5954860Z   'test-timezone.R:241:3' [success]
2026-08-15T08:33:07.5974720Z End test: TIMESTAMPTZ tzone attribute follows session TimeZone setting (#184)
2026-08-15T08:33:07.5975000Z 
2026-08-15T08:33:07.5984310Z Start test: TIMESTAMPTZ session TimeZone is also picked up by ALTREP relations (#184)
2026-08-15T08:33:07.6047530Z duckdb is storing downloaded extensions and secrets under ~/.duckdb:
2026-08-15T08:33:07.6048080Z i /Users/runner/.duckdb
2026-08-15T08:33:07.6048760Z This persists across sessions and is shared with the DuckDB CLI and other clients.
2026-08-15T08:33:07.6049350Z i Run duckdb(shared_home = FALSE) to use a temporary directory instead.
2026-08-15T08:33:07.6049990Z i See ?duckdb_storage for details and alternatives.
2026-08-15T08:33:07.6472830Z   'test-timezone.R:263:3' [success]
2026-08-15T08:33:07.6553630Z   'test-timezone.R:264:3' [success]
2026-08-15T08:33:07.6572970Z End test: TIMESTAMPTZ session TimeZone is also picked up by ALTREP relations (#184)
2026-08-15T08:33:07.6573440Z 
2026-08-15T08:33:07.6582610Z Start test: TIMESTAMP (no TZ) is unaffected by session TimeZone (#184)
2026-08-15T08:33:07.6642950Z duckdb is storing downloaded extensions and secrets under ~/.duckdb:
2026-08-15T08:33:07.6643420Z i /Users/runner/.duckdb
2026-08-15T08:33:07.6643900Z This persists across sessions and is shared with the DuckDB CLI and other clients.
2026-08-15T08:33:07.6645140Z i Run duckdb(shared_home = FALSE) to use a temporary directory instead.
2026-08-15T08:33:07.6645660Z i See ?duckdb_storage for details and alternatives.
2026-08-15T08:33:07.7069380Z   'test-timezone.R:281:3' [success]
2026-08-15T08:33:07.7205500Z   'test-timezone.R:282:3' [success]
2026-08-15T08:33:07.7226100Z End test: TIMESTAMP (no TZ) is unaffected by session TimeZone (#184)
2026-08-15T08:33:07.7226410Z 
2026-08-15T08:33:07.7236970Z Start test: TIMESTAMPTZ label without icu stays UTC under a non-UTC local time zone (#184)
2026-08-15T08:33:07.7290820Z duckdb is storing downloaded extensions and secrets under ~/.duckdb:
2026-08-15T08:33:07.7291280Z i /Users/runner/.duckdb
2026-08-15T08:33:07.7291750Z This persists across sessions and is shared with the DuckDB CLI and other clients.
2026-08-15T08:33:07.7292260Z i Run duckdb(shared_home = FALSE) to use a temporary directory instead.
2026-08-15T08:33:07.7292790Z i See ?duckdb_storage for details and alternatives.
2026-08-15T08:33:07.7511790Z   'test-timezone.R:292:3' [success]
2026-08-15T08:33:07.7581010Z   'test-timezone.R:293:3' [success]
2026-08-15T08:33:07.7598640Z End test: TIMESTAMPTZ label without icu stays UTC under a non-UTC local time zone (#184)
2026-08-15T08:33:07.7599240Z 
2026-08-15T08:33:07.7607620Z Start test: TIMESTAMPTZ session TimeZone wins over the local time zone (#184)
2026-08-15T08:33:07.7669060Z duckdb is storing downloaded extensions and secrets under ~/.duckdb:
2026-08-15T08:33:07.7669530Z i /Users/runner/.duckdb
2026-08-15T08:33:07.7670470Z This persists across sessions and is shared with the DuckDB CLI and other clients.
2026-08-15T08:33:07.7671050Z i Run duckdb(shared_home = FALSE) to use a temporary directory instead.
2026-08-15T08:33:07.7671550Z i See ?duckdb_storage for details and alternatives.
2026-08-15T08:33:07.8081730Z   'test-timezone.R:307:3' [success]
2026-08-15T08:33:07.8154810Z   'test-timezone.R:308:3' [success]
2026-08-15T08:33:07.8173480Z End test: TIMESTAMPTZ session TimeZone wins over the local time zone (#184)
2026-08-15T08:33:07.8173890Z 
2026-08-15T08:33:07.8182060Z Start test: TIMESTAMPTZ ignores timezone_out where plain TIMESTAMP follows it (#184)
2026-08-15T08:33:07.8243540Z duckdb is storing downloaded extensions and secrets under ~/.duckdb:
2026-08-15T08:33:07.8244030Z i /Users/runner/.duckdb
2026-08-15T08:33:07.8244630Z This persists across sessions and is shared with the DuckDB CLI and other clients.
2026-08-15T08:33:07.8245290Z i Run duckdb(shared_home = FALSE) to use a temporary directory instead.
2026-08-15T08:33:07.8245710Z i See ?duckdb_storage for details and alternatives.
2026-08-15T08:33:07.8668900Z   'test-timezone.R:331:3' [success]
2026-08-15T08:33:07.8754130Z   'test-timezone.R:332:3' [success]
2026-08-15T08:33:07.8821340Z   'test-timezone.R:337:3' [success]
2026-08-15T08:33:07.8893490Z   'test-timezone.R:338:3' [success]
2026-08-15T08:33:07.8911710Z End test: TIMESTAMPTZ ignores timezone_out where plain TIMESTAMP follows it (#184)
2026-08-15T08:33:07.8912220Z 
2026-08-15T08:33:07.8921330Z Start test: tz_out_convert = 'force' overrides the session TimeZone for TIMESTAMPTZ (#184)
2026-08-15T08:33:07.8980080Z duckdb is storing downloaded extensions and secrets under ~/.duckdb:
2026-08-15T08:33:07.8980480Z i /Users/runner/.duckdb
2026-08-15T08:33:07.8981060Z This persists across sessions and is shared with the DuckDB CLI and other clients.
2026-08-15T08:33:07.8981570Z i Run duckdb(shared_home = FALSE) to use a temporary directory instead.
2026-08-15T08:33:07.8982020Z i See ?duckdb_storage for details and alternatives.
2026-08-15T08:33:07.9411850Z   'test-timezone.R:352:3' [success]
2026-08-15T08:33:07.9489060Z   'test-timezone.R:353:3' [success]
2026-08-15T08:33:07.9508550Z End test: tz_out_convert = 'force' overrides the session TimeZone for TIMESTAMPTZ (#184)
2026-08-15T08:33:07.9509060Z 
2026-08-15T08:33:07.9518860Z Start test: tz_out_convert = force handles invalid timestamps during DST transitions
2026-08-15T08:33:07.9574140Z duckdb is storing downloaded extensions and secrets under ~/.duckdb:
2026-08-15T08:33:07.9574510Z i /Users/runner/.duckdb
2026-08-15T08:33:07.9574980Z This persists across sessions and is shared with the DuckDB CLI and other clients.
2026-08-15T08:33:07.9575590Z i Run duckdb(shared_home = FALSE) to use a temporary directory instead.
2026-08-15T08:33:07.9575980Z i See ?duckdb_storage for details and alternatives.
2026-08-15T08:33:07.9796690Z   'test-timezone.R:367:3' [success]
2026-08-15T08:33:07.9877030Z   'test-timezone.R:391:3' [success]
2026-08-15T08:33:07.9892700Z End test: tz_out_convert = force handles invalid timestamps during DST transitions
2026-08-15T08:33:07.9893340Z 
2026-08-15T08:33:07.9927920Z Start test: test_all_types() output
2026-08-15T08:33:07.9972660Z duckdb is storing downloaded extensions and secrets under ~/.duckdb:
2026-08-15T08:33:07.9973010Z i /Users/runner/.duckdb
2026-08-15T08:33:07.9973450Z This persists across sessions and is shared with the DuckDB CLI and other clients.
2026-08-15T08:33:07.9973960Z i Run duckdb(shared_home = FALSE) to use a temporary directory instead.
2026-08-15T08:33:07.9974350Z i See ?duckdb_storage for details and alternatives.
2026-08-15T08:33:08.1092130Z   'test-types.R:10:3' [success]
2026-08-15T08:33:08.1107450Z End test: test_all_types() output
2026-08-15T08:33:08.1107790Z 
2026-08-15T08:33:08.1116060Z Start test: the value of a classed numeric column survives every route in
2026-08-15T08:33:08.1218800Z duckdb is storing downloaded extensions and secrets under ~/.duckdb:
2026-08-15T08:33:08.1219590Z i /Users/runner/.duckdb
2026-08-15T08:33:08.1219980Z This persists across sessions and is shared with the DuckDB CLI and other clients.
2026-08-15T08:33:08.1220470Z i Run duckdb(shared_home = FALSE) to use a temporary directory instead.
2026-08-15T08:33:08.1220850Z i See ?duckdb_storage for details and alternatives.
2026-08-15T08:33:08.1653290Z   'test-types.R:52:3' [success]
2026-08-15T08:33:08.1735090Z   'test-types.R:58:3' [success]
2026-08-15T08:33:08.1810240Z   'test-types.R:68:3' [success]
2026-08-15T08:33:08.1829260Z End test: the value of a classed numeric column survives every route in
2026-08-15T08:33:08.1829580Z 
2026-08-15T08:33:08.1868040Z Start test: DuckDB VARIANT type is correctly decoded into an R list
2026-08-15T08:33:08.1922980Z duckdb is storing downloaded extensions and secrets under ~/.duckdb:
2026-08-15T08:33:08.1923420Z i /Users/runner/.duckdb
2026-08-15T08:33:08.1923870Z This persists across sessions and is shared with the DuckDB CLI and other clients.
2026-08-15T08:33:08.1924670Z i Run duckdb(shared_home = FALSE) to use a temporary directory instead.
2026-08-15T08:33:08.1925130Z i See ?duckdb_storage for details and alternatives.
2026-08-15T08:33:08.2195650Z   'test-variant.R:22:3' [success]
2026-08-15T08:33:08.2265560Z   'test-variant.R:25:3' [success]
2026-08-15T08:33:08.2330440Z   'test-variant.R:28:3' [success]
2026-08-15T08:33:08.2405010Z   'test-variant.R:31:3' [success]
2026-08-15T08:33:08.2472740Z   'test-variant.R:34:3' [success]
2026-08-15T08:33:08.2528150Z   'test-variant.R:38:3' [success]
2026-08-15T08:33:08.2609600Z   'test-variant.R:39:3' [success]
2026-08-15T08:33:08.2682380Z   'test-variant.R:40:3' [success]
2026-08-15T08:33:08.2753840Z   'test-variant.R:42:3' [success]
2026-08-15T08:33:08.2827610Z   'test-variant.R:46:3' [success]
2026-08-15T08:33:08.2844600Z End test: DuckDB VARIANT type is correctly decoded into an R list
2026-08-15T08:33:08.2845240Z 
2026-08-15T08:33:08.2853450Z Start test: VARIANT handles empty arrays and objects
2026-08-15T08:33:08.2912660Z duckdb is storing downloaded extensions and secrets under ~/.duckdb:
2026-08-15T08:33:08.2914620Z i /Users/runner/.duckdb
2026-08-15T08:33:08.2915260Z This persists across sessions and is shared with the DuckDB CLI and other clients.
2026-08-15T08:33:08.2915820Z i Run duckdb(shared_home = FALSE) to use a temporary directory instead.
2026-08-15T08:33:08.2916280Z i See ?duckdb_storage for details and alternatives.
2026-08-15T08:33:08.3163110Z   'test-variant.R:54:3' [success]
2026-08-15T08:33:08.3321010Z   'test-variant.R:58:3' [success]
2026-08-15T08:33:08.3340210Z End test: VARIANT handles empty arrays and objects
2026-08-15T08:33:08.3340510Z 
2026-08-15T08:33:08.3352670Z Start test: VARIANT handles deeply nested structures
2026-08-15T08:33:08.3411350Z duckdb is storing downloaded extensions and secrets under ~/.duckdb:
2026-08-15T08:33:08.3412660Z i /Users/runner/.duckdb
2026-08-15T08:33:08.3413120Z This persists across sessions and is shared with the DuckDB CLI and other clients.
2026-08-15T08:33:08.3413760Z i Run duckdb(shared_home = FALSE) to use a temporary directory instead.
2026-08-15T08:33:08.3414550Z i See ?duckdb_storage for details and alternatives.
2026-08-15T08:33:08.3661550Z   'test-variant.R:68:3' [success]
2026-08-15T08:33:08.3726800Z   'test-variant.R:69:3' [success]
2026-08-15T08:33:08.3788200Z   'test-variant.R:70:3' [success]
2026-08-15T08:33:08.3867120Z   'test-variant.R:72:3' [success]
2026-08-15T08:33:08.3888310Z End test: VARIANT handles deeply nested structures
2026-08-15T08:33:08.3888600Z 
2026-08-15T08:33:08.3899800Z Start test: VARIANT handles timestamps
2026-08-15T08:33:08.3955840Z duckdb is storing downloaded extensions and secrets under ~/.duckdb:
2026-08-15T08:33:08.3957270Z i /Users/runner/.duckdb
2026-08-15T08:33:08.3957760Z This persists across sessions and is shared with the DuckDB CLI and other clients.
2026-08-15T08:33:08.3958350Z i Run duckdb(shared_home = FALSE) to use a temporary directory instead.
2026-08-15T08:33:08.3958810Z i See ?duckdb_storage for details and alternatives.
2026-08-15T08:33:08.4189720Z   'test-variant.R:81:3' [success]
2026-08-15T08:33:08.4267110Z   'test-variant.R:83:3' [success]
2026-08-15T08:33:08.4286730Z End test: VARIANT handles timestamps
2026-08-15T08:33:08.4287020Z 
2026-08-15T08:33:08.4295630Z Start test: VARIANT handles dates
2026-08-15T08:33:08.4356450Z duckdb is storing downloaded extensions and secrets under ~/.duckdb:
2026-08-15T08:33:08.4357570Z i /Users/runner/.duckdb
2026-08-15T08:33:08.4358180Z This persists across sessions and is shared with the DuckDB CLI and other clients.
2026-08-15T08:33:08.4358950Z i Run duckdb(shared_home = FALSE) to use a temporary directory instead.
2026-08-15T08:33:08.4361440Z i See ?duckdb_storage for details and alternatives.
2026-08-15T08:33:08.4591620Z   'test-variant.R:92:3' [success]
2026-08-15T08:33:08.4668930Z   'test-variant.R:93:3' [success]
2026-08-15T08:33:08.4707400Z End test: VARIANT handles dates
2026-08-15T08:33:08.4713790Z 
2026-08-15T08:33:08.4748070Z Start test: VARIANT handles multiple rows with batched fetch
2026-08-15T08:33:08.4834300Z duckdb is storing downloaded extensions and secrets under ~/.duckdb:
2026-08-15T08:33:08.4839570Z i /Users/runner/.duckdb
2026-08-15T08:33:08.4888840Z This persists across sessions and is shared with the DuckDB CLI and other clients.
2026-08-15T08:33:08.4894600Z i Run duckdb(shared_home = FALSE) to use a temporary directory instead.
2026-08-15T08:33:08.4912770Z i See ?duckdb_storage for details and alternatives.
2026-08-15T08:33:08.5289370Z   'test-variant.R:114:3' [success]
2026-08-15T08:33:08.5373330Z   'test-variant.R:117:3' [success]
2026-08-15T08:33:08.5474410Z   'test-variant.R:118:3' [success]
2026-08-15T08:33:08.5577140Z   'test-variant.R:119:3' [success]
2026-08-15T08:33:08.5678100Z   'test-variant.R:122:3' [success]
2026-08-15T08:33:08.5779130Z   'test-variant.R:123:3' [success]
2026-08-15T08:33:08.5880130Z   'test-variant.R:125:3' [success]
2026-08-15T08:33:08.5917540Z   'test-variant.R:126:3' [success]
2026-08-15T08:33:08.5962600Z End test: VARIANT handles multiple rows with batched fetch
2026-08-15T08:33:08.5967520Z 
2026-08-15T08:33:08.5968510Z Start test: VARIANT handles heterogeneous values in an object
2026-08-15T08:33:08.6003140Z duckdb is storing downloaded extensions and secrets under ~/.duckdb:
2026-08-15T08:33:08.6003580Z i /Users/runner/.duckdb
2026-08-15T08:33:08.6004050Z This persists across sessions and is shared with the DuckDB CLI and other clients.
2026-08-15T08:33:08.6004610Z i Run duckdb(shared_home = FALSE) to use a temporary directory instead.
2026-08-15T08:33:08.6005340Z i See ?duckdb_storage for details and alternatives.
2026-08-15T08:33:08.6233090Z   'test-variant.R:139:3' [success]
2026-08-15T08:33:08.6383340Z   'test-variant.R:140:3' [success]
2026-08-15T08:33:08.6454690Z   'test-variant.R:141:3' [success]
2026-08-15T08:33:08.6525720Z   'test-variant.R:142:3' [success]
2026-08-15T08:33:08.6543580Z End test: VARIANT handles heterogeneous values in an object
2026-08-15T08:33:08.6543920Z 
2026-08-15T08:33:08.6552710Z Start test: VARIANT inside a LIST column
2026-08-15T08:33:08.6603800Z duckdb is storing downloaded extensions and secrets under ~/.duckdb:
2026-08-15T08:33:08.6604450Z i /Users/runner/.duckdb
2026-08-15T08:33:08.6604890Z This persists across sessions and is shared with the DuckDB CLI and other clients.
2026-08-15T08:33:08.6605460Z i Run duckdb(shared_home = FALSE) to use a temporary directory instead.
2026-08-15T08:33:08.6605910Z i See ?duckdb_storage for details and alternatives.
2026-08-15T08:33:08.6831490Z   'test-variant.R:156:3' [success]
2026-08-15T08:33:08.6902240Z   'test-variant.R:158:3' [success]
2026-08-15T08:33:08.6973410Z   'test-variant.R:159:3' [success]
2026-08-15T08:33:08.7041780Z   'test-variant.R:160:3' [success]
2026-08-15T08:33:08.7058190Z End test: VARIANT inside a LIST column
2026-08-15T08:33:08.7058430Z 
2026-08-15T08:33:08.7066930Z Start test: VARIANT handles UNION types
2026-08-15T08:33:08.7119290Z duckdb is storing downloaded extensions and secrets under ~/.duckdb:
2026-08-15T08:33:08.7122750Z i /Users/runner/.duckdb
2026-08-15T08:33:08.7123210Z This persists across sessions and is shared with the DuckDB CLI and other clients.
2026-08-15T08:33:08.7123740Z i Run duckdb(shared_home = FALSE) to use a temporary directory instead.
2026-08-15T08:33:08.7124260Z i See ?duckdb_storage for details and alternatives.
2026-08-15T08:33:08.7342810Z   'test-variant.R:167:3' [success]
2026-08-15T08:33:08.7419200Z   'test-variant.R:170:3' [success]
2026-08-15T08:33:08.7437620Z End test: VARIANT handles UNION types
2026-08-15T08:33:08.7438830Z 
2026-08-15T08:33:08.7445700Z Start test: VARIANT handles ARRAY types
2026-08-15T08:33:08.7497150Z duckdb is storing downloaded extensions and secrets under ~/.duckdb:
2026-08-15T08:33:08.7497590Z i /Users/runner/.duckdb
2026-08-15T08:33:08.7498070Z This persists across sessions and is shared with the DuckDB CLI and other clients.
2026-08-15T08:33:08.7498650Z i Run duckdb(shared_home = FALSE) to use a temporary directory instead.
2026-08-15T08:33:08.7499100Z i See ?duckdb_storage for details and alternatives.
2026-08-15T08:33:08.7720580Z   'test-variant.R:179:3' [success]
2026-08-15T08:33:08.7740620Z End test: VARIANT handles ARRAY types
2026-08-15T08:33:08.7740880Z 
2026-08-15T08:33:08.7749430Z Start test: VARIANT handles BLOBs
2026-08-15T08:33:08.7808880Z duckdb is storing downloaded extensions and secrets under ~/.duckdb:
2026-08-15T08:33:08.7881810Z i /Users/runner/.duckdb
2026-08-15T08:33:08.7882350Z This persists across sessions and is shared with the DuckDB CLI and other clients.
2026-08-15T08:33:08.7882930Z i Run duckdb(shared_home = FALSE) to use a temporary directory instead.
2026-08-15T08:33:08.7884280Z i See ?duckdb_storage for details and alternatives.
2026-08-15T08:33:08.8019590Z   'test-variant.R:188:3' [success]
2026-08-15T08:33:08.8087430Z   'test-variant.R:189:3' [success]
2026-08-15T08:33:08.8107650Z End test: VARIANT handles BLOBs
2026-08-15T08:33:08.8108040Z 
2026-08-15T08:33:08.8117810Z Start test: VARIANT handles MAPs with data
2026-08-15T08:33:08.8172110Z duckdb is storing downloaded extensions and secrets under ~/.duckdb:
2026-08-15T08:33:08.8173740Z i /Users/runner/.duckdb
2026-08-15T08:33:08.8174270Z This persists across sessions and is shared with the DuckDB CLI and other clients.
2026-08-15T08:33:08.8175070Z i Run duckdb(shared_home = FALSE) to use a temporary directory instead.
2026-08-15T08:33:08.8175550Z i See ?duckdb_storage for details and alternatives.
2026-08-15T08:33:08.8376820Z   'test-variant.R:199:3' [success]
2026-08-15T08:33:08.8442660Z   'test-variant.R:200:3' [success]
2026-08-15T08:33:08.8517830Z   'test-variant.R:201:3' [success]
2026-08-15T08:33:08.8535060Z End test: VARIANT handles MAPs with data
2026-08-15T08:33:08.8535260Z 
2026-08-15T08:33:08.8565440Z Start test: rs_list_object_types
2026-08-15T08:33:08.8620910Z   'test-viewer.R:2:3' [skip]
2026-08-15T08:33:08.8632240Z End test: rs_list_object_types
2026-08-15T08:33:08.8632570Z 
2026-08-15T08:33:08.8642070Z Start test: rs_list_objects
2026-08-15T08:33:08.8696160Z   'test-viewer.R:16:3' [skip]
2026-08-15T08:33:08.8705780Z End test: rs_list_objects
2026-08-15T08:33:08.8706120Z 
2026-08-15T08:33:08.8713810Z Start test: rs_list_columns
2026-08-15T08:33:08.8817930Z   'test-viewer.R:49:3' [skip]
2026-08-15T08:33:08.8829550Z End test: rs_list_columns
2026-08-15T08:33:08.8829940Z 
2026-08-15T08:33:08.8838560Z Start test: rs_viewer
2026-08-15T08:33:08.8898900Z   'test-viewer.R:78:3' [skip]
2026-08-15T08:33:08.8910860Z End test: rs_viewer
2026-08-15T08:33:08.8911080Z 
2026-08-15T08:33:08.8919750Z Start test: rs_actions
2026-08-15T08:33:08.8965750Z duckdb is storing downloaded extensions and secrets under ~/.duckdb:
2026-08-15T08:33:08.8966080Z i /Users/runner/.duckdb
2026-08-15T08:33:08.8966480Z This persists across sessions and is shared with the DuckDB CLI and other clients.
2026-08-15T08:33:08.8967010Z i Run duckdb(shared_home = FALSE) to use a temporary directory instead.
2026-08-15T08:33:08.8967500Z i See ?duckdb_storage for details and alternatives.
2026-08-15T08:33:08.9139710Z   'test-viewer.R:92:3' [success]
2026-08-15T08:33:08.9155430Z End test: rs_actions
2026-08-15T08:33:08.9155550Z 
2026-08-15T08:33:08.9163220Z Start test: mock observer hooray
2026-08-15T08:33:08.9211040Z   'test-viewer.R:96:3' [skip]
2026-08-15T08:33:08.9220290Z End test: mock observer hooray
2026-08-15T08:33:08.9220430Z 
2026-08-15T08:33:09.5864560Z  [1] file    context test    nb      failed  skipped error   warning user   
2026-08-15T08:33:09.5865170Z [10] system  real    passed  result 
2026-08-15T08:33:09.5865550Z <0 rows> (or 0-length row.names)
2026-08-15T08:33:09.5865820Z Snapshot tests ran successfully.
2026-08-15T08:33:09.6168910Z ##[end-action id=__self_4.run-tests;outcome=success;conclusion=success;duration_ms=70257]
2026-08-15T08:33:09.6174680Z ##[start-action display=Add snapshots to Git;id=__self_4.__run]
2026-08-15T08:33:09.6180720Z ##[end-action id=__self_4.__run;outcome=skipped;conclusion=skipped;duration_ms=0]
2026-08-15T08:33:09.6181980Z ##[start-action display=Check changed files;id=__self_4.check-changed]
2026-08-15T08:33:09.6184320Z ##[end-action id=__self_4.check-changed;outcome=skipped;conclusion=skipped;duration_ms=0]
2026-08-15T08:33:09.6212200Z ##[start-action display=Derive branch name;id=__self_4.matrix-desc]
2026-08-15T08:33:09.6214700Z ##[end-action id=__self_4.matrix-desc;outcome=skipped;conclusion=skipped;duration_ms=0]
2026-08-15T08:33:09.6215890Z ##[start-action display=Create pull request;id=__self_4.cpr]
2026-08-15T08:33:09.6217970Z ##[end-action id=__self_4.cpr;outcome=skipped;conclusion=skipped;duration_ms=0]
2026-08-15T08:33:09.6219320Z ##[start-action display=Fail if pull request created;id=__self_4.__run_2]
2026-08-15T08:33:09.6221370Z ##[end-action id=__self_4.__run_2;outcome=skipped;conclusion=skipped;duration_ms=0]
2026-08-15T08:33:09.6222450Z ##[start-action display=Reset Git changes;id=__self_4.__run_3]
2026-08-15T08:33:09.6241720Z ##[group]Run git reset -- tests/testthat/_snaps
2026-08-15T08:33:09.6241980Z [36;1mgit reset -- tests/testthat/_snaps[0m
2026-08-15T08:33:09.6303750Z shell: /bin/bash --noprofile --norc -e -o pipefail {0}
2026-08-15T08:33:09.6303990Z env:
2026-08-15T08:33:09.6304130Z   _R_CHECK_PKG_SIZES_: FALSE
2026-08-15T08:33:09.6304340Z   DUCKDB_CLI: /Users/runner/work/_temp/duckdb-cli/duckdb
2026-08-15T08:33:09.6304580Z   R_REMOTES_NO_ERRORS_FROM_WARNINGS: true
2026-08-15T08:33:09.6304760Z   R_KEEP_PKG_SOURCE: yes
2026-08-15T08:33:09.6304910Z   _R_CHECK_SYSTEM_CLOCK_: FALSE
2026-08-15T08:33:09.6305090Z   _R_CHECK_FUTURE_FILE_TIMESTAMPS_: false
2026-08-15T08:33:09.6305370Z   RGL_USE_NULL: true
2026-08-15T08:33:09.6305540Z   _R_CHECK_CRAN_INCOMING_CHECK_FILE_URIS_: true
2026-08-15T08:33:09.6305770Z   _R_CHECK_CRAN_INCOMING_NOTE_GNU_MAKE_: true
2026-08-15T08:33:09.6306000Z   _R_CHECK_PACKAGE_DEPENDS_IGNORE_MISSING_ENHANCES_: true
2026-08-15T08:33:09.6306230Z   _R_CHECK_CODE_CLASS_IS_STRING_: true
2026-08-15T08:33:09.6306420Z   _R_CHECK_CODOC_VARIABLES_IN_USAGES_: true
2026-08-15T08:33:09.6306620Z   _R_CHECK_CONNECTIONS_LEFT_OPEN_: true
2026-08-15T08:33:09.6306800Z   _R_CHECK_DATALIST_: true
2026-08-15T08:33:09.6306960Z   _R_CHECK_NEWS_IN_PLAIN_TEXT_: true
2026-08-15T08:33:09.6307230Z   _R_CHECK_PACKAGES_USED_CRAN_INCOMING_NOTES_: true
2026-08-15T08:33:09.6307450Z   _R_CHECK_RD_CONTENTS_KEYWORDS_: true
2026-08-15T08:33:09.6307630Z   _R_CHECK_R_DEPENDS_: warn
2026-08-15T08:33:09.6307800Z   _R_CHECK_S3_METHODS_SHOW_POSSIBLE_ISSUES_: true
2026-08-15T08:33:09.6308010Z   _R_CHECK_THINGS_IN_TEMP_DIR_: true
2026-08-15T08:33:09.6308190Z   _R_CHECK_UNDOC_USE_ALL_NAMES_: true
2026-08-15T08:33:09.6308370Z   _R_CHECK_URLS_SHOW_301_STATUS_: true
2026-08-15T08:33:09.6308550Z   _R_CXX_USE_NO_REMAP_: true
2026-08-15T08:33:09.6308730Z   _R_CHECK_CRAN_INCOMING_SKIP_LARGE_VERSION_: true
2026-08-15T08:33:09.6308940Z   _R_CHECK_FORCE_SUGGESTS_: false
2026-08-15T08:33:09.6309110Z   _R_CHECK_BASHISMS_: true
2026-08-15T08:33:09.6309290Z   R_LIBS_USER: /Users/runner/work/_temp/Library
2026-08-15T08:33:09.6309470Z   TZ: UTC
2026-08-15T08:33:09.6309590Z   NOT_CRAN: true
2026-08-15T08:33:09.6310080Z   R_LIB_FOR_PAK: /Library/Frameworks/R.framework/Resources/site-library
2026-08-15T08:33:09.6310370Z   CCACHE_SLOPPINESS: locale,time_macros
2026-08-15T08:33:09.6310550Z   PKG_BUILD_EXTRA_FLAGS: false
2026-08-15T08:33:09.6311100Z   DUCKDB_R_PREBUILT_ARCHIVE_GHA_CACHE_KEY: duckdb-tar-R4.6.1-macOS-Apple-clang-version-21.0.0-(clang-2100.1.1.101)-d40871adbc7223fb389850183a85b02181cf736adda00f8dfbc2be6c045f5388
2026-08-15T08:33:09.6311800Z   DUCKDB_R_PREBUILT_ARCHIVE: /Users/runner/work/_temp/duckdb.tar
2026-08-15T08:33:09.6312080Z   DUCKDB_R_UNRELEASED: 0
2026-08-15T08:33:09.6312330Z   GHA_CCACHE_KEY: macOS-Apple-clang-version-21.0.0-(clang-2100.1.1.101)-R-4.6.1
2026-08-15T08:33:09.6312610Z ##[endgroup]
2026-08-15T08:33:10.0009360Z ##[end-action id=__self_4.__run_3;outcome=success;conclusion=success;duration_ms=378]
2026-08-15T08:33:10.0049850Z Prepare all required actions
2026-08-15T08:33:10.0050210Z Getting action download info
2026-08-15T08:33:10.1728920Z Download action repository 'actions/upload-artifact@v5' (SHA:330a01c490aca151604b8cf639adc76d48f6c5d4)
2026-08-15T08:33:10.3303190Z Getting action download info
2026-08-15T08:33:10.4288260Z Download action repository 'actions/upload-artifact@043fb46d1a93c77aae656e7c1c64a875d1fc6a0a' (SHA:043fb46d1a93c77aae656e7c1c64a875d1fc6a0a)
2026-08-15T08:33:10.5146070Z ##[group]Run ./.github/workflows/check
2026-08-15T08:33:10.5146250Z with:
2026-08-15T08:33:10.5146380Z   results: macOS-ARM64-r4.6
2026-08-15T08:33:10.5146530Z env:
2026-08-15T08:33:10.5146640Z   _R_CHECK_PKG_SIZES_: FALSE
2026-08-15T08:33:10.5146860Z   DUCKDB_CLI: /Users/runner/work/_temp/duckdb-cli/duckdb
2026-08-15T08:33:10.5147100Z   R_REMOTES_NO_ERRORS_FROM_WARNINGS: true
2026-08-15T08:33:10.5147290Z   R_KEEP_PKG_SOURCE: yes
2026-08-15T08:33:10.5147450Z   _R_CHECK_SYSTEM_CLOCK_: FALSE
2026-08-15T08:33:10.5147690Z   _R_CHECK_FUTURE_FILE_TIMESTAMPS_: false
2026-08-15T08:33:10.5147880Z   RGL_USE_NULL: true
2026-08-15T08:33:10.5148040Z   _R_CHECK_CRAN_INCOMING_CHECK_FILE_URIS_: true
2026-08-15T08:33:10.5148290Z   _R_CHECK_CRAN_INCOMING_NOTE_GNU_MAKE_: true
2026-08-15T08:33:10.5148550Z   _R_CHECK_PACKAGE_DEPENDS_IGNORE_MISSING_ENHANCES_: true
2026-08-15T08:33:10.5148800Z   _R_CHECK_CODE_CLASS_IS_STRING_: true
2026-08-15T08:33:10.5149010Z   _R_CHECK_CODOC_VARIABLES_IN_USAGES_: true
2026-08-15T08:33:10.5149240Z   _R_CHECK_CONNECTIONS_LEFT_OPEN_: true
2026-08-15T08:33:10.5149430Z   _R_CHECK_DATALIST_: true
2026-08-15T08:33:10.5149610Z   _R_CHECK_NEWS_IN_PLAIN_TEXT_: true
2026-08-15T08:33:10.5149820Z   _R_CHECK_PACKAGES_USED_CRAN_INCOMING_NOTES_: true
2026-08-15T08:33:10.5150070Z   _R_CHECK_RD_CONTENTS_KEYWORDS_: true
2026-08-15T08:33:10.5150250Z   _R_CHECK_R_DEPENDS_: warn
2026-08-15T08:33:10.5150460Z   _R_CHECK_S3_METHODS_SHOW_POSSIBLE_ISSUES_: true
2026-08-15T08:33:10.5150680Z   _R_CHECK_THINGS_IN_TEMP_DIR_: true
2026-08-15T08:33:10.5150880Z   _R_CHECK_UNDOC_USE_ALL_NAMES_: true
2026-08-15T08:33:10.5151070Z   _R_CHECK_URLS_SHOW_301_STATUS_: true
2026-08-15T08:33:10.5151240Z   _R_CXX_USE_NO_REMAP_: true
2026-08-15T08:33:10.5151430Z   _R_CHECK_CRAN_INCOMING_SKIP_LARGE_VERSION_: true
2026-08-15T08:33:10.5151720Z   _R_CHECK_FORCE_SUGGESTS_: false
2026-08-15T08:33:10.5151900Z   _R_CHECK_BASHISMS_: true
2026-08-15T08:33:10.5152080Z   R_LIBS_USER: /Users/runner/work/_temp/Library
2026-08-15T08:33:10.5152270Z   TZ: UTC
2026-08-15T08:33:10.5152380Z   NOT_CRAN: true
2026-08-15T08:33:10.5152590Z   R_LIB_FOR_PAK: /Library/Frameworks/R.framework/Resources/site-library
2026-08-15T08:33:10.5152880Z   CCACHE_SLOPPINESS: locale,time_macros
2026-08-15T08:33:10.5153090Z   PKG_BUILD_EXTRA_FLAGS: false
2026-08-15T08:33:10.5153670Z   DUCKDB_R_PREBUILT_ARCHIVE_GHA_CACHE_KEY: duckdb-tar-R4.6.1-macOS-Apple-clang-version-21.0.0-(clang-2100.1.1.101)-d40871adbc7223fb389850183a85b02181cf736adda00f8dfbc2be6c045f5388
2026-08-15T08:33:10.5154310Z   DUCKDB_R_PREBUILT_ARCHIVE: /Users/runner/work/_temp/duckdb.tar
2026-08-15T08:33:10.5154570Z   DUCKDB_R_UNRELEASED: 0
2026-08-15T08:33:10.5154830Z   GHA_CCACHE_KEY: macOS-Apple-clang-version-21.0.0-(clang-2100.1.1.101)-R-4.6.1
2026-08-15T08:33:10.5155250Z ##[endgroup]
2026-08-15T08:33:10.5158160Z ##[start-action display=Run r-lib/actions/check-r-package@v2;id=__self_5.__r-lib_actions]
2026-08-15T08:33:10.5206510Z ##[group]Run r-lib/actions/check-r-package@v2
2026-08-15T08:33:10.5206710Z with:
2026-08-15T08:33:10.5206880Z   args: c("--no-manual", "--as-cran", "--no-multiarch")
2026-08-15T08:33:10.5207140Z   error-on: "note"
2026-08-15T08:33:10.5207310Z   build_args: "--no-manual"
2026-08-15T08:33:10.5207470Z   check-dir: "check"
2026-08-15T08:33:10.5207610Z   working-directory: .
2026-08-15T08:33:10.5207770Z   upload-snapshots: false
2026-08-15T08:33:10.5207930Z   upload-results: false
2026-08-15T08:33:10.5208070Z env:
2026-08-15T08:33:10.5208190Z   _R_CHECK_PKG_SIZES_: FALSE
2026-08-15T08:33:10.5208870Z   DUCKDB_CLI: /Users/runner/work/_temp/duckdb-cli/duckdb
2026-08-15T08:33:10.5209120Z   R_REMOTES_NO_ERRORS_FROM_WARNINGS: true
2026-08-15T08:33:10.5209320Z   R_KEEP_PKG_SOURCE: yes
2026-08-15T08:33:10.5209480Z   _R_CHECK_SYSTEM_CLOCK_: FALSE
2026-08-15T08:33:10.5209660Z   _R_CHECK_FUTURE_FILE_TIMESTAMPS_: false
2026-08-15T08:33:10.5209850Z   RGL_USE_NULL: true
2026-08-15T08:33:10.5210020Z   _R_CHECK_CRAN_INCOMING_CHECK_FILE_URIS_: true
2026-08-15T08:33:10.5210250Z   _R_CHECK_CRAN_INCOMING_NOTE_GNU_MAKE_: true
2026-08-15T08:33:10.5210490Z   _R_CHECK_PACKAGE_DEPENDS_IGNORE_MISSING_ENHANCES_: true
2026-08-15T08:33:10.5210730Z   _R_CHECK_CODE_CLASS_IS_STRING_: true
2026-08-15T08:33:10.5210930Z   _R_CHECK_CODOC_VARIABLES_IN_USAGES_: true
2026-08-15T08:33:10.5211140Z   _R_CHECK_CONNECTIONS_LEFT_OPEN_: true
2026-08-15T08:33:10.5211330Z   _R_CHECK_DATALIST_: true
2026-08-15T08:33:10.5211490Z   _R_CHECK_NEWS_IN_PLAIN_TEXT_: true
2026-08-15T08:33:10.5211690Z   _R_CHECK_PACKAGES_USED_CRAN_INCOMING_NOTES_: true
2026-08-15T08:33:10.5211920Z   _R_CHECK_RD_CONTENTS_KEYWORDS_: true
2026-08-15T08:33:10.5212110Z   _R_CHECK_R_DEPENDS_: warn
2026-08-15T08:33:10.5212290Z   _R_CHECK_S3_METHODS_SHOW_POSSIBLE_ISSUES_: true
2026-08-15T08:33:10.5212510Z   _R_CHECK_THINGS_IN_TEMP_DIR_: true
2026-08-15T08:33:10.5212690Z   _R_CHECK_UNDOC_USE_ALL_NAMES_: true
2026-08-15T08:33:10.5212880Z   _R_CHECK_URLS_SHOW_301_STATUS_: true
2026-08-15T08:33:10.5213060Z   _R_CXX_USE_NO_REMAP_: true
2026-08-15T08:33:10.5213260Z   _R_CHECK_CRAN_INCOMING_SKIP_LARGE_VERSION_: true
2026-08-15T08:33:10.5213480Z   _R_CHECK_FORCE_SUGGESTS_: false
2026-08-15T08:33:10.5213650Z   _R_CHECK_BASHISMS_: true
2026-08-15T08:33:10.5213820Z   R_LIBS_USER: /Users/runner/work/_temp/Library
2026-08-15T08:33:10.5214020Z   TZ: UTC
2026-08-15T08:33:10.5214130Z   NOT_CRAN: true
2026-08-15T08:33:10.5214350Z   R_LIB_FOR_PAK: /Library/Frameworks/R.framework/Resources/site-library
2026-08-15T08:33:10.5214630Z   CCACHE_SLOPPINESS: locale,time_macros
2026-08-15T08:33:10.5214830Z   PKG_BUILD_EXTRA_FLAGS: false
2026-08-15T08:33:10.5215420Z   DUCKDB_R_PREBUILT_ARCHIVE_GHA_CACHE_KEY: duckdb-tar-R4.6.1-macOS-Apple-clang-version-21.0.0-(clang-2100.1.1.101)-d40871adbc7223fb389850183a85b02181cf736adda00f8dfbc2be6c045f5388
2026-08-15T08:33:10.5216070Z   DUCKDB_R_PREBUILT_ARCHIVE: /Users/runner/work/_temp/duckdb.tar
2026-08-15T08:33:10.5216410Z   DUCKDB_R_UNRELEASED: 0
2026-08-15T08:33:10.5216690Z   GHA_CCACHE_KEY: macOS-Apple-clang-version-21.0.0-(clang-2100.1.1.101)-R-4.6.1
2026-08-15T08:33:10.5217000Z ##[endgroup]
2026-08-15T08:33:10.5220050Z ##[start-action display=Check;id=__self_5.__r-lib_actions.rcmdcheck]
2026-08-15T08:33:10.5242270Z ##[group]Run ## --------------------------------------------------------------------
2026-08-15T08:33:10.5242660Z [36;1m## --------------------------------------------------------------------[0m
2026-08-15T08:33:10.5242960Z [36;1moptions(crayon.enabled = TRUE)[0m
2026-08-15T08:33:10.5243300Z [36;1mcat("LOGNAME=", Sys.info()[["user"]], "\n", sep = "", file = Sys.getenv("GITHUB_ENV"), append = TRUE)[0m
2026-08-15T08:33:10.5243820Z [36;1mif (Sys.getenv("_R_CHECK_FORCE_SUGGESTS_", "") == "") Sys.setenv("_R_CHECK_FORCE_SUGGESTS_" = "false")[0m
2026-08-15T08:33:10.5244410Z [36;1mif (Sys.getenv("_R_CHECK_CRAN_INCOMING_", "") == "") Sys.setenv("_R_CHECK_CRAN_INCOMING_" = "false")[0m
2026-08-15T08:33:10.5244990Z [36;1mcat("check-dir-path=", file.path(getwd(), ("check")), "\n", file = Sys.getenv("GITHUB_OUTPUT"), sep = "", append = TRUE)[0m
2026-08-15T08:33:10.5245730Z [36;1mcheck_results <- rcmdcheck::rcmdcheck(args = (c("--no-manual", "--as-cran", "--no-multiarch")), build_args = ("--no-manual"), error_on = ("note"), check_dir = ("check"))[0m
2026-08-15T08:33:10.5272370Z shell: /usr/local/bin/Rscript {0}
2026-08-15T08:33:10.5272540Z env:
2026-08-15T08:33:10.5272660Z   _R_CHECK_PKG_SIZES_: FALSE
2026-08-15T08:33:10.5272870Z   DUCKDB_CLI: /Users/runner/work/_temp/duckdb-cli/duckdb
2026-08-15T08:33:10.5273100Z   R_REMOTES_NO_ERRORS_FROM_WARNINGS: true
2026-08-15T08:33:10.5273470Z   R_KEEP_PKG_SOURCE: yes
2026-08-15T08:33:10.5273630Z   _R_CHECK_SYSTEM_CLOCK_: FALSE
2026-08-15T08:33:10.5273810Z   _R_CHECK_FUTURE_FILE_TIMESTAMPS_: false
2026-08-15T08:33:10.5273980Z   RGL_USE_NULL: true
2026-08-15T08:33:10.5274150Z   _R_CHECK_CRAN_INCOMING_CHECK_FILE_URIS_: true
2026-08-15T08:33:10.5274370Z   _R_CHECK_CRAN_INCOMING_NOTE_GNU_MAKE_: true
2026-08-15T08:33:10.5274600Z   _R_CHECK_PACKAGE_DEPENDS_IGNORE_MISSING_ENHANCES_: true
2026-08-15T08:33:10.5274830Z   _R_CHECK_CODE_CLASS_IS_STRING_: true
2026-08-15T08:33:10.5275020Z   _R_CHECK_CODOC_VARIABLES_IN_USAGES_: true
2026-08-15T08:33:10.5275220Z   _R_CHECK_CONNECTIONS_LEFT_OPEN_: true
2026-08-15T08:33:10.5275400Z   _R_CHECK_DATALIST_: true
2026-08-15T08:33:10.5275560Z   _R_CHECK_NEWS_IN_PLAIN_TEXT_: true
2026-08-15T08:33:10.5275760Z   _R_CHECK_PACKAGES_USED_CRAN_INCOMING_NOTES_: true
2026-08-15T08:33:10.5275980Z   _R_CHECK_RD_CONTENTS_KEYWORDS_: true
2026-08-15T08:33:10.5276160Z   _R_CHECK_R_DEPENDS_: warn
2026-08-15T08:33:10.5276340Z   _R_CHECK_S3_METHODS_SHOW_POSSIBLE_ISSUES_: true
2026-08-15T08:33:10.5276560Z   _R_CHECK_THINGS_IN_TEMP_DIR_: true
2026-08-15T08:33:10.5276740Z   _R_CHECK_UNDOC_USE_ALL_NAMES_: true
2026-08-15T08:33:10.5276910Z   _R_CHECK_URLS_SHOW_301_STATUS_: true
2026-08-15T08:33:10.5277090Z   _R_CXX_USE_NO_REMAP_: true
2026-08-15T08:33:10.5277280Z   _R_CHECK_CRAN_INCOMING_SKIP_LARGE_VERSION_: true
2026-08-15T08:33:10.5277490Z   _R_CHECK_FORCE_SUGGESTS_: false
2026-08-15T08:33:10.5277660Z   _R_CHECK_BASHISMS_: true
2026-08-15T08:33:10.5277830Z   R_LIBS_USER: /Users/runner/work/_temp/Library
2026-08-15T08:33:10.5278020Z   TZ: UTC
2026-08-15T08:33:10.5278130Z   NOT_CRAN: true
2026-08-15T08:33:10.5278330Z   R_LIB_FOR_PAK: /Library/Frameworks/R.framework/Resources/site-library
2026-08-15T08:33:10.5278770Z   CCACHE_SLOPPINESS: locale,time_macros
2026-08-15T08:33:10.5278960Z   PKG_BUILD_EXTRA_FLAGS: false
2026-08-15T08:33:10.5279510Z   DUCKDB_R_PREBUILT_ARCHIVE_GHA_CACHE_KEY: duckdb-tar-R4.6.1-macOS-Apple-clang-version-21.0.0-(clang-2100.1.1.101)-d40871adbc7223fb389850183a85b02181cf736adda00f8dfbc2be6c045f5388
2026-08-15T08:33:10.5280130Z   DUCKDB_R_PREBUILT_ARCHIVE: /Users/runner/work/_temp/duckdb.tar
2026-08-15T08:33:10.5280380Z   DUCKDB_R_UNRELEASED: 0
2026-08-15T08:33:10.5280630Z   GHA_CCACHE_KEY: macOS-Apple-clang-version-21.0.0-(clang-2100.1.1.101)-R-4.6.1
2026-08-15T08:33:10.5280990Z ##[endgroup]
2026-08-15T08:33:11.7446850Z [36m── R CMD build ─────────────────────────────────────────────────────────────────[39m
2026-08-15T08:33:12.6478450Z * checking for file ‘.../DESCRIPTION’ ... OK
2026-08-15T08:33:16.9790860Z * preparing ‘duckdb’:
2026-08-15T08:33:17.0117020Z * checking DESCRIPTION meta-information ... OK
2026-08-15T08:33:17.0118740Z * cleaning src
2026-08-15T08:33:17.0599030Z * running ‘cleanup’
2026-08-15T08:33:23.8523330Z * checking for LF line-endings in source and make files and shell scripts
2026-08-15T08:33:23.8724900Z * checking for empty or unneeded directories
2026-08-15T08:33:24.2515430Z * building ‘duckdb_1.5.5.9015.tar.gz’
2026-08-15T08:33:24.5530420Z 
2026-08-15T08:33:24.6856570Z [36m── R CMD check ─────────────────────────────────────────────────────────────────[39m
2026-08-15T08:33:24.8968950Z * using log directory ‘/Users/runner/work/duckdb-r/duckdb-r/check/duckdb.Rcheck’
2026-08-15T08:33:24.8973540Z * using R version 4.6.1 (2026-06-24)
2026-08-15T08:33:24.8974230Z * using platform: aarch64-apple-darwin23
2026-08-15T08:33:24.8974700Z * R was compiled by
2026-08-15T08:33:24.8975210Z     Apple clang version 17.0.0 (clang-1700.3.19.1)
2026-08-15T08:33:24.8975650Z     GNU Fortran (GCC) 14.2.0
2026-08-15T08:33:24.8976160Z * running under: macOS Tahoe 26.5.2
2026-08-15T08:33:24.8976470Z * using session charset: UTF-8
2026-08-15T08:33:24.8976870Z * current time: 2026-08-15 08:33:24 UTC
2026-08-15T08:33:25.1109040Z * using options ‘--no-manual --as-cran’
2026-08-15T08:33:25.1207980Z * checking for file ‘duckdb/DESCRIPTION’ ... OK
2026-08-15T08:33:25.1312410Z * this is package ‘duckdb’ version ‘1.5.5.9015’
2026-08-15T08:33:25.1410990Z * package encoding: UTF-8
2026-08-15T08:33:25.1452500Z * checking package namespace information ... OK
2026-08-15T08:33:26.0474010Z * checking package dependencies ... OK
2026-08-15T08:33:26.0492720Z * checking if this is a source package ... OK
2026-08-15T08:33:26.0495320Z * checking if there is a namespace ... OK
2026-08-15T08:33:26.6763680Z * checking for executable files ... OK
2026-08-15T08:33:26.6782100Z * checking for hidden files and directories ... OK
2026-08-15T08:33:26.6806900Z * checking for portable file names ... OK
2026-08-15T08:33:26.6813500Z * checking for sufficient/correct file permissions ... OK
2026-08-15T08:34:26.7557560Z * checking whether package ‘duckdb’ can be installed ... [115s/60s] OK
2026-08-15T08:34:26.7558570Z * used C++ compiler: ‘Apple clang version 21.0.0 (clang-2100.1.1.101)’
2026-08-15T08:34:26.7559040Z * used SDK: ‘MacOSX26.5.sdk’
2026-08-15T08:34:26.7587150Z * checking C++ specification ... INFO
2026-08-15T08:34:26.7590090Z   specified C++17
2026-08-15T08:34:26.8493670Z * checking package directory ... OK
2026-08-15T08:34:26.8499380Z * checking for future file timestamps ... OK
2026-08-15T08:34:27.2023500Z * checking DESCRIPTION meta-information ... OK
2026-08-15T08:34:27.6395070Z * checking top-level files ... OK
2026-08-15T08:34:27.7241970Z * checking for left-over files ... OK
2026-08-15T08:34:27.7245930Z * checking index information ... OK
2026-08-15T08:34:27.8937380Z * checking package subdirectories ... OK
2026-08-15T08:34:27.9549840Z * checking code files for non-ASCII characters ... OK
2026-08-15T08:34:28.0362340Z * checking R files for syntax errors ... OK
2026-08-15T08:34:28.4133930Z * checking whether the package can be loaded ... OK
2026-08-15T08:34:28.7616900Z * checking whether the package can be loaded with stated dependencies ... OK
2026-08-15T08:34:29.1091900Z * checking whether the package can be unloaded cleanly ... OK
2026-08-15T08:34:29.4309480Z * checking whether the namespace can be loaded with stated dependencies ... OK
2026-08-15T08:34:29.7702720Z * checking whether the namespace can be unloaded cleanly ... OK
2026-08-15T08:34:30.0758650Z * checking loading without being on the library search path ... OK
2026-08-15T08:34:30.8733350Z * checking whether startup messages can be suppressed ... OK
2026-08-15T08:34:31.6234620Z * checking dependencies in R code ... OK
2026-08-15T08:34:32.0608990Z * checking S3 generic/method consistency ... OK
2026-08-15T08:34:32.3584330Z * checking replacement functions ... OK
2026-08-15T08:34:32.7684150Z * checking foreign function calls ... OK
2026-08-15T08:34:37.7806660Z * checking R code for possible problems ... OK
2026-08-15T08:34:38.1892560Z * checking Rd files ... OK
2026-08-15T08:34:38.2498860Z * checking Rd metadata ... OK
2026-08-15T08:34:38.3338830Z * checking Rd line widths ... OK
2026-08-15T08:34:38.5812880Z * checking Rd cross-references ... OK
2026-08-15T08:34:38.9813340Z * checking for missing documentation entries ... OK
2026-08-15T08:34:40.7094270Z * checking for code/documentation mismatches ... OK
2026-08-15T08:34:41.7127310Z * checking Rd \usage sections ... OK
2026-08-15T08:34:41.8654120Z * checking Rd contents ... OK
2026-08-15T08:34:42.0019860Z * checking for unstated dependencies in examples ... OK
2026-08-15T08:34:42.0034200Z * checking line endings in shell scripts ... OK
2026-08-15T08:34:42.7260290Z * checking line endings in C/C++/Fortran sources/headers ... OK
2026-08-15T08:34:42.7631810Z * checking line endings in Makefiles ... OK
2026-08-15T08:34:42.8519820Z * checking compilation flags in Makevars ... OK
2026-08-15T08:34:42.8528320Z * checking for GNU extensions in Makefiles ... OK
2026-08-15T08:34:42.8538540Z * checking for portable use of $(BLAS_LIBS) and $(LAPACK_LIBS) ... OK
2026-08-15T08:34:43.0009730Z * checking use of PKG_*FLAGS in Makefiles ... OK
2026-08-15T08:34:43.1589590Z * checking use of SHLIB_OPENMP_*FLAGS in Makefiles ... OK
2026-08-15T08:34:43.9398980Z * checking pragmas in C/C++ headers and code ... OK
2026-08-15T08:34:43.9589700Z * checking compilation flags used ... OK
2026-08-15T08:34:45.7547000Z * checking compiled code ... OK
2026-08-15T08:34:48.1142360Z * checking examples ... OK
2026-08-15T08:34:48.9461780Z * checking for unstated dependencies in ‘tests’ ... OK
2026-08-15T08:34:49.3248120Z * checking tests ...
2026-08-15T08:35:52.7736360Z   Running ‘testthat.R’ [64s/63s]
2026-08-15T08:35:52.8147390Z  [65s/64s] OK
2026-08-15T08:35:52.8284680Z * checking for non-standard things in the check directory ... OK
2026-08-15T08:35:52.8300550Z * checking for detritus in the temp directory ... OK
2026-08-15T08:35:52.8306630Z * DONE
2026-08-15T08:35:52.8314960Z 
2026-08-15T08:35:52.8316050Z Status: OK
2026-08-15T08:35:53.4338890Z ##[end-action id=__self_5.__r-lib_actions.rcmdcheck;outcome=success;conclusion=success;duration_ms=162911]
2026-08-15T08:35:53.4357740Z ##[start-action display=Show testthat output;id=__self_5.__r-lib_actions.__run]
2026-08-15T08:35:53.4502440Z ##[group]Run ## --------------------------------------------------------------------
2026-08-15T08:35:53.4503170Z [36;1m## --------------------------------------------------------------------[0m
2026-08-15T08:35:53.4503630Z [36;1mecho ::group::Show testthat output[0m
2026-08-15T08:35:53.4504990Z [36;1mfind check -name 'testthat.Rout*' -exec cat '{}' \; || true[0m
2026-08-15T08:35:53.4506020Z [36;1mecho ::endgroup::[0m
2026-08-15T08:35:53.4816810Z shell: /bin/bash --noprofile --norc -e -o pipefail {0}
2026-08-15T08:35:53.4817160Z env:
2026-08-15T08:35:53.4817560Z   _R_CHECK_PKG_SIZES_: FALSE
2026-08-15T08:35:53.4817880Z   DUCKDB_CLI: /Users/runner/work/_temp/duckdb-cli/duckdb
2026-08-15T08:35:53.4818290Z   R_REMOTES_NO_ERRORS_FROM_WARNINGS: true
2026-08-15T08:35:53.4818570Z   R_KEEP_PKG_SOURCE: yes
2026-08-15T08:35:53.4818920Z   _R_CHECK_SYSTEM_CLOCK_: FALSE
2026-08-15T08:35:53.4819180Z   _R_CHECK_FUTURE_FILE_TIMESTAMPS_: false
2026-08-15T08:35:53.4819540Z   RGL_USE_NULL: true
2026-08-15T08:35:53.4819850Z   _R_CHECK_CRAN_INCOMING_CHECK_FILE_URIS_: true
2026-08-15T08:35:53.4820280Z   _R_CHECK_CRAN_INCOMING_NOTE_GNU_MAKE_: true
2026-08-15T08:35:53.4820630Z   _R_CHECK_PACKAGE_DEPENDS_IGNORE_MISSING_ENHANCES_: true
2026-08-15T08:35:53.4821140Z   _R_CHECK_CODE_CLASS_IS_STRING_: true
2026-08-15T08:35:53.4821430Z   _R_CHECK_CODOC_VARIABLES_IN_USAGES_: true
2026-08-15T08:35:53.4831230Z   _R_CHECK_CONNECTIONS_LEFT_OPEN_: true
2026-08-15T08:35:53.4831530Z   _R_CHECK_DATALIST_: true
2026-08-15T08:35:53.4831850Z   _R_CHECK_NEWS_IN_PLAIN_TEXT_: true
2026-08-15T08:35:53.4832220Z   _R_CHECK_PACKAGES_USED_CRAN_INCOMING_NOTES_: true
2026-08-15T08:35:53.4832620Z   _R_CHECK_RD_CONTENTS_KEYWORDS_: true
2026-08-15T08:35:53.4832980Z   _R_CHECK_R_DEPENDS_: warn
2026-08-15T08:35:53.4833300Z   _R_CHECK_S3_METHODS_SHOW_POSSIBLE_ISSUES_: true
2026-08-15T08:35:53.4833600Z   _R_CHECK_THINGS_IN_TEMP_DIR_: true
2026-08-15T08:35:53.4833950Z   _R_CHECK_UNDOC_USE_ALL_NAMES_: true
2026-08-15T08:35:53.4834350Z   _R_CHECK_URLS_SHOW_301_STATUS_: true
2026-08-15T08:35:53.4835640Z   _R_CXX_USE_NO_REMAP_: true
2026-08-15T08:35:53.4836460Z   _R_CHECK_CRAN_INCOMING_SKIP_LARGE_VERSION_: true
2026-08-15T08:35:53.4837210Z   _R_CHECK_FORCE_SUGGESTS_: false
2026-08-15T08:35:53.4837640Z   _R_CHECK_BASHISMS_: true
2026-08-15T08:35:53.4838650Z   R_LIBS_USER: /Users/runner/work/_temp/Library
2026-08-15T08:35:53.4845220Z   TZ: UTC
2026-08-15T08:35:53.4846370Z   NOT_CRAN: true
2026-08-15T08:35:53.4846700Z   R_LIB_FOR_PAK: /Library/Frameworks/R.framework/Resources/site-library
2026-08-15T08:35:53.4847090Z   CCACHE_SLOPPINESS: locale,time_macros
2026-08-15T08:35:53.4847400Z   PKG_BUILD_EXTRA_FLAGS: false
2026-08-15T08:35:53.4848060Z   DUCKDB_R_PREBUILT_ARCHIVE_GHA_CACHE_KEY: duckdb-tar-R4.6.1-macOS-Apple-clang-version-21.0.0-(clang-2100.1.1.101)-d40871adbc7223fb389850183a85b02181cf736adda00f8dfbc2be6c045f5388
2026-08-15T08:35:53.4849300Z   DUCKDB_R_PREBUILT_ARCHIVE: /Users/runner/work/_temp/duckdb.tar
2026-08-15T08:35:53.4849700Z   DUCKDB_R_UNRELEASED: 0
2026-08-15T08:35:53.4850070Z   GHA_CCACHE_KEY: macOS-Apple-clang-version-21.0.0-(clang-2100.1.1.101)-R-4.6.1
2026-08-15T08:35:53.4863410Z   LOGNAME: runner
2026-08-15T08:35:53.4864180Z ##[endgroup]
2026-08-15T08:35:53.5613690Z ##[group]Show testthat output
2026-08-15T08:35:53.6510750Z 
2026-08-15T08:35:53.6511240Z R version 4.6.1 (2026-06-24) -- "Happy Hop"
2026-08-15T08:35:53.6511810Z Copyright (C) 2026 The R Foundation for Statistical Computing
2026-08-15T08:35:53.6512470Z Platform: aarch64-apple-darwin23
2026-08-15T08:35:53.6512790Z 
2026-08-15T08:35:53.6513050Z R is free software and comes with ABSOLUTELY NO WARRANTY.
2026-08-15T08:35:53.6513520Z You are welcome to redistribute it under certain conditions.
2026-08-15T08:35:53.6514080Z Type 'license()' or 'licence()' for distribution details.
2026-08-15T08:35:53.6514270Z 
2026-08-15T08:35:53.6514540Z R is a collaborative project with many contributors.
2026-08-15T08:35:53.6514980Z Type 'contributors()' for more information and
2026-08-15T08:35:53.6515480Z 'citation()' on how to cite R or R packages in publications.
2026-08-15T08:35:53.6515820Z 
2026-08-15T08:35:53.6516120Z Type 'demo()' for some demos, 'help()' for on-line help, or
2026-08-15T08:35:53.6516550Z 'help.start()' for an HTML browser interface to help.
2026-08-15T08:35:53.6516970Z Type 'q()' to quit R.
2026-08-15T08:35:53.6517080Z 
2026-08-15T08:35:53.6517370Z > # This file is part of the standard setup for testthat.
2026-08-15T08:35:53.6518000Z > # It is recommended that you do not modify it.
2026-08-15T08:35:53.6518220Z > #
2026-08-15T08:35:53.6518620Z > # Where should you do additional test configuration?
2026-08-15T08:35:53.6519100Z > # Learn more about the roles of various files in:
2026-08-15T08:35:53.6519660Z > # * https://r-pkgs.org/testing-design.html#sec-tests-files-overview
2026-08-15T08:35:53.6520110Z > # * https://testthat.r-lib.org/articles/special-files.html
2026-08-15T08:35:53.6520540Z > 
2026-08-15T08:35:53.6520830Z > library(testthat)
2026-08-15T08:35:53.6521270Z > library(duckdb)
2026-08-15T08:35:53.6521610Z Loading required package: DBI
2026-08-15T08:35:53.6522030Z > 
2026-08-15T08:35:53.6522230Z > # CRAN guard
2026-08-15T08:35:53.6522460Z > #
2026-08-15T08:35:53.6522880Z > # The duckdb test suite exercises DuckDB's bundled C++ engine, which is too heavy
2026-08-15T08:35:53.6523670Z > # for CRAN's check farm, and checks were very fragile in the past. We therefore
2026-08-15T08:35:53.6524570Z > # keep it off on CRAN but run it automatically on GitHub Actions (GITHUB_ACTIONS)
2026-08-15T08:35:53.6525250Z > # and on r-universe (MY_UNIVERSE). An explicit DUCKDB_R_RUN_TESTS opts in
2026-08-15T08:35:53.6525820Z > # (true-ish) or out (false-ish) and always wins; otherwise we fall back to those.
2026-08-15T08:35:53.6526470Z > # This check is intentionally inlined here (rather than calling into the package)
2026-08-15T08:35:53.6526990Z > # so the guard is obvious and self-contained.
2026-08-15T08:35:53.6527540Z > run_tests <- tolower(trimws(Sys.getenv("DUCKDB_R_RUN_TESTS", "")))
2026-08-15T08:35:53.6527860Z > 
2026-08-15T08:35:53.6528110Z > if (run_tests %in% c("true", "1", "yes", "on")) {
2026-08-15T08:35:53.6528400Z +   run <- TRUE
2026-08-15T08:35:53.6528730Z + } else if (run_tests %in% c("false", "0", "no", "off")) {
2026-08-15T08:35:53.6529020Z +   run <- FALSE
2026-08-15T08:35:53.6529320Z + } else {
2026-08-15T08:35:53.6529790Z +   run <- tolower(trimws(Sys.getenv("GITHUB_ACTIONS", ""))) == "true" ||
2026-08-15T08:35:53.6530300Z +     nzchar(trimws(Sys.getenv("MY_UNIVERSE", "")))
2026-08-15T08:35:53.6530620Z + }
2026-08-15T08:35:53.6530840Z > 
2026-08-15T08:35:53.6531080Z > if (run) {
2026-08-15T08:35:53.6531360Z +   test_check(simulate_duckdb()$pkg)
2026-08-15T08:35:53.6531740Z + } else {
2026-08-15T08:35:53.6531990Z +   message(
2026-08-15T08:35:53.6532260Z +     "\n",
2026-08-15T08:35:53.6532500Z +     strrep("=", 78),
2026-08-15T08:35:53.6532810Z +     "\n",
2026-08-15T08:35:53.6533180Z +     "Skipping the duckdb test suite.\n",
2026-08-15T08:35:53.6533610Z +     "\n",
2026-08-15T08:35:53.6534130Z +     "The duckdb tests exercise DuckDB's bundled C++ engine and are deliberately\n",
2026-08-15T08:35:53.6535060Z +     "NOT run on CRAN. They run automatically on GitHub Actions (including\n",
2026-08-15T08:35:53.6535650Z +     "r-universe). This keeps check time and resource usage on CRAN within\n",
2026-08-15T08:35:53.6536240Z +     "acceptable limits and helps release duckdb in a predictable and controlled\n",
2026-08-15T08:35:53.6536630Z +     "manner.\n",
2026-08-15T08:35:53.6536910Z +     "\n",
2026-08-15T08:35:53.6537320Z +     "This is intentional, not an oversight. duckdb has an extensive test suite\n",
2026-08-15T08:35:53.6538030Z +     "that runs continuously in our own CI; see <https://github.com/duckdb/duckdb-r>.\n",
2026-08-15T08:35:53.6538540Z +     "\n",
2026-08-15T08:35:53.6539060Z +     "To run the test suite locally, set the environment variable before checking:\n",
2026-08-15T08:35:53.6539680Z +     "  Sys.setenv(DUCKDB_R_RUN_TESTS = \"true\")    # from within R, or\n",
2026-08-15T08:35:53.6540270Z +     "  DUCKDB_R_RUN_TESTS=true R CMD check ...      # from the shell\n",
2026-08-15T08:35:53.6540630Z +     strrep("=", 78),
2026-08-15T08:35:53.6540900Z +     "\n"
2026-08-15T08:35:53.6541090Z +   )
2026-08-15T08:35:53.6541310Z + }
2026-08-15T08:35:53.6541630Z duckdb is storing downloaded extensions and secrets under ~/.duckdb:
2026-08-15T08:35:53.6542320Z ℹ /Users/runner/.duckdb
2026-08-15T08:35:53.6542730Z This persists across sessions and is shared with the DuckDB CLI and other clients.
2026-08-15T08:35:53.6543490Z ℹ Run duckdb(shared_home = FALSE) to use a temporary directory instead.
2026-08-15T08:35:53.6544060Z ℹ See ?duckdb_storage for details and alternatives.
2026-08-15T08:35:53.6544460Z duckdb is storing downloaded extensions and secrets under ~/.duckdb:
2026-08-15T08:35:53.6544910Z ℹ /Users/runner/.duckdb
2026-08-15T08:35:53.6545410Z This persists across sessions and is shared with the DuckDB CLI and other clients.
2026-08-15T08:35:53.6546090Z ℹ Run duckdb(shared_home = FALSE) to use a temporary directory instead.
2026-08-15T08:35:53.6546580Z ℹ See ?duckdb_storage for details and alternatives.
2026-08-15T08:35:53.6547090Z duckdb is storing downloaded extensions and secrets under ~/.duckdb:
2026-08-15T08:35:53.6547440Z i /Users/runner/.duckdb
2026-08-15T08:35:53.6547910Z This persists across sessions and is shared with the DuckDB CLI and other clients.
2026-08-15T08:35:53.6548590Z i Run duckdb(shared_home = FALSE) to use a temporary directory instead.
2026-08-15T08:35:53.6549080Z i See ?duckdb_storage for details and alternatives.
2026-08-15T08:35:53.6549520Z duckdb is storing downloaded extensions and secrets under ~/.duckdb:
2026-08-15T08:35:53.6549920Z i /Users/runner/.duckdb
2026-08-15T08:35:53.6550420Z This persists across sessions and is shared with the DuckDB CLI and other clients.
2026-08-15T08:35:53.6551000Z i Run duckdb(shared_home = FALSE) to use a temporary directory instead.
2026-08-15T08:35:53.6551450Z i See ?duckdb_storage for details and alternatives.
2026-08-15T08:35:53.6551870Z duckdb is storing downloaded extensions and secrets under ~/.duckdb:
2026-08-15T08:35:53.6552260Z i /Users/runner/.duckdb
2026-08-15T08:35:53.6552630Z This persists across sessions and is shared with the DuckDB CLI and other clients.
2026-08-15T08:35:53.6553220Z i Run duckdb(shared_home = FALSE) to use a temporary directory instead.
2026-08-15T08:35:53.6553690Z i See ?duckdb_storage for details and alternatives.
2026-08-15T08:35:53.6554190Z duckdb is storing downloaded extensions and secrets under ~/.duckdb:
2026-08-15T08:35:53.6554520Z i /Users/runner/.duckdb
2026-08-15T08:35:53.6554970Z This persists across sessions and is shared with the DuckDB CLI and other clients.
2026-08-15T08:35:53.6555490Z i Run duckdb(shared_home = FALSE) to use a temporary directory instead.
2026-08-15T08:35:53.6555960Z i See ?duckdb_storage for details and alternatives.
2026-08-15T08:35:53.6556390Z duckdb is storing downloaded extensions and secrets under ~/.duckdb:
2026-08-15T08:35:53.6556770Z i /Users/runner/.duckdb
2026-08-15T08:35:53.6557310Z This persists across sessions and is shared with the DuckDB CLI and other clients.
2026-08-15T08:35:53.6557850Z i Run duckdb(shared_home = FALSE) to use a temporary directory instead.
2026-08-15T08:35:53.6558250Z i See ?duckdb_storage for details and alternatives.
2026-08-15T08:35:53.6558680Z duckdb is storing downloaded extensions and secrets under ~/.duckdb:
2026-08-15T08:35:53.6559020Z i /Users/runner/.duckdb
2026-08-15T08:35:53.6559470Z This persists across sessions and is shared with the DuckDB CLI and other clients.
2026-08-15T08:35:53.6560000Z i Run duckdb(shared_home = FALSE) to use a temporary directory instead.
2026-08-15T08:35:53.6560450Z i See ?duckdb_storage for details and alternatives.
2026-08-15T08:35:53.6560840Z duckdb is storing downloaded extensions and secrets under ~/.duckdb:
2026-08-15T08:35:53.6561180Z i /Users/runner/.duckdb
2026-08-15T08:35:53.6561610Z This persists across sessions and is shared with the DuckDB CLI and other clients.
2026-08-15T08:35:53.6562200Z i Run duckdb(shared_home = FALSE) to use a temporary directory instead.
2026-08-15T08:35:53.6562600Z i See ?duckdb_storage for details and alternatives.
2026-08-15T08:35:53.6563100Z duckdb is storing downloaded extensions and secrets under ~/.duckdb:
2026-08-15T08:35:53.6563460Z i /Users/runner/.duckdb
2026-08-15T08:35:53.6563890Z This persists across sessions and is shared with the DuckDB CLI and other clients.
2026-08-15T08:35:53.6564420Z i Run duckdb(shared_home = FALSE) to use a temporary directory instead.
2026-08-15T08:35:53.6564850Z i See ?duckdb_storage for details and alternatives.
2026-08-15T08:35:53.6565270Z duckdb is storing downloaded extensions and secrets under ~/.duckdb:
2026-08-15T08:35:53.6565670Z i /Users/runner/.duckdb
2026-08-15T08:35:53.6566050Z This persists across sessions and is shared with the DuckDB CLI and other clients.
2026-08-15T08:35:53.6566580Z i Run duckdb(shared_home = FALSE) to use a temporary directory instead.
2026-08-15T08:35:53.6566970Z i See ?duckdb_storage for details and alternatives.
2026-08-15T08:35:53.6567350Z duckdb is storing downloaded extensions and secrets under ~/.duckdb:
2026-08-15T08:35:53.6567670Z i /Users/runner/.duckdb
2026-08-15T08:35:53.6568040Z This persists across sessions and is shared with the DuckDB CLI and other clients.
2026-08-15T08:35:53.6568530Z i Run duckdb(shared_home = FALSE) to use a temporary directory instead.
2026-08-15T08:35:53.6568980Z i See ?duckdb_storage for details and alternatives.
2026-08-15T08:35:53.6569380Z duckdb is storing downloaded extensions and secrets under ~/.duckdb:
2026-08-15T08:35:53.6569690Z i /Users/runner/.duckdb
2026-08-15T08:35:53.6570070Z This persists across sessions and is shared with the DuckDB CLI and other clients.
2026-08-15T08:35:53.6570560Z i Run duckdb(shared_home = FALSE) to use a temporary directory instead.
2026-08-15T08:35:53.6570940Z i See ?duckdb_storage for details and alternatives.
2026-08-15T08:35:53.6571330Z duckdb is storing downloaded extensions and secrets under ~/.duckdb:
2026-08-15T08:35:53.6571640Z i /Users/runner/.duckdb
2026-08-15T08:35:53.6572020Z This persists across sessions and is shared with the DuckDB CLI and other clients.
2026-08-15T08:35:53.6572510Z i Run duckdb(shared_home = FALSE) to use a temporary directory instead.
2026-08-15T08:35:53.6572880Z i See ?duckdb_storage for details and alternatives.
2026-08-15T08:35:53.6573350Z duckdb is storing downloaded extensions and secrets under ~/.duckdb:
2026-08-15T08:35:53.6573650Z i /Users/runner/.duckdb
2026-08-15T08:35:53.6574040Z This persists across sessions and is shared with the DuckDB CLI and other clients.
2026-08-15T08:35:53.6574520Z i Run duckdb(shared_home = FALSE) to use a temporary directory instead.
2026-08-15T08:35:53.6574920Z i See ?duckdb_storage for details and alternatives.
2026-08-15T08:35:53.6575310Z duckdb is storing downloaded extensions and secrets under ~/.duckdb:
2026-08-15T08:35:53.6575630Z i /Users/runner/.duckdb
2026-08-15T08:35:53.6576000Z This persists across sessions and is shared with the DuckDB CLI and other clients.
2026-08-15T08:35:53.6576590Z i Run duckdb(shared_home = FALSE) to use a temporary directory instead.
2026-08-15T08:35:53.6576970Z i See ?duckdb_storage for details and alternatives.
2026-08-15T08:35:53.6577370Z duckdb is storing downloaded extensions and secrets under ~/.duckdb:
2026-08-15T08:35:53.6577690Z i /Users/runner/.duckdb
2026-08-15T08:35:53.6578160Z This persists across sessions and is shared with the DuckDB CLI and other clients.
2026-08-15T08:35:53.6578680Z i Run duckdb(shared_home = FALSE) to use a temporary directory instead.
2026-08-15T08:35:53.6579080Z i See ?duckdb_storage for details and alternatives.
2026-08-15T08:35:53.6588030Z duckdb is storing downloaded extensions and secrets under ~/.duckdb:
2026-08-15T08:35:53.6588410Z i /Users/runner/.duckdb
2026-08-15T08:35:53.6588800Z This persists across sessions and is shared with the DuckDB CLI and other clients.
2026-08-15T08:35:53.6589290Z i Run duckdb(shared_home = FALSE) to use a temporary directory instead.
2026-08-15T08:35:53.6589680Z i See ?duckdb_storage for details and alternatives.
2026-08-15T08:35:53.6590070Z duckdb is storing downloaded extensions and secrets under ~/.duckdb:
2026-08-15T08:35:53.6590440Z i /Users/runner/.duckdb
2026-08-15T08:35:53.6590880Z This persists across sessions and is shared with the DuckDB CLI and other clients.
2026-08-15T08:35:53.6591380Z i Run duckdb(shared_home = FALSE) to use a temporary directory instead.
2026-08-15T08:35:53.6591770Z i See ?duckdb_storage for details and alternatives.
2026-08-15T08:35:53.6592150Z duckdb is storing downloaded extensions and secrets under ~/.duckdb:
2026-08-15T08:35:53.6592460Z i /Users/runner/.duckdb
2026-08-15T08:35:53.6592830Z This persists across sessions and is shared with the DuckDB CLI and other clients.
2026-08-15T08:35:53.6593330Z i Run duckdb(shared_home = FALSE) to use a temporary directory instead.
2026-08-15T08:35:53.6593700Z i See ?duckdb_storage for details and alternatives.
2026-08-15T08:35:53.6594080Z duckdb is storing downloaded extensions and secrets under ~/.duckdb:
2026-08-15T08:35:53.6594380Z i /Users/runner/.duckdb
2026-08-15T08:35:53.6594750Z This persists across sessions and is shared with the DuckDB CLI and other clients.
2026-08-15T08:35:53.6595240Z i Run duckdb(shared_home = FALSE) to use a temporary directory instead.
2026-08-15T08:35:53.6595600Z i See ?duckdb_storage for details and alternatives.
2026-08-15T08:35:53.6596070Z duckdb is storing downloaded extensions and secrets under ~/.duckdb:
2026-08-15T08:35:53.6596370Z i /Users/runner/.duckdb
2026-08-15T08:35:53.6596740Z This persists across sessions and is shared with the DuckDB CLI and other clients.
2026-08-15T08:35:53.6597230Z i Run duckdb(shared_home = FALSE) to use a temporary directory instead.
2026-08-15T08:35:53.6597600Z i See ?duckdb_storage for details and alternatives.
2026-08-15T08:35:53.6597980Z duckdb is storing downloaded extensions and secrets under ~/.duckdb:
2026-08-15T08:35:53.6598270Z i /Users/runner/.duckdb
2026-08-15T08:35:53.6598640Z This persists across sessions and is shared with the DuckDB CLI and other clients.
2026-08-15T08:35:53.6599120Z i Run duckdb(shared_home = FALSE) to use a temporary directory instead.
2026-08-15T08:35:53.6599490Z i See ?duckdb_storage for details and alternatives.
2026-08-15T08:35:53.6599870Z duckdb is storing downloaded extensions and secrets under ~/.duckdb:
2026-08-15T08:35:53.6600220Z i /Users/runner/.duckdb
2026-08-15T08:35:53.6600770Z This persists across sessions and is shared with the DuckDB CLI and other clients.
2026-08-15T08:35:53.6601400Z i Run duckdb(shared_home = FALSE) to use a temporary directory instead.
2026-08-15T08:35:53.6601860Z i See ?duckdb_storage for details and alternatives.
2026-08-15T08:35:53.6602290Z duckdb is storing downloaded extensions and secrets under ~/.duckdb:
2026-08-15T08:35:53.6602600Z i /Users/runner/.duckdb
2026-08-15T08:35:53.6603000Z This persists across sessions and is shared with the DuckDB CLI and other clients.
2026-08-15T08:35:53.6603490Z i Run duckdb(shared_home = FALSE) to use a temporary directory instead.
2026-08-15T08:35:53.6604060Z i See ?duckdb_storage for details and alternatives.
2026-08-15T08:35:53.6604470Z duckdb is storing downloaded extensions and secrets under ~/.duckdb:
2026-08-15T08:35:53.6604790Z i /Users/runner/.duckdb
2026-08-15T08:35:53.6605190Z This persists across sessions and is shared with the DuckDB CLI and other clients.
2026-08-15T08:35:53.6605660Z i Run duckdb(shared_home = FALSE) to use a temporary directory instead.
2026-08-15T08:35:53.6606030Z i See ?duckdb_storage for details and alternatives.
2026-08-15T08:35:53.6606400Z duckdb is storing downloaded extensions and secrets under ~/.duckdb:
2026-08-15T08:35:53.6606710Z i /Users/runner/.duckdb
2026-08-15T08:35:53.6607070Z This persists across sessions and is shared with the DuckDB CLI and other clients.
2026-08-15T08:35:53.6607550Z i Run duckdb(shared_home = FALSE) to use a temporary directory instead.
2026-08-15T08:35:53.6607910Z i See ?duckdb_storage for details and alternatives.
2026-08-15T08:35:53.6608290Z duckdb is storing downloaded extensions and secrets under ~/.duckdb:
2026-08-15T08:35:53.6608590Z i /Users/runner/.duckdb
2026-08-15T08:35:53.6608960Z This persists across sessions and is shared with the DuckDB CLI and other clients.
2026-08-15T08:35:53.6609430Z i Run duckdb(shared_home = FALSE) to use a temporary directory instead.
2026-08-15T08:35:53.6609870Z i See ?duckdb_storage for details and alternatives.
2026-08-15T08:35:53.6610250Z duckdb is storing downloaded extensions and secrets under ~/.duckdb:
2026-08-15T08:35:53.6610550Z i /Users/runner/.duckdb
2026-08-15T08:35:53.6610910Z This persists across sessions and is shared with the DuckDB CLI and other clients.
2026-08-15T08:35:53.6611390Z i Run duckdb(shared_home = FALSE) to use a temporary directory instead.
2026-08-15T08:35:53.6611760Z i See ?duckdb_storage for details and alternatives.
2026-08-15T08:35:53.6612140Z duckdb is storing downloaded extensions and secrets under ~/.duckdb:
2026-08-15T08:35:53.6612430Z i /Users/runner/.duckdb
2026-08-15T08:35:53.6612820Z This persists across sessions and is shared with the DuckDB CLI and other clients.
2026-08-15T08:35:53.6613300Z i Run duckdb(shared_home = FALSE) to use a temporary directory instead.
2026-08-15T08:35:53.6613670Z i See ?duckdb_storage for details and alternatives.
2026-08-15T08:35:53.6614070Z duckdb is storing downloaded extensions and secrets under ~/.duckdb:
2026-08-15T08:35:53.6614410Z i /Users/runner/.duckdb
2026-08-15T08:35:53.6614780Z This persists across sessions and is shared with the DuckDB CLI and other clients.
2026-08-15T08:35:53.6615250Z i Run duckdb(shared_home = FALSE) to use a temporary directory instead.
2026-08-15T08:35:53.6615610Z i See ?duckdb_storage for details and alternatives.
2026-08-15T08:35:53.6615990Z duckdb is storing downloaded extensions and secrets under ~/.duckdb:
2026-08-15T08:35:53.6616300Z i /Users/runner/.duckdb
2026-08-15T08:35:53.6616670Z This persists across sessions and is shared with the DuckDB CLI and other clients.
2026-08-15T08:35:53.6617160Z i Run duckdb(shared_home = FALSE) to use a temporary directory instead.
2026-08-15T08:35:53.6617540Z i See ?duckdb_storage for details and alternatives.
2026-08-15T08:35:53.6617930Z duckdb is storing downloaded extensions and secrets under ~/.duckdb:
2026-08-15T08:35:53.6618220Z i /Users/runner/.duckdb
2026-08-15T08:35:53.6618630Z This persists across sessions and is shared with the DuckDB CLI and other clients.
2026-08-15T08:35:53.6619100Z i Run duckdb(shared_home = FALSE) to use a temporary directory instead.
2026-08-15T08:35:53.6619460Z i See ?duckdb_storage for details and alternatives.
2026-08-15T08:35:53.6619830Z duckdb is storing downloaded extensions and secrets under ~/.duckdb:
2026-08-15T08:35:53.6620120Z i /Users/runner/.duckdb
2026-08-15T08:35:53.6620480Z This persists across sessions and is shared with the DuckDB CLI and other clients.
2026-08-15T08:35:53.6620950Z i Run duckdb(shared_home = FALSE) to use a temporary directory instead.
2026-08-15T08:35:53.6621310Z i See ?duckdb_storage for details and alternatives.
2026-08-15T08:35:53.6621760Z duckdb is storing downloaded extensions and secrets under ~/.duckdb:
2026-08-15T08:35:53.6622060Z i /Users/runner/.duckdb
2026-08-15T08:35:53.6622420Z This persists across sessions and is shared with the DuckDB CLI and other clients.
2026-08-15T08:35:53.6622890Z i Run duckdb(shared_home = FALSE) to use a temporary directory instead.
2026-08-15T08:35:53.6623250Z i See ?duckdb_storage for details and alternatives.
2026-08-15T08:35:53.6623620Z duckdb is storing downloaded extensions and secrets under ~/.duckdb:
2026-08-15T08:35:53.6623910Z i /Users/runner/.duckdb
2026-08-15T08:35:53.6624270Z This persists across sessions and is shared with the DuckDB CLI and other clients.
2026-08-15T08:35:53.6624740Z i Run duckdb(shared_home = FALSE) to use a temporary directory instead.
2026-08-15T08:35:53.6625100Z i See ?duckdb_storage for details and alternatives.
2026-08-15T08:35:53.6625470Z duckdb is storing downloaded extensions and secrets under ~/.duckdb:
2026-08-15T08:35:53.6625760Z i /Users/runner/.duckdb
2026-08-15T08:35:53.6626120Z This persists across sessions and is shared with the DuckDB CLI and other clients.
2026-08-15T08:35:53.6626590Z i Run duckdb(shared_home = FALSE) to use a temporary directory instead.
2026-08-15T08:35:53.6626950Z i See ?duckdb_storage for details and alternatives.
2026-08-15T08:35:53.6627330Z duckdb is storing downloaded extensions and secrets under ~/.duckdb:
2026-08-15T08:35:53.6627620Z i /Users/runner/.duckdb
2026-08-15T08:35:53.6627980Z This persists across sessions and is shared with the DuckDB CLI and other clients.
2026-08-15T08:35:53.6628450Z i Run duckdb(shared_home = FALSE) to use a temporary directory instead.
2026-08-15T08:35:53.6628820Z i See ?duckdb_storage for details and alternatives.
2026-08-15T08:35:53.6629190Z duckdb is storing downloaded extensions and secrets under ~/.duckdb:
2026-08-15T08:35:53.6629480Z i /Users/runner/.duckdb
2026-08-15T08:35:53.6629840Z This persists across sessions and is shared with the DuckDB CLI and other clients.
2026-08-15T08:35:53.6630310Z i Run duckdb(shared_home = FALSE) to use a temporary directory instead.
2026-08-15T08:35:53.6630760Z i See ?duckdb_storage for details and alternatives.
2026-08-15T08:35:53.6631130Z duckdb is storing downloaded extensions and secrets under ~/.duckdb:
2026-08-15T08:35:53.6631420Z i /Users/runner/.duckdb
2026-08-15T08:35:53.6631840Z This persists across sessions and is shared with the DuckDB CLI and other clients.
2026-08-15T08:35:53.6632300Z i Run duckdb(shared_home = FALSE) to use a temporary directory instead.
2026-08-15T08:35:53.6632660Z i See ?duckdb_storage for details and alternatives.
2026-08-15T08:35:53.6633030Z duckdb is storing downloaded extensions and secrets under ~/.duckdb:
2026-08-15T08:35:53.6633320Z i /Users/runner/.duckdb
2026-08-15T08:35:53.6633680Z This persists across sessions and is shared with the DuckDB CLI and other clients.
2026-08-15T08:35:53.6634150Z i Run duckdb(shared_home = FALSE) to use a temporary directory instead.
2026-08-15T08:35:53.6634510Z i See ?duckdb_storage for details and alternatives.
2026-08-15T08:35:53.6634880Z duckdb is storing downloaded extensions and secrets under ~/.duckdb:
2026-08-15T08:35:53.6635170Z i /Users/runner/.duckdb
2026-08-15T08:35:53.6635540Z This persists across sessions and is shared with the DuckDB CLI and other clients.
2026-08-15T08:35:53.6636040Z i Run duckdb(shared_home = FALSE) to use a temporary directory instead.
2026-08-15T08:35:53.6636400Z i See ?duckdb_storage for details and alternatives.
2026-08-15T08:35:53.6636770Z duckdb is storing downloaded extensions and secrets under ~/.duckdb:
2026-08-15T08:35:53.6637060Z i /Users/runner/.duckdb
2026-08-15T08:35:53.6637420Z This persists across sessions and is shared with the DuckDB CLI and other clients.
2026-08-15T08:35:53.6637890Z i Run duckdb(shared_home = FALSE) to use a temporary directory instead.
2026-08-15T08:35:53.6638250Z i See ?duckdb_storage for details and alternatives.
2026-08-15T08:35:53.6638620Z duckdb is storing downloaded extensions and secrets under ~/.duckdb:
2026-08-15T08:35:53.6638910Z i /Users/runner/.duckdb
2026-08-15T08:35:53.6639360Z This persists across sessions and is shared with the DuckDB CLI and other clients.
2026-08-15T08:35:53.6639830Z i Run duckdb(shared_home = FALSE) to use a temporary directory instead.
2026-08-15T08:35:53.6640190Z i See ?duckdb_storage for details and alternatives.
2026-08-15T08:35:53.6640560Z duckdb is storing downloaded extensions and secrets under ~/.duckdb:
2026-08-15T08:35:53.6640850Z i /Users/runner/.duckdb
2026-08-15T08:35:53.6641220Z This persists across sessions and is shared with the DuckDB CLI and other clients.
2026-08-15T08:35:53.6641680Z i Run duckdb(shared_home = FALSE) to use a temporary directory instead.
2026-08-15T08:35:53.6642040Z i See ?duckdb_storage for details and alternatives.
2026-08-15T08:35:53.6642410Z duckdb is storing downloaded extensions and secrets under ~/.duckdb:
2026-08-15T08:35:53.6642700Z i /Users/runner/.duckdb
2026-08-15T08:35:53.6643060Z This persists across sessions and is shared with the DuckDB CLI and other clients.
2026-08-15T08:35:53.6643530Z i Run duckdb(shared_home = FALSE) to use a temporary directory instead.
2026-08-15T08:35:53.6643890Z i See ?duckdb_storage for details and alternatives.
2026-08-15T08:35:53.6644270Z duckdb is storing downloaded extensions and secrets under ~/.duckdb:
2026-08-15T08:35:53.6644560Z i /Users/runner/.duckdb
2026-08-15T08:35:53.6644920Z This persists across sessions and is shared with the DuckDB CLI and other clients.
2026-08-15T08:35:53.6645380Z i Run duckdb(shared_home = FALSE) to use a temporary directory instead.
2026-08-15T08:35:53.6645740Z i See ?duckdb_storage for details and alternatives.
2026-08-15T08:35:53.6646110Z duckdb is storing downloaded extensions and secrets under ~/.duckdb:
2026-08-15T08:35:53.6646400Z i /Users/runner/.duckdb
2026-08-15T08:35:53.6646760Z This persists across sessions and is shared with the DuckDB CLI and other clients.
2026-08-15T08:35:53.6647220Z i Run duckdb(shared_home = FALSE) to use a temporary directory instead.
2026-08-15T08:35:53.6647590Z i See ?duckdb_storage for details and alternatives.
2026-08-15T08:35:53.6647960Z duckdb is storing downloaded extensions and secrets under ~/.duckdb:
2026-08-15T08:35:53.6648250Z i /Users/runner/.duckdb
2026-08-15T08:35:53.6648610Z This persists across sessions and is shared with the DuckDB CLI and other clients.
2026-08-15T08:35:53.6649110Z i Run duckdb(shared_home = FALSE) to use a temporary directory instead.
2026-08-15T08:35:53.6649470Z i See ?duckdb_storage for details and alternatives.
2026-08-15T08:35:53.6649850Z duckdb is storing downloaded extensions and secrets under ~/.duckdb:
2026-08-15T08:35:53.6650130Z i /Users/runner/.duckdb
2026-08-15T08:35:53.6650500Z This persists across sessions and is shared with the DuckDB CLI and other clients.
2026-08-15T08:35:53.6650970Z i Run duckdb(shared_home = FALSE) to use a temporary directory instead.
2026-08-15T08:35:53.6651380Z i See ?duckdb_storage for details and alternatives.
2026-08-15T08:35:53.6651780Z duckdb is storing downloaded extensions and secrets under ~/.duckdb:
2026-08-15T08:35:53.6652070Z i /Users/runner/.duckdb
2026-08-15T08:35:53.6652430Z This persists across sessions and is shared with the DuckDB CLI and other clients.
2026-08-15T08:35:53.6652900Z i Run duckdb(shared_home = FALSE) to use a temporary directory instead.
2026-08-15T08:35:53.6653370Z i See ?duckdb_storage for details and alternatives.
2026-08-15T08:35:53.6653750Z duckdb is storing downloaded extensions and secrets under ~/.duckdb:
2026-08-15T08:35:53.6654040Z i /Users/runner/.duckdb
2026-08-15T08:35:53.6654410Z This persists across sessions and is shared with the DuckDB CLI and other clients.
2026-08-15T08:35:53.6654890Z i Run duckdb(shared_home = FALSE) to use a temporary directory instead.
2026-08-15T08:35:53.6655320Z i See ?duckdb_storage for details and alternatives.
2026-08-15T08:35:53.6655720Z duckdb is storing downloaded extensions and secrets under ~/.duckdb:
2026-08-15T08:35:53.6656070Z i /Users/runner/.duckdb
2026-08-15T08:35:53.6656500Z This persists across sessions and is shared with the DuckDB CLI and other clients.
2026-08-15T08:35:53.6657060Z i Run duckdb(shared_home = FALSE) to use a temporary directory instead.
2026-08-15T08:35:53.6657430Z i See ?duckdb_storage for details and alternatives.
2026-08-15T08:35:53.6657800Z duckdb is storing downloaded extensions and secrets under ~/.duckdb:
2026-08-15T08:35:53.6658300Z i /Users/runner/.duckdb
2026-08-15T08:35:53.6658690Z This persists across sessions and is shared with the DuckDB CLI and other clients.
2026-08-15T08:35:53.6659210Z i Run duckdb(shared_home = FALSE) to use a temporary directory instead.
2026-08-15T08:35:53.6659630Z i See ?duckdb_storage for details and alternatives.
2026-08-15T08:35:53.6660020Z duckdb is storing downloaded extensions and secrets under ~/.duckdb:
2026-08-15T08:35:53.6660310Z i /Users/runner/.duckdb
2026-08-15T08:35:53.6660670Z This persists across sessions and is shared with the DuckDB CLI and other clients.
2026-08-15T08:35:53.6661130Z i Run duckdb(shared_home = FALSE) to use a temporary directory instead.
2026-08-15T08:35:53.6661490Z i See ?duckdb_storage for details and alternatives.
2026-08-15T08:35:53.6661860Z duckdb is storing downloaded extensions and secrets under ~/.duckdb:
2026-08-15T08:35:53.6662150Z i /Users/runner/.duckdb
2026-08-15T08:35:53.6662520Z This persists across sessions and is shared with the DuckDB CLI and other clients.
2026-08-15T08:35:53.6662980Z i Run duckdb(shared_home = FALSE) to use a temporary directory instead.
2026-08-15T08:35:53.6663340Z i See ?duckdb_storage for details and alternatives.
2026-08-15T08:35:53.6663710Z duckdb is storing downloaded extensions and secrets under ~/.duckdb:
2026-08-15T08:35:53.6664000Z i /Users/runner/.duckdb
2026-08-15T08:35:53.6664360Z This persists across sessions and is shared with the DuckDB CLI and other clients.
2026-08-15T08:35:53.6664820Z i Run duckdb(shared_home = FALSE) to use a temporary directory instead.
2026-08-15T08:35:53.6665180Z i See ?duckdb_storage for details and alternatives.
2026-08-15T08:35:53.6665560Z duckdb is storing downloaded extensions and secrets under ~/.duckdb:
2026-08-15T08:35:53.6665850Z i /Users/runner/.duckdb
2026-08-15T08:35:53.6666210Z This persists across sessions and is shared with the DuckDB CLI and other clients.
2026-08-15T08:35:53.6666680Z i Run duckdb(shared_home = FALSE) to use a temporary directory instead.
2026-08-15T08:35:53.6667080Z i See ?duckdb_storage for details and alternatives.
2026-08-15T08:35:53.6667450Z duckdb is storing downloaded extensions and secrets under ~/.duckdb:
2026-08-15T08:35:53.6667740Z i /Users/runner/.duckdb
2026-08-15T08:35:53.6668100Z This persists across sessions and is shared with the DuckDB CLI and other clients.
2026-08-15T08:35:53.6668570Z i Run duckdb(shared_home = FALSE) to use a temporary directory instead.
2026-08-15T08:35:53.6668930Z i See ?duckdb_storage for details and alternatives.
2026-08-15T08:35:53.6669300Z duckdb is storing downloaded extensions and secrets under ~/.duckdb:
2026-08-15T08:35:53.6669590Z i /Users/runner/.duckdb
2026-08-15T08:35:53.6669950Z This persists across sessions and is shared with the DuckDB CLI and other clients.
2026-08-15T08:35:53.6670470Z i Run duckdb(shared_home = FALSE) to use a temporary directory instead.
2026-08-15T08:35:53.6670860Z i See ?duckdb_storage for details and alternatives.
2026-08-15T08:35:53.6671310Z i This message has been shown 60 times and will not be shown again this session.
2026-08-15T08:35:53.6671590Z x
2026-08-15T08:35:53.6671690Z x
2026-08-15T08:35:53.6671990Z duckdb keeps downloaded extensions and secrets in a temporary directory:
2026-08-15T08:35:53.6672520Z i /var/folders/df/djsxfhc17x95674wsm_g8s980000gn/T//RtmpzQutj1/working_dir/RtmpVmglz2/duckdb
2026-08-15T08:35:53.6672920Z This is removed when the R session ends.
2026-08-15T08:35:53.6673190Z * Extensions are re-downloaded each session.
2026-08-15T08:35:53.6673410Z * Secrets are lost.
2026-08-15T08:35:53.6673800Z i Run duckdb(shared_home = TRUE) (or create ~/.duckdb) to keep them (suitable for most users).
2026-08-15T08:35:53.6674480Z i Run duckdb(shared_home = FALSE) to accept the temporary directory (and silence this message).
2026-08-15T08:35:53.6674920Z i See ?duckdb_storage for details and alternatives.
2026-08-15T08:35:53.6675290Z duckdb is storing downloaded extensions and secrets under ~/.duckdb:
2026-08-15T08:35:53.6675590Z i /Users/runner/.duckdb
2026-08-15T08:35:53.6675950Z This persists across sessions and is shared with the DuckDB CLI and other clients.
2026-08-15T08:35:53.6676420Z i Run duckdb(shared_home = FALSE) to use a temporary directory instead.
2026-08-15T08:35:53.6676780Z i See ?duckdb_storage for details and alternatives.
2026-08-15T08:35:53.6677150Z duckdb is storing downloaded extensions and secrets under ~/.duckdb:
2026-08-15T08:35:53.6677440Z i /Users/runner/.duckdb
2026-08-15T08:35:53.6677800Z This persists across sessions and is shared with the DuckDB CLI and other clients.
2026-08-15T08:35:53.6678260Z i Run duckdb(shared_home = FALSE) to use a temporary directory instead.
2026-08-15T08:35:53.6678620Z i See ?duckdb_storage for details and alternatives.
2026-08-15T08:35:53.6678990Z duckdb is storing downloaded extensions and secrets under ~/.duckdb:
2026-08-15T08:35:53.6679280Z i /Users/runner/.duckdb
2026-08-15T08:35:53.6679650Z This persists across sessions and is shared with the DuckDB CLI and other clients.
2026-08-15T08:35:53.6680120Z i Run duckdb(shared_home = FALSE) to use a temporary directory instead.
2026-08-15T08:35:53.6680470Z i See ?duckdb_storage for details and alternatives.
2026-08-15T08:35:53.6680850Z duckdb is storing downloaded extensions and secrets under ~/.duckdb:
2026-08-15T08:35:53.6681140Z i /Users/runner/.duckdb
2026-08-15T08:35:53.6681500Z This persists across sessions and is shared with the DuckDB CLI and other clients.
2026-08-15T08:35:53.6681970Z i Run duckdb(shared_home = FALSE) to use a temporary directory instead.
2026-08-15T08:35:53.6682370Z i See ?duckdb_storage for details and alternatives.
2026-08-15T08:35:53.6682760Z duckdb is storing downloaded extensions and secrets under ~/.duckdb:
2026-08-15T08:35:53.6683060Z i /Users/runner/.duckdb
2026-08-15T08:35:53.6683440Z This persists across sessions and is shared with the DuckDB CLI and other clients.
2026-08-15T08:35:53.6683930Z i Run duckdb(shared_home = FALSE) to use a temporary directory instead.
2026-08-15T08:35:53.6684300Z i See ?duckdb_storage for details and alternatives.
2026-08-15T08:35:53.6684740Z duckdb is storing downloaded extensions and secrets under ~/.duckdb:
2026-08-15T08:35:53.6688440Z i /Users/runner/.duckdb
2026-08-15T08:35:53.6688830Z This persists across sessions and is shared with the DuckDB CLI and other clients.
2026-08-15T08:35:53.6689290Z i Run duckdb(shared_home = FALSE) to use a temporary directory instead.
2026-08-15T08:35:53.6689650Z i See ?duckdb_storage for details and alternatives.
2026-08-15T08:35:53.6690030Z duckdb is storing downloaded extensions and secrets under ~/.duckdb:
2026-08-15T08:35:53.6690320Z i /Users/runner/.duckdb
2026-08-15T08:35:53.6690680Z This persists across sessions and is shared with the DuckDB CLI and other clients.
2026-08-15T08:35:53.6691150Z i Run duckdb(shared_home = FALSE) to use a temporary directory instead.
2026-08-15T08:35:53.6691510Z i See ?duckdb_storage for details and alternatives.
2026-08-15T08:35:53.6691880Z duckdb is storing downloaded extensions and secrets under ~/.duckdb:
2026-08-15T08:35:53.6692230Z i /Users/runner/.duckdb
2026-08-15T08:35:53.6692600Z This persists across sessions and is shared with the DuckDB CLI and other clients.
2026-08-15T08:35:53.6693060Z i Run duckdb(shared_home = FALSE) to use a temporary directory instead.
2026-08-15T08:35:53.6693420Z i See ?duckdb_storage for details and alternatives.
2026-08-15T08:35:53.6693790Z duckdb is storing downloaded extensions and secrets under ~/.duckdb:
2026-08-15T08:35:53.6694080Z i /Users/runner/.duckdb
2026-08-15T08:35:53.6694440Z This persists across sessions and is shared with the DuckDB CLI and other clients.
2026-08-15T08:35:53.6694900Z i Run duckdb(shared_home = FALSE) to use a temporary directory instead.
2026-08-15T08:35:53.6695350Z i See ?duckdb_storage for details and alternatives.
2026-08-15T08:35:53.6695730Z duckdb is storing downloaded extensions and secrets under ~/.duckdb:
2026-08-15T08:35:53.6696020Z i /Users/runner/.duckdb
2026-08-15T08:35:53.6696380Z This persists across sessions and is shared with the DuckDB CLI and other clients.
2026-08-15T08:35:53.6696850Z i Run duckdb(shared_home = FALSE) to use a temporary directory instead.
2026-08-15T08:35:53.6697210Z i See ?duckdb_storage for details and alternatives.
2026-08-15T08:35:53.6697580Z duckdb is storing downloaded extensions and secrets under ~/.duckdb:
2026-08-15T08:35:53.6697870Z i /Users/runner/.duckdb
2026-08-15T08:35:53.6698230Z This persists across sessions and is shared with the DuckDB CLI and other clients.
2026-08-15T08:35:53.6698690Z i Run duckdb(shared_home = FALSE) to use a temporary directory instead.
2026-08-15T08:35:53.6699050Z i See ?duckdb_storage for details and alternatives.
2026-08-15T08:35:53.6699420Z duckdb is storing downloaded extensions and secrets under ~/.duckdb:
2026-08-15T08:35:53.6699710Z i /Users/runner/.duckdb
2026-08-15T08:35:53.6700080Z This persists across sessions and is shared with the DuckDB CLI and other clients.
2026-08-15T08:35:53.6700540Z i Run duckdb(shared_home = FALSE) to use a temporary directory instead.
2026-08-15T08:35:53.6700900Z i See ?duckdb_storage for details and alternatives.
2026-08-15T08:35:53.6701280Z duckdb is storing downloaded extensions and secrets under ~/.duckdb:
2026-08-15T08:35:53.6701560Z i /Users/runner/.duckdb
2026-08-15T08:35:53.6701920Z This persists across sessions and is shared with the DuckDB CLI and other clients.
2026-08-15T08:35:53.6702390Z i Run duckdb(shared_home = FALSE) to use a temporary directory instead.
2026-08-15T08:35:53.6702750Z i See ?duckdb_storage for details and alternatives.
2026-08-15T08:35:53.6703120Z duckdb is storing downloaded extensions and secrets under ~/.duckdb:
2026-08-15T08:35:53.6703400Z i /Users/runner/.duckdb
2026-08-15T08:35:53.6703770Z This persists across sessions and is shared with the DuckDB CLI and other clients.
2026-08-15T08:35:53.6704230Z i Run duckdb(shared_home = FALSE) to use a temporary directory instead.
2026-08-15T08:35:53.6704590Z i See ?duckdb_storage for details and alternatives.
2026-08-15T08:35:53.6704960Z duckdb is storing downloaded extensions and secrets under ~/.duckdb:
2026-08-15T08:35:53.6705300Z i /Users/runner/.duckdb
2026-08-15T08:35:53.6705660Z This persists across sessions and is shared with the DuckDB CLI and other clients.
2026-08-15T08:35:53.6706130Z i Run duckdb(shared_home = FALSE) to use a temporary directory instead.
2026-08-15T08:35:53.6706490Z i See ?duckdb_storage for details and alternatives.
2026-08-15T08:35:53.6706860Z duckdb is storing downloaded extensions and secrets under ~/.duckdb:
2026-08-15T08:35:53.6707150Z i /Users/runner/.duckdb
2026-08-15T08:35:53.6707510Z This persists across sessions and is shared with the DuckDB CLI and other clients.
2026-08-15T08:35:53.6707970Z i Run duckdb(shared_home = FALSE) to use a temporary directory instead.
2026-08-15T08:35:53.6708330Z i See ?duckdb_storage for details and alternatives.
2026-08-15T08:35:53.6708710Z duckdb is storing downloaded extensions and secrets under ~/.duckdb:
2026-08-15T08:35:53.6708990Z i /Users/runner/.duckdb
2026-08-15T08:35:53.6709380Z This persists across sessions and is shared with the DuckDB CLI and other clients.
2026-08-15T08:35:53.6709910Z i Run duckdb(shared_home = FALSE) to use a temporary directory instead.
2026-08-15T08:35:53.6710270Z i See ?duckdb_storage for details and alternatives.
2026-08-15T08:35:53.6710720Z duckdb is storing downloaded extensions and secrets under ~/.duckdb:
2026-08-15T08:35:53.6711010Z i /Users/runner/.duckdb
2026-08-15T08:35:53.6711380Z This persists across sessions and is shared with the DuckDB CLI and other clients.
2026-08-15T08:35:53.6711840Z i Run duckdb(shared_home = FALSE) to use a temporary directory instead.
2026-08-15T08:35:53.6712200Z i See ?duckdb_storage for details and alternatives.
2026-08-15T08:35:53.6712660Z duckdb is storing downloaded extensions and secrets under ~/.duckdb:
2026-08-15T08:35:53.6712960Z i /Users/runner/.duckdb
2026-08-15T08:35:53.6713320Z This persists across sessions and is shared with the DuckDB CLI and other clients.
2026-08-15T08:35:53.6713790Z i Run duckdb(shared_home = FALSE) to use a temporary directory instead.
2026-08-15T08:35:53.6714150Z i See ?duckdb_storage for details and alternatives.
2026-08-15T08:35:53.6714520Z duckdb is storing downloaded extensions and secrets under ~/.duckdb:
2026-08-15T08:35:53.6714810Z i /Users/runner/.duckdb
2026-08-15T08:35:53.6715170Z This persists across sessions and is shared with the DuckDB CLI and other clients.
2026-08-15T08:35:53.6715640Z i Run duckdb(shared_home = FALSE) to use a temporary directory instead.
2026-08-15T08:35:53.6715990Z i See ?duckdb_storage for details and alternatives.
2026-08-15T08:35:53.6716370Z duckdb is storing downloaded extensions and secrets under ~/.duckdb:
2026-08-15T08:35:53.6716650Z i /Users/runner/.duckdb
2026-08-15T08:35:53.6717020Z This persists across sessions and is shared with the DuckDB CLI and other clients.
2026-08-15T08:35:53.6717480Z i Run duckdb(shared_home = FALSE) to use a temporary directory instead.
2026-08-15T08:35:53.6717840Z i See ?duckdb_storage for details and alternatives.
2026-08-15T08:35:53.6718220Z duckdb is storing downloaded extensions and secrets under ~/.duckdb:
2026-08-15T08:35:53.6718510Z i /Users/runner/.duckdb
2026-08-15T08:35:53.6718870Z This persists across sessions and is shared with the DuckDB CLI and other clients.
2026-08-15T08:35:53.6719330Z i Run duckdb(shared_home = FALSE) to use a temporary directory instead.
2026-08-15T08:35:53.6719690Z i See ?duckdb_storage for details and alternatives.
2026-08-15T08:35:53.6720060Z duckdb is storing downloaded extensions and secrets under ~/.duckdb:
2026-08-15T08:35:53.6720350Z i /Users/runner/.duckdb
2026-08-15T08:35:53.6720710Z This persists across sessions and is shared with the DuckDB CLI and other clients.
2026-08-15T08:35:53.6721170Z i Run duckdb(shared_home = FALSE) to use a temporary directory instead.
2026-08-15T08:35:53.6721530Z i See ?duckdb_storage for details and alternatives.
2026-08-15T08:35:53.6721910Z duckdb is storing downloaded extensions and secrets under ~/.duckdb:
2026-08-15T08:35:53.6722200Z i /Users/runner/.duckdb
2026-08-15T08:35:53.6722600Z This persists across sessions and is shared with the DuckDB CLI and other clients.
2026-08-15T08:35:53.6723060Z i Run duckdb(shared_home = FALSE) to use a temporary directory instead.
2026-08-15T08:35:53.6723420Z i See ?duckdb_storage for details and alternatives.
2026-08-15T08:35:53.6723790Z duckdb is storing downloaded extensions and secrets under ~/.duckdb:
2026-08-15T08:35:53.6724080Z i /Users/runner/.duckdb
2026-08-15T08:35:53.6724440Z This persists across sessions and is shared with the DuckDB CLI and other clients.
2026-08-15T08:35:53.6724910Z i Run duckdb(shared_home = FALSE) to use a temporary directory instead.
2026-08-15T08:35:53.6725270Z i See ?duckdb_storage for details and alternatives.
2026-08-15T08:35:53.6725640Z duckdb is storing downloaded extensions and secrets under ~/.duckdb:
2026-08-15T08:35:53.6725930Z i /Users/runner/.duckdb
2026-08-15T08:35:53.6726290Z This persists across sessions and is shared with the DuckDB CLI and other clients.
2026-08-15T08:35:53.6726800Z i Run duckdb(shared_home = FALSE) to use a temporary directory instead.
2026-08-15T08:35:53.6727160Z i See ?duckdb_storage for details and alternatives.
2026-08-15T08:35:53.6727530Z duckdb is storing downloaded extensions and secrets under ~/.duckdb:
2026-08-15T08:35:53.6727820Z i /Users/runner/.duckdb
2026-08-15T08:35:53.6728180Z This persists across sessions and is shared with the DuckDB CLI and other clients.
2026-08-15T08:35:53.6728640Z i Run duckdb(shared_home = FALSE) to use a temporary directory instead.
2026-08-15T08:35:53.6729010Z i See ?duckdb_storage for details and alternatives.
2026-08-15T08:35:53.6729380Z duckdb is storing downloaded extensions and secrets under ~/.duckdb:
2026-08-15T08:35:53.6729660Z i /Users/runner/.duckdb
2026-08-15T08:35:53.6730110Z This persists across sessions and is shared with the DuckDB CLI and other clients.
2026-08-15T08:35:53.6730580Z i Run duckdb(shared_home = FALSE) to use a temporary directory instead.
2026-08-15T08:35:53.6730940Z i See ?duckdb_storage for details and alternatives.
2026-08-15T08:35:53.6731320Z duckdb is storing downloaded extensions and secrets under ~/.duckdb:
2026-08-15T08:35:53.6731610Z i /Users/runner/.duckdb
2026-08-15T08:35:53.6731970Z This persists across sessions and is shared with the DuckDB CLI and other clients.
2026-08-15T08:35:53.6732430Z i Run duckdb(shared_home = FALSE) to use a temporary directory instead.
2026-08-15T08:35:53.6732790Z i See ?duckdb_storage for details and alternatives.
2026-08-15T08:35:53.6733160Z duckdb is storing downloaded extensions and secrets under ~/.duckdb:
2026-08-15T08:35:53.6733450Z i /Users/runner/.duckdb
2026-08-15T08:35:53.6733810Z This persists across sessions and is shared with the DuckDB CLI and other clients.
2026-08-15T08:35:53.6734280Z i Run duckdb(shared_home = FALSE) to use a temporary directory instead.
2026-08-15T08:35:53.6734640Z i See ?duckdb_storage for details and alternatives.
2026-08-15T08:35:53.6735010Z duckdb is storing downloaded extensions and secrets under ~/.duckdb:
2026-08-15T08:35:53.6735300Z i /Users/runner/.duckdb
2026-08-15T08:35:53.6735660Z This persists across sessions and is shared with the DuckDB CLI and other clients.
2026-08-15T08:35:53.6736120Z i Run duckdb(shared_home = FALSE) to use a temporary directory instead.
2026-08-15T08:35:53.6736480Z i See ?duckdb_storage for details and alternatives.
2026-08-15T08:35:53.6736850Z duckdb is storing downloaded extensions and secrets under ~/.duckdb:
2026-08-15T08:35:53.6737150Z i /Users/runner/.duckdb
2026-08-15T08:35:53.6737530Z This persists across sessions and is shared with the DuckDB CLI and other clients.
2026-08-15T08:35:53.6738090Z i Run duckdb(shared_home = FALSE) to use a temporary directory instead.
2026-08-15T08:35:53.6738470Z i See ?duckdb_storage for details and alternatives.
2026-08-15T08:35:53.6738850Z duckdb is storing downloaded extensions and secrets under ~/.duckdb:
2026-08-15T08:35:53.6739140Z i /Users/runner/.duckdb
2026-08-15T08:35:53.6739540Z This persists across sessions and is shared with the DuckDB CLI and other clients.
2026-08-15T08:35:53.6740050Z i Run duckdb(shared_home = FALSE) to use a temporary directory instead.
2026-08-15T08:35:53.6740410Z i See ?duckdb_storage for details and alternatives.
2026-08-15T08:35:53.6740790Z duckdb is storing downloaded extensions and secrets under ~/.duckdb:
2026-08-15T08:35:53.6741080Z i /Users/runner/.duckdb
2026-08-15T08:35:53.6741520Z This persists across sessions and is shared with the DuckDB CLI and other clients.
2026-08-15T08:35:53.6742060Z i Run duckdb(shared_home = FALSE) to use a temporary directory instead.
2026-08-15T08:35:53.6742410Z i See ?duckdb_storage for details and alternatives.
2026-08-15T08:35:53.6742790Z duckdb is storing downloaded extensions and secrets under ~/.duckdb:
2026-08-15T08:35:53.6743080Z i /Users/runner/.duckdb
2026-08-15T08:35:53.6743450Z This persists across sessions and is shared with the DuckDB CLI and other clients.
2026-08-15T08:35:53.6743910Z i Run duckdb(shared_home = FALSE) to use a temporary directory instead.
2026-08-15T08:35:53.6744300Z i See ?duckdb_storage for details and alternatives.
2026-08-15T08:35:53.6744670Z duckdb is storing downloaded extensions and secrets under ~/.duckdb:
2026-08-15T08:35:53.6744960Z i /Users/runner/.duckdb
2026-08-15T08:35:53.6745320Z This persists across sessions and is shared with the DuckDB CLI and other clients.
2026-08-15T08:35:53.6745790Z i Run duckdb(shared_home = FALSE) to use a temporary directory instead.
2026-08-15T08:35:53.6746150Z i See ?duckdb_storage for details and alternatives.
2026-08-15T08:35:53.6746520Z duckdb is storing downloaded extensions and secrets under ~/.duckdb:
2026-08-15T08:35:53.6746810Z i /Users/runner/.duckdb
2026-08-15T08:35:53.6747320Z This persists across sessions and is shared with the DuckDB CLI and other clients.
2026-08-15T08:35:53.6747800Z i Run duckdb(shared_home = FALSE) to use a temporary directory instead.
2026-08-15T08:35:53.6748150Z i See ?duckdb_storage for details and alternatives.
2026-08-15T08:35:53.6748530Z duckdb is storing downloaded extensions and secrets under ~/.duckdb:
2026-08-15T08:35:53.6748820Z i /Users/runner/.duckdb
2026-08-15T08:35:53.6749180Z This persists across sessions and is shared with the DuckDB CLI and other clients.
2026-08-15T08:35:53.6749650Z i Run duckdb(shared_home = FALSE) to use a temporary directory instead.
2026-08-15T08:35:53.6750010Z i See ?duckdb_storage for details and alternatives.
2026-08-15T08:35:53.6750380Z duckdb is storing downloaded extensions and secrets under ~/.duckdb:
2026-08-15T08:35:53.6750750Z i /Users/runner/.duckdb
2026-08-15T08:35:53.6751120Z This persists across sessions and is shared with the DuckDB CLI and other clients.
2026-08-15T08:35:53.6751580Z i Run duckdb(shared_home = FALSE) to use a temporary directory instead.
2026-08-15T08:35:53.6751940Z i See ?duckdb_storage for details and alternatives.
2026-08-15T08:35:53.6752320Z duckdb is storing downloaded extensions and secrets under ~/.duckdb:
2026-08-15T08:35:53.6752610Z i /Users/runner/.duckdb
2026-08-15T08:35:53.6752970Z This persists across sessions and is shared with the DuckDB CLI and other clients.
2026-08-15T08:35:53.6753440Z i Run duckdb(shared_home = FALSE) to use a temporary directory instead.
2026-08-15T08:35:53.6753800Z i See ?duckdb_storage for details and alternatives.
2026-08-15T08:35:53.6754170Z duckdb is storing downloaded extensions and secrets under ~/.duckdb:
2026-08-15T08:35:53.6754460Z i /Users/runner/.duckdb
2026-08-15T08:35:53.6754820Z This persists across sessions and is shared with the DuckDB CLI and other clients.
2026-08-15T08:35:53.6755290Z i Run duckdb(shared_home = FALSE) to use a temporary directory instead.
2026-08-15T08:35:53.6755640Z i See ?duckdb_storage for details and alternatives.
2026-08-15T08:35:53.6756020Z duckdb is storing downloaded extensions and secrets under ~/.duckdb:
2026-08-15T08:35:53.6756310Z i /Users/runner/.duckdb
2026-08-15T08:35:53.6756670Z This persists across sessions and is shared with the DuckDB CLI and other clients.
2026-08-15T08:35:53.6757140Z i Run duckdb(shared_home = FALSE) to use a temporary directory instead.
2026-08-15T08:35:53.6757540Z i See ?duckdb_storage for details and alternatives.
2026-08-15T08:35:53.6757910Z duckdb is storing downloaded extensions and secrets under ~/.duckdb:
2026-08-15T08:35:53.6758200Z i /Users/runner/.duckdb
2026-08-15T08:35:53.6758560Z This persists across sessions and is shared with the DuckDB CLI and other clients.
2026-08-15T08:35:53.6759030Z i Run duckdb(shared_home = FALSE) to use a temporary directory instead.
2026-08-15T08:35:53.6759390Z i See ?duckdb_storage for details and alternatives.
2026-08-15T08:35:53.6759760Z duckdb is storing downloaded extensions and secrets under ~/.duckdb:
2026-08-15T08:35:53.6760050Z i /Users/runner/.duckdb
2026-08-15T08:35:53.6760410Z This persists across sessions and is shared with the DuckDB CLI and other clients.
2026-08-15T08:35:53.6760880Z i Run duckdb(shared_home = FALSE) to use a temporary directory instead.
2026-08-15T08:35:53.6761240Z i See ?duckdb_storage for details and alternatives.
2026-08-15T08:35:53.6761640Z duckdb is storing downloaded extensions and secrets under ~/.duckdb:
2026-08-15T08:35:53.6761930Z i /Users/runner/.duckdb
2026-08-15T08:35:53.6762290Z This persists across sessions and is shared with the DuckDB CLI and other clients.
2026-08-15T08:35:53.6762760Z i Run duckdb(shared_home = FALSE) to use a temporary directory instead.
2026-08-15T08:35:53.6763110Z i See ?duckdb_storage for details and alternatives.
2026-08-15T08:35:53.6763490Z duckdb is storing downloaded extensions and secrets under ~/.duckdb:
2026-08-15T08:35:53.6763770Z i /Users/runner/.duckdb
2026-08-15T08:35:53.6764140Z This persists across sessions and is shared with the DuckDB CLI and other clients.
2026-08-15T08:35:53.6764650Z i Run duckdb(shared_home = FALSE) to use a temporary directory instead.
2026-08-15T08:35:53.6765010Z i See ?duckdb_storage for details and alternatives.
2026-08-15T08:35:53.6765380Z duckdb is storing downloaded extensions and secrets under ~/.duckdb:
2026-08-15T08:35:53.6765670Z i /Users/runner/.duckdb
2026-08-15T08:35:53.6766040Z This persists across sessions and is shared with the DuckDB CLI and other clients.
2026-08-15T08:35:53.6766500Z i Run duckdb(shared_home = FALSE) to use a temporary directory instead.
2026-08-15T08:35:53.6766860Z i See ?duckdb_storage for details and alternatives.
2026-08-15T08:35:53.6767230Z duckdb is storing downloaded extensions and secrets under ~/.duckdb:
2026-08-15T08:35:53.6767520Z i /Users/runner/.duckdb
2026-08-15T08:35:53.6767880Z This persists across sessions and is shared with the DuckDB CLI and other clients.
2026-08-15T08:35:53.6768350Z i Run duckdb(shared_home = FALSE) to use a temporary directory instead.
2026-08-15T08:35:53.6768710Z i See ?duckdb_storage for details and alternatives.
2026-08-15T08:35:53.6769080Z duckdb is storing downloaded extensions and secrets under ~/.duckdb:
2026-08-15T08:35:53.6769370Z i /Users/runner/.duckdb
2026-08-15T08:35:53.6769740Z This persists across sessions and is shared with the DuckDB CLI and other clients.
2026-08-15T08:35:53.6770200Z i Run duckdb(shared_home = FALSE) to use a temporary directory instead.
2026-08-15T08:35:53.6770560Z i See ?duckdb_storage for details and alternatives.
2026-08-15T08:35:53.6770930Z duckdb is storing downloaded extensions and secrets under ~/.duckdb:
2026-08-15T08:35:53.6771220Z i /Users/runner/.duckdb
2026-08-15T08:35:53.6771580Z This persists across sessions and is shared with the DuckDB CLI and other clients.
2026-08-15T08:35:53.6772050Z i Run duckdb(shared_home = FALSE) to use a temporary directory instead.
2026-08-15T08:35:53.6772410Z i See ?duckdb_storage for details and alternatives.
2026-08-15T08:35:53.6772780Z duckdb is storing downloaded extensions and secrets under ~/.duckdb:
2026-08-15T08:35:53.6773070Z i /Users/runner/.duckdb
2026-08-15T08:35:53.6773430Z This persists across sessions and is shared with the DuckDB CLI and other clients.
2026-08-15T08:35:53.6773900Z i Run duckdb(shared_home = FALSE) to use a temporary directory instead.
2026-08-15T08:35:53.6774260Z i See ?duckdb_storage for details and alternatives.
2026-08-15T08:35:53.6774590Z [ FAIL 0 | WARN 0 | SKIP 64 | PASS 5828 ]
2026-08-15T08:35:53.6774730Z 
2026-08-15T08:35:53.6795210Z ══ Skipped tests (64) ══════════════════════════════════════════════════════════
2026-08-15T08:35:53.6814440Z • DBItest::run_tests(): by request: arrow_send_query_stale_warning,
2026-08-15T08:35:53.6814960Z   arrow_send_query_only_one_result_set, arrow_send_query_immediate,
2026-08-15T08:35:53.6815440Z   arrow_get_query_arrow_immediate, arrow_read_table_arrow,
2026-08-15T08:35:53.6815890Z   arrow_read_table_arrow_missing, arrow_read_table_arrow_empty,
2026-08-15T08:35:53.6816320Z   arrow_read_table_arrow_closed_connection,
2026-08-15T08:35:53.6816850Z   arrow_read_table_arrow_invalid_connection, arrow_read_table_arrow_error,
2026-08-15T08:35:53.6817360Z   arrow_read_table_arrow_name, arrow_write_table_arrow_return,
2026-08-15T08:35:53.6817750Z   arrow_write_table_arrow_error_overwrite,
2026-08-15T08:35:53.6818700Z   arrow_write_table_arrow_append_incompatible, arrow_write_table_arrow_error,
2026-08-15T08:35:53.6819230Z   arrow_write_table_arrow_name, arrow_write_table_arrow_name_quoted,
2026-08-15T08:35:53.6819710Z   arrow_write_table_arrow_value_df, arrow_write_table_arrow_overwrite,
2026-08-15T08:35:53.6820270Z   arrow_write_table_arrow_overwrite_missing, arrow_write_table_arrow_append,
2026-08-15T08:35:53.6820900Z   arrow_write_table_arrow_append_new, arrow_write_table_arrow_temporary_1,
2026-08-15T08:35:53.6821340Z   arrow_write_table_arrow_temporary_2,
2026-08-15T08:35:53.6821680Z   arrow_write_table_arrow_visible_in_other_connection_1,
2026-08-15T08:35:53.6822060Z   arrow_write_table_arrow_visible_in_other_connection_2,
2026-08-15T08:35:53.6822590Z   arrow_write_table_arrow_visible_in_other_connection_3,
2026-08-15T08:35:53.6822960Z   arrow_write_table_arrow_roundtrip_keywords,
2026-08-15T08:35:53.6823270Z   arrow_write_table_arrow_roundtrip_quotes,
2026-08-15T08:35:53.6823620Z   arrow_write_table_arrow_roundtrip_quotes_table_names,
2026-08-15T08:35:53.6824010Z   arrow_write_table_arrow_roundtrip_quotes_column_names,
2026-08-15T08:35:53.6824350Z   arrow_write_table_arrow_roundtrip_integer,
2026-08-15T08:35:53.6830510Z   arrow_write_table_arrow_roundtrip_numeric,
2026-08-15T08:35:53.6830850Z   arrow_write_table_arrow_roundtrip_logical,
2026-08-15T08:35:53.6831140Z   arrow_write_table_arrow_roundtrip_null,
2026-08-15T08:35:53.6831490Z   arrow_write_table_arrow_roundtrip_64_bit_roundtrip,
2026-08-15T08:35:53.6831820Z   arrow_write_table_arrow_roundtrip_character,
2026-08-15T08:35:53.6832160Z   arrow_write_table_arrow_roundtrip_character_native,
2026-08-15T08:35:53.6832510Z   arrow_write_table_arrow_roundtrip_character_empty,
2026-08-15T08:35:53.6832880Z   arrow_write_table_arrow_roundtrip_character_empty_after,
2026-08-15T08:35:53.6833210Z   arrow_write_table_arrow_roundtrip_factor,
2026-08-15T08:35:53.6833490Z   arrow_write_table_arrow_roundtrip_blob,
2026-08-15T08:35:53.6833790Z   arrow_write_table_arrow_roundtrip_date,
2026-08-15T08:35:53.6834100Z   arrow_write_table_arrow_roundtrip_date_extended,
2026-08-15T08:35:53.6834410Z   arrow_write_table_arrow_roundtrip_time,
2026-08-15T08:35:53.6834700Z   arrow_write_table_arrow_roundtrip_timestamp,
2026-08-15T08:35:53.6835040Z   arrow_write_table_arrow_roundtrip_timestamp_extended,
2026-08-15T08:35:53.6835540Z   arrow_write_table_arrow_roundtrip_mixed, arrow_create_table_arrow_error,
2026-08-15T08:35:53.6836150Z   arrow_create_table_arrow_temporary_1, arrow_create_table_arrow_temporary_2,
2026-08-15T08:35:53.6836730Z   arrow_create_table_arrow_visible_in_other_connection_1,
2026-08-15T08:35:53.6837160Z   arrow_create_table_arrow_visible_in_other_connection_2,
2026-08-15T08:35:53.6837620Z   arrow_create_table_arrow_visible_in_other_connection_3,
2026-08-15T08:35:53.6838050Z   arrow_append_table_arrow_return, arrow_append_table_arrow_missing,
2026-08-15T08:35:53.6838660Z   arrow_append_table_arrow_error, arrow_append_table_arrow_roundtrip_quotes,
2026-08-15T08:35:53.6839170Z   arrow_append_table_arrow_roundtrip_64_bit_roundtrip,
2026-08-15T08:35:53.6839970Z   arrow_append_table_arrow_roundtrip_time,
2026-08-15T08:35:53.6840430Z   arrow_append_table_arrow_roundtrip_timestamp_extended,
2026-08-15T08:35:53.6840940Z   arrow_append_table_arrow_roundtrip_mixed (1): 'test-DBItest.R:4:3'
2026-08-15T08:35:53.6841890Z • DBItest::run_tests(): by request: begin_write_commit_1, begin_write_commit_2,
2026-08-15T08:35:53.6842460Z   begin_write_rollback, begin_write_disconnect_1, begin_write_disconnect_2,
2026-08-15T08:35:53.6843000Z   with_transaction_success, with_transaction_failure, with_transaction_break
2026-08-15T08:35:53.6843350Z   (1): 'test-DBItest.R:4:3'
2026-08-15T08:35:53.6843750Z • DBItest::run_tests(): by request: bind_return_value_statement,
2026-08-15T08:35:53.6844200Z   bind_multi_row_unequal_length, bind_multi_row_statement,
2026-08-15T08:35:53.6844690Z   bind_repeated_statement, bind_repeated_untouched_statement, bind_factor,
2026-08-15T08:35:53.6845130Z   arrow_bind_multi_row_unequal_length, arrow_bind_factor,
2026-08-15T08:35:53.6845680Z   stream_bind_return_value_statement, stream_bind_multi_row_statement,
2026-08-15T08:35:53.6846160Z   stream_bind_repeated_statement, stream_bind_repeated_untouched_statement,
2026-08-15T08:35:53.6846600Z   column_info, column_info_row_names, column_info_consistent,
2026-08-15T08:35:53.6846960Z   rows_affected_statement (1): 'test-DBItest.R:4:3'
2026-08-15T08:35:53.6847580Z • DBItest::run_tests(): by request: constructor, connect_bigint_integer,
2026-08-15T08:35:53.6848070Z   connect_bigint_character, connect_bigint_integer64 (1): 'test-DBItest.R:4:3'
2026-08-15T08:35:53.6848610Z • DBItest::run_tests(): by request: package_dependencies, package_name (1):
2026-08-15T08:35:53.6848930Z   'test-DBItest.R:4:3'
2026-08-15T08:35:53.6849380Z • DBItest::run_tests(): by request: read_table, read_table_missing,
2026-08-15T08:35:53.6849730Z   read_table_empty, read_table_row_names_false,
2026-08-15T08:35:53.6850110Z   read_table_row_names_true_exists, read_table_row_names_true_missing,
2026-08-15T08:35:53.6850540Z   read_table_row_names_na_exists, read_table_row_names_na_missing,
2026-08-15T08:35:53.6850980Z   read_table_row_names_string_exists, read_table_row_names_string_missing,
2026-08-15T08:35:53.6851440Z   read_table_row_names_default, read_table_check_names,
2026-08-15T08:35:53.6851840Z   read_table_check_names_false, read_table_closed_connection,
2026-08-15T08:35:53.6852330Z   read_table_invalid_connection, read_table_error, read_table_name,
2026-08-15T08:35:53.6852840Z   create_table_error, create_table_temporary_1, create_table_temporary_2,
2026-08-15T08:35:53.6853320Z   create_table_row_names_non_null, append_table_missing, append_table_error,
2026-08-15T08:35:53.6853750Z   append_roundtrip_quotes, append_roundtrip_64_bit_numeric,
2026-08-15T08:35:53.6854190Z   append_roundtrip_64_bit_character, append_roundtrip_64_bit_roundtrip,
2026-08-15T08:35:53.6854720Z   append_roundtrip_factor, append_roundtrip_time, append_roundtrip_mixed,
2026-08-15T08:35:53.6855230Z   write_table_return, write_table_overwrite, write_table_append_incompatible,
2026-08-15T08:35:53.6855700Z   write_table_error, write_table_name, write_table_name_quoted,
2026-08-15T08:35:53.6856180Z   write_table_value_df, overwrite_table, overwrite_table_missing, append_table,
2026-08-15T08:35:53.6856620Z   append_table_new, temporary_table_1, temporary_table_2,
2026-08-15T08:35:53.6857050Z   table_visible_in_other_connection_1, table_visible_in_other_connection_2,
2026-08-15T08:35:53.6857540Z   table_visible_in_other_connection_3, roundtrip_keywords, roundtrip_quotes,
2026-08-15T08:35:53.6857990Z   roundtrip_quotes_table_names, roundtrip_quotes_column_names,
2026-08-15T08:35:53.6858440Z   roundtrip_integer, roundtrip_numeric, roundtrip_logical, roundtrip_null,
2026-08-15T08:35:53.6858860Z   roundtrip_64_bit_numeric, roundtrip_64_bit_character,
2026-08-15T08:35:53.6859300Z   roundtrip_64_bit_roundtrip, roundtrip_character, roundtrip_character_native,
2026-08-15T08:35:53.6859820Z   roundtrip_character_empty, roundtrip_character_empty_after, roundtrip_factor,
2026-08-15T08:35:53.6860410Z   roundtrip_raw, roundtrip_blob, roundtrip_date, roundtrip_date_extended,
2026-08-15T08:35:53.6860860Z   roundtrip_time, roundtrip_timestamp, roundtrip_timestamp_extended,
2026-08-15T08:35:53.6861300Z   roundtrip_mixed, roundtrip_field_types, write_table_row_names_false,
2026-08-15T08:35:53.6861750Z   write_table_row_names_true_exists, write_table_row_names_true_missing,
2026-08-15T08:35:53.6862180Z   write_table_row_names_na_exists, write_table_row_names_na_missing,
2026-08-15T08:35:53.6862630Z   write_table_row_names_string_exists, write_table_row_names_string_missing,
2026-08-15T08:35:53.6863050Z   write_table_row_names_default, list_tables_1, list_tables_2,
2026-08-15T08:35:53.6863500Z   list_tables_temporary, list_tables_quote, exists_table_1, exists_table_2,
2026-08-15T08:35:53.6863930Z   exists_table_temporary, exists_table_error, exists_table_name,
2026-08-15T08:35:53.6864330Z   exists_table_list, remove_table_return, remove_table_missing,
2026-08-15T08:35:53.6864780Z   remove_table_closed_connection, remove_table_invalid_connection,
2026-08-15T08:35:53.6865250Z   remove_table_error, remove_table_temporary_arg, remove_table_missing_succeed,
2026-08-15T08:35:53.6865700Z   remove_table_list, remove_table_other_con, remove_table_temporary,
2026-08-15T08:35:53.6866170Z   remove_table_name, remove_table_name_quoted, list_objects_1, list_objects_2,
2026-08-15T08:35:53.6866610Z   list_objects_temporary, list_objects_quote, list_objects_features,
2026-08-15T08:35:53.6867020Z   list_fields, list_fields_temporary, list_fields_wrong_table,
2026-08-15T08:35:53.6867430Z   list_fields_quoted, list_fields_object, list_fields_row_names (1):
2026-08-15T08:35:53.6867730Z   'test-DBItest.R:4:3'
2026-08-15T08:35:53.6868240Z • DBItest::run_tests(): by request: reexport (1): 'test-DBItest.R:4:3'
2026-08-15T08:35:53.6868770Z • DBItest::run_tests(): by request: send_query_stale_warning,
2026-08-15T08:35:53.6869130Z   send_query_only_one_result_set, send_query_immediate,
2026-08-15T08:35:53.6869540Z   clear_result_return_query_arrow, cannot_clear_result_twice_query_arrow,
2026-08-15T08:35:53.6869930Z   get_query_immediate, send_statement_stale_warning,
2026-08-15T08:35:53.6870340Z   send_statement_only_one_result_set, send_statement_params, execute_params,
2026-08-15T08:35:53.6870770Z   data_date_current, data_time_current, data_date_current_typed,
2026-08-15T08:35:53.6871210Z   data_64_bit_numeric_warning, data_64_bit_lossless (1): 'test-DBItest.R:4:3'
2026-08-15T08:35:53.6871600Z • empty test (1): 'test-factor.R:82:1'
2026-08-15T08:35:53.6871920Z • ICU not loaded (1): 'test-register_arrow.R:914:3'
2026-08-15T08:35:53.6872380Z • interactive() is not TRUE (2): 'test-connect.R:5:3', 'test-connect.R:15:3'
2026-08-15T08:35:53.6872900Z • Internal: Need to enhance test_arrow_roundtrip() (4): 'test-DBItest.R:4:3',
2026-08-15T08:35:53.6873340Z   'test-DBItest.R:4:3', 'test-DBItest.R:4:3', 'test-DBItest.R:4:3'
2026-08-15T08:35:53.6873720Z • Not running from the package source tree. (3):
2026-08-15T08:35:53.6874130Z   'test-flavor-package-name.R:23:3', 'test-flavor-package-name.R:32:3',
2026-08-15T08:35:53.6874490Z   'test-flavor-package-name.R:41:3'
2026-08-15T08:35:53.6874800Z • packageVersion("dbplyr") >= "2.4.0" is TRUE (2):
2026-08-15T08:35:53.6875220Z   'test-tbl__duckdb_connection.R:55:3', 'test-tbl__duckdb_connection.R:81:3'
2026-08-15T08:35:53.6875720Z • TEST_RE2 is not TRUE (43): 'test-arrow.R:282:3', 'test-connect.R:59:3',
2026-08-15T08:35:53.6876160Z   'test-connect.R:79:3', 'test-connect.R:99:3', 'test-connect.R:119:3',
2026-08-15T08:35:53.6876600Z   'test-connect.R:144:3', 'test-connect.R:167:3', 'test-connect.R:191:3',
2026-08-15T08:35:53.6877040Z   'test-dbwritetable.R:2:3', 'test-factor.R:2:3', 'test-factor.R:24:3',
2026-08-15T08:35:53.6877510Z   'test-factor.R:38:3', 'test-factor.R:70:3', 'test-multi_statement.R:44:3',
2026-08-15T08:35:53.6877950Z   'test-read.R:2:3', 'test-read.R:140:3', 'test-readonly.R:2:3',
2026-08-15T08:35:53.6878350Z   'test-register_arrow.R:11:3', 'test-register_arrow.R:38:3',
2026-08-15T08:35:53.6878800Z   'test-register_arrow.R:63:3', 'test-register.R:40:3',
2026-08-15T08:35:53.6879210Z   'test-rel_api.R:7572:3', 'test-rel_api.R:7659:3', 'test-rel_api.R:7749:3',
2026-08-15T08:35:53.6879680Z   'test-rel_api.R:7839:3', 'test-rel_api.R:7929:3', 'test-rel_api.R:11050:3',
2026-08-15T08:35:53.6880160Z   'test-rel_api.R:11142:3', 'test-rel_api.R:11237:3', 'test-rel_api.R:11332:3',
2026-08-15T08:35:53.6880620Z   'test-rel_api.R:11427:3', 'test-shutdown.R:2:3', 'test-struct.R:186:3',
2026-08-15T08:35:53.6881040Z   'test-struct.R:205:3', 'test-tbl__duckdb_connection.R:8:3',
2026-08-15T08:35:53.6881510Z   'test-tbl__duckdb_connection.R:106:3', 'test-tbl__duckdb_connection.R:158:3',
2026-08-15T08:35:53.6881970Z   'test-timestamp.R:2:3', 'test-viewer.R:2:3', 'test-viewer.R:16:3',
2026-08-15T08:35:53.6882390Z   'test-viewer.R:49:3', 'test-viewer.R:78:3', 'test-viewer.R:96:3'
2026-08-15T08:35:53.6882600Z 
2026-08-15T08:35:53.6882780Z [ FAIL 0 | WARN 0 | SKIP 64 | PASS 5828 ]
2026-08-15T08:35:53.6882970Z > 
2026-08-15T08:35:53.6883110Z > proc.time()
2026-08-15T08:35:53.6883290Z    user  system elapsed 
2026-08-15T08:35:53.6883480Z  49.181  15.040  63.293 
2026-08-15T08:35:53.6883900Z ##[endgroup]
2026-08-15T08:35:53.6889310Z ##[end-action id=__self_5.__r-lib_actions.__run;outcome=success;conclusion=success;duration_ms=253]
2026-08-15T08:35:53.6891200Z ##[start-action display=Upload check results;id=__self_5.__r-lib_actions.__actions_upload-artifact]
2026-08-15T08:35:53.6899980Z ##[end-action id=__self_5.__r-lib_actions.__actions_upload-artifact;outcome=skipped;conclusion=skipped;duration_ms=0]
2026-08-15T08:35:53.6901410Z ##[start-action display=Upload snapshots;id=__self_5.__r-lib_actions.__actions_upload-artifact_2]
2026-08-15T08:35:53.6904040Z ##[end-action id=__self_5.__r-lib_actions.__actions_upload-artifact_2;outcome=skipped;conclusion=skipped;duration_ms=0]
2026-08-15T08:35:53.6908070Z ##[end-action id=__self_5.__r-lib_actions;outcome=success;conclusion=success;duration_ms=163174]
2026-08-15T08:35:53.6909300Z ##[start-action display=Show test output;id=__self_5.__run]
2026-08-15T08:35:53.6931040Z ##[group]Run ## -- Show test output --
2026-08-15T08:35:53.6931270Z [36;1m## -- Show test output --[0m
2026-08-15T08:35:53.6931460Z [36;1mecho "::group::Test output"[0m
2026-08-15T08:35:53.6931730Z [36;1mfind check -name '*.Rout*' -exec head -n 1000000 '{}' \; || true[0m
2026-08-15T08:35:53.6932010Z [36;1mecho "::endgroup::"[0m
2026-08-15T08:35:53.6970710Z shell: /bin/bash --noprofile --norc -e -o pipefail {0}
2026-08-15T08:35:53.6970960Z env:
2026-08-15T08:35:53.6971140Z   _R_CHECK_PKG_SIZES_: FALSE
2026-08-15T08:35:53.6971360Z   DUCKDB_CLI: /Users/runner/work/_temp/duckdb-cli/duckdb
2026-08-15T08:35:53.6971610Z   R_REMOTES_NO_ERRORS_FROM_WARNINGS: true
2026-08-15T08:35:53.6971800Z   R_KEEP_PKG_SOURCE: yes
2026-08-15T08:35:53.6971960Z   _R_CHECK_SYSTEM_CLOCK_: FALSE
2026-08-15T08:35:53.6972140Z   _R_CHECK_FUTURE_FILE_TIMESTAMPS_: false
2026-08-15T08:35:53.6972340Z   RGL_USE_NULL: true
2026-08-15T08:35:53.6972510Z   _R_CHECK_CRAN_INCOMING_CHECK_FILE_URIS_: true
2026-08-15T08:35:53.6972740Z   _R_CHECK_CRAN_INCOMING_NOTE_GNU_MAKE_: true
2026-08-15T08:35:53.6972980Z   _R_CHECK_PACKAGE_DEPENDS_IGNORE_MISSING_ENHANCES_: true
2026-08-15T08:35:53.6973220Z   _R_CHECK_CODE_CLASS_IS_STRING_: true
2026-08-15T08:35:53.6973420Z   _R_CHECK_CODOC_VARIABLES_IN_USAGES_: true
2026-08-15T08:35:53.6973630Z   _R_CHECK_CONNECTIONS_LEFT_OPEN_: true
2026-08-15T08:35:53.6973810Z   _R_CHECK_DATALIST_: true
2026-08-15T08:35:53.6973980Z   _R_CHECK_NEWS_IN_PLAIN_TEXT_: true
2026-08-15T08:35:53.6974190Z   _R_CHECK_PACKAGES_USED_CRAN_INCOMING_NOTES_: true
2026-08-15T08:35:53.6974420Z   _R_CHECK_RD_CONTENTS_KEYWORDS_: true
2026-08-15T08:35:53.6974610Z   _R_CHECK_R_DEPENDS_: warn
2026-08-15T08:35:53.6974800Z   _R_CHECK_S3_METHODS_SHOW_POSSIBLE_ISSUES_: true
2026-08-15T08:35:53.6975020Z   _R_CHECK_THINGS_IN_TEMP_DIR_: true
2026-08-15T08:35:53.6975210Z   _R_CHECK_UNDOC_USE_ALL_NAMES_: true
2026-08-15T08:35:53.6975400Z   _R_CHECK_URLS_SHOW_301_STATUS_: true
2026-08-15T08:35:53.6975880Z   _R_CXX_USE_NO_REMAP_: true
2026-08-15T08:35:53.6976080Z   _R_CHECK_CRAN_INCOMING_SKIP_LARGE_VERSION_: true
2026-08-15T08:35:53.6976330Z   _R_CHECK_FORCE_SUGGESTS_: false
2026-08-15T08:35:53.6976550Z   _R_CHECK_BASHISMS_: true
2026-08-15T08:35:53.6976760Z   R_LIBS_USER: /Users/runner/work/_temp/Library
2026-08-15T08:35:53.6977010Z   TZ: UTC
2026-08-15T08:35:53.6977170Z   NOT_CRAN: true
2026-08-15T08:35:53.6977400Z   R_LIB_FOR_PAK: /Library/Frameworks/R.framework/Resources/site-library
2026-08-15T08:35:53.6977770Z   CCACHE_SLOPPINESS: locale,time_macros
2026-08-15T08:35:53.6978000Z   PKG_BUILD_EXTRA_FLAGS: false
2026-08-15T08:35:53.6978590Z   DUCKDB_R_PREBUILT_ARCHIVE_GHA_CACHE_KEY: duckdb-tar-R4.6.1-macOS-Apple-clang-version-21.0.0-(clang-2100.1.1.101)-d40871adbc7223fb389850183a85b02181cf736adda00f8dfbc2be6c045f5388
2026-08-15T08:35:53.6979260Z   DUCKDB_R_PREBUILT_ARCHIVE: /Users/runner/work/_temp/duckdb.tar
2026-08-15T08:35:53.6979780Z   DUCKDB_R_UNRELEASED: 0
2026-08-15T08:35:53.6980060Z   GHA_CCACHE_KEY: macOS-Apple-clang-version-21.0.0-(clang-2100.1.1.101)-R-4.6.1
2026-08-15T08:35:53.6980440Z   LOGNAME: runner
2026-08-15T08:35:53.6980590Z ##[endgroup]
2026-08-15T08:35:53.7372380Z ##[group]Test output
2026-08-15T08:35:53.7478240Z 
2026-08-15T08:35:53.7479370Z R version 4.6.1 (2026-06-24) -- "Happy Hop"
2026-08-15T08:35:53.7480590Z Copyright (C) 2026 The R Foundation for Statistical Computing
2026-08-15T08:35:53.7481590Z Platform: aarch64-apple-darwin23
2026-08-15T08:35:53.7482060Z 
2026-08-15T08:35:53.7482570Z R is free software and comes with ABSOLUTELY NO WARRANTY.
2026-08-15T08:35:53.7483700Z You are welcome to redistribute it under certain conditions.
2026-08-15T08:35:53.7485630Z Type 'license()' or 'licence()' for distribution details.
2026-08-15T08:35:53.7486260Z 
2026-08-15T08:35:53.7486820Z   Natural language support but running in an English locale
2026-08-15T08:35:53.7487430Z 
2026-08-15T08:35:53.7487890Z R is a collaborative project with many contributors.
2026-08-15T08:35:53.7489620Z Type 'contributors()' for more information and
2026-08-15T08:35:53.7490350Z 'citation()' on how to cite R or R packages in publications.
2026-08-15T08:35:53.7490610Z 
2026-08-15T08:35:53.7490860Z Type 'demo()' for some demos, 'help()' for on-line help, or
2026-08-15T08:35:53.7491310Z 'help.start()' for an HTML browser interface to help.
2026-08-15T08:35:53.7491610Z Type 'q()' to quit R.
2026-08-15T08:35:53.7491730Z 
2026-08-15T08:35:53.7491850Z > pkgname <- "duckdb"
2026-08-15T08:35:53.7492200Z > source(file.path(R.home("share"), "R", "examples-header.R"))
2026-08-15T08:35:53.7492530Z > options(warn = 1)
2026-08-15T08:35:53.7493020Z > base::assign(".ExTimings", "duckdb-Ex.timings", pos = 'CheckExEnv')
2026-08-15T08:35:53.7493680Z > base::cat("name\tuser\tsystem\telapsed\n", file=base::get(".ExTimings", pos = 'CheckExEnv'))
2026-08-15T08:35:53.7494140Z > base::assign(".format_ptime",
2026-08-15T08:35:53.7494420Z + function(x) {
2026-08-15T08:35:53.7494650Z +   if(!is.na(x[4L])) x[1L] <- x[1L] + x[4L]
2026-08-15T08:35:53.7494970Z +   if(!is.na(x[5L])) x[2L] <- x[2L] + x[5L]
2026-08-15T08:35:53.7495240Z +   options(OutDec = '.')
2026-08-15T08:35:53.7495510Z +   format(x[1L:3L], digits = 7L)
2026-08-15T08:35:53.7495700Z + },
2026-08-15T08:35:53.7495890Z + pos = 'CheckExEnv')
2026-08-15T08:35:53.7496060Z > 
2026-08-15T08:35:53.7496250Z > ### * </HEADER>
2026-08-15T08:35:53.7496430Z > library('duckdb')
2026-08-15T08:35:53.7496700Z Loading required package: DBI
2026-08-15T08:35:53.7496890Z > 
2026-08-15T08:35:53.7497210Z > base::assign(".oldSearch", base::search(), pos = 'CheckExEnv')
2026-08-15T08:35:53.7497630Z > base::assign(".old_wd", base::getwd(), pos = 'CheckExEnv')
2026-08-15T08:35:53.7497960Z > cleanEx()
2026-08-15T08:35:53.7498160Z > nameEx("backend-duckdb")
2026-08-15T08:35:53.7498570Z > ### * backend-duckdb
2026-08-15T08:35:53.7498780Z > 
2026-08-15T08:35:53.7499020Z > flush(stderr()); flush(stdout())
2026-08-15T08:35:53.7499220Z > 
2026-08-15T08:35:53.7499900Z > base::assign(".ptime", proc.time(), pos = "CheckExEnv")
2026-08-15T08:35:53.7500240Z > ### Name: backend-duckdb
2026-08-15T08:35:53.7500520Z > ### Title: DuckDB SQL backend for dbplyr
2026-08-15T08:35:53.7500880Z > ### Aliases: tbl_file tbl_function tbl_query simulate_duckdb
2026-08-15T08:35:53.7501150Z > 
2026-08-15T08:35:53.7501320Z > ### ** Examples
2026-08-15T08:35:53.7501470Z > 
2026-08-15T08:35:53.7501630Z > ## Don't show: 
2026-08-15T08:35:53.7502150Z > if (identical(Sys.getenv("IN_PKGDOWN"), "true") && rlang::is_installed("dbplyr")) withAutoprint({ # examplesIf
2026-08-15T08:35:53.7502570Z + ## End(Don't show)
2026-08-15T08:35:53.7502820Z + library(dplyr, warn.conflicts = FALSE)
2026-08-15T08:35:53.7503160Z + con <- DBI::dbConnect(duckdb(), path = ":memory:")
2026-08-15T08:35:53.7503410Z + 
2026-08-15T08:35:53.7503680Z + db <- copy_to(con, data.frame(a = 1:3, b = letters[2:4]))
2026-08-15T08:35:53.7503950Z + 
2026-08-15T08:35:53.7504330Z + db %>%
2026-08-15T08:35:53.7504530Z +   filter(a > 1) %>%
2026-08-15T08:35:53.7504720Z +   select(b)
2026-08-15T08:35:53.7504880Z + 
2026-08-15T08:35:53.7505080Z + path <- tempfile(fileext = ".csv")
2026-08-15T08:35:53.7505410Z + write.csv(data.frame(a = 1:3, b = letters[2:4]))
2026-08-15T08:35:53.7505650Z + 
2026-08-15T08:35:53.7505870Z + db_csv <- tbl_file(con, path)
2026-08-15T08:35:53.7506090Z + db_csv %>%
2026-08-15T08:35:53.7506310Z +   summarize(sum_a = sum(a))
2026-08-15T08:35:53.7506500Z + 
2026-08-15T08:35:53.7506850Z + db_csv_fun <- tbl_function(con, paste0("read_csv_auto('", path, "')"))
2026-08-15T08:35:53.7507170Z + db_csv %>%
2026-08-15T08:35:53.7507350Z +   count()
2026-08-15T08:35:53.7507490Z + 
2026-08-15T08:35:53.7507730Z + DBI::dbDisconnect(con, shutdown = TRUE)
2026-08-15T08:35:53.7508110Z + ## Don't show: 
2026-08-15T08:35:53.7508320Z + }) # examplesIf
2026-08-15T08:35:53.7508510Z > ## End(Don't show)
2026-08-15T08:35:53.7508680Z > 
2026-08-15T08:35:53.7508820Z > 
2026-08-15T08:35:53.7508960Z > 
2026-08-15T08:35:53.7509390Z > base::assign(".dptime", (proc.time() - get(".ptime", pos = "CheckExEnv")), pos = "CheckExEnv")
2026-08-15T08:35:53.7510400Z > base::cat("backend-duckdb", base::get(".format_ptime", pos = 'CheckExEnv')(get(".dptime", pos = "CheckExEnv")), "\n", file=base::get(".ExTimings", pos = 'CheckExEnv'), append=TRUE, sep="\t")
2026-08-15T08:35:53.7511010Z > cleanEx()
2026-08-15T08:35:53.7511220Z > nameEx("default_conn")
2026-08-15T08:35:53.7511430Z > ### * default_conn
2026-08-15T08:35:53.7511600Z > 
2026-08-15T08:35:53.7511820Z > flush(stderr()); flush(stdout())
2026-08-15T08:35:53.7512040Z > 
2026-08-15T08:35:53.7512470Z > base::assign(".ptime", proc.time(), pos = "CheckExEnv")
2026-08-15T08:35:53.7512850Z > ### Name: default_conn
2026-08-15T08:35:53.7513120Z > ### Title: Get the default connection
2026-08-15T08:35:53.7513390Z > ### Aliases: default_conn
2026-08-15T08:35:53.7513580Z > 
2026-08-15T08:35:53.7513760Z > ### ** Examples
2026-08-15T08:35:53.7513960Z > 
2026-08-15T08:35:53.7514170Z > ## Don't show: 
2026-08-15T08:35:53.7514560Z > if (simulate_duckdb()$env$examples_enabled()) withAutoprint({ # examplesIf
2026-08-15T08:35:53.7514940Z + ## End(Don't show)
2026-08-15T08:35:53.7515190Z + conn <- default_conn()
2026-08-15T08:35:53.7515490Z + sql_query("SELECT 42", conn = conn)
2026-08-15T08:35:53.7515770Z + ## Don't show: 
2026-08-15T08:35:53.7516000Z + }) # examplesIf
2026-08-15T08:35:53.7516230Z > conn <- default_conn()
2026-08-15T08:35:53.7516590Z duckdb is storing downloaded extensions and secrets under ~/.duckdb:
2026-08-15T08:35:53.7517430Z ℹ /Users/runner/.duckdb
2026-08-15T08:35:53.7517940Z This persists across sessions and is shared with the DuckDB CLI and other clients.
2026-08-15T08:35:53.7518570Z ℹ Run duckdb(shared_home = FALSE) to use a temporary directory instead.
2026-08-15T08:35:53.7519130Z ℹ See ?duckdb_storage for details and alternatives.
2026-08-15T08:35:53.7519520Z > sql_query("SELECT 42", conn = conn)
2026-08-15T08:35:53.7519740Z   42
2026-08-15T08:35:53.7519870Z 1 42
2026-08-15T08:35:53.7520060Z > ## End(Don't show)
2026-08-15T08:35:53.7520570Z > 
2026-08-15T08:35:53.7520710Z > 
2026-08-15T08:35:53.7520840Z > 
2026-08-15T08:35:53.7521300Z > base::assign(".dptime", (proc.time() - get(".ptime", pos = "CheckExEnv")), pos = "CheckExEnv")
2026-08-15T08:35:53.7522260Z > base::cat("default_conn", base::get(".format_ptime", pos = 'CheckExEnv')(get(".dptime", pos = "CheckExEnv")), "\n", file=base::get(".ExTimings", pos = 'CheckExEnv'), append=TRUE, sep="\t")
2026-08-15T08:35:53.7522860Z > cleanEx()
2026-08-15T08:35:53.7523060Z > nameEx("duckdb")
2026-08-15T08:35:53.7523250Z > ### * duckdb
2026-08-15T08:35:53.7523400Z > 
2026-08-15T08:35:53.7523610Z > flush(stderr()); flush(stdout())
2026-08-15T08:35:53.7523790Z > 
2026-08-15T08:35:53.7524090Z > base::assign(".ptime", proc.time(), pos = "CheckExEnv")
2026-08-15T08:35:53.7524380Z > ### Name: duckdb
2026-08-15T08:35:53.7524670Z > ### Title: Connect to a DuckDB database instance
2026-08-15T08:35:53.7525110Z > ### Aliases: duckdb duckdb_shutdown duckdb_adbc dbConnect__duckdb_driver
2026-08-15T08:35:53.7525730Z > ###   dbConnect,duckdb_driver-method dbDisconnect__duckdb_connection
2026-08-15T08:35:53.7526110Z > ###   dbDisconnect,duckdb_connection-method
2026-08-15T08:35:53.7526360Z > 
2026-08-15T08:35:53.7526520Z > ### ** Examples
2026-08-15T08:35:53.7526740Z > 
2026-08-15T08:35:53.7526940Z > ## Don't show: 
2026-08-15T08:35:53.7527610Z > if (simulate_duckdb()$env$examples_enabled() && requireNamespace("adbcdrivermanager", quietly = TRUE)) withAutoprint({ # examplesIf
2026-08-15T08:35:53.7528270Z + ## End(Don't show)
2026-08-15T08:35:53.7528560Z + library(adbcdrivermanager)
2026-08-15T08:35:53.7528910Z + with_adbc(db <- adbc_database_init(duckdb_adbc()), {
2026-08-15T08:35:53.7529500Z +   as.data.frame(read_adbc(db, "SELECT 1 as one;"))
2026-08-15T08:35:53.7529770Z + })
2026-08-15T08:35:53.7529990Z + ## Don't show: 
2026-08-15T08:35:53.7530170Z + }) # examplesIf
2026-08-15T08:35:53.7530400Z > library(adbcdrivermanager)
2026-08-15T08:35:53.7530720Z > with_adbc(db <- adbc_database_init(duckdb_adbc()), {
2026-08-15T08:35:53.7531110Z +     as.data.frame(read_adbc(db, "SELECT 1 as one;"))
2026-08-15T08:35:53.7531350Z + })
2026-08-15T08:35:53.7531420Z   one
2026-08-15T08:35:53.7531480Z 1   1
2026-08-15T08:35:53.7531590Z > ## End(Don't show)
2026-08-15T08:35:53.7531670Z > ## Don't show: 
2026-08-15T08:35:53.7531960Z > if (simulate_duckdb()$env$examples_enabled()) withAutoprint({ # examplesIf
2026-08-15T08:35:53.7532060Z + ## End(Don't show)
2026-08-15T08:35:53.7532150Z + drv <- duckdb()
2026-08-15T08:35:53.7532240Z + con <- dbConnect(drv)
2026-08-15T08:35:53.7532310Z + 
2026-08-15T08:35:53.7532460Z + dbGetQuery(con, "SELECT 'Hello, world!'")
2026-08-15T08:35:53.7532540Z + 
2026-08-15T08:35:53.7532630Z + dbDisconnect(con)
2026-08-15T08:35:53.7532740Z + duckdb_shutdown(drv)
2026-08-15T08:35:53.7532800Z + 
2026-08-15T08:35:53.7532890Z + # Shorter:
2026-08-15T08:35:53.7533000Z + con <- dbConnect(duckdb())
2026-08-15T08:35:53.7533140Z + dbGetQuery(con, "SELECT 'Hello, world!'")
2026-08-15T08:35:53.7533280Z + dbDisconnect(con, shutdown = TRUE)
2026-08-15T08:35:53.7533370Z + ## Don't show: 
2026-08-15T08:35:53.7533450Z + }) # examplesIf
2026-08-15T08:35:53.7533560Z > drv <- duckdb()
2026-08-15T08:35:53.7533830Z duckdb is storing downloaded extensions and secrets under ~/.duckdb:
2026-08-15T08:35:53.7534030Z ℹ /Users/runner/.duckdb
2026-08-15T08:35:53.7534340Z This persists across sessions and is shared with the DuckDB CLI and other clients.
2026-08-15T08:35:53.7534620Z ℹ Run duckdb(shared_home = FALSE) to use a temporary directory instead.
2026-08-15T08:35:53.7534840Z ℹ See ?duckdb_storage for details and alternatives.
2026-08-15T08:35:53.7534950Z > con <- dbConnect(drv)
2026-08-15T08:35:53.7535100Z > dbGetQuery(con, "SELECT 'Hello, world!'")
2026-08-15T08:35:53.7535180Z   'Hello, world!'
2026-08-15T08:35:53.7535280Z 1   Hello, world!
2026-08-15T08:35:53.7535370Z > dbDisconnect(con)
2026-08-15T08:35:53.7535490Z > duckdb_shutdown(drv)
2026-08-15T08:35:53.7535600Z > con <- dbConnect(duckdb())
2026-08-15T08:35:53.7535990Z duckdb is storing downloaded extensions and secrets under ~/.duckdb:
2026-08-15T08:35:53.7536120Z ℹ /Users/runner/.duckdb
2026-08-15T08:35:53.7536430Z This persists across sessions and is shared with the DuckDB CLI and other clients.
2026-08-15T08:35:53.7536720Z ℹ Run duckdb(shared_home = FALSE) to use a temporary directory instead.
2026-08-15T08:35:53.7536960Z ℹ See ?duckdb_storage for details and alternatives.
2026-08-15T08:35:53.7537120Z > dbGetQuery(con, "SELECT 'Hello, world!'")
2026-08-15T08:35:53.7537210Z   'Hello, world!'
2026-08-15T08:35:53.7537300Z 1   Hello, world!
2026-08-15T08:35:53.7537420Z > dbDisconnect(con, shutdown = TRUE)
2026-08-15T08:35:53.7537520Z > ## End(Don't show)
2026-08-15T08:35:53.7537590Z > 
2026-08-15T08:35:53.7537660Z > 
2026-08-15T08:35:53.7537710Z > 
2026-08-15T08:35:53.7538100Z > base::assign(".dptime", (proc.time() - get(".ptime", pos = "CheckExEnv")), pos = "CheckExEnv")
2026-08-15T08:35:53.7539140Z > base::cat("duckdb", base::get(".format_ptime", pos = 'CheckExEnv')(get(".dptime", pos = "CheckExEnv")), "\n", file=base::get(".ExTimings", pos = 'CheckExEnv'), append=TRUE, sep="\t")
2026-08-15T08:35:53.7539240Z > cleanEx()
2026-08-15T08:35:53.7539250Z 
2026-08-15T08:35:53.7539490Z detaching ‘package:adbcdrivermanager’
2026-08-15T08:35:53.7539490Z 
2026-08-15T08:35:53.7539620Z > nameEx("duckdb_read_csv")
2026-08-15T08:35:53.7539730Z > ### * duckdb_read_csv
2026-08-15T08:35:53.7539810Z > 
2026-08-15T08:35:53.7539940Z > flush(stderr()); flush(stdout())
2026-08-15T08:35:53.7540020Z > 
2026-08-15T08:35:53.7540270Z > base::assign(".ptime", proc.time(), pos = "CheckExEnv")
2026-08-15T08:35:53.7540430Z > ### Name: duckdb_read_csv
2026-08-15T08:35:53.7540580Z > ### Title: Reads a CSV file into DuckDB
2026-08-15T08:35:53.7540820Z > ### Aliases: duckdb_read_csv
2026-08-15T08:35:53.7540890Z > 
2026-08-15T08:35:53.7540990Z > ### ** Examples
2026-08-15T08:35:53.7541050Z > 
2026-08-15T08:35:53.7541140Z > ## Don't show: 
2026-08-15T08:35:53.7541440Z > if (identical(Sys.getenv("IN_PKGDOWN"), "true")) withAutoprint({ # examplesIf
2026-08-15T08:35:53.7541530Z + ## End(Don't show)
2026-08-15T08:35:53.7541660Z + con <- dbConnect(duckdb())
2026-08-15T08:35:53.7541710Z + 
2026-08-15T08:35:53.7541890Z + data <- data.frame(a = 1:3, b = letters[1:3])
2026-08-15T08:35:53.7542020Z + path <- tempfile(fileext = ".csv")
2026-08-15T08:35:53.7542080Z + 
2026-08-15T08:35:53.7542230Z + write.csv(data, path, row.names = FALSE)
2026-08-15T08:35:53.7542290Z + 
2026-08-15T08:35:53.7542410Z + duckdb_read_csv(con, "data", path)
2026-08-15T08:35:53.7542540Z + dbReadTable(con, "data")
2026-08-15T08:35:53.7542590Z + 
2026-08-15T08:35:53.7542700Z + dbDisconnect(con)
2026-08-15T08:35:53.7542740Z + 
2026-08-15T08:35:53.7542810Z + 
2026-08-15T08:35:53.7542950Z + # Providing data types for columns
2026-08-15T08:35:53.7543090Z + path <- tempfile(fileext = ".csv")
2026-08-15T08:35:53.7543240Z + write.csv(iris, path, row.names = FALSE)
2026-08-15T08:35:53.7543290Z + 
2026-08-15T08:35:53.7543420Z + con <- dbConnect(duckdb())
2026-08-15T08:35:53.7543560Z + duckdb_read_csv(con, "iris", path,
2026-08-15T08:35:53.7543670Z +   col.types = c(
2026-08-15T08:35:53.7543770Z +     Sepal.Length = "DOUBLE",
2026-08-15T08:35:53.7543900Z +     Sepal.Width = "DOUBLE",
2026-08-15T08:35:53.7544020Z +     Petal.Length = "DOUBLE",
2026-08-15T08:35:53.7544150Z +     Petal.Width = "DOUBLE",
2026-08-15T08:35:53.7544240Z +     Species = "VARCHAR"
2026-08-15T08:35:53.7544310Z +   )
2026-08-15T08:35:53.7544370Z + )
2026-08-15T08:35:53.7544490Z + dbReadTable(con, "iris")
2026-08-15T08:35:53.7544580Z + dbDisconnect(con)
2026-08-15T08:35:53.7544680Z + ## Don't show: 
2026-08-15T08:35:53.7544780Z + }) # examplesIf
2026-08-15T08:35:53.7544880Z > ## End(Don't show)
2026-08-15T08:35:53.7544940Z > 
2026-08-15T08:35:53.7545020Z > 
2026-08-15T08:35:53.7545100Z > 
2026-08-15T08:35:53.7545510Z > base::assign(".dptime", (proc.time() - get(".ptime", pos = "CheckExEnv")), pos = "CheckExEnv")
2026-08-15T08:35:53.7546210Z > base::cat("duckdb_read_csv", base::get(".format_ptime", pos = 'CheckExEnv')(get(".dptime", pos = "CheckExEnv")), "\n", file=base::get(".ExTimings", pos = 'CheckExEnv'), append=TRUE, sep="\t")
2026-08-15T08:35:53.7546540Z > cleanEx()
2026-08-15T08:35:53.7546680Z > nameEx("duckdb_register")
2026-08-15T08:35:53.7546790Z > ### * duckdb_register
2026-08-15T08:35:53.7546850Z > 
2026-08-15T08:35:53.7546970Z > flush(stderr()); flush(stdout())
2026-08-15T08:35:53.7547030Z > 
2026-08-15T08:35:53.7547240Z > base::assign(".ptime", proc.time(), pos = "CheckExEnv")
2026-08-15T08:35:53.7547360Z > ### Name: duckdb_register
2026-08-15T08:35:53.7547530Z > ### Title: Register a data frame as a virtual table
2026-08-15T08:35:53.7547700Z > ### Aliases: duckdb_register duckdb_unregister
2026-08-15T08:35:53.7547760Z > 
2026-08-15T08:35:53.7547860Z > ### ** Examples
2026-08-15T08:35:53.7547900Z > 
2026-08-15T08:35:53.7548010Z > ## Don't show: 
2026-08-15T08:35:53.7548290Z > if (simulate_duckdb()$env$examples_enabled()) withAutoprint({ # examplesIf
2026-08-15T08:35:53.7548460Z + ## End(Don't show)
2026-08-15T08:35:53.7548570Z + con <- dbConnect(duckdb())
2026-08-15T08:35:53.7548630Z + 
2026-08-15T08:35:53.7548800Z + data <- data.frame(a = 1:3, b = letters[1:3])
2026-08-15T08:35:53.7548870Z + 
2026-08-15T08:35:53.7549010Z + duckdb_register(con, "data", data)
2026-08-15T08:35:53.7549120Z + dbReadTable(con, "data")
2026-08-15T08:35:53.7549200Z + 
2026-08-15T08:35:53.7549360Z + duckdb_unregister(con, "data")
2026-08-15T08:35:53.7549450Z + 
2026-08-15T08:35:53.7549550Z + dbDisconnect(con)
2026-08-15T08:35:53.7549650Z + ## Don't show: 
2026-08-15T08:35:53.7549740Z + }) # examplesIf
2026-08-15T08:35:53.7549860Z > con <- dbConnect(duckdb())
2026-08-15T08:35:53.7550160Z duckdb is storing downloaded extensions and secrets under ~/.duckdb:
2026-08-15T08:35:53.7550340Z ℹ /Users/runner/.duckdb
2026-08-15T08:35:53.7550650Z This persists across sessions and is shared with the DuckDB CLI and other clients.
2026-08-15T08:35:53.7550950Z ℹ Run duckdb(shared_home = FALSE) to use a temporary directory instead.
2026-08-15T08:35:53.7551140Z ℹ See ?duckdb_storage for details and alternatives.
2026-08-15T08:35:53.7551340Z > data <- data.frame(a = 1:3, b = letters[1:3])
2026-08-15T08:35:53.7551480Z > duckdb_register(con, "data", data)
2026-08-15T08:35:53.7551610Z > dbReadTable(con, "data")
2026-08-15T08:35:53.7551670Z   a b
2026-08-15T08:35:53.7551720Z 1 1 a
2026-08-15T08:35:53.7551790Z 2 2 b
2026-08-15T08:35:53.7551870Z 3 3 c
2026-08-15T08:35:53.7552010Z > duckdb_unregister(con, "data")
2026-08-15T08:35:53.7552090Z > dbDisconnect(con)
2026-08-15T08:35:53.7552200Z > ## End(Don't show)
2026-08-15T08:35:53.7552270Z > 
2026-08-15T08:35:53.7552330Z > 
2026-08-15T08:35:53.7552380Z > 
2026-08-15T08:35:53.7552760Z > base::assign(".dptime", (proc.time() - get(".ptime", pos = "CheckExEnv")), pos = "CheckExEnv")
2026-08-15T08:35:53.7553530Z > base::cat("duckdb_register", base::get(".format_ptime", pos = 'CheckExEnv')(get(".dptime", pos = "CheckExEnv")), "\n", file=base::get(".ExTimings", pos = 'CheckExEnv'), append=TRUE, sep="\t")
2026-08-15T08:35:53.7553610Z > cleanEx()
2026-08-15T08:35:53.7553710Z > nameEx("duckdb_storage")
2026-08-15T08:35:53.7553810Z > ### * duckdb_storage
2026-08-15T08:35:53.7553870Z > 
2026-08-15T08:35:53.7554000Z > flush(stderr()); flush(stdout())
2026-08-15T08:35:53.7554050Z > 
2026-08-15T08:35:53.7554260Z > base::assign(".ptime", proc.time(), pos = "CheckExEnv")
2026-08-15T08:35:53.7554380Z > ### Name: duckdb_storage_status
2026-08-15T08:35:53.7554640Z > ### Title: DuckDB file-system usage: storage locations and how they are
2026-08-15T08:35:53.7554740Z > ###   resolved
2026-08-15T08:35:53.7554900Z > ### Aliases: duckdb_storage_status duckdb_storage
2026-08-15T08:35:53.7554960Z > 
2026-08-15T08:35:53.7555050Z > ### ** Examples
2026-08-15T08:35:53.7555110Z > 
2026-08-15T08:35:53.7555210Z > duckdb_storage_status()
2026-08-15T08:35:53.7555320Z DuckDB storage locations:
2026-08-15T08:35:53.7555530Z   extensions      [shared]  /Users/runner/.duckdb/extensions
2026-08-15T08:35:53.7555760Z   stored_secrets  [shared]  /Users/runner/.duckdb/stored_secrets
2026-08-15T08:35:53.7555950Z > 
2026-08-15T08:35:53.7556000Z > 
2026-08-15T08:35:53.7556060Z > 
2026-08-15T08:35:53.7556390Z > base::assign(".dptime", (proc.time() - get(".ptime", pos = "CheckExEnv")), pos = "CheckExEnv")
2026-08-15T08:35:53.7557070Z > base::cat("duckdb_storage", base::get(".format_ptime", pos = 'CheckExEnv')(get(".dptime", pos = "CheckExEnv")), "\n", file=base::get(".ExTimings", pos = 'CheckExEnv'), append=TRUE, sep="\t")
2026-08-15T08:35:53.7557150Z > cleanEx()
2026-08-15T08:35:53.7557300Z > nameEx("sql_query")
2026-08-15T08:35:53.7557390Z > ### * sql_query
2026-08-15T08:35:53.7557650Z > 
2026-08-15T08:35:53.7566210Z > flush(stderr()); flush(stdout())
2026-08-15T08:35:53.7566320Z > 
2026-08-15T08:35:53.7566600Z > base::assign(".ptime", proc.time(), pos = "CheckExEnv")
2026-08-15T08:35:53.7566690Z > ### Name: sql_query
2026-08-15T08:35:53.7566830Z > ### Title: Run an SQL query or statement
2026-08-15T08:35:53.7567370Z > ### Aliases: sql_query sql_exec
2026-08-15T08:35:53.7567420Z > 
2026-08-15T08:35:53.7567500Z > ### ** Examples
2026-08-15T08:35:53.7567580Z > 
2026-08-15T08:35:53.7567670Z > ## Don't show: 
2026-08-15T08:35:53.7567990Z > if (simulate_duckdb()$env$examples_enabled()) withAutoprint({ # examplesIf
2026-08-15T08:35:53.7568090Z + ## End(Don't show)
2026-08-15T08:35:53.7568190Z + # Queries
2026-08-15T08:35:53.7568290Z + sql_query("SELECT 42")
2026-08-15T08:35:53.7568360Z + 
2026-08-15T08:35:53.7568480Z + # Statements with side effects
2026-08-15T08:35:53.7568680Z + sql_exec("CREATE TABLE test (a INTEGER, b VARCHAR)")
2026-08-15T08:35:53.7568880Z + sql_exec("INSERT INTO test VALUES (1, 'one'), (2, 'two')")
2026-08-15T08:35:53.7568980Z + sql_query("FROM test")
2026-08-15T08:35:53.7569110Z + 
2026-08-15T08:35:53.7569240Z + # Data frames available as views
2026-08-15T08:35:53.7569340Z + sql_query("FROM mtcars")
2026-08-15T08:35:53.7569430Z + ## Don't show: 
2026-08-15T08:35:53.7569510Z + }) # examplesIf
2026-08-15T08:35:53.7569610Z > sql_query("SELECT 42")
2026-08-15T08:35:53.7569660Z   42
2026-08-15T08:35:53.7569710Z 1 42
2026-08-15T08:35:53.7569890Z > sql_exec("CREATE TABLE test (a INTEGER, b VARCHAR)")
2026-08-15T08:35:53.7569940Z [1] 0
2026-08-15T08:35:53.7570150Z > sql_exec("INSERT INTO test VALUES (1, 'one'), (2, 'two')")
2026-08-15T08:35:53.7570200Z [1] 2
2026-08-15T08:35:53.7570300Z > sql_query("FROM test")
2026-08-15T08:35:53.7570350Z   a   b
2026-08-15T08:35:53.7570400Z 1 1 one
2026-08-15T08:35:53.7570450Z 2 2 two
2026-08-15T08:35:53.7570550Z > sql_query("FROM mtcars")
2026-08-15T08:35:53.7570730Z     mpg cyl  disp  hp drat    wt  qsec vs am gear carb
2026-08-15T08:35:53.7570900Z 1  21.0   6 160.0 110 3.90 2.620 16.46  0  1    4    4
2026-08-15T08:35:53.7571060Z 2  21.0   6 160.0 110 3.90 2.875 17.02  0  1    4    4
2026-08-15T08:35:53.7571220Z 3  22.8   4 108.0  93 3.85 2.320 18.61  1  1    4    1
2026-08-15T08:35:53.7571380Z 4  21.4   6 258.0 110 3.08 3.215 19.44  1  0    3    1
2026-08-15T08:35:53.7571540Z 5  18.7   8 360.0 175 3.15 3.440 17.02  0  0    3    2
2026-08-15T08:35:53.7571700Z 6  18.1   6 225.0 105 2.76 3.460 20.22  1  0    3    1
2026-08-15T08:35:53.7571860Z 7  14.3   8 360.0 245 3.21 3.570 15.84  0  0    3    4
2026-08-15T08:35:53.7572020Z 8  24.4   4 146.7  62 3.69 3.190 20.00  1  0    4    2
2026-08-15T08:35:53.7572170Z 9  22.8   4 140.8  95 3.92 3.150 22.90  1  0    4    2
2026-08-15T08:35:53.7572330Z 10 19.2   6 167.6 123 3.92 3.440 18.30  1  0    4    4
2026-08-15T08:35:53.7572480Z 11 17.8   6 167.6 123 3.92 3.440 18.90  1  0    4    4
2026-08-15T08:35:53.7572650Z 12 16.4   8 275.8 180 3.07 4.070 17.40  0  0    3    3
2026-08-15T08:35:53.7572800Z 13 17.3   8 275.8 180 3.07 3.730 17.60  0  0    3    3
2026-08-15T08:35:53.7572970Z 14 15.2   8 275.8 180 3.07 3.780 18.00  0  0    3    3
2026-08-15T08:35:53.7573150Z 15 10.4   8 472.0 205 2.93 5.250 17.98  0  0    3    4
2026-08-15T08:35:53.7573350Z 16 10.4   8 460.0 215 3.00 5.424 17.82  0  0    3    4
2026-08-15T08:35:53.7573550Z 17 14.7   8 440.0 230 3.23 5.345 17.42  0  0    3    4
2026-08-15T08:35:53.7573800Z 18 32.4   4  78.7  66 4.08 2.200 19.47  1  1    4    1
2026-08-15T08:35:53.7574000Z 19 30.4   4  75.7  52 4.93 1.615 18.52  1  1    4    2
2026-08-15T08:35:53.7574190Z 20 33.9   4  71.1  65 4.22 1.835 19.90  1  1    4    1
2026-08-15T08:35:53.7574360Z 21 21.5   4 120.1  97 3.70 2.465 20.01  1  0    3    1
2026-08-15T08:35:53.7574520Z 22 15.5   8 318.0 150 2.76 3.520 16.87  0  0    3    2
2026-08-15T08:35:53.7574720Z 23 15.2   8 304.0 150 3.15 3.435 17.30  0  0    3    2
2026-08-15T08:35:53.7574920Z 24 13.3   8 350.0 245 3.73 3.840 15.41  0  0    3    4
2026-08-15T08:35:53.7575110Z 25 19.2   8 400.0 175 3.08 3.845 17.05  0  0    3    2
2026-08-15T08:35:53.7575320Z 26 27.3   4  79.0  66 4.08 1.935 18.90  1  1    4    1
2026-08-15T08:35:53.7575510Z 27 26.0   4 120.3  91 4.43 2.140 16.70  0  1    5    2
2026-08-15T08:35:53.7575680Z 28 30.4   4  95.1 113 3.77 1.513 16.90  1  1    5    2
2026-08-15T08:35:53.7575880Z 29 15.8   8 351.0 264 4.22 3.170 14.50  0  1    5    4
2026-08-15T08:35:53.7576050Z 30 19.7   6 145.0 175 3.62 2.770 15.50  0  1    5    6
2026-08-15T08:35:53.7576210Z 31 15.0   8 301.0 335 3.54 3.570 14.60  0  1    5    8
2026-08-15T08:35:53.7576380Z 32 21.4   4 121.0 109 4.11 2.780 18.60  1  1    4    2
2026-08-15T08:35:53.7576490Z > ## End(Don't show)
2026-08-15T08:35:53.7576610Z > 
2026-08-15T08:35:53.7576670Z > 
2026-08-15T08:35:53.7576730Z > 
2026-08-15T08:35:53.7577110Z > base::assign(".dptime", (proc.time() - get(".ptime", pos = "CheckExEnv")), pos = "CheckExEnv")
2026-08-15T08:35:53.7577790Z > base::cat("sql_query", base::get(".format_ptime", pos = 'CheckExEnv')(get(".dptime", pos = "CheckExEnv")), "\n", file=base::get(".ExTimings", pos = 'CheckExEnv'), append=TRUE, sep="\t")
2026-08-15T08:35:53.7578010Z > ### * <FOOTER>
2026-08-15T08:35:53.7578070Z > ###
2026-08-15T08:35:53.7578150Z > cleanEx()
2026-08-15T08:35:53.7578260Z > options(digits = 7L)
2026-08-15T08:35:53.7578770Z > base::cat("Time elapsed: ", proc.time() - base::get("ptime", pos = 'CheckExEnv'),"\n")
2026-08-15T08:35:53.7578930Z Time elapsed:  0.97 0.148 1.217 0 0 
2026-08-15T08:35:53.7579050Z > grDevices::dev.off()
2026-08-15T08:35:53.7579150Z null device 
2026-08-15T08:35:53.7579240Z           1 
2026-08-15T08:35:53.7579300Z > ###
2026-08-15T08:35:53.7579400Z > ### Local variables: ***
2026-08-15T08:35:53.7579510Z > ### mode: outline-minor ***
2026-08-15T08:35:53.7579660Z > ### outline-regexp: "\\(> \\)?### [*]+" ***
2026-08-15T08:35:53.7579740Z > ### End: ***
2026-08-15T08:35:53.7579820Z > quit('no')
2026-08-15T08:35:53.7696630Z 
2026-08-15T08:35:53.7697400Z R version 4.6.1 (2026-06-24) -- "Happy Hop"
2026-08-15T08:35:53.7697890Z Copyright (C) 2026 The R Foundation for Statistical Computing
2026-08-15T08:35:53.7698080Z Platform: aarch64-apple-darwin23
2026-08-15T08:35:53.7698090Z 
2026-08-15T08:35:53.7698290Z R is free software and comes with ABSOLUTELY NO WARRANTY.
2026-08-15T08:35:53.7698500Z You are welcome to redistribute it under certain conditions.
2026-08-15T08:35:53.7698700Z Type 'license()' or 'licence()' for distribution details.
2026-08-15T08:35:53.7698710Z 
2026-08-15T08:35:53.7698910Z R is a collaborative project with many contributors.
2026-08-15T08:35:53.7699080Z Type 'contributors()' for more information and
2026-08-15T08:35:53.7699300Z 'citation()' on how to cite R or R packages in publications.
2026-08-15T08:35:53.7699300Z 
2026-08-15T08:35:53.7699500Z Type 'demo()' for some demos, 'help()' for on-line help, or
2026-08-15T08:35:53.7699690Z 'help.start()' for an HTML browser interface to help.
2026-08-15T08:35:53.7699780Z Type 'q()' to quit R.
2026-08-15T08:35:53.7699780Z 
2026-08-15T08:35:53.7699990Z > # This file is part of the standard setup for testthat.
2026-08-15T08:35:53.7700180Z > # It is recommended that you do not modify it.
2026-08-15T08:35:53.7700230Z > #
2026-08-15T08:35:53.7700410Z > # Where should you do additional test configuration?
2026-08-15T08:35:53.7700580Z > # Learn more about the roles of various files in:
2026-08-15T08:35:53.7701010Z > # * https://r-pkgs.org/testing-design.html#sec-tests-files-overview
2026-08-15T08:35:53.7701500Z > # * https://testthat.r-lib.org/articles/special-files.html
2026-08-15T08:35:53.7701550Z > 
2026-08-15T08:35:53.7701640Z > library(testthat)
2026-08-15T08:35:53.7701730Z > library(duckdb)
2026-08-15T08:35:53.7701840Z Loading required package: DBI
2026-08-15T08:35:53.7701890Z > 
2026-08-15T08:35:53.7701970Z > # CRAN guard
2026-08-15T08:35:53.7702020Z > #
2026-08-15T08:35:53.7702320Z > # The duckdb test suite exercises DuckDB's bundled C++ engine, which is too heavy
2026-08-15T08:35:53.7702610Z > # for CRAN's check farm, and checks were very fragile in the past. We therefore
2026-08-15T08:35:53.7702900Z > # keep it off on CRAN but run it automatically on GitHub Actions (GITHUB_ACTIONS)
2026-08-15T08:35:53.7703160Z > # and on r-universe (MY_UNIVERSE). An explicit DUCKDB_R_RUN_TESTS opts in
2026-08-15T08:35:53.7703440Z > # (true-ish) or out (false-ish) and always wins; otherwise we fall back to those.
2026-08-15T08:35:53.7703840Z > # This check is intentionally inlined here (rather than calling into the package)
2026-08-15T08:35:53.7704000Z > # so the guard is obvious and self-contained.
2026-08-15T08:35:53.7704240Z > run_tests <- tolower(trimws(Sys.getenv("DUCKDB_R_RUN_TESTS", "")))
2026-08-15T08:35:53.7704290Z > 
2026-08-15T08:35:53.7704460Z > if (run_tests %in% c("true", "1", "yes", "on")) {
2026-08-15T08:35:53.7704540Z +   run <- TRUE
2026-08-15T08:35:53.7704730Z + } else if (run_tests %in% c("false", "0", "no", "off")) {
2026-08-15T08:35:53.7704820Z +   run <- FALSE
2026-08-15T08:35:53.7704890Z + } else {
2026-08-15T08:35:53.7705140Z +   run <- tolower(trimws(Sys.getenv("GITHUB_ACTIONS", ""))) == "true" ||
2026-08-15T08:35:53.7705440Z +     nzchar(trimws(Sys.getenv("MY_UNIVERSE", "")))
2026-08-15T08:35:53.7705500Z + }
2026-08-15T08:35:53.7705550Z > 
2026-08-15T08:35:53.7705620Z > if (run) {
2026-08-15T08:35:53.7705750Z +   test_check(simulate_duckdb()$pkg)
2026-08-15T08:35:53.7705830Z + } else {
2026-08-15T08:35:53.7705910Z +   message(
2026-08-15T08:35:53.7705980Z +     "\n",
2026-08-15T08:35:53.7706080Z +     strrep("=", 78),
2026-08-15T08:35:53.7706160Z +     "\n",
2026-08-15T08:35:53.7706300Z +     "Skipping the duckdb test suite.\n",
2026-08-15T08:35:53.7706370Z +     "\n",
2026-08-15T08:35:53.7706670Z +     "The duckdb tests exercise DuckDB's bundled C++ engine and are deliberately\n",
2026-08-15T08:35:53.7706960Z +     "NOT run on CRAN. They run automatically on GitHub Actions (including\n",
2026-08-15T08:35:53.7707250Z +     "r-universe). This keeps check time and resource usage on CRAN within\n",
2026-08-15T08:35:53.7707550Z +     "acceptable limits and helps release duckdb in a predictable and controlled\n",
2026-08-15T08:35:53.7707640Z +     "manner.\n",
2026-08-15T08:35:53.7707720Z +     "\n",
2026-08-15T08:35:53.7708030Z +     "This is intentional, not an oversight. duckdb has an extensive test suite\n",
2026-08-15T08:35:53.7708360Z +     "that runs continuously in our own CI; see <https://github.com/duckdb/duckdb-r>.\n",
2026-08-15T08:35:53.7708440Z +     "\n",
2026-08-15T08:35:53.7708740Z +     "To run the test suite locally, set the environment variable before checking:\n",
2026-08-15T08:35:53.7709010Z +     "  Sys.setenv(DUCKDB_R_RUN_TESTS = \"true\")    # from within R, or\n",
2026-08-15T08:35:53.7709260Z +     "  DUCKDB_R_RUN_TESTS=true R CMD check ...      # from the shell\n",
2026-08-15T08:35:53.7709350Z +     strrep("=", 78),
2026-08-15T08:35:53.7709430Z +     "\n"
2026-08-15T08:35:53.7709490Z +   )
2026-08-15T08:35:53.7709540Z + }
2026-08-15T08:35:53.7709790Z duckdb is storing downloaded extensions and secrets under ~/.duckdb:
2026-08-15T08:35:53.7710050Z ℹ /Users/runner/.duckdb
2026-08-15T08:35:53.7710360Z This persists across sessions and is shared with the DuckDB CLI and other clients.
2026-08-15T08:35:53.7710650Z ℹ Run duckdb(shared_home = FALSE) to use a temporary directory instead.
2026-08-15T08:35:53.7710860Z ℹ See ?duckdb_storage for details and alternatives.
2026-08-15T08:35:53.7711110Z duckdb is storing downloaded extensions and secrets under ~/.duckdb:
2026-08-15T08:35:53.7711410Z ℹ /Users/runner/.duckdb
2026-08-15T08:35:53.7711710Z This persists across sessions and is shared with the DuckDB CLI and other clients.
2026-08-15T08:35:53.7711990Z ℹ Run duckdb(shared_home = FALSE) to use a temporary directory instead.
2026-08-15T08:35:53.7712180Z ℹ See ?duckdb_storage for details and alternatives.
2026-08-15T08:35:53.7712420Z duckdb is storing downloaded extensions and secrets under ~/.duckdb:
2026-08-15T08:35:53.7712520Z i /Users/runner/.duckdb
2026-08-15T08:35:53.7712810Z This persists across sessions and is shared with the DuckDB CLI and other clients.
2026-08-15T08:35:53.7713050Z i Run duckdb(shared_home = FALSE) to use a temporary directory instead.
2026-08-15T08:35:53.7713230Z i See ?duckdb_storage for details and alternatives.
2026-08-15T08:35:53.7713460Z duckdb is storing downloaded extensions and secrets under ~/.duckdb:
2026-08-15T08:35:53.7713620Z i /Users/runner/.duckdb
2026-08-15T08:35:53.7713910Z This persists across sessions and is shared with the DuckDB CLI and other clients.
2026-08-15T08:35:53.7714320Z i Run duckdb(shared_home = FALSE) to use a temporary directory instead.
2026-08-15T08:35:53.7714480Z i See ?duckdb_storage for details and alternatives.
2026-08-15T08:35:53.7714720Z duckdb is storing downloaded extensions and secrets under ~/.duckdb:
2026-08-15T08:35:53.7714810Z i /Users/runner/.duckdb
2026-08-15T08:35:53.7715100Z This persists across sessions and is shared with the DuckDB CLI and other clients.
2026-08-15T08:35:53.7715330Z i Run duckdb(shared_home = FALSE) to use a temporary directory instead.
2026-08-15T08:35:53.7715500Z i See ?duckdb_storage for details and alternatives.
2026-08-15T08:35:53.7715820Z duckdb is storing downloaded extensions and secrets under ~/.duckdb:
2026-08-15T08:35:53.7715920Z i /Users/runner/.duckdb
2026-08-15T08:35:53.7716210Z This persists across sessions and is shared with the DuckDB CLI and other clients.
2026-08-15T08:35:53.7716460Z i Run duckdb(shared_home = FALSE) to use a temporary directory instead.
2026-08-15T08:35:53.7716630Z i See ?duckdb_storage for details and alternatives.
2026-08-15T08:35:53.7716870Z duckdb is storing downloaded extensions and secrets under ~/.duckdb:
2026-08-15T08:35:53.7716960Z i /Users/runner/.duckdb
2026-08-15T08:35:53.7717260Z This persists across sessions and is shared with the DuckDB CLI and other clients.
2026-08-15T08:35:53.7717660Z i Run duckdb(shared_home = FALSE) to use a temporary directory instead.
2026-08-15T08:35:53.7717870Z i See ?duckdb_storage for details and alternatives.
2026-08-15T08:35:53.7718120Z duckdb is storing downloaded extensions and secrets under ~/.duckdb:
2026-08-15T08:35:53.7718210Z i /Users/runner/.duckdb
2026-08-15T08:35:53.7718560Z This persists across sessions and is shared with the DuckDB CLI and other clients.
2026-08-15T08:35:53.7718870Z i Run duckdb(shared_home = FALSE) to use a temporary directory instead.
2026-08-15T08:35:53.7719040Z i See ?duckdb_storage for details and alternatives.
2026-08-15T08:35:53.7719290Z duckdb is storing downloaded extensions and secrets under ~/.duckdb:
2026-08-15T08:35:53.7719380Z i /Users/runner/.duckdb
2026-08-15T08:35:53.7719670Z This persists across sessions and is shared with the DuckDB CLI and other clients.
2026-08-15T08:35:53.7719900Z i Run duckdb(shared_home = FALSE) to use a temporary directory instead.
2026-08-15T08:35:53.7720070Z i See ?duckdb_storage for details and alternatives.
2026-08-15T08:35:53.7720300Z duckdb is storing downloaded extensions and secrets under ~/.duckdb:
2026-08-15T08:35:53.7720400Z i /Users/runner/.duckdb
2026-08-15T08:35:53.7720690Z This persists across sessions and is shared with the DuckDB CLI and other clients.
2026-08-15T08:35:53.7720990Z i Run duckdb(shared_home = FALSE) to use a temporary directory instead.
2026-08-15T08:35:53.7721190Z i See ?duckdb_storage for details and alternatives.
2026-08-15T08:35:53.7721490Z duckdb is storing downloaded extensions and secrets under ~/.duckdb:
2026-08-15T08:35:53.7721600Z i /Users/runner/.duckdb
2026-08-15T08:35:53.7722110Z This persists across sessions and is shared with the DuckDB CLI and other clients.
2026-08-15T08:35:53.7722370Z i Run duckdb(shared_home = FALSE) to use a temporary directory instead.
2026-08-15T08:35:53.7722550Z i See ?duckdb_storage for details and alternatives.
2026-08-15T08:35:53.7722790Z duckdb is storing downloaded extensions and secrets under ~/.duckdb:
2026-08-15T08:35:53.7722890Z i /Users/runner/.duckdb
2026-08-15T08:35:53.7723260Z This persists across sessions and is shared with the DuckDB CLI and other clients.
2026-08-15T08:35:53.7723540Z i Run duckdb(shared_home = FALSE) to use a temporary directory instead.
2026-08-15T08:35:53.7723720Z i See ?duckdb_storage for details and alternatives.
2026-08-15T08:35:53.7724010Z duckdb is storing downloaded extensions and secrets under ~/.duckdb:
2026-08-15T08:35:53.7724130Z i /Users/runner/.duckdb
2026-08-15T08:35:53.7724490Z This persists across sessions and is shared with the DuckDB CLI and other clients.
2026-08-15T08:35:53.7725020Z i Run duckdb(shared_home = FALSE) to use a temporary directory instead.
2026-08-15T08:35:53.7725230Z i See ?duckdb_storage for details and alternatives.
2026-08-15T08:35:53.7725500Z duckdb is storing downloaded extensions and secrets under ~/.duckdb:
2026-08-15T08:35:53.7725620Z i /Users/runner/.duckdb
2026-08-15T08:35:53.7725970Z This persists across sessions and is shared with the DuckDB CLI and other clients.
2026-08-15T08:35:53.7726290Z i Run duckdb(shared_home = FALSE) to use a temporary directory instead.
2026-08-15T08:35:53.7726500Z i See ?duckdb_storage for details and alternatives.
2026-08-15T08:35:53.7726740Z duckdb is storing downloaded extensions and secrets under ~/.duckdb:
2026-08-15T08:35:53.7726960Z i /Users/runner/.duckdb
2026-08-15T08:35:53.7727320Z This persists across sessions and is shared with the DuckDB CLI and other clients.
2026-08-15T08:35:53.7727600Z i Run duckdb(shared_home = FALSE) to use a temporary directory instead.
2026-08-15T08:35:53.7727770Z i See ?duckdb_storage for details and alternatives.
2026-08-15T08:35:53.7728040Z duckdb is storing downloaded extensions and secrets under ~/.duckdb:
2026-08-15T08:35:53.7728160Z i /Users/runner/.duckdb
2026-08-15T08:35:53.7728500Z This persists across sessions and is shared with the DuckDB CLI and other clients.
2026-08-15T08:35:53.7728740Z i Run duckdb(shared_home = FALSE) to use a temporary directory instead.
2026-08-15T08:35:53.7728920Z i See ?duckdb_storage for details and alternatives.
2026-08-15T08:35:53.7729190Z duckdb is storing downloaded extensions and secrets under ~/.duckdb:
2026-08-15T08:35:53.7729310Z i /Users/runner/.duckdb
2026-08-15T08:35:53.7729640Z This persists across sessions and is shared with the DuckDB CLI and other clients.
2026-08-15T08:35:53.7729890Z i Run duckdb(shared_home = FALSE) to use a temporary directory instead.
2026-08-15T08:35:53.7730060Z i See ?duckdb_storage for details and alternatives.
2026-08-15T08:35:53.7730300Z duckdb is storing downloaded extensions and secrets under ~/.duckdb:
2026-08-15T08:35:53.7730400Z i /Users/runner/.duckdb
2026-08-15T08:35:53.7730700Z This persists across sessions and is shared with the DuckDB CLI and other clients.
2026-08-15T08:35:53.7731390Z i Run duckdb(shared_home = FALSE) to use a temporary directory instead.
2026-08-15T08:35:53.7731960Z i See ?duckdb_storage for details and alternatives.
2026-08-15T08:35:53.7732600Z duckdb is storing downloaded extensions and secrets under ~/.duckdb:
2026-08-15T08:35:53.7732910Z i /Users/runner/.duckdb
2026-08-15T08:35:53.7733690Z This persists across sessions and is shared with the DuckDB CLI and other clients.
2026-08-15T08:35:53.7734340Z i Run duckdb(shared_home = FALSE) to use a temporary directory instead.
2026-08-15T08:35:53.7734820Z i See ?duckdb_storage for details and alternatives.
2026-08-15T08:35:53.7735460Z duckdb is storing downloaded extensions and secrets under ~/.duckdb:
2026-08-15T08:35:53.7735740Z i /Users/runner/.duckdb
2026-08-15T08:35:53.7736540Z This persists across sessions and is shared with the DuckDB CLI and other clients.
2026-08-15T08:35:53.7737620Z i Run duckdb(shared_home = FALSE) to use a temporary directory instead.
2026-08-15T08:35:53.7738090Z i See ?duckdb_storage for details and alternatives.
2026-08-15T08:35:53.7738720Z duckdb is storing downloaded extensions and secrets under ~/.duckdb:
2026-08-15T08:35:53.7738990Z i /Users/runner/.duckdb
2026-08-15T08:35:53.7739780Z This persists across sessions and is shared with the DuckDB CLI and other clients.
2026-08-15T08:35:53.7740620Z i Run duckdb(shared_home = FALSE) to use a temporary directory instead.
2026-08-15T08:35:53.7740980Z i See ?duckdb_storage for details and alternatives.
2026-08-15T08:35:53.7741240Z duckdb is storing downloaded extensions and secrets under ~/.duckdb:
2026-08-15T08:35:53.7741350Z i /Users/runner/.duckdb
2026-08-15T08:35:53.7741650Z This persists across sessions and is shared with the DuckDB CLI and other clients.
2026-08-15T08:35:53.7741900Z i Run duckdb(shared_home = FALSE) to use a temporary directory instead.
2026-08-15T08:35:53.7742290Z i See ?duckdb_storage for details and alternatives.
2026-08-15T08:35:53.7742520Z duckdb is storing downloaded extensions and secrets under ~/.duckdb:
2026-08-15T08:35:53.7742620Z i /Users/runner/.duckdb
2026-08-15T08:35:53.7742910Z This persists across sessions and is shared with the DuckDB CLI and other clients.
2026-08-15T08:35:53.7743160Z i Run duckdb(shared_home = FALSE) to use a temporary directory instead.
2026-08-15T08:35:53.7743330Z i See ?duckdb_storage for details and alternatives.
2026-08-15T08:35:53.7743560Z duckdb is storing downloaded extensions and secrets under ~/.duckdb:
2026-08-15T08:35:53.7743660Z i /Users/runner/.duckdb
2026-08-15T08:35:53.7744350Z This persists across sessions and is shared with the DuckDB CLI and other clients.
2026-08-15T08:35:53.7744630Z i Run duckdb(shared_home = FALSE) to use a temporary directory instead.
2026-08-15T08:35:53.7744800Z i See ?duckdb_storage for details and alternatives.
2026-08-15T08:35:53.7745050Z duckdb is storing downloaded extensions and secrets under ~/.duckdb:
2026-08-15T08:35:53.7745150Z i /Users/runner/.duckdb
2026-08-15T08:35:53.7745440Z This persists across sessions and is shared with the DuckDB CLI and other clients.
2026-08-15T08:35:53.7745700Z i Run duckdb(shared_home = FALSE) to use a temporary directory instead.
2026-08-15T08:35:53.7745910Z i See ?duckdb_storage for details and alternatives.
2026-08-15T08:35:53.7746190Z duckdb is storing downloaded extensions and secrets under ~/.duckdb:
2026-08-15T08:35:53.7746310Z i /Users/runner/.duckdb
2026-08-15T08:35:53.7746650Z This persists across sessions and is shared with the DuckDB CLI and other clients.
2026-08-15T08:35:53.7746890Z i Run duckdb(shared_home = FALSE) to use a temporary directory instead.
2026-08-15T08:35:53.7747060Z i See ?duckdb_storage for details and alternatives.
2026-08-15T08:35:53.7747290Z duckdb is storing downloaded extensions and secrets under ~/.duckdb:
2026-08-15T08:35:53.7747410Z i /Users/runner/.duckdb
2026-08-15T08:35:53.7747700Z This persists across sessions and is shared with the DuckDB CLI and other clients.
2026-08-15T08:35:53.7747940Z i Run duckdb(shared_home = FALSE) to use a temporary directory instead.
2026-08-15T08:35:53.7748100Z i See ?duckdb_storage for details and alternatives.
2026-08-15T08:35:53.7748340Z duckdb is storing downloaded extensions and secrets under ~/.duckdb:
2026-08-15T08:35:53.7748430Z i /Users/runner/.duckdb
2026-08-15T08:35:53.7748720Z This persists across sessions and is shared with the DuckDB CLI and other clients.
2026-08-15T08:35:53.7748960Z i Run duckdb(shared_home = FALSE) to use a temporary directory instead.
2026-08-15T08:35:53.7749120Z i See ?duckdb_storage for details and alternatives.
2026-08-15T08:35:53.7749390Z duckdb is storing downloaded extensions and secrets under ~/.duckdb:
2026-08-15T08:35:53.7749490Z i /Users/runner/.duckdb
2026-08-15T08:35:53.7749770Z This persists across sessions and is shared with the DuckDB CLI and other clients.
2026-08-15T08:35:53.7750020Z i Run duckdb(shared_home = FALSE) to use a temporary directory instead.
2026-08-15T08:35:53.7750350Z i See ?duckdb_storage for details and alternatives.
2026-08-15T08:35:53.7750580Z duckdb is storing downloaded extensions and secrets under ~/.duckdb:
2026-08-15T08:35:53.7750680Z i /Users/runner/.duckdb
2026-08-15T08:35:53.7750970Z This persists across sessions and is shared with the DuckDB CLI and other clients.
2026-08-15T08:35:53.7751210Z i Run duckdb(shared_home = FALSE) to use a temporary directory instead.
2026-08-15T08:35:53.7751370Z i See ?duckdb_storage for details and alternatives.
2026-08-15T08:35:53.7751610Z duckdb is storing downloaded extensions and secrets under ~/.duckdb:
2026-08-15T08:35:53.7751710Z i /Users/runner/.duckdb
2026-08-15T08:35:53.7752000Z This persists across sessions and is shared with the DuckDB CLI and other clients.
2026-08-15T08:35:53.7752240Z i Run duckdb(shared_home = FALSE) to use a temporary directory instead.
2026-08-15T08:35:53.7752410Z i See ?duckdb_storage for details and alternatives.
2026-08-15T08:35:53.7752700Z duckdb is storing downloaded extensions and secrets under ~/.duckdb:
2026-08-15T08:35:53.7752800Z i /Users/runner/.duckdb
2026-08-15T08:35:53.7753100Z This persists across sessions and is shared with the DuckDB CLI and other clients.
2026-08-15T08:35:53.7753350Z i Run duckdb(shared_home = FALSE) to use a temporary directory instead.
2026-08-15T08:35:53.7753510Z i See ?duckdb_storage for details and alternatives.
2026-08-15T08:35:53.7753740Z duckdb is storing downloaded extensions and secrets under ~/.duckdb:
2026-08-15T08:35:53.7753850Z i /Users/runner/.duckdb
2026-08-15T08:35:53.7754130Z This persists across sessions and is shared with the DuckDB CLI and other clients.
2026-08-15T08:35:53.7754430Z i Run duckdb(shared_home = FALSE) to use a temporary directory instead.
2026-08-15T08:35:53.7754610Z i See ?duckdb_storage for details and alternatives.
2026-08-15T08:35:53.7754850Z duckdb is storing downloaded extensions and secrets under ~/.duckdb:
2026-08-15T08:35:53.7755140Z i /Users/runner/.duckdb
2026-08-15T08:35:53.7755500Z This persists across sessions and is shared with the DuckDB CLI and other clients.
2026-08-15T08:35:53.7755740Z i Run duckdb(shared_home = FALSE) to use a temporary directory instead.
2026-08-15T08:35:53.7755930Z i See ?duckdb_storage for details and alternatives.
2026-08-15T08:35:53.7756230Z duckdb is storing downloaded extensions and secrets under ~/.duckdb:
2026-08-15T08:35:53.7756340Z i /Users/runner/.duckdb
2026-08-15T08:35:53.7756640Z This persists across sessions and is shared with the DuckDB CLI and other clients.
2026-08-15T08:35:53.7756890Z i Run duckdb(shared_home = FALSE) to use a temporary directory instead.
2026-08-15T08:35:53.7757070Z i See ?duckdb_storage for details and alternatives.
2026-08-15T08:35:53.7757300Z duckdb is storing downloaded extensions and secrets under ~/.duckdb:
2026-08-15T08:35:53.7757400Z i /Users/runner/.duckdb
2026-08-15T08:35:53.7757810Z This persists across sessions and is shared with the DuckDB CLI and other clients.
2026-08-15T08:35:53.7758090Z i Run duckdb(shared_home = FALSE) to use a temporary directory instead.
2026-08-15T08:35:53.7758250Z i See ?duckdb_storage for details and alternatives.
2026-08-15T08:35:53.7758480Z duckdb is storing downloaded extensions and secrets under ~/.duckdb:
2026-08-15T08:35:53.7758580Z i /Users/runner/.duckdb
2026-08-15T08:35:53.7758860Z This persists across sessions and is shared with the DuckDB CLI and other clients.
2026-08-15T08:35:53.7759100Z i Run duckdb(shared_home = FALSE) to use a temporary directory instead.
2026-08-15T08:35:53.7759260Z i See ?duckdb_storage for details and alternatives.
2026-08-15T08:35:53.7759490Z duckdb is storing downloaded extensions and secrets under ~/.duckdb:
2026-08-15T08:35:53.7759580Z i /Users/runner/.duckdb
2026-08-15T08:35:53.7759870Z This persists across sessions and is shared with the DuckDB CLI and other clients.
2026-08-15T08:35:53.7760110Z i Run duckdb(shared_home = FALSE) to use a temporary directory instead.
2026-08-15T08:35:53.7760280Z i See ?duckdb_storage for details and alternatives.
2026-08-15T08:35:53.7760620Z duckdb is storing downloaded extensions and secrets under ~/.duckdb:
2026-08-15T08:35:53.7760720Z i /Users/runner/.duckdb
2026-08-15T08:35:53.7761000Z This persists across sessions and is shared with the DuckDB CLI and other clients.
2026-08-15T08:35:53.7761240Z i Run duckdb(shared_home = FALSE) to use a temporary directory instead.
2026-08-15T08:35:53.7761420Z i See ?duckdb_storage for details and alternatives.
2026-08-15T08:35:53.7761710Z duckdb is storing downloaded extensions and secrets under ~/.duckdb:
2026-08-15T08:35:53.7761830Z i /Users/runner/.duckdb
2026-08-15T08:35:53.7762130Z This persists across sessions and is shared with the DuckDB CLI and other clients.
2026-08-15T08:35:53.7762370Z i Run duckdb(shared_home = FALSE) to use a temporary directory instead.
2026-08-15T08:35:53.7762540Z i See ?duckdb_storage for details and alternatives.
2026-08-15T08:35:53.7762780Z duckdb is storing downloaded extensions and secrets under ~/.duckdb:
2026-08-15T08:35:53.7762900Z i /Users/runner/.duckdb
2026-08-15T08:35:53.7763250Z This persists across sessions and is shared with the DuckDB CLI and other clients.
2026-08-15T08:35:53.7763530Z i Run duckdb(shared_home = FALSE) to use a temporary directory instead.
2026-08-15T08:35:53.7763740Z i See ?duckdb_storage for details and alternatives.
2026-08-15T08:35:53.7764030Z duckdb is storing downloaded extensions and secrets under ~/.duckdb:
2026-08-15T08:35:53.7764130Z i /Users/runner/.duckdb
2026-08-15T08:35:53.7764420Z This persists across sessions and is shared with the DuckDB CLI and other clients.
2026-08-15T08:35:53.7764650Z i Run duckdb(shared_home = FALSE) to use a temporary directory instead.
2026-08-15T08:35:53.7764890Z i See ?duckdb_storage for details and alternatives.
2026-08-15T08:35:53.7765140Z duckdb is storing downloaded extensions and secrets under ~/.duckdb:
2026-08-15T08:35:53.7765240Z i /Users/runner/.duckdb
2026-08-15T08:35:53.7765540Z This persists across sessions and is shared with the DuckDB CLI and other clients.
2026-08-15T08:35:53.7765800Z i Run duckdb(shared_home = FALSE) to use a temporary directory instead.
2026-08-15T08:35:53.7765960Z i See ?duckdb_storage for details and alternatives.
2026-08-15T08:35:53.7766200Z duckdb is storing downloaded extensions and secrets under ~/.duckdb:
2026-08-15T08:35:53.7766290Z i /Users/runner/.duckdb
2026-08-15T08:35:53.7766570Z This persists across sessions and is shared with the DuckDB CLI and other clients.
2026-08-15T08:35:53.7766840Z i Run duckdb(shared_home = FALSE) to use a temporary directory instead.
2026-08-15T08:35:53.7767050Z i See ?duckdb_storage for details and alternatives.
2026-08-15T08:35:53.7767300Z duckdb is storing downloaded extensions and secrets under ~/.duckdb:
2026-08-15T08:35:53.7767400Z i /Users/runner/.duckdb
2026-08-15T08:35:53.7767710Z This persists across sessions and is shared with the DuckDB CLI and other clients.
2026-08-15T08:35:53.7768000Z i Run duckdb(shared_home = FALSE) to use a temporary directory instead.
2026-08-15T08:35:53.7768210Z i See ?duckdb_storage for details and alternatives.
2026-08-15T08:35:53.7768440Z duckdb is storing downloaded extensions and secrets under ~/.duckdb:
2026-08-15T08:35:53.7768540Z i /Users/runner/.duckdb
2026-08-15T08:35:53.7768890Z This persists across sessions and is shared with the DuckDB CLI and other clients.
2026-08-15T08:35:53.7769180Z i Run duckdb(shared_home = FALSE) to use a temporary directory instead.
2026-08-15T08:35:53.7769390Z i See ?duckdb_storage for details and alternatives.
2026-08-15T08:35:53.7769670Z duckdb is storing downloaded extensions and secrets under ~/.duckdb:
2026-08-15T08:35:53.7769780Z i /Users/runner/.duckdb
2026-08-15T08:35:53.7770100Z This persists across sessions and is shared with the DuckDB CLI and other clients.
2026-08-15T08:35:53.7770380Z i Run duckdb(shared_home = FALSE) to use a temporary directory instead.
2026-08-15T08:35:53.7770620Z i See ?duckdb_storage for details and alternatives.
2026-08-15T08:35:53.7770870Z duckdb is storing downloaded extensions and secrets under ~/.duckdb:
2026-08-15T08:35:53.7771030Z i /Users/runner/.duckdb
2026-08-15T08:35:53.7771330Z This persists across sessions and is shared with the DuckDB CLI and other clients.
2026-08-15T08:35:53.7771580Z i Run duckdb(shared_home = FALSE) to use a temporary directory instead.
2026-08-15T08:35:53.7771790Z i See ?duckdb_storage for details and alternatives.
2026-08-15T08:35:53.7772510Z duckdb is storing downloaded extensions and secrets under ~/.duckdb:
2026-08-15T08:35:53.7772670Z i /Users/runner/.duckdb
2026-08-15T08:35:53.7773020Z This persists across sessions and is shared with the DuckDB CLI and other clients.
2026-08-15T08:35:53.7773280Z i Run duckdb(shared_home = FALSE) to use a temporary directory instead.
2026-08-15T08:35:53.7773480Z i See ?duckdb_storage for details and alternatives.
2026-08-15T08:35:53.7773770Z duckdb is storing downloaded extensions and secrets under ~/.duckdb:
2026-08-15T08:35:53.7773860Z i /Users/runner/.duckdb
2026-08-15T08:35:53.7774530Z This persists across sessions and is shared with the DuckDB CLI and other clients.
2026-08-15T08:35:53.7774810Z i Run duckdb(shared_home = FALSE) to use a temporary directory instead.
2026-08-15T08:35:53.7775020Z i See ?duckdb_storage for details and alternatives.
2026-08-15T08:35:53.7775260Z duckdb is storing downloaded extensions and secrets under ~/.duckdb:
2026-08-15T08:35:53.7775360Z i /Users/runner/.duckdb
2026-08-15T08:35:53.7775710Z This persists across sessions and is shared with the DuckDB CLI and other clients.
2026-08-15T08:35:53.7775970Z i Run duckdb(shared_home = FALSE) to use a temporary directory instead.
2026-08-15T08:35:53.7776140Z i See ?duckdb_storage for details and alternatives.
2026-08-15T08:35:53.7776460Z duckdb is storing downloaded extensions and secrets under ~/.duckdb:
2026-08-15T08:35:53.7776560Z i /Users/runner/.duckdb
2026-08-15T08:35:53.7776890Z This persists across sessions and is shared with the DuckDB CLI and other clients.
2026-08-15T08:35:53.7777190Z i Run duckdb(shared_home = FALSE) to use a temporary directory instead.
2026-08-15T08:35:53.7777390Z i See ?duckdb_storage for details and alternatives.
2026-08-15T08:35:53.7777680Z duckdb is storing downloaded extensions and secrets under ~/.duckdb:
2026-08-15T08:35:53.7777770Z i /Users/runner/.duckdb
2026-08-15T08:35:53.7778060Z This persists across sessions and is shared with the DuckDB CLI and other clients.
2026-08-15T08:35:53.7778300Z i Run duckdb(shared_home = FALSE) to use a temporary directory instead.
2026-08-15T08:35:53.7778460Z i See ?duckdb_storage for details and alternatives.
2026-08-15T08:35:53.7778690Z duckdb is storing downloaded extensions and secrets under ~/.duckdb:
2026-08-15T08:35:53.7778780Z i /Users/runner/.duckdb
2026-08-15T08:35:53.7779070Z This persists across sessions and is shared with the DuckDB CLI and other clients.
2026-08-15T08:35:53.7779320Z i Run duckdb(shared_home = FALSE) to use a temporary directory instead.
2026-08-15T08:35:53.7779490Z i See ?duckdb_storage for details and alternatives.
2026-08-15T08:35:53.7780010Z duckdb is storing downloaded extensions and secrets under ~/.duckdb:
2026-08-15T08:35:53.7780150Z i /Users/runner/.duckdb
2026-08-15T08:35:53.7780510Z This persists across sessions and is shared with the DuckDB CLI and other clients.
2026-08-15T08:35:53.7780760Z i Run duckdb(shared_home = FALSE) to use a temporary directory instead.
2026-08-15T08:35:53.7780940Z i See ?duckdb_storage for details and alternatives.
2026-08-15T08:35:53.7781180Z duckdb is storing downloaded extensions and secrets under ~/.duckdb:
2026-08-15T08:35:53.7781280Z i /Users/runner/.duckdb
2026-08-15T08:35:53.7781560Z This persists across sessions and is shared with the DuckDB CLI and other clients.
2026-08-15T08:35:53.7781810Z i Run duckdb(shared_home = FALSE) to use a temporary directory instead.
2026-08-15T08:35:53.7781980Z i See ?duckdb_storage for details and alternatives.
2026-08-15T08:35:53.7782220Z duckdb is storing downloaded extensions and secrets under ~/.duckdb:
2026-08-15T08:35:53.7782320Z i /Users/runner/.duckdb
2026-08-15T08:35:53.7782770Z This persists across sessions and is shared with the DuckDB CLI and other clients.
2026-08-15T08:35:53.7783010Z i Run duckdb(shared_home = FALSE) to use a temporary directory instead.
2026-08-15T08:35:53.7783180Z i See ?duckdb_storage for details and alternatives.
2026-08-15T08:35:53.7783410Z duckdb is storing downloaded extensions and secrets under ~/.duckdb:
2026-08-15T08:35:53.7783510Z i /Users/runner/.duckdb
2026-08-15T08:35:53.7783800Z This persists across sessions and is shared with the DuckDB CLI and other clients.
2026-08-15T08:35:53.7784050Z i Run duckdb(shared_home = FALSE) to use a temporary directory instead.
2026-08-15T08:35:53.7784220Z i See ?duckdb_storage for details and alternatives.
2026-08-15T08:35:53.7784510Z duckdb is storing downloaded extensions and secrets under ~/.duckdb:
2026-08-15T08:35:53.7784630Z i /Users/runner/.duckdb
2026-08-15T08:35:53.7784960Z This persists across sessions and is shared with the DuckDB CLI and other clients.
2026-08-15T08:35:53.7785320Z i Run duckdb(shared_home = FALSE) to use a temporary directory instead.
2026-08-15T08:35:53.7785490Z i See ?duckdb_storage for details and alternatives.
2026-08-15T08:35:53.7785740Z duckdb is storing downloaded extensions and secrets under ~/.duckdb:
2026-08-15T08:35:53.7785830Z i /Users/runner/.duckdb
2026-08-15T08:35:53.7786120Z This persists across sessions and is shared with the DuckDB CLI and other clients.
2026-08-15T08:35:53.7786370Z i Run duckdb(shared_home = FALSE) to use a temporary directory instead.
2026-08-15T08:35:53.7786530Z i See ?duckdb_storage for details and alternatives.
2026-08-15T08:35:53.7786820Z i This message has been shown 60 times and will not be shown again this session.
2026-08-15T08:35:53.7786870Z x
2026-08-15T08:35:53.7787200Z x
2026-08-15T08:35:53.7787530Z duckdb keeps downloaded extensions and secrets in a temporary directory:
2026-08-15T08:35:53.7787900Z i /var/folders/df/djsxfhc17x95674wsm_g8s980000gn/T//RtmpzQutj1/working_dir/RtmpVmglz2/duckdb
2026-08-15T08:35:53.7788040Z This is removed when the R session ends.
2026-08-15T08:35:53.7788200Z * Extensions are re-downloaded each session.
2026-08-15T08:35:53.7788290Z * Secrets are lost.
2026-08-15T08:35:53.7788610Z i Run duckdb(shared_home = TRUE) (or create ~/.duckdb) to keep them (suitable for most users).
2026-08-15T08:35:53.7788940Z i Run duckdb(shared_home = FALSE) to accept the temporary directory (and silence this message).
2026-08-15T08:35:53.7789110Z i See ?duckdb_storage for details and alternatives.
2026-08-15T08:35:53.7789350Z duckdb is storing downloaded extensions and secrets under ~/.duckdb:
2026-08-15T08:35:53.7789560Z i /Users/runner/.duckdb
2026-08-15T08:35:53.7789920Z This persists across sessions and is shared with the DuckDB CLI and other clients.
2026-08-15T08:35:53.7790230Z i Run duckdb(shared_home = FALSE) to use a temporary directory instead.
2026-08-15T08:35:53.7790410Z i See ?duckdb_storage for details and alternatives.
2026-08-15T08:35:53.7790720Z duckdb is storing downloaded extensions and secrets under ~/.duckdb:
2026-08-15T08:35:53.7790910Z i /Users/runner/.duckdb
2026-08-15T08:35:53.7791280Z This persists across sessions and is shared with the DuckDB CLI and other clients.
2026-08-15T08:35:53.7791530Z i Run duckdb(shared_home = FALSE) to use a temporary directory instead.
2026-08-15T08:35:53.7800210Z i See ?duckdb_storage for details and alternatives.
2026-08-15T08:35:53.7800530Z duckdb is storing downloaded extensions and secrets under ~/.duckdb:
2026-08-15T08:35:53.7800620Z i /Users/runner/.duckdb
2026-08-15T08:35:53.7800910Z This persists across sessions and is shared with the DuckDB CLI and other clients.
2026-08-15T08:35:53.7801730Z i Run duckdb(shared_home = FALSE) to use a temporary directory instead.
2026-08-15T08:35:53.7801980Z i See ?duckdb_storage for details and alternatives.
2026-08-15T08:35:53.7802220Z duckdb is storing downloaded extensions and secrets under ~/.duckdb:
2026-08-15T08:35:53.7802320Z i /Users/runner/.duckdb
2026-08-15T08:35:53.7802610Z This persists across sessions and is shared with the DuckDB CLI and other clients.
2026-08-15T08:35:53.7803080Z i Run duckdb(shared_home = FALSE) to use a temporary directory instead.
2026-08-15T08:35:53.7803250Z i See ?duckdb_storage for details and alternatives.
2026-08-15T08:35:53.7803520Z duckdb is storing downloaded extensions and secrets under ~/.duckdb:
2026-08-15T08:35:53.7803640Z i /Users/runner/.duckdb
2026-08-15T08:35:53.7803960Z This persists across sessions and is shared with the DuckDB CLI and other clients.
2026-08-15T08:35:53.7804190Z i Run duckdb(shared_home = FALSE) to use a temporary directory instead.
2026-08-15T08:35:53.7804360Z i See ?duckdb_storage for details and alternatives.
2026-08-15T08:35:53.7804590Z duckdb is storing downloaded extensions and secrets under ~/.duckdb:
2026-08-15T08:35:53.7804690Z i /Users/runner/.duckdb
2026-08-15T08:35:53.7804970Z This persists across sessions and is shared with the DuckDB CLI and other clients.
2026-08-15T08:35:53.7805300Z i Run duckdb(shared_home = FALSE) to use a temporary directory instead.
2026-08-15T08:35:53.7805470Z i See ?duckdb_storage for details and alternatives.
2026-08-15T08:35:53.7805700Z duckdb is storing downloaded extensions and secrets under ~/.duckdb:
2026-08-15T08:35:53.7805800Z i /Users/runner/.duckdb
2026-08-15T08:35:53.7806080Z This persists across sessions and is shared with the DuckDB CLI and other clients.
2026-08-15T08:35:53.7806310Z i Run duckdb(shared_home = FALSE) to use a temporary directory instead.
2026-08-15T08:35:53.7806480Z i See ?duckdb_storage for details and alternatives.
2026-08-15T08:35:53.7806700Z duckdb is storing downloaded extensions and secrets under ~/.duckdb:
2026-08-15T08:35:53.7806800Z i /Users/runner/.duckdb
2026-08-15T08:35:53.7807220Z This persists across sessions and is shared with the DuckDB CLI and other clients.
2026-08-15T08:35:53.7807490Z i Run duckdb(shared_home = FALSE) to use a temporary directory instead.
2026-08-15T08:35:53.7807660Z i See ?duckdb_storage for details and alternatives.
2026-08-15T08:35:53.7807890Z duckdb is storing downloaded extensions and secrets under ~/.duckdb:
2026-08-15T08:35:53.7807980Z i /Users/runner/.duckdb
2026-08-15T08:35:53.7808270Z This persists across sessions and is shared with the DuckDB CLI and other clients.
2026-08-15T08:35:53.7808520Z i Run duckdb(shared_home = FALSE) to use a temporary directory instead.
2026-08-15T08:35:53.7808730Z i See ?duckdb_storage for details and alternatives.
2026-08-15T08:35:53.7809000Z duckdb is storing downloaded extensions and secrets under ~/.duckdb:
2026-08-15T08:35:53.7809100Z i /Users/runner/.duckdb
2026-08-15T08:35:53.7809460Z This persists across sessions and is shared with the DuckDB CLI and other clients.
2026-08-15T08:35:53.7809720Z i Run duckdb(shared_home = FALSE) to use a temporary directory instead.
2026-08-15T08:35:53.7809880Z i See ?duckdb_storage for details and alternatives.
2026-08-15T08:35:53.7810110Z duckdb is storing downloaded extensions and secrets under ~/.duckdb:
2026-08-15T08:35:53.7810210Z i /Users/runner/.duckdb
2026-08-15T08:35:53.7810530Z This persists across sessions and is shared with the DuckDB CLI and other clients.
2026-08-15T08:35:53.7810830Z i Run duckdb(shared_home = FALSE) to use a temporary directory instead.
2026-08-15T08:35:53.7810990Z i See ?duckdb_storage for details and alternatives.
2026-08-15T08:35:53.7811230Z duckdb is storing downloaded extensions and secrets under ~/.duckdb:
2026-08-15T08:35:53.7811330Z i /Users/runner/.duckdb
2026-08-15T08:35:53.7811690Z This persists across sessions and is shared with the DuckDB CLI and other clients.
2026-08-15T08:35:53.7811960Z i Run duckdb(shared_home = FALSE) to use a temporary directory instead.
2026-08-15T08:35:53.7812170Z i See ?duckdb_storage for details and alternatives.
2026-08-15T08:35:53.7812440Z duckdb is storing downloaded extensions and secrets under ~/.duckdb:
2026-08-15T08:35:53.7812550Z i /Users/runner/.duckdb
2026-08-15T08:35:53.7812910Z This persists across sessions and is shared with the DuckDB CLI and other clients.
2026-08-15T08:35:53.7813150Z i Run duckdb(shared_home = FALSE) to use a temporary directory instead.
2026-08-15T08:35:53.7813490Z i See ?duckdb_storage for details and alternatives.
2026-08-15T08:35:53.7813770Z duckdb is storing downloaded extensions and secrets under ~/.duckdb:
2026-08-15T08:35:53.7813890Z i /Users/runner/.duckdb
2026-08-15T08:35:53.7814200Z This persists across sessions and is shared with the DuckDB CLI and other clients.
2026-08-15T08:35:53.7814450Z i Run duckdb(shared_home = FALSE) to use a temporary directory instead.
2026-08-15T08:35:53.7814650Z i See ?duckdb_storage for details and alternatives.
2026-08-15T08:35:53.7814930Z duckdb is storing downloaded extensions and secrets under ~/.duckdb:
2026-08-15T08:35:53.7815040Z i /Users/runner/.duckdb
2026-08-15T08:35:53.7815400Z This persists across sessions and is shared with the DuckDB CLI and other clients.
2026-08-15T08:35:53.7815650Z i Run duckdb(shared_home = FALSE) to use a temporary directory instead.
2026-08-15T08:35:53.7815910Z i See ?duckdb_storage for details and alternatives.
2026-08-15T08:35:53.7816190Z duckdb is storing downloaded extensions and secrets under ~/.duckdb:
2026-08-15T08:35:53.7816280Z i /Users/runner/.duckdb
2026-08-15T08:35:53.7816570Z This persists across sessions and is shared with the DuckDB CLI and other clients.
2026-08-15T08:35:53.7816800Z i Run duckdb(shared_home = FALSE) to use a temporary directory instead.
2026-08-15T08:35:53.7816970Z i See ?duckdb_storage for details and alternatives.
2026-08-15T08:35:53.7817210Z duckdb is storing downloaded extensions and secrets under ~/.duckdb:
2026-08-15T08:35:53.7817330Z i /Users/runner/.duckdb
2026-08-15T08:35:53.7817660Z This persists across sessions and is shared with the DuckDB CLI and other clients.
2026-08-15T08:35:53.7818030Z i Run duckdb(shared_home = FALSE) to use a temporary directory instead.
2026-08-15T08:35:53.7818230Z i See ?duckdb_storage for details and alternatives.
2026-08-15T08:35:53.7818470Z duckdb is storing downloaded extensions and secrets under ~/.duckdb:
2026-08-15T08:35:53.7818570Z i /Users/runner/.duckdb
2026-08-15T08:35:53.7818940Z This persists across sessions and is shared with the DuckDB CLI and other clients.
2026-08-15T08:35:53.7819190Z i Run duckdb(shared_home = FALSE) to use a temporary directory instead.
2026-08-15T08:35:53.7819350Z i See ?duckdb_storage for details and alternatives.
2026-08-15T08:35:53.7819590Z duckdb is storing downloaded extensions and secrets under ~/.duckdb:
2026-08-15T08:35:53.7819680Z i /Users/runner/.duckdb
2026-08-15T08:35:53.7819970Z This persists across sessions and is shared with the DuckDB CLI and other clients.
2026-08-15T08:35:53.7820210Z i Run duckdb(shared_home = FALSE) to use a temporary directory instead.
2026-08-15T08:35:53.7820380Z i See ?duckdb_storage for details and alternatives.
2026-08-15T08:35:53.7820610Z duckdb is storing downloaded extensions and secrets under ~/.duckdb:
2026-08-15T08:35:53.7820710Z i /Users/runner/.duckdb
2026-08-15T08:35:53.7820990Z This persists across sessions and is shared with the DuckDB CLI and other clients.
2026-08-15T08:35:53.7821240Z i Run duckdb(shared_home = FALSE) to use a temporary directory instead.
2026-08-15T08:35:53.7821410Z i See ?duckdb_storage for details and alternatives.
2026-08-15T08:35:53.7821650Z duckdb is storing downloaded extensions and secrets under ~/.duckdb:
2026-08-15T08:35:53.7821740Z i /Users/runner/.duckdb
2026-08-15T08:35:53.7822040Z This persists across sessions and is shared with the DuckDB CLI and other clients.
2026-08-15T08:35:53.7822290Z i Run duckdb(shared_home = FALSE) to use a temporary directory instead.
2026-08-15T08:35:53.7822450Z i See ?duckdb_storage for details and alternatives.
2026-08-15T08:35:53.7822680Z duckdb is storing downloaded extensions and secrets under ~/.duckdb:
2026-08-15T08:35:53.7822770Z i /Users/runner/.duckdb
2026-08-15T08:35:53.7823060Z This persists across sessions and is shared with the DuckDB CLI and other clients.
2026-08-15T08:35:53.7823300Z i Run duckdb(shared_home = FALSE) to use a temporary directory instead.
2026-08-15T08:35:53.7823470Z i See ?duckdb_storage for details and alternatives.
2026-08-15T08:35:53.7823790Z duckdb is storing downloaded extensions and secrets under ~/.duckdb:
2026-08-15T08:35:53.7823890Z i /Users/runner/.duckdb
2026-08-15T08:35:53.7824170Z This persists across sessions and is shared with the DuckDB CLI and other clients.
2026-08-15T08:35:53.7824460Z i Run duckdb(shared_home = FALSE) to use a temporary directory instead.
2026-08-15T08:35:53.7824660Z i See ?duckdb_storage for details and alternatives.
2026-08-15T08:35:53.7824910Z duckdb is storing downloaded extensions and secrets under ~/.duckdb:
2026-08-15T08:35:53.7825010Z i /Users/runner/.duckdb
2026-08-15T08:35:53.7825290Z This persists across sessions and is shared with the DuckDB CLI and other clients.
2026-08-15T08:35:53.7825540Z i Run duckdb(shared_home = FALSE) to use a temporary directory instead.
2026-08-15T08:35:53.7825710Z i See ?duckdb_storage for details and alternatives.
2026-08-15T08:35:53.7826140Z duckdb is storing downloaded extensions and secrets under ~/.duckdb:
2026-08-15T08:35:53.7826230Z i /Users/runner/.duckdb
2026-08-15T08:35:53.7826520Z This persists across sessions and is shared with the DuckDB CLI and other clients.
2026-08-15T08:35:53.7826810Z i Run duckdb(shared_home = FALSE) to use a temporary directory instead.
2026-08-15T08:35:53.7827010Z i See ?duckdb_storage for details and alternatives.
2026-08-15T08:35:53.7827230Z duckdb is storing downloaded extensions and secrets under ~/.duckdb:
2026-08-15T08:35:53.7827330Z i /Users/runner/.duckdb
2026-08-15T08:35:53.7827620Z This persists across sessions and is shared with the DuckDB CLI and other clients.
2026-08-15T08:35:53.7827850Z i Run duckdb(shared_home = FALSE) to use a temporary directory instead.
2026-08-15T08:35:53.7828080Z i See ?duckdb_storage for details and alternatives.
2026-08-15T08:35:53.7828320Z duckdb is storing downloaded extensions and secrets under ~/.duckdb:
2026-08-15T08:35:53.7828410Z i /Users/runner/.duckdb
2026-08-15T08:35:53.7828700Z This persists across sessions and is shared with the DuckDB CLI and other clients.
2026-08-15T08:35:53.7828940Z i Run duckdb(shared_home = FALSE) to use a temporary directory instead.
2026-08-15T08:35:53.7829110Z i See ?duckdb_storage for details and alternatives.
2026-08-15T08:35:53.7829340Z duckdb is storing downloaded extensions and secrets under ~/.duckdb:
2026-08-15T08:35:53.7829430Z i /Users/runner/.duckdb
2026-08-15T08:35:53.7829720Z This persists across sessions and is shared with the DuckDB CLI and other clients.
2026-08-15T08:35:53.7829950Z i Run duckdb(shared_home = FALSE) to use a temporary directory instead.
2026-08-15T08:35:53.7830120Z i See ?duckdb_storage for details and alternatives.
2026-08-15T08:35:53.7830350Z duckdb is storing downloaded extensions and secrets under ~/.duckdb:
2026-08-15T08:35:53.7830440Z i /Users/runner/.duckdb
2026-08-15T08:35:53.7830730Z This persists across sessions and is shared with the DuckDB CLI and other clients.
2026-08-15T08:35:53.7830960Z i Run duckdb(shared_home = FALSE) to use a temporary directory instead.
2026-08-15T08:35:53.7831130Z i See ?duckdb_storage for details and alternatives.
2026-08-15T08:35:53.7831360Z duckdb is storing downloaded extensions and secrets under ~/.duckdb:
2026-08-15T08:35:53.7831460Z i /Users/runner/.duckdb
2026-08-15T08:35:53.7831740Z This persists across sessions and is shared with the DuckDB CLI and other clients.
2026-08-15T08:35:53.7831980Z i Run duckdb(shared_home = FALSE) to use a temporary directory instead.
2026-08-15T08:35:53.7832140Z i See ?duckdb_storage for details and alternatives.
2026-08-15T08:35:53.7832410Z duckdb is storing downloaded extensions and secrets under ~/.duckdb:
2026-08-15T08:35:53.7832500Z i /Users/runner/.duckdb
2026-08-15T08:35:53.7832790Z This persists across sessions and is shared with the DuckDB CLI and other clients.
2026-08-15T08:35:53.7833040Z i Run duckdb(shared_home = FALSE) to use a temporary directory instead.
2026-08-15T08:35:53.7833200Z i See ?duckdb_storage for details and alternatives.
2026-08-15T08:35:53.7833440Z duckdb is storing downloaded extensions and secrets under ~/.duckdb:
2026-08-15T08:35:53.7833630Z i /Users/runner/.duckdb
2026-08-15T08:35:53.7834010Z This persists across sessions and is shared with the DuckDB CLI and other clients.
2026-08-15T08:35:53.7834260Z i Run duckdb(shared_home = FALSE) to use a temporary directory instead.
2026-08-15T08:35:53.7834470Z i See ?duckdb_storage for details and alternatives.
2026-08-15T08:35:53.7834750Z duckdb is storing downloaded extensions and secrets under ~/.duckdb:
2026-08-15T08:35:53.7834860Z i /Users/runner/.duckdb
2026-08-15T08:35:53.7835220Z This persists across sessions and is shared with the DuckDB CLI and other clients.
2026-08-15T08:35:53.7835520Z i Run duckdb(shared_home = FALSE) to use a temporary directory instead.
2026-08-15T08:35:53.7835740Z i See ?duckdb_storage for details and alternatives.
2026-08-15T08:35:53.7835980Z duckdb is storing downloaded extensions and secrets under ~/.duckdb:
2026-08-15T08:35:53.7836120Z i /Users/runner/.duckdb
2026-08-15T08:35:53.7836480Z This persists across sessions and is shared with the DuckDB CLI and other clients.
2026-08-15T08:35:53.7836750Z i Run duckdb(shared_home = FALSE) to use a temporary directory instead.
2026-08-15T08:35:53.7836920Z i See ?duckdb_storage for details and alternatives.
2026-08-15T08:35:53.7837210Z duckdb is storing downloaded extensions and secrets under ~/.duckdb:
2026-08-15T08:35:53.7837330Z i /Users/runner/.duckdb
2026-08-15T08:35:53.7837840Z This persists across sessions and is shared with the DuckDB CLI and other clients.
2026-08-15T08:35:53.7838120Z i Run duckdb(shared_home = FALSE) to use a temporary directory instead.
2026-08-15T08:35:53.7838290Z i See ?duckdb_storage for details and alternatives.
2026-08-15T08:35:53.7838740Z duckdb is storing downloaded extensions and secrets under ~/.duckdb:
2026-08-15T08:35:53.7838860Z i /Users/runner/.duckdb
2026-08-15T08:35:53.7839210Z This persists across sessions and is shared with the DuckDB CLI and other clients.
2026-08-15T08:35:53.7839470Z i Run duckdb(shared_home = FALSE) to use a temporary directory instead.
2026-08-15T08:35:53.7839640Z i See ?duckdb_storage for details and alternatives.
2026-08-15T08:35:53.7840260Z duckdb is storing downloaded extensions and secrets under ~/.duckdb:
2026-08-15T08:35:53.7840360Z i /Users/runner/.duckdb
2026-08-15T08:35:53.7840690Z This persists across sessions and is shared with the DuckDB CLI and other clients.
2026-08-15T08:35:53.7840990Z i Run duckdb(shared_home = FALSE) to use a temporary directory instead.
2026-08-15T08:35:53.7841160Z i See ?duckdb_storage for details and alternatives.
2026-08-15T08:35:53.7841440Z duckdb is storing downloaded extensions and secrets under ~/.duckdb:
2026-08-15T08:35:53.7841550Z i /Users/runner/.duckdb
2026-08-15T08:35:53.7841870Z This persists across sessions and is shared with the DuckDB CLI and other clients.
2026-08-15T08:35:53.7842110Z i Run duckdb(shared_home = FALSE) to use a temporary directory instead.
2026-08-15T08:35:53.7842310Z i See ?duckdb_storage for details and alternatives.
2026-08-15T08:35:53.7842890Z duckdb is storing downloaded extensions and secrets under ~/.duckdb:
2026-08-15T08:35:53.7843030Z i /Users/runner/.duckdb
2026-08-15T08:35:53.7843370Z This persists across sessions and is shared with the DuckDB CLI and other clients.
2026-08-15T08:35:53.7843660Z i Run duckdb(shared_home = FALSE) to use a temporary directory instead.
2026-08-15T08:35:53.7843830Z i See ?duckdb_storage for details and alternatives.
2026-08-15T08:35:53.7844060Z duckdb is storing downloaded extensions and secrets under ~/.duckdb:
2026-08-15T08:35:53.7844160Z i /Users/runner/.duckdb
2026-08-15T08:35:53.7844520Z This persists across sessions and is shared with the DuckDB CLI and other clients.
2026-08-15T08:35:53.7844780Z i Run duckdb(shared_home = FALSE) to use a temporary directory instead.
2026-08-15T08:35:53.7844940Z i See ?duckdb_storage for details and alternatives.
2026-08-15T08:35:53.7845180Z duckdb is storing downloaded extensions and secrets under ~/.duckdb:
2026-08-15T08:35:53.7845270Z i /Users/runner/.duckdb
2026-08-15T08:35:53.7845740Z This persists across sessions and is shared with the DuckDB CLI and other clients.
2026-08-15T08:35:53.7846040Z i Run duckdb(shared_home = FALSE) to use a temporary directory instead.
2026-08-15T08:35:53.7846600Z i See ?duckdb_storage for details and alternatives.
2026-08-15T08:35:53.7846880Z duckdb is storing downloaded extensions and secrets under ~/.duckdb:
2026-08-15T08:35:53.7847000Z i /Users/runner/.duckdb
2026-08-15T08:35:53.7847330Z This persists across sessions and is shared with the DuckDB CLI and other clients.
2026-08-15T08:35:53.7847560Z i Run duckdb(shared_home = FALSE) to use a temporary directory instead.
2026-08-15T08:35:53.7847740Z i See ?duckdb_storage for details and alternatives.
2026-08-15T08:35:53.7847970Z duckdb is storing downloaded extensions and secrets under ~/.duckdb:
2026-08-15T08:35:53.7848070Z i /Users/runner/.duckdb
2026-08-15T08:35:53.7848350Z This persists across sessions and is shared with the DuckDB CLI and other clients.
2026-08-15T08:35:53.7848660Z i Run duckdb(shared_home = FALSE) to use a temporary directory instead.
2026-08-15T08:35:53.7848840Z i See ?duckdb_storage for details and alternatives.
2026-08-15T08:35:53.7849140Z duckdb is storing downloaded extensions and secrets under ~/.duckdb:
2026-08-15T08:35:53.7849250Z i /Users/runner/.duckdb
2026-08-15T08:35:53.7849540Z This persists across sessions and is shared with the DuckDB CLI and other clients.
2026-08-15T08:35:53.7849780Z i Run duckdb(shared_home = FALSE) to use a temporary directory instead.
2026-08-15T08:35:53.7849940Z i See ?duckdb_storage for details and alternatives.
2026-08-15T08:35:53.7850180Z duckdb is storing downloaded extensions and secrets under ~/.duckdb:
2026-08-15T08:35:53.7850340Z i /Users/runner/.duckdb
2026-08-15T08:35:53.7850630Z This persists across sessions and is shared with the DuckDB CLI and other clients.
2026-08-15T08:35:53.7850870Z i Run duckdb(shared_home = FALSE) to use a temporary directory instead.
2026-08-15T08:35:53.7851040Z i See ?duckdb_storage for details and alternatives.
2026-08-15T08:35:53.7851280Z duckdb is storing downloaded extensions and secrets under ~/.duckdb:
2026-08-15T08:35:53.7851400Z i /Users/runner/.duckdb
2026-08-15T08:35:53.7851740Z This persists across sessions and is shared with the DuckDB CLI and other clients.
2026-08-15T08:35:53.7852010Z i Run duckdb(shared_home = FALSE) to use a temporary directory instead.
2026-08-15T08:35:53.7852220Z i See ?duckdb_storage for details and alternatives.
2026-08-15T08:35:53.7852510Z duckdb is storing downloaded extensions and secrets under ~/.duckdb:
2026-08-15T08:35:53.7852600Z i /Users/runner/.duckdb
2026-08-15T08:35:53.7852940Z This persists across sessions and is shared with the DuckDB CLI and other clients.
2026-08-15T08:35:53.7853220Z i Run duckdb(shared_home = FALSE) to use a temporary directory instead.
2026-08-15T08:35:53.7853410Z i See ?duckdb_storage for details and alternatives.
2026-08-15T08:35:53.7853700Z duckdb is storing downloaded extensions and secrets under ~/.duckdb:
2026-08-15T08:35:53.7853800Z i /Users/runner/.duckdb
2026-08-15T08:35:53.7854100Z This persists across sessions and is shared with the DuckDB CLI and other clients.
2026-08-15T08:35:53.7854380Z i Run duckdb(shared_home = FALSE) to use a temporary directory instead.
2026-08-15T08:35:53.7854610Z i See ?duckdb_storage for details and alternatives.
2026-08-15T08:35:53.7854840Z duckdb is storing downloaded extensions and secrets under ~/.duckdb:
2026-08-15T08:35:53.7854930Z i /Users/runner/.duckdb
2026-08-15T08:35:53.7855280Z This persists across sessions and is shared with the DuckDB CLI and other clients.
2026-08-15T08:35:53.7855540Z i Run duckdb(shared_home = FALSE) to use a temporary directory instead.
2026-08-15T08:35:53.7855710Z i See ?duckdb_storage for details and alternatives.
2026-08-15T08:35:53.7855940Z duckdb is storing downloaded extensions and secrets under ~/.duckdb:
2026-08-15T08:35:53.7856060Z i /Users/runner/.duckdb
2026-08-15T08:35:53.7856410Z This persists across sessions and is shared with the DuckDB CLI and other clients.
2026-08-15T08:35:53.7856820Z i Run duckdb(shared_home = FALSE) to use a temporary directory instead.
2026-08-15T08:35:53.7857000Z i See ?duckdb_storage for details and alternatives.
2026-08-15T08:35:53.7857260Z duckdb is storing downloaded extensions and secrets under ~/.duckdb:
2026-08-15T08:35:53.7857370Z i /Users/runner/.duckdb
2026-08-15T08:35:53.7857710Z This persists across sessions and is shared with the DuckDB CLI and other clients.
2026-08-15T08:35:53.7858010Z i Run duckdb(shared_home = FALSE) to use a temporary directory instead.
2026-08-15T08:35:53.7858210Z i See ?duckdb_storage for details and alternatives.
2026-08-15T08:35:53.7858370Z [ FAIL 0 | WARN 0 | SKIP 64 | PASS 5828 ]
2026-08-15T08:35:53.7858380Z 
2026-08-15T08:35:53.7859210Z ══ Skipped tests (64) ══════════════════════════════════════════════════════════
2026-08-15T08:35:53.7859690Z • DBItest::run_tests(): by request: arrow_send_query_stale_warning,
2026-08-15T08:35:53.7860070Z   arrow_send_query_only_one_result_set, arrow_send_query_immediate,
2026-08-15T08:35:53.7860310Z   arrow_get_query_arrow_immediate, arrow_read_table_arrow,
2026-08-15T08:35:53.7860540Z   arrow_read_table_arrow_missing, arrow_read_table_arrow_empty,
2026-08-15T08:35:53.7860710Z   arrow_read_table_arrow_closed_connection,
2026-08-15T08:35:53.7861010Z   arrow_read_table_arrow_invalid_connection, arrow_read_table_arrow_error,
2026-08-15T08:35:53.7861270Z   arrow_read_table_arrow_name, arrow_write_table_arrow_return,
2026-08-15T08:35:53.7861440Z   arrow_write_table_arrow_error_overwrite,
2026-08-15T08:35:53.7861770Z   arrow_write_table_arrow_append_incompatible, arrow_write_table_arrow_error,
2026-08-15T08:35:53.7862100Z   arrow_write_table_arrow_name, arrow_write_table_arrow_name_quoted,
2026-08-15T08:35:53.7862410Z   arrow_write_table_arrow_value_df, arrow_write_table_arrow_overwrite,
2026-08-15T08:35:53.7862740Z   arrow_write_table_arrow_overwrite_missing, arrow_write_table_arrow_append,
2026-08-15T08:35:53.7863060Z   arrow_write_table_arrow_append_new, arrow_write_table_arrow_temporary_1,
2026-08-15T08:35:53.7863210Z   arrow_write_table_arrow_temporary_2,
2026-08-15T08:35:53.7863390Z   arrow_write_table_arrow_visible_in_other_connection_1,
2026-08-15T08:35:53.7863630Z   arrow_write_table_arrow_visible_in_other_connection_2,
2026-08-15T08:35:53.7863850Z   arrow_write_table_arrow_visible_in_other_connection_3,
2026-08-15T08:35:53.7864010Z   arrow_write_table_arrow_roundtrip_keywords,
2026-08-15T08:35:53.7864150Z   arrow_write_table_arrow_roundtrip_quotes,
2026-08-15T08:35:53.7864360Z   arrow_write_table_arrow_roundtrip_quotes_table_names,
2026-08-15T08:35:53.7864580Z   arrow_write_table_arrow_roundtrip_quotes_column_names,
2026-08-15T08:35:53.7864750Z   arrow_write_table_arrow_roundtrip_integer,
2026-08-15T08:35:53.7864890Z   arrow_write_table_arrow_roundtrip_numeric,
2026-08-15T08:35:53.7865040Z   arrow_write_table_arrow_roundtrip_logical,
2026-08-15T08:35:53.7865220Z   arrow_write_table_arrow_roundtrip_null,
2026-08-15T08:35:53.7865450Z   arrow_write_table_arrow_roundtrip_64_bit_roundtrip,
2026-08-15T08:35:53.7865600Z   arrow_write_table_arrow_roundtrip_character,
2026-08-15T08:35:53.7865780Z   arrow_write_table_arrow_roundtrip_character_native,
2026-08-15T08:35:53.7865990Z   arrow_write_table_arrow_roundtrip_character_empty,
2026-08-15T08:35:53.7866230Z   arrow_write_table_arrow_roundtrip_character_empty_after,
2026-08-15T08:35:53.7866370Z   arrow_write_table_arrow_roundtrip_factor,
2026-08-15T08:35:53.7866500Z   arrow_write_table_arrow_roundtrip_blob,
2026-08-15T08:35:53.7866670Z   arrow_write_table_arrow_roundtrip_date,
2026-08-15T08:35:53.7866870Z   arrow_write_table_arrow_roundtrip_date_extended,
2026-08-15T08:35:53.7867030Z   arrow_write_table_arrow_roundtrip_time,
2026-08-15T08:35:53.7867220Z   arrow_write_table_arrow_roundtrip_timestamp,
2026-08-15T08:35:53.7867450Z   arrow_write_table_arrow_roundtrip_timestamp_extended,
2026-08-15T08:35:53.7867740Z   arrow_write_table_arrow_roundtrip_mixed, arrow_create_table_arrow_error,
2026-08-15T08:35:53.7868150Z   arrow_create_table_arrow_temporary_1, arrow_create_table_arrow_temporary_2,
2026-08-15T08:35:53.7868380Z   arrow_create_table_arrow_visible_in_other_connection_1,
2026-08-15T08:35:53.7868600Z   arrow_create_table_arrow_visible_in_other_connection_2,
2026-08-15T08:35:53.7868790Z   arrow_create_table_arrow_visible_in_other_connection_3,
2026-08-15T08:35:53.7869070Z   arrow_append_table_arrow_return, arrow_append_table_arrow_missing,
2026-08-15T08:35:53.7869390Z   arrow_append_table_arrow_error, arrow_append_table_arrow_roundtrip_quotes,
2026-08-15T08:35:53.7869570Z   arrow_append_table_arrow_roundtrip_64_bit_roundtrip,
2026-08-15T08:35:53.7869740Z   arrow_append_table_arrow_roundtrip_time,
2026-08-15T08:35:53.7869970Z   arrow_append_table_arrow_roundtrip_timestamp_extended,
2026-08-15T08:35:53.7870240Z   arrow_append_table_arrow_roundtrip_mixed (1): 'test-DBItest.R:4:3'
2026-08-15T08:35:53.7870660Z • DBItest::run_tests(): by request: begin_write_commit_1, begin_write_commit_2,
2026-08-15T08:35:53.7871300Z   begin_write_rollback, begin_write_disconnect_1, begin_write_disconnect_2,
2026-08-15T08:35:53.7871620Z   with_transaction_success, with_transaction_failure, with_transaction_break
2026-08-15T08:35:53.7871760Z   (1): 'test-DBItest.R:4:3'
2026-08-15T08:35:53.7872130Z • DBItest::run_tests(): by request: bind_return_value_statement,
2026-08-15T08:35:53.7872370Z   bind_multi_row_unequal_length, bind_multi_row_statement,
2026-08-15T08:35:53.7872750Z   bind_repeated_statement, bind_repeated_untouched_statement, bind_factor,
2026-08-15T08:35:53.7872970Z   arrow_bind_multi_row_unequal_length, arrow_bind_factor,
2026-08-15T08:35:53.7873250Z   stream_bind_return_value_statement, stream_bind_multi_row_statement,
2026-08-15T08:35:53.7873650Z   stream_bind_repeated_statement, stream_bind_repeated_untouched_statement,
2026-08-15T08:35:53.7873920Z   column_info, column_info_row_names, column_info_consistent,
2026-08-15T08:35:53.7874120Z   rows_affected_statement (1): 'test-DBItest.R:4:3'
2026-08-15T08:35:53.7874490Z • DBItest::run_tests(): by request: constructor, connect_bigint_integer,
2026-08-15T08:35:53.7874830Z   connect_bigint_character, connect_bigint_integer64 (1): 'test-DBItest.R:4:3'
2026-08-15T08:35:53.7875200Z • DBItest::run_tests(): by request: package_dependencies, package_name (1):
2026-08-15T08:35:53.7875290Z   'test-DBItest.R:4:3'
2026-08-15T08:35:53.7875600Z • DBItest::run_tests(): by request: read_table, read_table_missing,
2026-08-15T08:35:53.7875800Z   read_table_empty, read_table_row_names_false,
2026-08-15T08:35:53.7876040Z   read_table_row_names_true_exists, read_table_row_names_true_missing,
2026-08-15T08:35:53.7876310Z   read_table_row_names_na_exists, read_table_row_names_na_missing,
2026-08-15T08:35:53.7876610Z   read_table_row_names_string_exists, read_table_row_names_string_missing,
2026-08-15T08:35:53.7876790Z   read_table_row_names_default, read_table_check_names,
2026-08-15T08:35:53.7877040Z   read_table_check_names_false, read_table_closed_connection,
2026-08-15T08:35:53.7877320Z   read_table_invalid_connection, read_table_error, read_table_name,
2026-08-15T08:35:53.7877620Z   create_table_error, create_table_temporary_1, create_table_temporary_2,
2026-08-15T08:35:53.7878050Z   create_table_row_names_non_null, append_table_missing, append_table_error,
2026-08-15T08:35:53.7878300Z   append_roundtrip_quotes, append_roundtrip_64_bit_numeric,
2026-08-15T08:35:53.7878590Z   append_roundtrip_64_bit_character, append_roundtrip_64_bit_roundtrip,
2026-08-15T08:35:53.7878890Z   append_roundtrip_factor, append_roundtrip_time, append_roundtrip_mixed,
2026-08-15T08:35:53.7879180Z   write_table_return, write_table_overwrite, write_table_append_incompatible,
2026-08-15T08:35:53.7879440Z   write_table_error, write_table_name, write_table_name_quoted,
2026-08-15T08:35:53.7879740Z   write_table_value_df, overwrite_table, overwrite_table_missing, append_table,
2026-08-15T08:35:53.7879980Z   append_table_new, temporary_table_1, temporary_table_2,
2026-08-15T08:35:53.7880280Z   table_visible_in_other_connection_1, table_visible_in_other_connection_2,
2026-08-15T08:35:53.7880710Z   table_visible_in_other_connection_3, roundtrip_keywords, roundtrip_quotes,
2026-08-15T08:35:53.7880940Z   roundtrip_quotes_table_names, roundtrip_quotes_column_names,
2026-08-15T08:35:53.7881270Z   roundtrip_integer, roundtrip_numeric, roundtrip_logical, roundtrip_null,
2026-08-15T08:35:53.7881470Z   roundtrip_64_bit_numeric, roundtrip_64_bit_character,
2026-08-15T08:35:53.7881810Z   roundtrip_64_bit_roundtrip, roundtrip_character, roundtrip_character_native,
2026-08-15T08:35:53.7882120Z   roundtrip_character_empty, roundtrip_character_empty_after, roundtrip_factor,
2026-08-15T08:35:53.7882370Z   roundtrip_raw, roundtrip_blob, roundtrip_date, roundtrip_date_extended,
2026-08-15T08:35:53.7882630Z   roundtrip_time, roundtrip_timestamp, roundtrip_timestamp_extended,
2026-08-15T08:35:53.7882920Z   roundtrip_mixed, roundtrip_field_types, write_table_row_names_false,
2026-08-15T08:35:53.7883220Z   write_table_row_names_true_exists, write_table_row_names_true_missing,
2026-08-15T08:35:53.7883440Z   write_table_row_names_na_exists, write_table_row_names_na_missing,
2026-08-15T08:35:53.7883740Z   write_table_row_names_string_exists, write_table_row_names_string_missing,
2026-08-15T08:35:53.7884000Z   write_table_row_names_default, list_tables_1, list_tables_2,
2026-08-15T08:35:53.7884250Z   list_tables_temporary, list_tables_quote, exists_table_1, exists_table_2,
2026-08-15T08:35:53.7884470Z   exists_table_temporary, exists_table_error, exists_table_name,
2026-08-15T08:35:53.7884710Z   exists_table_list, remove_table_return, remove_table_missing,
2026-08-15T08:35:53.7884990Z   remove_table_closed_connection, remove_table_invalid_connection,
2026-08-15T08:35:53.7885490Z   remove_table_error, remove_table_temporary_arg, remove_table_missing_succeed,
2026-08-15T08:35:53.7885800Z   remove_table_list, remove_table_other_con, remove_table_temporary,
2026-08-15T08:35:53.7886060Z   remove_table_name, remove_table_name_quoted, list_objects_1, list_objects_2,
2026-08-15T08:35:53.7886300Z   list_objects_temporary, list_objects_quote, list_objects_features,
2026-08-15T08:35:53.7886500Z   list_fields, list_fields_temporary, list_fields_wrong_table,
2026-08-15T08:35:53.7886730Z   list_fields_quoted, list_fields_object, list_fields_row_names (1):
2026-08-15T08:35:53.7886830Z   'test-DBItest.R:4:3'
2026-08-15T08:35:53.7887180Z • DBItest::run_tests(): by request: reexport (1): 'test-DBItest.R:4:3'
2026-08-15T08:35:53.7887540Z • DBItest::run_tests(): by request: send_query_stale_warning,
2026-08-15T08:35:53.7887740Z   send_query_only_one_result_set, send_query_immediate,
2026-08-15T08:35:53.7888050Z   clear_result_return_query_arrow, cannot_clear_result_twice_query_arrow,
2026-08-15T08:35:53.7888260Z   get_query_immediate, send_statement_stale_warning,
2026-08-15T08:35:53.7888590Z   send_statement_only_one_result_set, send_statement_params, execute_params,
2026-08-15T08:35:53.7888810Z   data_date_current, data_time_current, data_date_current_typed,
2026-08-15T08:35:53.7889080Z   data_64_bit_numeric_warning, data_64_bit_lossless (1): 'test-DBItest.R:4:3'
2026-08-15T08:35:53.7889240Z • empty test (1): 'test-factor.R:82:1'
2026-08-15T08:35:53.7889440Z • ICU not loaded (1): 'test-register_arrow.R:914:3'
2026-08-15T08:35:53.7889740Z • interactive() is not TRUE (2): 'test-connect.R:5:3', 'test-connect.R:15:3'
2026-08-15T08:35:53.7890040Z • Internal: Need to enhance test_arrow_roundtrip() (4): 'test-DBItest.R:4:3',
2026-08-15T08:35:53.7890290Z   'test-DBItest.R:4:3', 'test-DBItest.R:4:3', 'test-DBItest.R:4:3'
2026-08-15T08:35:53.7890480Z • Not running from the package source tree. (3):
2026-08-15T08:35:53.7890740Z   'test-flavor-package-name.R:23:3', 'test-flavor-package-name.R:32:3',
2026-08-15T08:35:53.7890880Z   'test-flavor-package-name.R:41:3'
2026-08-15T08:35:53.7891060Z • packageVersion("dbplyr") >= "2.4.0" is TRUE (2):
2026-08-15T08:35:53.7891330Z   'test-tbl__duckdb_connection.R:55:3', 'test-tbl__duckdb_connection.R:81:3'
2026-08-15T08:35:53.7891620Z • TEST_RE2 is not TRUE (43): 'test-arrow.R:282:3', 'test-connect.R:59:3',
2026-08-15T08:35:53.7891970Z   'test-connect.R:79:3', 'test-connect.R:99:3', 'test-connect.R:119:3',
2026-08-15T08:35:53.7892220Z   'test-connect.R:144:3', 'test-connect.R:167:3', 'test-connect.R:191:3',
2026-08-15T08:35:53.7892460Z   'test-dbwritetable.R:2:3', 'test-factor.R:2:3', 'test-factor.R:24:3',
2026-08-15T08:35:53.7892710Z   'test-factor.R:38:3', 'test-factor.R:70:3', 'test-multi_statement.R:44:3',
2026-08-15T08:35:53.7892920Z   'test-read.R:2:3', 'test-read.R:140:3', 'test-readonly.R:2:3',
2026-08-15T08:35:53.7893130Z   'test-register_arrow.R:11:3', 'test-register_arrow.R:38:3',
2026-08-15T08:35:53.7893310Z   'test-register_arrow.R:63:3', 'test-register.R:40:3',
2026-08-15T08:35:53.7893570Z   'test-rel_api.R:7572:3', 'test-rel_api.R:7659:3', 'test-rel_api.R:7749:3',
2026-08-15T08:35:53.7893840Z   'test-rel_api.R:7839:3', 'test-rel_api.R:7929:3', 'test-rel_api.R:11050:3',
2026-08-15T08:35:53.7894230Z   'test-rel_api.R:11142:3', 'test-rel_api.R:11237:3', 'test-rel_api.R:11332:3',
2026-08-15T08:35:53.7894530Z   'test-rel_api.R:11427:3', 'test-shutdown.R:2:3', 'test-struct.R:186:3',
2026-08-15T08:35:53.7894780Z   'test-struct.R:205:3', 'test-tbl__duckdb_connection.R:8:3',
2026-08-15T08:35:53.7895060Z   'test-tbl__duckdb_connection.R:106:3', 'test-tbl__duckdb_connection.R:158:3',
2026-08-15T08:35:53.7895290Z   'test-timestamp.R:2:3', 'test-viewer.R:2:3', 'test-viewer.R:16:3',
2026-08-15T08:35:53.7895510Z   'test-viewer.R:49:3', 'test-viewer.R:78:3', 'test-viewer.R:96:3'
2026-08-15T08:35:53.7895520Z 
2026-08-15T08:35:53.7895650Z [ FAIL 0 | WARN 0 | SKIP 64 | PASS 5828 ]
2026-08-15T08:35:53.7895720Z > 
2026-08-15T08:35:53.7895800Z > proc.time()
2026-08-15T08:35:53.7895960Z    user  system elapsed 
2026-08-15T08:35:53.7896060Z  49.181  15.040  63.293 
2026-08-15T08:35:53.7896480Z ##[endgroup]
2026-08-15T08:35:53.7902040Z ##[end-action id=__self_5.__run;outcome=success;conclusion=success;duration_ms=99]
2026-08-15T08:35:53.7903670Z ##[start-action display=Upload check results;id=__self_5.__actions_upload-artifact]
2026-08-15T08:35:53.7905610Z ##[end-action id=__self_5.__actions_upload-artifact;outcome=skipped;conclusion=skipped;duration_ms=0]
2026-08-15T08:35:53.8090760Z Post job cleanup.
2026-08-15T08:35:53.8094790Z ##[start-action display=Install persistent ccache;id=__a4be1098-5077-4070-9a7e-acef404080cd.__hendrikmuhs_ccache-action]
2026-08-15T08:35:53.8284940Z Node 20 is being deprecated. This workflow is running with Node 24 by default. If you need to temporarily use Node 20, you can set the ACTIONS_ALLOW_USE_UNSECURE_NODE_VERSION=true environment variable. For more information see: https://github.blog/changelog/2025-09-19-deprecation-of-node-20-on-github-actions-runners/
2026-08-15T08:35:53.8285060Z Post job cleanup.
2026-08-15T08:35:54.3923770Z (node:43454) [DEP0040] DeprecationWarning: The `punycode` module is deprecated. Please use a userland alternative instead.
2026-08-15T08:35:54.3924730Z (Use `node --trace-deprecation ...` to show where the warning was created)
2026-08-15T08:35:54.4160310Z ##[group]ccache stats
2026-08-15T08:35:54.4182440Z [command]/opt/homebrew/bin/ccache -s -v
2026-08-15T08:35:54.5051470Z Cache directory:       /Users/runner/work/duckdb-r/duckdb-r/.ccache
2026-08-15T08:35:54.5052270Z Config file:           /Users/runner/Library/Preferences/ccache/ccache.conf
2026-08-15T08:35:54.5052730Z Directory config file:
2026-08-15T08:35:54.5053090Z System config file:    /opt/homebrew/etc/ccache.conf
2026-08-15T08:35:54.5053530Z Stats updated:         Sat Aug 15 08:34:11 2026
2026-08-15T08:35:54.5053850Z Cacheable calls:       373 / 383 (97.39%)
2026-08-15T08:35:54.5054140Z   Hits:                  1 / 373 ( 0.27%)
2026-08-15T08:35:54.5054410Z     Direct:              1 /   1 (100.0%)
2026-08-15T08:35:54.5054760Z     Preprocessed:        0 /   1 ( 0.00%)
2026-08-15T08:35:54.5055040Z   Misses:              372 / 373 (99.73%)
2026-08-15T08:35:54.5055320Z Uncacheable calls:      10 / 383 ( 2.61%)
2026-08-15T08:35:54.5055600Z   Called for linking:    5 /  10 (50.00%)
2026-08-15T08:35:54.5056250Z   No input file:         5 /  10 (50.00%)
2026-08-15T08:35:54.5056520Z Successful lookups:
2026-08-15T08:35:54.5056770Z   Direct:                1 / 373 ( 0.27%)
2026-08-15T08:35:54.5057070Z   Preprocessed:          0 / 372 ( 0.00%)
2026-08-15T08:35:54.5057360Z Local storage:
2026-08-15T08:35:54.5057620Z   Cache size (GB):     0.3 / 0.2 (136.9%)
2026-08-15T08:35:54.5057930Z   Files:               423
2026-08-15T08:35:54.5058280Z   Cleanups:            104
2026-08-15T08:35:54.5058580Z   Hits:                  1 / 373 ( 0.27%)
2026-08-15T08:35:54.5058920Z   Misses:              372 / 373 (99.73%)
2026-08-15T08:35:54.5059210Z   Reads:               746
2026-08-15T08:35:54.5059500Z   Writes:              740
2026-08-15T08:35:54.5059970Z ##[endgroup]
2026-08-15T08:35:54.5329310Z Save cache using key "ccache-macOS-Apple-clang-version-21.0.0-(clang-2100.1.1.101)-R-4.6.1-2026-08-15T08:35:54.526Z".
2026-08-15T08:35:54.5785030Z [command]/opt/homebrew/bin/gtar --posix -cf cache.tzst --exclude cache.tzst -P -C /Users/runner/work/duckdb-r/duckdb-r --files-from manifest.txt --delay-directory-restore --use-compress-program zstdmt
2026-08-15T08:35:55.5178070Z ##[warning]Failed to save: <h2>Our services aren't available right now</h2><p>We're working to restore all services as soon as possible. Please check back soon.</p>06ySAagAAAABYK6GI6lEORq39WtXc1QNcU04xRURHRTE0MjIARWRnZQ==
2026-08-15T08:35:55.5237020Z ##[end-action id=__a4be1098-5077-4070-9a7e-acef404080cd.__hendrikmuhs_ccache-action;outcome=success;conclusion=success;duration_ms=1714]
2026-08-15T08:35:55.5239650Z ##[start-action display=Cache duckdb archive;id=__a4be1098-5077-4070-9a7e-acef404080cd.__actions_cache]
2026-08-15T08:35:55.5293890Z Node 20 is being deprecated. This workflow is running with Node 24 by default. If you need to temporarily use Node 20, you can set the ACTIONS_ALLOW_USE_UNSECURE_NODE_VERSION=true environment variable. For more information see: https://github.blog/changelog/2025-09-19-deprecation-of-node-20-on-github-actions-runners/
2026-08-15T08:35:55.5295190Z Post job cleanup.
2026-08-15T08:35:55.6511790Z (node:43471) [DEP0040] DeprecationWarning: The `punycode` module is deprecated. Please use a userland alternative instead.
2026-08-15T08:35:55.6512620Z (Use `node --trace-deprecation ...` to show where the warning was created)
2026-08-15T08:35:55.6635620Z [command]/opt/homebrew/bin/gtar --posix -cf cache.tzst --exclude cache.tzst -P -C /Users/runner/work/duckdb-r/duckdb-r --files-from manifest.txt --delay-directory-restore --use-compress-program zstdmt
2026-08-15T08:35:59.1939690Z (node:43471) [DEP0169] DeprecationWarning: `url.parse()` behavior is not standardized and prone to errors that have security implications. Use the WHATWG URL API instead. CVEs are not issued for `url.parse()` vulnerabilities.
2026-08-15T08:36:00.1815990Z Sent 0 of 304705203 (0.0%), 0.0 MBs/sec
2026-08-15T08:36:01.1947210Z Sent 36269747 of 304705203 (11.9%), 17.2 MBs/sec
2026-08-15T08:36:01.6374510Z Sent 304705203 of 304705203 (100.0%), 118.2 MBs/sec
2026-08-15T08:36:01.7362410Z Cache saved with key: duckdb-tar-R4.6.1-macOS-Apple-clang-version-21.0.0-(clang-2100.1.1.101)-d40871adbc7223fb389850183a85b02181cf736adda00f8dfbc2be6c045f5388
2026-08-15T08:36:01.7431520Z ##[end-action id=__a4be1098-5077-4070-9a7e-acef404080cd.__actions_cache;outcome=success;conclusion=success;duration_ms=6218]
2026-08-15T08:36:01.7728270Z Post job cleanup.
2026-08-15T08:36:01.7737590Z ##[start-action display=Install ccache;id=__5b9929c8-1b38-47c8-a1f6-719ebeab8fb1.__hendrikmuhs_ccache-action]
2026-08-15T08:36:01.7939700Z Post job cleanup.
2026-08-15T08:36:02.0535090Z ##[group]ccache stats
2026-08-15T08:36:02.0567860Z [command]/opt/homebrew/bin/ccache -s -v
2026-08-15T08:36:02.0796940Z Cache directory:       /Users/runner/work/duckdb-r/duckdb-r/.ccache
2026-08-15T08:36:02.0800790Z Config file:           /Users/runner/Library/Preferences/ccache/ccache.conf
2026-08-15T08:36:02.0808440Z Directory config file:
2026-08-15T08:36:02.0843300Z System config file:    /opt/homebrew/etc/ccache.conf
2026-08-15T08:36:02.0849620Z Stats updated:         Sat Aug 15 08:34:11 2026
2026-08-15T08:36:02.0880060Z Cacheable calls:       373 / 383 (97.39%)
2026-08-15T08:36:02.0887390Z   Hits:                  1 / 373 ( 0.27%)
2026-08-15T08:36:02.0899080Z     Direct:              1 /   1 (100.0%)
2026-08-15T08:36:02.0935610Z     Preprocessed:        0 /   1 ( 0.00%)
2026-08-15T08:36:02.0946520Z   Misses:              372 / 373 (99.73%)
2026-08-15T08:36:02.1007970Z Uncacheable calls:      10 / 383 ( 2.61%)
2026-08-15T08:36:02.1019200Z   Called for linking:    5 /  10 (50.00%)
2026-08-15T08:36:02.1039960Z   No input file:         5 /  10 (50.00%)
2026-08-15T08:36:02.1041490Z Successful lookups:
2026-08-15T08:36:02.1041860Z   Direct:                1 / 373 ( 0.27%)
2026-08-15T08:36:02.1042260Z   Preprocessed:          0 / 372 ( 0.00%)
2026-08-15T08:36:02.1042590Z Local storage:
2026-08-15T08:36:02.1042980Z   Cache size (GB):     0.3 / 0.2 (136.9%)
2026-08-15T08:36:02.1043670Z   Files:               423
2026-08-15T08:36:02.1044180Z   Cleanups:            104
2026-08-15T08:36:02.1044530Z   Hits:                  1 / 373 ( 0.27%)
2026-08-15T08:36:02.1046610Z   Misses:              372 / 373 (99.73%)
2026-08-15T08:36:02.1047930Z   Reads:               746
2026-08-15T08:36:02.1048540Z   Writes:              740
2026-08-15T08:36:02.1049570Z [command]/opt/homebrew/bin/ccache --version
2026-08-15T08:36:02.1056100Z ccache version 4.13.6
2026-08-15T08:36:02.1059000Z Features: crsh-storage file-storage http-storage redis+unix-storage redis-storage remote-storage
2026-08-15T08:36:02.1059640Z 
2026-08-15T08:36:02.1059930Z Copyright (C) 2002-2007 Andrew Tridgell
2026-08-15T08:36:02.1067090Z Copyright (C) 2009-2026 Joel Rosdahl and other contributors
2026-08-15T08:36:02.1168450Z 
2026-08-15T08:36:02.1260030Z See <https://ccache.dev/credits.html> for a complete list of contributors.
2026-08-15T08:36:02.1365160Z 
2026-08-15T08:36:02.1407900Z This program is free software; you can redistribute it and/or modify it under
2026-08-15T08:36:02.1414130Z the terms of the GNU General Public License as published by the Free Software
2026-08-15T08:36:02.1414840Z Foundation; either version 3 of the License, or (at your option) any later
2026-08-15T08:36:02.1415310Z version.
2026-08-15T08:36:02.1415990Z ##[endgroup]
2026-08-15T08:36:02.1416410Z Not saving cache because 'save' is set to 'false'.
2026-08-15T08:36:02.1433340Z ##[end-action id=__5b9929c8-1b38-47c8-a1f6-719ebeab8fb1.__hendrikmuhs_ccache-action;outcome=success;conclusion=success;duration_ms=369]
2026-08-15T08:36:02.1436800Z ##[start-action display=Run r-lib/actions/setup-r-dependencies@v2;id=__5b9929c8-1b38-47c8-a1f6-719ebeab8fb1.__r-lib_actions_3]
2026-08-15T08:36:02.1640000Z Post job cleanup.
2026-08-15T08:36:02.1642860Z ##[start-action display=R package cache;id=__5b9929c8-1b38-47c8-a1f6-719ebeab8fb1.__r-lib_actions_3.__actions_cache]
2026-08-15T08:36:02.5049260Z Post job cleanup.
2026-08-15T08:36:02.8440540Z [command]/opt/homebrew/bin/gtar --posix -cf cache.tzst --exclude cache.tzst -P -C /Users/runner/work/duckdb-r/duckdb-r --files-from manifest.txt --delay-directory-restore --use-compress-program zstdmt
2026-08-15T08:36:05.9913910Z Sent 71434240 of 128973732 (55.4%), 67.9 MBs/sec
2026-08-15T08:36:06.9926950Z Sent 128973732 of 128973732 (100.0%), 61.3 MBs/sec
2026-08-15T08:36:07.2349750Z Cache saved with key: macOS Tahoe 26.5.2-R version 4.6.1 (2026-06-24)-aarch64-rcc-full-1-7a8984e52e98405bb67e9dfa7d243c1b8609fd941247cb35dea823e65b114fdd
2026-08-15T08:36:07.2383860Z ##[end-action id=__5b9929c8-1b38-47c8-a1f6-719ebeab8fb1.__r-lib_actions_3.__actions_cache;outcome=success;conclusion=success;duration_ms=5074]
2026-08-15T08:36:07.2388030Z ##[end-action id=__5b9929c8-1b38-47c8-a1f6-719ebeab8fb1.__r-lib_actions_3;outcome=success;conclusion=success;duration_ms=5095]
2026-08-15T08:36:07.2512640Z Post job cleanup.
2026-08-15T08:36:07.3989550Z [command]/opt/homebrew/bin/git version
2026-08-15T08:36:07.4448100Z git version 2.55.0
2026-08-15T08:36:07.4488200Z Copying '/Users/runner/.gitconfig' to '/Users/runner/work/_temp/b027f4aa-af7b-4957-8bef-9c546084d846/.gitconfig'
2026-08-15T08:36:07.4503290Z Temporarily overriding HOME='/Users/runner/work/_temp/b027f4aa-af7b-4957-8bef-9c546084d846' before making global git config changes
2026-08-15T08:36:07.4505300Z Adding repository directory to the temporary git global config as a safe directory
2026-08-15T08:36:07.4512120Z [command]/opt/homebrew/bin/git config --global --add safe.directory /Users/runner/work/duckdb-r/duckdb-r
2026-08-15T08:36:07.4703270Z Removing SSH command configuration
2026-08-15T08:36:07.4718190Z [command]/opt/homebrew/bin/git config --local --name-only --get-regexp core\.sshCommand
2026-08-15T08:36:07.4879160Z [command]/opt/homebrew/bin/git submodule foreach --recursive sh -c "git config --local --name-only --get-regexp 'core\.sshCommand' && git config --local --unset-all 'core.sshCommand' || :"
2026-08-15T08:36:07.6663720Z Removing HTTP extra header
2026-08-15T08:36:07.6672500Z [command]/opt/homebrew/bin/git config --local --name-only --get-regexp http\.https\:\/\/github\.com\/\.extraheader
2026-08-15T08:36:07.6852420Z [command]/opt/homebrew/bin/git submodule foreach --recursive sh -c "git config --local --name-only --get-regexp 'http\.https\:\/\/github\.com\/\.extraheader' && git config --local --unset-all 'http.https://github.com/.extraheader' || :"
2026-08-15T08:36:07.8040430Z Removing includeIf entries pointing to credentials config files
2026-08-15T08:36:07.8046740Z [command]/opt/homebrew/bin/git config --local --name-only --get-regexp ^includeIf\.gitdir:
2026-08-15T08:36:07.8114680Z includeif.gitdir:/Users/runner/work/duckdb-r/duckdb-r/.git.path
2026-08-15T08:36:07.8115730Z includeif.gitdir:/Users/runner/work/duckdb-r/duckdb-r/.git/worktrees/*.path
2026-08-15T08:36:07.8116320Z includeif.gitdir:/github/workspace/.git.path
2026-08-15T08:36:07.8116780Z includeif.gitdir:/github/workspace/.git/worktrees/*.path
2026-08-15T08:36:07.8124340Z [command]/opt/homebrew/bin/git config --local --get-all includeif.gitdir:/Users/runner/work/duckdb-r/duckdb-r/.git.path
2026-08-15T08:36:07.8201820Z /Users/runner/work/_temp/git-credentials-c23145fd-e241-4983-a15b-0c0ad2ae0f85.config
2026-08-15T08:36:07.8212340Z [command]/opt/homebrew/bin/git config --local --unset includeif.gitdir:/Users/runner/work/duckdb-r/duckdb-r/.git.path /Users/runner/work/_temp/git-credentials-c23145fd-e241-4983-a15b-0c0ad2ae0f85.config
2026-08-15T08:36:07.8302220Z [command]/opt/homebrew/bin/git config --local --get-all includeif.gitdir:/Users/runner/work/duckdb-r/duckdb-r/.git/worktrees/*.path
2026-08-15T08:36:07.8360290Z /Users/runner/work/_temp/git-credentials-c23145fd-e241-4983-a15b-0c0ad2ae0f85.config
2026-08-15T08:36:07.8368880Z [command]/opt/homebrew/bin/git config --local --unset includeif.gitdir:/Users/runner/work/duckdb-r/duckdb-r/.git/worktrees/*.path /Users/runner/work/_temp/git-credentials-c23145fd-e241-4983-a15b-0c0ad2ae0f85.config
2026-08-15T08:36:07.8438090Z [command]/opt/homebrew/bin/git config --local --get-all includeif.gitdir:/github/workspace/.git.path
2026-08-15T08:36:07.8497660Z /github/runner_temp/git-credentials-c23145fd-e241-4983-a15b-0c0ad2ae0f85.config
2026-08-15T08:36:07.8504660Z [command]/opt/homebrew/bin/git config --local --unset includeif.gitdir:/github/workspace/.git.path /github/runner_temp/git-credentials-c23145fd-e241-4983-a15b-0c0ad2ae0f85.config
2026-08-15T08:36:07.8573500Z [command]/opt/homebrew/bin/git config --local --get-all includeif.gitdir:/github/workspace/.git/worktrees/*.path
2026-08-15T08:36:07.8638880Z /github/runner_temp/git-credentials-c23145fd-e241-4983-a15b-0c0ad2ae0f85.config
2026-08-15T08:36:07.8643630Z [command]/opt/homebrew/bin/git config --local --unset includeif.gitdir:/github/workspace/.git/worktrees/*.path /github/runner_temp/git-credentials-c23145fd-e241-4983-a15b-0c0ad2ae0f85.config
2026-08-15T08:36:07.8714320Z [command]/opt/homebrew/bin/git submodule foreach --recursive git config --local --show-origin --name-only --get-regexp remote.origin.url
2026-08-15T08:36:07.9486750Z Removing credentials config '/Users/runner/work/_temp/git-credentials-c23145fd-e241-4983-a15b-0c0ad2ae0f85.config'
2026-08-15T08:36:07.9583130Z Cleaning up orphan processes
2026-08-15T08:36:09.2323520Z ##[warning]Node.js 20 is deprecated. The following actions target Node.js 20 but are being forced to run on Node.js 24: actions/cache@v4, hendrikmuhs/ccache-action@v1.2.14. For more information see: https://github.blog/changelog/2025-09-19-deprecation-of-node-20-on-github-actions-runners/
2026-08-15T08:17:33.0940000Z Evaluating rcc-smoke-check-matrix.if
2026-08-15T08:17:33.0940000Z Evaluating: success()
2026-08-15T08:17:33.0940000Z Result: true
2026-08-15T08:17:33.0980000Z Requested labels: ubuntu-26.04
2026-08-15T08:17:33.0980000Z Job defined at: krlmlr/duckdb-r/.github/workflows/R-CMD-check.yaml@refs/heads/main
2026-08-15T08:17:33.0980000Z Waiting for a runner to pick up this job...
2026-08-15T08:17:35.1010000Z Job is waiting for a hosted runner to come online.
2026-08-15T08:17:35.1010000Z Job is about to start running on the hosted runner: GitHub Actions 10002320702026-08-15T08:02:07.6910000Z Requested labels: ubuntu-26.04
2026-08-15T08:02:07.6910000Z Job defined at: krlmlr/duckdb-r/.github/workflows/R-CMD-check.yaml@refs/heads/main
2026-08-15T08:02:07.6910000Z Waiting for a runner to pick up this job...
2026-08-15T08:02:07.6890000Z Evaluating rcc-smoke.if
2026-08-15T08:02:07.6890000Z Evaluating: success()
2026-08-15T08:02:07.6890000Z Result: true
2026-08-15T08:02:08.1890000Z Job is about to start running on the hosted runner: GitHub Actions 1000232027
2026-08-15T08:02:08.1880000Z Job is waiting for a hosted runner to come online.2026-08-15T08:17:33.0960000Z Evaluating rcc-full.if
2026-08-15T08:17:33.0960000Z Evaluating: (success() && ((needs.rcc-smoke.outputs.versions-matrix != '')))
2026-08-15T08:17:33.0960000Z Expanded: (true && ('{"include":[{"os":"macos-latest","r":"4.6"},{"os":"macos-latest","r":"4.5"},{"os":"windows-latest","r":"devel"},{"os":"windows-latest","r":"4.6"},{"os":"windows-latest","r":"4.5"},{"os":"ubuntu-26.04","r":"devel","http-user-agent":"release"},{"os":"ubuntu-26.04","r":"4.6"},{"os":"ubuntu-26.04","r":"4.5"},{"os":"ubuntu-26.04","r":"4.4"},{"os":"ubuntu-26.04","r":"4.3"},{"os":"ubuntu-26.04","r":"4.2"},{"os":"ubuntu-26.04","r":"4.6","covr":"true","desc":"with covr"},{"os":"ubuntu-26.04-arm","r":"devel"},{"os":"ubuntu-26.04-arm","r":"4.6"},{"os":"windows-11-arm","r":"4.6"},{"os":"windows-latest","r":"4.4"},{"os":"windows-latest","r":"4.3"},{"os":"windows-latest","r":"4.2"},{"os":"ubuntu-24.04","r":"4.6","env":"DUCKDB_R_POISON_ENGINE=true","desc":"with engine poisoning, DUCKDB_R_RUN_TESTS=false"},{"os":"ubuntu-24.04","r":"4.6","env":"DUCKDB_R_USE_SYSTEM_LIB=0","desc":"vendored build (compiles bundled DuckDB sources)"},{"os":"macos-latest","r":"4.6","env":"DUCKDB_R_U
2026-08-15T08:17:33.0960000Z Result: true
2026-08-15T08:17:33.5900000Z Requested labels: macos-latest
2026-08-15T08:17:33.5900000Z Job defined at: krlmlr/duckdb-r/.github/workflows/R-CMD-check.yaml@refs/heads/main
2026-08-15T08:17:33.5900000Z Waiting for a runner to pick up this job...
2026-08-15T08:17:35.1060000Z All GitHub-hosted runners with label [macos-latest] are busy. For more information, see https://gh.io/job-concurrency-limits
2026-08-15T08:28:20.1010000Z Job is waiting for a hosted runner to come online.
2026-08-15T08:28:20.1010000Z Job is about to start running on the hosted runner: GitHub Actions 10002320782026-08-15T08:17:33.0960000Z Requested labels: macos-latest
2026-08-15T08:17:33.0960000Z Job defined at: krlmlr/duckdb-r/.github/workflows/R-CMD-check.yaml@refs/heads/main
2026-08-15T08:17:33.0960000Z Waiting for a runner to pick up this job...
2026-08-15T08:17:33.0930000Z Evaluating rcc-full.if
2026-08-15T08:17:33.0930000Z Evaluating: (success() && ((needs.rcc-smoke.outputs.versions-matrix != '')))
2026-08-15T08:17:33.0930000Z Expanded: (true && ('{"include":[{"os":"macos-latest","r":"4.6"},{"os":"macos-latest","r":"4.5"},{"os":"windows-latest","r":"devel"},{"os":"windows-latest","r":"4.6"},{"os":"windows-latest","r":"4.5"},{"os":"ubuntu-26.04","r":"devel","http-user-agent":"release"},{"os":"ubuntu-26.04","r":"4.6"},{"os":"ubuntu-26.04","r":"4.5"},{"os":"ubuntu-26.04","r":"4.4"},{"os":"ubuntu-26.04","r":"4.3"},{"os":"ubuntu-26.04","r":"4.2"},{"os":"ubuntu-26.04","r":"4.6","covr":"true","desc":"with covr"},{"os":"ubuntu-26.04-arm","r":"devel"},{"os":"ubuntu-26.04-arm","r":"4.6"},{"os":"windows-11-arm","r":"4.6"},{"os":"windows-latest","r":"4.4"},{"os":"windows-latest","r":"4.3"},{"os":"windows-latest","r":"4.2"},{"os":"ubuntu-24.04","r":"4.6","env":"DUCKDB_R_POISON_ENGINE=true","desc":"with engine poisoning, DUCKDB_R_RUN_TESTS=false"},{"os":"ubuntu-24.04","r":"4.6","env":"DUCKDB_R_USE_SYSTEM_LIB=0","desc":"vendored build (compiles bundled DuckDB sources)"},{"os":"macos-latest","r":"4.6","env":"DUCKDB_R_U
2026-08-15T08:17:33.0930000Z Result: true
2026-08-15T08:17:34.6080000Z Job is waiting for a hosted runner to come online.
2026-08-15T08:17:34.6090000Z Job is about to start running on the hosted runner: GitHub Actions 10002320652026-08-15T08:17:33.0960000Z Requested labels: macos-latest
2026-08-15T08:17:33.0960000Z Job defined at: krlmlr/duckdb-r/.github/workflows/R-CMD-check.yaml@refs/heads/main
2026-08-15T08:17:33.0960000Z Waiting for a runner to pick up this job...
2026-08-15T08:17:33.0930000Z Evaluating rcc-full.if
2026-08-15T08:17:33.0930000Z Evaluating: (success() && ((needs.rcc-smoke.outputs.versions-matrix != '')))
2026-08-15T08:17:33.0930000Z Expanded: (true && ('{"include":[{"os":"macos-latest","r":"4.6"},{"os":"macos-latest","r":"4.5"},{"os":"windows-latest","r":"devel"},{"os":"windows-latest","r":"4.6"},{"os":"windows-latest","r":"4.5"},{"os":"ubuntu-26.04","r":"devel","http-user-agent":"release"},{"os":"ubuntu-26.04","r":"4.6"},{"os":"ubuntu-26.04","r":"4.5"},{"os":"ubuntu-26.04","r":"4.4"},{"os":"ubuntu-26.04","r":"4.3"},{"os":"ubuntu-26.04","r":"4.2"},{"os":"ubuntu-26.04","r":"4.6","covr":"true","desc":"with covr"},{"os":"ubuntu-26.04-arm","r":"devel"},{"os":"ubuntu-26.04-arm","r":"4.6"},{"os":"windows-11-arm","r":"4.6"},{"os":"windows-latest","r":"4.4"},{"os":"windows-latest","r":"4.3"},{"os":"windows-latest","r":"4.2"},{"os":"ubuntu-24.04","r":"4.6","env":"DUCKDB_R_POISON_ENGINE=true","desc":"with engine poisoning, DUCKDB_R_RUN_TESTS=false"},{"os":"ubuntu-24.04","r":"4.6","env":"DUCKDB_R_USE_SYSTEM_LIB=0","desc":"vendored build (compiles bundled DuckDB sources)"},{"os":"macos-latest","r":"4.6","env":"DUCKDB_R_U
2026-08-15T08:17:33.0930000Z Result: true
2026-08-15T08:17:34.6080000Z Job is waiting for a hosted runner to come online.
2026-08-15T08:17:34.6080000Z Job is about to start running on the hosted runner: GitHub Actions 10002320642026-08-15T08:17:33.0930000Z Requested labels: ubuntu-24.04
2026-08-15T08:17:33.0930000Z Job defined at: krlmlr/duckdb-r/.github/workflows/R-CMD-check.yaml@refs/heads/main
2026-08-15T08:17:33.0930000Z Waiting for a runner to pick up this job...
2026-08-15T08:17:33.0930000Z Evaluating rcc-full.if
2026-08-15T08:17:33.0930000Z Evaluating: (success() && ((needs.rcc-smoke.outputs.versions-matrix != '')))
2026-08-15T08:17:33.0930000Z Expanded: (true && ('{"include":[{"os":"macos-latest","r":"4.6"},{"os":"macos-latest","r":"4.5"},{"os":"windows-latest","r":"devel"},{"os":"windows-latest","r":"4.6"},{"os":"windows-latest","r":"4.5"},{"os":"ubuntu-26.04","r":"devel","http-user-agent":"release"},{"os":"ubuntu-26.04","r":"4.6"},{"os":"ubuntu-26.04","r":"4.5"},{"os":"ubuntu-26.04","r":"4.4"},{"os":"ubuntu-26.04","r":"4.3"},{"os":"ubuntu-26.04","r":"4.2"},{"os":"ubuntu-26.04","r":"4.6","covr":"true","desc":"with covr"},{"os":"ubuntu-26.04-arm","r":"devel"},{"os":"ubuntu-26.04-arm","r":"4.6"},{"os":"windows-11-arm","r":"4.6"},{"os":"windows-latest","r":"4.4"},{"os":"windows-latest","r":"4.3"},{"os":"windows-latest","r":"4.2"},{"os":"ubuntu-24.04","r":"4.6","env":"DUCKDB_R_POISON_ENGINE=true","desc":"with engine poisoning, DUCKDB_R_RUN_TESTS=false"},{"os":"ubuntu-24.04","r":"4.6","env":"DUCKDB_R_USE_SYSTEM_LIB=0","desc":"vendored build (compiles bundled DuckDB sources)"},{"os":"macos-latest","r":"4.6","env":"DUCKDB_R_U
2026-08-15T08:17:33.0930000Z Result: true
2026-08-15T08:17:34.1090000Z Job is waiting for a hosted runner to come online.
2026-08-15T08:17:34.1090000Z Job is about to start running on the hosted runner: GitHub Actions 10002320602026-08-15T08:17:33.0950000Z Evaluating rcc-full.if
2026-08-15T08:17:33.0950000Z Evaluating: (success() && ((needs.rcc-smoke.outputs.versions-matrix != '')))
2026-08-15T08:17:33.0950000Z Expanded: (true && ('{"include":[{"os":"macos-latest","r":"4.6"},{"os":"macos-latest","r":"4.5"},{"os":"windows-latest","r":"devel"},{"os":"windows-latest","r":"4.6"},{"os":"windows-latest","r":"4.5"},{"os":"ubuntu-26.04","r":"devel","http-user-agent":"release"},{"os":"ubuntu-26.04","r":"4.6"},{"os":"ubuntu-26.04","r":"4.5"},{"os":"ubuntu-26.04","r":"4.4"},{"os":"ubuntu-26.04","r":"4.3"},{"os":"ubuntu-26.04","r":"4.2"},{"os":"ubuntu-26.04","r":"4.6","covr":"true","desc":"with covr"},{"os":"ubuntu-26.04-arm","r":"devel"},{"os":"ubuntu-26.04-arm","r":"4.6"},{"os":"windows-11-arm","r":"4.6"},{"os":"windows-latest","r":"4.4"},{"os":"windows-latest","r":"4.3"},{"os":"windows-latest","r":"4.2"},{"os":"ubuntu-24.04","r":"4.6","env":"DUCKDB_R_POISON_ENGINE=true","desc":"with engine poisoning, DUCKDB_R_RUN_TESTS=false"},{"os":"ubuntu-24.04","r":"4.6","env":"DUCKDB_R_USE_SYSTEM_LIB=0","desc":"vendored build (compiles bundled DuckDB sources)"},{"os":"macos-latest","r":"4.6","env":"DUCKDB_R_U
2026-08-15T08:17:33.0950000Z Result: true
2026-08-15T08:17:33.5890000Z Requested labels: ubuntu-24.04
2026-08-15T08:17:33.5890000Z Job defined at: krlmlr/duckdb-r/.github/workflows/R-CMD-check.yaml@refs/heads/main
2026-08-15T08:17:33.5890000Z Waiting for a runner to pick up this job...
2026-08-15T08:17:35.0960000Z Job is about to start running on the hosted runner: GitHub Actions 1000232066
2026-08-15T08:17:35.0950000Z Job is waiting for a hosted runner to come online.2026-08-15T08:17:33.0920000Z Evaluating rcc-full.if
2026-08-15T08:17:33.0920000Z Evaluating: (success() && ((needs.rcc-smoke.outputs.versions-matrix != '')))
2026-08-15T08:17:33.0920000Z Expanded: (true && ('{"include":[{"os":"macos-latest","r":"4.6"},{"os":"macos-latest","r":"4.5"},{"os":"windows-latest","r":"devel"},{"os":"windows-latest","r":"4.6"},{"os":"windows-latest","r":"4.5"},{"os":"ubuntu-26.04","r":"devel","http-user-agent":"release"},{"os":"ubuntu-26.04","r":"4.6"},{"os":"ubuntu-26.04","r":"4.5"},{"os":"ubuntu-26.04","r":"4.4"},{"os":"ubuntu-26.04","r":"4.3"},{"os":"ubuntu-26.04","r":"4.2"},{"os":"ubuntu-26.04","r":"4.6","covr":"true","desc":"with covr"},{"os":"ubuntu-26.04-arm","r":"devel"},{"os":"ubuntu-26.04-arm","r":"4.6"},{"os":"windows-11-arm","r":"4.6"},{"os":"windows-latest","r":"4.4"},{"os":"windows-latest","r":"4.3"},{"os":"windows-latest","r":"4.2"},{"os":"ubuntu-24.04","r":"4.6","env":"DUCKDB_R_POISON_ENGINE=true","desc":"with engine poisoning, DUCKDB_R_RUN_TESTS=false"},{"os":"ubuntu-24.04","r":"4.6","env":"DUCKDB_R_USE_SYSTEM_LIB=0","desc":"vendored build (compiles bundled DuckDB sources)"},{"os":"macos-latest","r":"4.6","env":"DUCKDB_R_U
2026-08-15T08:17:33.0920000Z Result: true
2026-08-15T08:17:33.0950000Z Requested labels: ubuntu-26.04
2026-08-15T08:17:33.0950000Z Job defined at: krlmlr/duckdb-r/.github/workflows/R-CMD-check.yaml@refs/heads/main
2026-08-15T08:17:33.0950000Z Waiting for a runner to pick up this job...
2026-08-15T08:17:35.1000000Z Job is about to start running on the hosted runner: GitHub Actions 1000232067
2026-08-15T08:17:35.1000000Z Job is waiting for a hosted runner to come online.2026-08-15T08:17:33.0920000Z Evaluating rcc-full.if
2026-08-15T08:17:33.0920000Z Evaluating: (success() && ((needs.rcc-smoke.outputs.versions-matrix != '')))
2026-08-15T08:17:33.0920000Z Expanded: (true && ('{"include":[{"os":"macos-latest","r":"4.6"},{"os":"macos-latest","r":"4.5"},{"os":"windows-latest","r":"devel"},{"os":"windows-latest","r":"4.6"},{"os":"windows-latest","r":"4.5"},{"os":"ubuntu-26.04","r":"devel","http-user-agent":"release"},{"os":"ubuntu-26.04","r":"4.6"},{"os":"ubuntu-26.04","r":"4.5"},{"os":"ubuntu-26.04","r":"4.4"},{"os":"ubuntu-26.04","r":"4.3"},{"os":"ubuntu-26.04","r":"4.2"},{"os":"ubuntu-26.04","r":"4.6","covr":"true","desc":"with covr"},{"os":"ubuntu-26.04-arm","r":"devel"},{"os":"ubuntu-26.04-arm","r":"4.6"},{"os":"windows-11-arm","r":"4.6"},{"os":"windows-latest","r":"4.4"},{"os":"windows-latest","r":"4.3"},{"os":"windows-latest","r":"4.2"},{"os":"ubuntu-24.04","r":"4.6","env":"DUCKDB_R_POISON_ENGINE=true","desc":"with engine poisoning, DUCKDB_R_RUN_TESTS=false"},{"os":"ubuntu-24.04","r":"4.6","env":"DUCKDB_R_USE_SYSTEM_LIB=0","desc":"vendored build (compiles bundled DuckDB sources)"},{"os":"macos-latest","r":"4.6","env":"DUCKDB_R_U
2026-08-15T08:17:33.0920000Z Result: true
2026-08-15T08:17:33.0950000Z Requested labels: ubuntu-26.04
2026-08-15T08:17:33.0950000Z Job defined at: krlmlr/duckdb-r/.github/workflows/R-CMD-check.yaml@refs/heads/main
2026-08-15T08:17:33.0950000Z Waiting for a runner to pick up this job...
2026-08-15T08:17:35.1000000Z Job is about to start running on the hosted runner: GitHub Actions 1000232068
2026-08-15T08:17:35.1000000Z Job is waiting for a hosted runner to come online.2026-08-15T08:17:33.0940000Z Evaluating rcc-full.if
2026-08-15T08:17:33.0940000Z Evaluating: (success() && ((needs.rcc-smoke.outputs.versions-matrix != '')))
2026-08-15T08:17:33.0940000Z Expanded: (true && ('{"include":[{"os":"macos-latest","r":"4.6"},{"os":"macos-latest","r":"4.5"},{"os":"windows-latest","r":"devel"},{"os":"windows-latest","r":"4.6"},{"os":"windows-latest","r":"4.5"},{"os":"ubuntu-26.04","r":"devel","http-user-agent":"release"},{"os":"ubuntu-26.04","r":"4.6"},{"os":"ubuntu-26.04","r":"4.5"},{"os":"ubuntu-26.04","r":"4.4"},{"os":"ubuntu-26.04","r":"4.3"},{"os":"ubuntu-26.04","r":"4.2"},{"os":"ubuntu-26.04","r":"4.6","covr":"true","desc":"with covr"},{"os":"ubuntu-26.04-arm","r":"devel"},{"os":"ubuntu-26.04-arm","r":"4.6"},{"os":"windows-11-arm","r":"4.6"},{"os":"windows-latest","r":"4.4"},{"os":"windows-latest","r":"4.3"},{"os":"windows-latest","r":"4.2"},{"os":"ubuntu-24.04","r":"4.6","env":"DUCKDB_R_POISON_ENGINE=true","desc":"with engine poisoning, DUCKDB_R_RUN_TESTS=false"},{"os":"ubuntu-24.04","r":"4.6","env":"DUCKDB_R_USE_SYSTEM_LIB=0","desc":"vendored build (compiles bundled DuckDB sources)"},{"os":"macos-latest","r":"4.6","env":"DUCKDB_R_U
2026-08-15T08:17:33.0940000Z Result: true
2026-08-15T08:17:33.5900000Z Requested labels: ubuntu-26.04
2026-08-15T08:17:33.5900000Z Job defined at: krlmlr/duckdb-r/.github/workflows/R-CMD-check.yaml@refs/heads/main
2026-08-15T08:17:33.5900000Z Waiting for a runner to pick up this job...
2026-08-15T08:17:35.1060000Z All GitHub-hosted runners with label [ubuntu-26.04] are busy. For more information, see https://gh.io/job-concurrency-limits
2026-08-15T08:17:47.7700000Z Job is waiting for a hosted runner to come online.
2026-08-15T08:17:47.7710000Z Job is about to start running on the hosted runner: GitHub Actions 10002320732026-08-15T08:17:33.0950000Z Evaluating rcc-full.if
2026-08-15T08:17:33.0950000Z Evaluating: (success() && ((needs.rcc-smoke.outputs.versions-matrix != '')))
2026-08-15T08:17:33.0950000Z Expanded: (true && ('{"include":[{"os":"macos-latest","r":"4.6"},{"os":"macos-latest","r":"4.5"},{"os":"windows-latest","r":"devel"},{"os":"windows-latest","r":"4.6"},{"os":"windows-latest","r":"4.5"},{"os":"ubuntu-26.04","r":"devel","http-user-agent":"release"},{"os":"ubuntu-26.04","r":"4.6"},{"os":"ubuntu-26.04","r":"4.5"},{"os":"ubuntu-26.04","r":"4.4"},{"os":"ubuntu-26.04","r":"4.3"},{"os":"ubuntu-26.04","r":"4.2"},{"os":"ubuntu-26.04","r":"4.6","covr":"true","desc":"with covr"},{"os":"ubuntu-26.04-arm","r":"devel"},{"os":"ubuntu-26.04-arm","r":"4.6"},{"os":"windows-11-arm","r":"4.6"},{"os":"windows-latest","r":"4.4"},{"os":"windows-latest","r":"4.3"},{"os":"windows-latest","r":"4.2"},{"os":"ubuntu-24.04","r":"4.6","env":"DUCKDB_R_POISON_ENGINE=true","desc":"with engine poisoning, DUCKDB_R_RUN_TESTS=false"},{"os":"ubuntu-24.04","r":"4.6","env":"DUCKDB_R_USE_SYSTEM_LIB=0","desc":"vendored build (compiles bundled DuckDB sources)"},{"os":"macos-latest","r":"4.6","env":"DUCKDB_R_U
2026-08-15T08:17:33.0950000Z Result: true
2026-08-15T08:17:33.5890000Z Requested labels: ubuntu-26.04
2026-08-15T08:17:33.5890000Z Job defined at: krlmlr/duckdb-r/.github/workflows/R-CMD-check.yaml@refs/heads/main
2026-08-15T08:17:33.5890000Z Waiting for a runner to pick up this job...
2026-08-15T08:17:35.1010000Z Job is waiting for a hosted runner to come online.
2026-08-15T08:17:35.1010000Z Job is about to start running on the hosted runner: GitHub Actions 10002320712026-08-15T08:17:33.0910000Z Requested labels: ubuntu-26.04
2026-08-15T08:17:33.0910000Z Job defined at: krlmlr/duckdb-r/.github/workflows/R-CMD-check.yaml@refs/heads/main
2026-08-15T08:17:33.0910000Z Waiting for a runner to pick up this job...
2026-08-15T08:17:33.0910000Z Evaluating rcc-full.if
2026-08-15T08:17:33.0910000Z Evaluating: (success() && ((needs.rcc-smoke.outputs.versions-matrix != '')))
2026-08-15T08:17:33.0910000Z Expanded: (true && ('{"include":[{"os":"macos-latest","r":"4.6"},{"os":"macos-latest","r":"4.5"},{"os":"windows-latest","r":"devel"},{"os":"windows-latest","r":"4.6"},{"os":"windows-latest","r":"4.5"},{"os":"ubuntu-26.04","r":"devel","http-user-agent":"release"},{"os":"ubuntu-26.04","r":"4.6"},{"os":"ubuntu-26.04","r":"4.5"},{"os":"ubuntu-26.04","r":"4.4"},{"os":"ubuntu-26.04","r":"4.3"},{"os":"ubuntu-26.04","r":"4.2"},{"os":"ubuntu-26.04","r":"4.6","covr":"true","desc":"with covr"},{"os":"ubuntu-26.04-arm","r":"devel"},{"os":"ubuntu-26.04-arm","r":"4.6"},{"os":"windows-11-arm","r":"4.6"},{"os":"windows-latest","r":"4.4"},{"os":"windows-latest","r":"4.3"},{"os":"windows-latest","r":"4.2"},{"os":"ubuntu-24.04","r":"4.6","env":"DUCKDB_R_POISON_ENGINE=true","desc":"with engine poisoning, DUCKDB_R_RUN_TESTS=false"},{"os":"ubuntu-24.04","r":"4.6","env":"DUCKDB_R_USE_SYSTEM_LIB=0","desc":"vendored build (compiles bundled DuckDB sources)"},{"os":"macos-latest","r":"4.6","env":"DUCKDB_R_U
2026-08-15T08:17:33.0910000Z Result: true
2026-08-15T08:17:33.5990000Z Job is waiting for a hosted runner to come online.
2026-08-15T08:17:33.6030000Z Job is about to start running on the hosted runner: GitHub Actions 10002320552026-08-15T08:17:33.0930000Z Evaluating rcc-full.if
2026-08-15T08:17:33.0930000Z Evaluating: (success() && ((needs.rcc-smoke.outputs.versions-matrix != '')))
2026-08-15T08:17:33.0930000Z Expanded: (true && ('{"include":[{"os":"macos-latest","r":"4.6"},{"os":"macos-latest","r":"4.5"},{"os":"windows-latest","r":"devel"},{"os":"windows-latest","r":"4.6"},{"os":"windows-latest","r":"4.5"},{"os":"ubuntu-26.04","r":"devel","http-user-agent":"release"},{"os":"ubuntu-26.04","r":"4.6"},{"os":"ubuntu-26.04","r":"4.5"},{"os":"ubuntu-26.04","r":"4.4"},{"os":"ubuntu-26.04","r":"4.3"},{"os":"ubuntu-26.04","r":"4.2"},{"os":"ubuntu-26.04","r":"4.6","covr":"true","desc":"with covr"},{"os":"ubuntu-26.04-arm","r":"devel"},{"os":"ubuntu-26.04-arm","r":"4.6"},{"os":"windows-11-arm","r":"4.6"},{"os":"windows-latest","r":"4.4"},{"os":"windows-latest","r":"4.3"},{"os":"windows-latest","r":"4.2"},{"os":"ubuntu-24.04","r":"4.6","env":"DUCKDB_R_POISON_ENGINE=true","desc":"with engine poisoning, DUCKDB_R_RUN_TESTS=false"},{"os":"ubuntu-24.04","r":"4.6","env":"DUCKDB_R_USE_SYSTEM_LIB=0","desc":"vendored build (compiles bundled DuckDB sources)"},{"os":"macos-latest","r":"4.6","env":"DUCKDB_R_U
2026-08-15T08:17:33.0930000Z Result: true
2026-08-15T08:17:33.0970000Z Requested labels: ubuntu-26.04
2026-08-15T08:17:33.0970000Z Job defined at: krlmlr/duckdb-r/.github/workflows/R-CMD-check.yaml@refs/heads/main
2026-08-15T08:17:33.0970000Z Waiting for a runner to pick up this job...
2026-08-15T08:17:35.1000000Z Job is waiting for a hosted runner to come online.
2026-08-15T08:17:35.1010000Z Job is about to start running on the hosted runner: GitHub Actions 10002320692026-08-15T08:17:33.0960000Z Evaluating rcc-full.if
2026-08-15T08:17:33.0960000Z Evaluating: (success() && ((needs.rcc-smoke.outputs.versions-matrix != '')))
2026-08-15T08:17:33.0960000Z Expanded: (true && ('{"include":[{"os":"macos-latest","r":"4.6"},{"os":"macos-latest","r":"4.5"},{"os":"windows-latest","r":"devel"},{"os":"windows-latest","r":"4.6"},{"os":"windows-latest","r":"4.5"},{"os":"ubuntu-26.04","r":"devel","http-user-agent":"release"},{"os":"ubuntu-26.04","r":"4.6"},{"os":"ubuntu-26.04","r":"4.5"},{"os":"ubuntu-26.04","r":"4.4"},{"os":"ubuntu-26.04","r":"4.3"},{"os":"ubuntu-26.04","r":"4.2"},{"os":"ubuntu-26.04","r":"4.6","covr":"true","desc":"with covr"},{"os":"ubuntu-26.04-arm","r":"devel"},{"os":"ubuntu-26.04-arm","r":"4.6"},{"os":"windows-11-arm","r":"4.6"},{"os":"windows-latest","r":"4.4"},{"os":"windows-latest","r":"4.3"},{"os":"windows-latest","r":"4.2"},{"os":"ubuntu-24.04","r":"4.6","env":"DUCKDB_R_POISON_ENGINE=true","desc":"with engine poisoning, DUCKDB_R_RUN_TESTS=false"},{"os":"ubuntu-24.04","r":"4.6","env":"DUCKDB_R_USE_SYSTEM_LIB=0","desc":"vendored build (compiles bundled DuckDB sources)"},{"os":"macos-latest","r":"4.6","env":"DUCKDB_R_U
2026-08-15T08:17:33.0960000Z Result: true
2026-08-15T08:17:33.5910000Z Requested labels: ubuntu-26.04
2026-08-15T08:17:33.5910000Z Job defined at: krlmlr/duckdb-r/.github/workflows/R-CMD-check.yaml@refs/heads/main
2026-08-15T08:17:33.5910000Z Waiting for a runner to pick up this job...
2026-08-15T08:17:35.1070000Z All GitHub-hosted runners with label [ubuntu-26.04] are busy. For more information, see https://gh.io/job-concurrency-limits
2026-08-15T08:21:08.5150000Z Job is waiting for a hosted runner to come online.
2026-08-15T08:21:08.5150000Z Job is about to start running on the hosted runner: GitHub Actions 10002320742026-08-15T08:17:33.0930000Z Evaluating rcc-full.if
2026-08-15T08:17:33.0930000Z Evaluating: (success() && ((needs.rcc-smoke.outputs.versions-matrix != '')))
2026-08-15T08:17:33.0930000Z Expanded: (true && ('{"include":[{"os":"macos-latest","r":"4.6"},{"os":"macos-latest","r":"4.5"},{"os":"windows-latest","r":"devel"},{"os":"windows-latest","r":"4.6"},{"os":"windows-latest","r":"4.5"},{"os":"ubuntu-26.04","r":"devel","http-user-agent":"release"},{"os":"ubuntu-26.04","r":"4.6"},{"os":"ubuntu-26.04","r":"4.5"},{"os":"ubuntu-26.04","r":"4.4"},{"os":"ubuntu-26.04","r":"4.3"},{"os":"ubuntu-26.04","r":"4.2"},{"os":"ubuntu-26.04","r":"4.6","covr":"true","desc":"with covr"},{"os":"ubuntu-26.04-arm","r":"devel"},{"os":"ubuntu-26.04-arm","r":"4.6"},{"os":"windows-11-arm","r":"4.6"},{"os":"windows-latest","r":"4.4"},{"os":"windows-latest","r":"4.3"},{"os":"windows-latest","r":"4.2"},{"os":"ubuntu-24.04","r":"4.6","env":"DUCKDB_R_POISON_ENGINE=true","desc":"with engine poisoning, DUCKDB_R_RUN_TESTS=false"},{"os":"ubuntu-24.04","r":"4.6","env":"DUCKDB_R_USE_SYSTEM_LIB=0","desc":"vendored build (compiles bundled DuckDB sources)"},{"os":"macos-latest","r":"4.6","env":"DUCKDB_R_U
2026-08-15T08:17:33.0930000Z Result: true
2026-08-15T08:17:33.0950000Z Requested labels: ubuntu-26.04-arm
2026-08-15T08:17:33.0950000Z Job defined at: krlmlr/duckdb-r/.github/workflows/R-CMD-check.yaml@refs/heads/main
2026-08-15T08:17:33.0950000Z Waiting for a runner to pick up this job...
2026-08-15T08:17:35.1070000Z All GitHub-hosted runners with label [ubuntu-26.04-arm] are busy. For more information, see https://gh.io/job-concurrency-limits
2026-08-15T08:17:42.1970000Z Job is about to start running on the hosted runner: GitHub Actions 1000232072
2026-08-15T08:17:42.1970000Z Job is waiting for a hosted runner to come online.2026-08-15T08:17:33.0910000Z Requested labels: ubuntu-26.04-arm
2026-08-15T08:17:33.0910000Z Job defined at: krlmlr/duckdb-r/.github/workflows/R-CMD-check.yaml@refs/heads/main
2026-08-15T08:17:33.0910000Z Waiting for a runner to pick up this job...
2026-08-15T08:17:33.0900000Z Evaluating rcc-full.if
2026-08-15T08:17:33.0900000Z Evaluating: (success() && ((needs.rcc-smoke.outputs.versions-matrix != '')))
2026-08-15T08:17:33.0900000Z Expanded: (true && ('{"include":[{"os":"macos-latest","r":"4.6"},{"os":"macos-latest","r":"4.5"},{"os":"windows-latest","r":"devel"},{"os":"windows-latest","r":"4.6"},{"os":"windows-latest","r":"4.5"},{"os":"ubuntu-26.04","r":"devel","http-user-agent":"release"},{"os":"ubuntu-26.04","r":"4.6"},{"os":"ubuntu-26.04","r":"4.5"},{"os":"ubuntu-26.04","r":"4.4"},{"os":"ubuntu-26.04","r":"4.3"},{"os":"ubuntu-26.04","r":"4.2"},{"os":"ubuntu-26.04","r":"4.6","covr":"true","desc":"with covr"},{"os":"ubuntu-26.04-arm","r":"devel"},{"os":"ubuntu-26.04-arm","r":"4.6"},{"os":"windows-11-arm","r":"4.6"},{"os":"windows-latest","r":"4.4"},{"os":"windows-latest","r":"4.3"},{"os":"windows-latest","r":"4.2"},{"os":"ubuntu-24.04","r":"4.6","env":"DUCKDB_R_POISON_ENGINE=true","desc":"with engine poisoning, DUCKDB_R_RUN_TESTS=false"},{"os":"ubuntu-24.04","r":"4.6","env":"DUCKDB_R_USE_SYSTEM_LIB=0","desc":"vendored build (compiles bundled DuckDB sources)"},{"os":"macos-latest","r":"4.6","env":"DUCKDB_R_U
2026-08-15T08:17:33.0900000Z Result: true
2026-08-15T08:17:33.5960000Z Job is waiting for a hosted runner to come online.
2026-08-15T08:17:33.5970000Z Job is about to start running on the hosted runner: GitHub Actions 10002320542026-08-15T08:17:33.0910000Z Evaluating rcc-full.if
2026-08-15T08:17:33.0910000Z Evaluating: (success() && ((needs.rcc-smoke.outputs.versions-matrix != '')))
2026-08-15T08:17:33.0910000Z Expanded: (true && ('{"include":[{"os":"macos-latest","r":"4.6"},{"os":"macos-latest","r":"4.5"},{"os":"windows-latest","r":"devel"},{"os":"windows-latest","r":"4.6"},{"os":"windows-latest","r":"4.5"},{"os":"ubuntu-26.04","r":"devel","http-user-agent":"release"},{"os":"ubuntu-26.04","r":"4.6"},{"os":"ubuntu-26.04","r":"4.5"},{"os":"ubuntu-26.04","r":"4.4"},{"os":"ubuntu-26.04","r":"4.3"},{"os":"ubuntu-26.04","r":"4.2"},{"os":"ubuntu-26.04","r":"4.6","covr":"true","desc":"with covr"},{"os":"ubuntu-26.04-arm","r":"devel"},{"os":"ubuntu-26.04-arm","r":"4.6"},{"os":"windows-11-arm","r":"4.6"},{"os":"windows-latest","r":"4.4"},{"os":"windows-latest","r":"4.3"},{"os":"windows-latest","r":"4.2"},{"os":"ubuntu-24.04","r":"4.6","env":"DUCKDB_R_POISON_ENGINE=true","desc":"with engine poisoning, DUCKDB_R_RUN_TESTS=false"},{"os":"ubuntu-24.04","r":"4.6","env":"DUCKDB_R_USE_SYSTEM_LIB=0","desc":"vendored build (compiles bundled DuckDB sources)"},{"os":"macos-latest","r":"4.6","env":"DUCKDB_R_U
2026-08-15T08:17:33.0910000Z Result: true
2026-08-15T08:17:33.0910000Z Requested labels: windows-11-arm
2026-08-15T08:17:33.0910000Z Job defined at: krlmlr/duckdb-r/.github/workflows/R-CMD-check.yaml@refs/heads/main
2026-08-15T08:17:33.0910000Z Waiting for a runner to pick up this job...
2026-08-15T08:17:34.0970000Z Job is about to start running on the hosted runner: GitHub Actions 1000232056
2026-08-15T08:17:34.0970000Z Job is waiting for a hosted runner to come online.2026-08-15T08:17:33.0910000Z Evaluating rcc-full.if
2026-08-15T08:17:33.0910000Z Evaluating: (success() && ((needs.rcc-smoke.outputs.versions-matrix != '')))
2026-08-15T08:17:33.0910000Z Expanded: (true && ('{"include":[{"os":"macos-latest","r":"4.6"},{"os":"macos-latest","r":"4.5"},{"os":"windows-latest","r":"devel"},{"os":"windows-latest","r":"4.6"},{"os":"windows-latest","r":"4.5"},{"os":"ubuntu-26.04","r":"devel","http-user-agent":"release"},{"os":"ubuntu-26.04","r":"4.6"},{"os":"ubuntu-26.04","r":"4.5"},{"os":"ubuntu-26.04","r":"4.4"},{"os":"ubuntu-26.04","r":"4.3"},{"os":"ubuntu-26.04","r":"4.2"},{"os":"ubuntu-26.04","r":"4.6","covr":"true","desc":"with covr"},{"os":"ubuntu-26.04-arm","r":"devel"},{"os":"ubuntu-26.04-arm","r":"4.6"},{"os":"windows-11-arm","r":"4.6"},{"os":"windows-latest","r":"4.4"},{"os":"windows-latest","r":"4.3"},{"os":"windows-latest","r":"4.2"},{"os":"ubuntu-24.04","r":"4.6","env":"DUCKDB_R_POISON_ENGINE=true","desc":"with engine poisoning, DUCKDB_R_RUN_TESTS=false"},{"os":"ubuntu-24.04","r":"4.6","env":"DUCKDB_R_USE_SYSTEM_LIB=0","desc":"vendored build (compiles bundled DuckDB sources)"},{"os":"macos-latest","r":"4.6","env":"DUCKDB_R_U
2026-08-15T08:17:33.0910000Z Result: true
2026-08-15T08:17:33.0920000Z Requested labels: windows-latest
2026-08-15T08:17:33.0920000Z Job defined at: krlmlr/duckdb-r/.github/workflows/R-CMD-check.yaml@refs/heads/main
2026-08-15T08:17:33.0920000Z Waiting for a runner to pick up this job...
2026-08-15T08:17:34.1000000Z Job is about to start running on the hosted runner: GitHub Actions 1000232057
2026-08-15T08:17:34.1000000Z Job is waiting for a hosted runner to come online.2026-08-15T08:17:33.0950000Z Evaluating rcc-full.if
2026-08-15T08:17:33.0950000Z Evaluating: (success() && ((needs.rcc-smoke.outputs.versions-matrix != '')))
2026-08-15T08:17:33.0950000Z Expanded: (true && ('{"include":[{"os":"macos-latest","r":"4.6"},{"os":"macos-latest","r":"4.5"},{"os":"windows-latest","r":"devel"},{"os":"windows-latest","r":"4.6"},{"os":"windows-latest","r":"4.5"},{"os":"ubuntu-26.04","r":"devel","http-user-agent":"release"},{"os":"ubuntu-26.04","r":"4.6"},{"os":"ubuntu-26.04","r":"4.5"},{"os":"ubuntu-26.04","r":"4.4"},{"os":"ubuntu-26.04","r":"4.3"},{"os":"ubuntu-26.04","r":"4.2"},{"os":"ubuntu-26.04","r":"4.6","covr":"true","desc":"with covr"},{"os":"ubuntu-26.04-arm","r":"devel"},{"os":"ubuntu-26.04-arm","r":"4.6"},{"os":"windows-11-arm","r":"4.6"},{"os":"windows-latest","r":"4.4"},{"os":"windows-latest","r":"4.3"},{"os":"windows-latest","r":"4.2"},{"os":"ubuntu-24.04","r":"4.6","env":"DUCKDB_R_POISON_ENGINE=true","desc":"with engine poisoning, DUCKDB_R_RUN_TESTS=false"},{"os":"ubuntu-24.04","r":"4.6","env":"DUCKDB_R_USE_SYSTEM_LIB=0","desc":"vendored build (compiles bundled DuckDB sources)"},{"os":"macos-latest","r":"4.6","env":"DUCKDB_R_U
2026-08-15T08:17:33.0950000Z Result: true
2026-08-15T08:17:33.5890000Z Requested labels: windows-latest
2026-08-15T08:17:33.5890000Z Job defined at: krlmlr/duckdb-r/.github/workflows/R-CMD-check.yaml@refs/heads/main
2026-08-15T08:17:33.5890000Z Waiting for a runner to pick up this job...
2026-08-15T08:17:34.6040000Z Job is about to start running on the hosted runner: GitHub Actions 1000232063
2026-08-15T08:17:34.6040000Z Job is waiting for a hosted runner to come online.2026-08-15T08:17:33.0940000Z Evaluating rcc-full.if
2026-08-15T08:17:33.0940000Z Evaluating: (success() && ((needs.rcc-smoke.outputs.versions-matrix != '')))
2026-08-15T08:17:33.0940000Z Expanded: (true && ('{"include":[{"os":"macos-latest","r":"4.6"},{"os":"macos-latest","r":"4.5"},{"os":"windows-latest","r":"devel"},{"os":"windows-latest","r":"4.6"},{"os":"windows-latest","r":"4.5"},{"os":"ubuntu-26.04","r":"devel","http-user-agent":"release"},{"os":"ubuntu-26.04","r":"4.6"},{"os":"ubuntu-26.04","r":"4.5"},{"os":"ubuntu-26.04","r":"4.4"},{"os":"ubuntu-26.04","r":"4.3"},{"os":"ubuntu-26.04","r":"4.2"},{"os":"ubuntu-26.04","r":"4.6","covr":"true","desc":"with covr"},{"os":"ubuntu-26.04-arm","r":"devel"},{"os":"ubuntu-26.04-arm","r":"4.6"},{"os":"windows-11-arm","r":"4.6"},{"os":"windows-latest","r":"4.4"},{"os":"windows-latest","r":"4.3"},{"os":"windows-latest","r":"4.2"},{"os":"ubuntu-24.04","r":"4.6","env":"DUCKDB_R_POISON_ENGINE=true","desc":"with engine poisoning, DUCKDB_R_RUN_TESTS=false"},{"os":"ubuntu-24.04","r":"4.6","env":"DUCKDB_R_USE_SYSTEM_LIB=0","desc":"vendored build (compiles bundled DuckDB sources)"},{"os":"macos-latest","r":"4.6","env":"DUCKDB_R_U
2026-08-15T08:17:33.0940000Z Result: true
2026-08-15T08:17:33.0970000Z Requested labels: windows-latest
2026-08-15T08:17:33.0970000Z Job defined at: krlmlr/duckdb-r/.github/workflows/R-CMD-check.yaml@refs/heads/main
2026-08-15T08:17:33.0970000Z Waiting for a runner to pick up this job...
2026-08-15T08:17:34.6040000Z Job is waiting for a hosted runner to come online.
2026-08-15T08:17:34.6040000Z Job is about to start running on the hosted runner: GitHub Actions 10002320622026-08-15T08:17:33.0920000Z Requested labels: windows-latest
2026-08-15T08:17:33.0920000Z Job defined at: krlmlr/duckdb-r/.github/workflows/R-CMD-check.yaml@refs/heads/main
2026-08-15T08:17:33.0920000Z Waiting for a runner to pick up this job...
2026-08-15T08:17:33.0910000Z Evaluating rcc-full.if
2026-08-15T08:17:33.0910000Z Evaluating: (success() && ((needs.rcc-smoke.outputs.versions-matrix != '')))
2026-08-15T08:17:33.0910000Z Expanded: (true && ('{"include":[{"os":"macos-latest","r":"4.6"},{"os":"macos-latest","r":"4.5"},{"os":"windows-latest","r":"devel"},{"os":"windows-latest","r":"4.6"},{"os":"windows-latest","r":"4.5"},{"os":"ubuntu-26.04","r":"devel","http-user-agent":"release"},{"os":"ubuntu-26.04","r":"4.6"},{"os":"ubuntu-26.04","r":"4.5"},{"os":"ubuntu-26.04","r":"4.4"},{"os":"ubuntu-26.04","r":"4.3"},{"os":"ubuntu-26.04","r":"4.2"},{"os":"ubuntu-26.04","r":"4.6","covr":"true","desc":"with covr"},{"os":"ubuntu-26.04-arm","r":"devel"},{"os":"ubuntu-26.04-arm","r":"4.6"},{"os":"windows-11-arm","r":"4.6"},{"os":"windows-latest","r":"4.4"},{"os":"windows-latest","r":"4.3"},{"os":"windows-latest","r":"4.2"},{"os":"ubuntu-24.04","r":"4.6","env":"DUCKDB_R_POISON_ENGINE=true","desc":"with engine poisoning, DUCKDB_R_RUN_TESTS=false"},{"os":"ubuntu-24.04","r":"4.6","env":"DUCKDB_R_USE_SYSTEM_LIB=0","desc":"vendored build (compiles bundled DuckDB sources)"},{"os":"macos-latest","r":"4.6","env":"DUCKDB_R_U
2026-08-15T08:17:33.0910000Z Result: true
2026-08-15T08:17:34.1010000Z Job is waiting for a hosted runner to come online.
2026-08-15T08:17:34.1020000Z Job is about to start running on the hosted runner: GitHub Actions 10002320592026-08-15T08:17:33.0920000Z Requested labels: windows-latest
2026-08-15T08:17:33.0920000Z Job defined at: krlmlr/duckdb-r/.github/workflows/R-CMD-check.yaml@refs/heads/main
2026-08-15T08:17:33.0920000Z Waiting for a runner to pick up this job...
2026-08-15T08:17:33.0910000Z Evaluating rcc-full.if
2026-08-15T08:17:33.0910000Z Evaluating: (success() && ((needs.rcc-smoke.outputs.versions-matrix != '')))
2026-08-15T08:17:33.0910000Z Expanded: (true && ('{"include":[{"os":"macos-latest","r":"4.6"},{"os":"macos-latest","r":"4.5"},{"os":"windows-latest","r":"devel"},{"os":"windows-latest","r":"4.6"},{"os":"windows-latest","r":"4.5"},{"os":"ubuntu-26.04","r":"devel","http-user-agent":"release"},{"os":"ubuntu-26.04","r":"4.6"},{"os":"ubuntu-26.04","r":"4.5"},{"os":"ubuntu-26.04","r":"4.4"},{"os":"ubuntu-26.04","r":"4.3"},{"os":"ubuntu-26.04","r":"4.2"},{"os":"ubuntu-26.04","r":"4.6","covr":"true","desc":"with covr"},{"os":"ubuntu-26.04-arm","r":"devel"},{"os":"ubuntu-26.04-arm","r":"4.6"},{"os":"windows-11-arm","r":"4.6"},{"os":"windows-latest","r":"4.4"},{"os":"windows-latest","r":"4.3"},{"os":"windows-latest","r":"4.2"},{"os":"ubuntu-24.04","r":"4.6","env":"DUCKDB_R_POISON_ENGINE=true","desc":"with engine poisoning, DUCKDB_R_RUN_TESTS=false"},{"os":"ubuntu-24.04","r":"4.6","env":"DUCKDB_R_USE_SYSTEM_LIB=0","desc":"vendored build (compiles bundled DuckDB sources)"},{"os":"macos-latest","r":"4.6","env":"DUCKDB_R_U
2026-08-15T08:17:33.0910000Z Result: true
2026-08-15T08:17:34.1010000Z Job is about to start running on the hosted runner: GitHub Actions 1000232058
2026-08-15T08:17:34.1010000Z Job is waiting for a hosted runner to come online.2026-08-15T08:17:33.0930000Z Evaluating rcc-full.if
2026-08-15T08:17:33.0930000Z Evaluating: (success() && ((needs.rcc-smoke.outputs.versions-matrix != '')))
2026-08-15T08:17:33.0930000Z Expanded: (true && ('{"include":[{"os":"macos-latest","r":"4.6"},{"os":"macos-latest","r":"4.5"},{"os":"windows-latest","r":"devel"},{"os":"windows-latest","r":"4.6"},{"os":"windows-latest","r":"4.5"},{"os":"ubuntu-26.04","r":"devel","http-user-agent":"release"},{"os":"ubuntu-26.04","r":"4.6"},{"os":"ubuntu-26.04","r":"4.5"},{"os":"ubuntu-26.04","r":"4.4"},{"os":"ubuntu-26.04","r":"4.3"},{"os":"ubuntu-26.04","r":"4.2"},{"os":"ubuntu-26.04","r":"4.6","covr":"true","desc":"with covr"},{"os":"ubuntu-26.04-arm","r":"devel"},{"os":"ubuntu-26.04-arm","r":"4.6"},{"os":"windows-11-arm","r":"4.6"},{"os":"windows-latest","r":"4.4"},{"os":"windows-latest","r":"4.3"},{"os":"windows-latest","r":"4.2"},{"os":"ubuntu-24.04","r":"4.6","env":"DUCKDB_R_POISON_ENGINE=true","desc":"with engine poisoning, DUCKDB_R_RUN_TESTS=false"},{"os":"ubuntu-24.04","r":"4.6","env":"DUCKDB_R_USE_SYSTEM_LIB=0","desc":"vendored build (compiles bundled DuckDB sources)"},{"os":"macos-latest","r":"4.6","env":"DUCKDB_R_U
2026-08-15T08:17:33.0930000Z Result: true
2026-08-15T08:17:33.0960000Z Requested labels: windows-latest
2026-08-15T08:17:33.0960000Z Job defined at: krlmlr/duckdb-r/.github/workflows/R-CMD-check.yaml@refs/heads/main
2026-08-15T08:17:33.0960000Z Waiting for a runner to pick up this job...
2026-08-15T08:17:34.6030000Z Job is waiting for a hosted runner to come online.
2026-08-15T08:17:34.6030000Z Job is about to start running on the hosted runner: GitHub Actions 1000232061