2026-07-27T09:15:22.9863730Z This persists across sessions and is shared with the DuckDB CLI and other clients.
2026-07-27T09:15:22.9864841Z i Run duckdb(shared_home = FALSE) to use a temporary directory instead.
2026-07-27T09:15:22.9865700Z i See ?duckdb_storage for details and alternatives.
2026-07-27T09:15:23.0259053Z   'test-backend-dbplyr__duckdb_connection.R:7:3' [success]
2026-07-27T09:15:23.2224964Z   'test-backend-dbplyr__duckdb_connection.R:8:3' [success]
2026-07-27T09:15:23.2361597Z   'test-backend-dbplyr__duckdb_connection.R:9:3' [success]
2026-07-27T09:15:23.2544650Z   'test-backend-dbplyr__duckdb_connection.R:10:3' [success]
2026-07-27T09:15:23.2681793Z   'test-backend-dbplyr__duckdb_connection.R:11:3' [success]
2026-07-27T09:15:23.2820787Z   'test-backend-dbplyr__duckdb_connection.R:12:3' [success]
2026-07-27T09:15:23.2965983Z   'test-backend-dbplyr__duckdb_connection.R:13:3' [success]
2026-07-27T09:15:23.3129983Z   'test-backend-dbplyr__duckdb_connection.R:14:3' [success]
2026-07-27T09:15:23.3285193Z   'test-backend-dbplyr__duckdb_connection.R:15:3' [success]
2026-07-27T09:15:23.3441488Z   'test-backend-dbplyr__duckdb_connection.R:16:3' [success]
2026-07-27T09:15:23.3594947Z   'test-backend-dbplyr__duckdb_connection.R:17:3' [success]
2026-07-27T09:15:23.3793678Z   'test-backend-dbplyr__duckdb_connection.R:18:3' [success]
2026-07-27T09:15:23.3925914Z   'test-backend-dbplyr__duckdb_connection.R:19:3' [success]
2026-07-27T09:15:23.4087382Z   'test-backend-dbplyr__duckdb_connection.R:20:3' [success]
2026-07-27T09:15:23.4233583Z   'test-backend-dbplyr__duckdb_connection.R:21:3' [success]
2026-07-27T09:15:23.4378901Z   'test-backend-dbplyr__duckdb_connection.R:22:3' [success]
2026-07-27T09:15:23.4526145Z   'test-backend-dbplyr__duckdb_connection.R:23:3' [success]
2026-07-27T09:15:23.4568977Z End test: dbplyr generic scalars translated correctly
2026-07-27T09:15:23.4569338Z 
2026-07-27T09:15:23.4583564Z Start test: duckdb custom scalars translated correctly
2026-07-27T09:15:23.4649401Z duckdb is storing downloaded extensions and secrets under ~/.duckdb:
2026-07-27T09:15:23.4650032Z i /home/runner/.duckdb
2026-07-27T09:15:23.4650702Z This persists across sessions and is shared with the DuckDB CLI and other clients.
2026-07-27T09:15:23.4651571Z i Run duckdb(shared_home = FALSE) to use a temporary directory instead.
2026-07-27T09:15:23.4652258Z i See ?duckdb_storage for details and alternatives.
2026-07-27T09:15:23.5009455Z   'test-backend-dbplyr__duckdb_connection.R:33:3' [success]
2026-07-27T09:15:23.5203366Z   'test-backend-dbplyr__duckdb_connection.R:34:3' [success]
2026-07-27T09:15:23.5394041Z   'test-backend-dbplyr__duckdb_connection.R:35:3' [success]
2026-07-27T09:15:23.5537806Z   'test-backend-dbplyr__duckdb_connection.R:36:3' [success]
2026-07-27T09:15:23.5683752Z   'test-backend-dbplyr__duckdb_connection.R:37:3' [success]
2026-07-27T09:15:23.5829066Z   'test-backend-dbplyr__duckdb_connection.R:38:3' [success]
2026-07-27T09:15:23.5975679Z   'test-backend-dbplyr__duckdb_connection.R:39:3' [success]
2026-07-27T09:15:23.6126912Z   'test-backend-dbplyr__duckdb_connection.R:40:3' [success]
2026-07-27T09:15:23.6290915Z   'test-backend-dbplyr__duckdb_connection.R:41:3' [success]
2026-07-27T09:15:23.6445554Z   'test-backend-dbplyr__duckdb_connection.R:42:3' [success]
2026-07-27T09:15:23.6644266Z   'test-backend-dbplyr__duckdb_connection.R:43:3' [success]
2026-07-27T09:15:23.6796031Z   'test-backend-dbplyr__duckdb_connection.R:44:3' [success]
2026-07-27T09:15:23.6936083Z   'test-backend-dbplyr__duckdb_connection.R:45:3' [success]
2026-07-27T09:15:23.7077966Z   'test-backend-dbplyr__duckdb_connection.R:46:3' [success]
2026-07-27T09:15:23.7231107Z   'test-backend-dbplyr__duckdb_connection.R:47:3' [success]
2026-07-27T09:15:23.7391468Z   'test-backend-dbplyr__duckdb_connection.R:48:3' [success]
2026-07-27T09:15:23.7550758Z   'test-backend-dbplyr__duckdb_connection.R:49:3' [success]
2026-07-27T09:15:23.7705203Z   'test-backend-dbplyr__duckdb_connection.R:50:3' [success]
2026-07-27T09:15:23.7902978Z   'test-backend-dbplyr__duckdb_connection.R:51:3' [success]
2026-07-27T09:15:23.8043654Z   'test-backend-dbplyr__duckdb_connection.R:52:3' [success]
2026-07-27T09:15:23.8184812Z   'test-backend-dbplyr__duckdb_connection.R:53:3' [success]
2026-07-27T09:15:23.8344225Z   'test-backend-dbplyr__duckdb_connection.R:54:3' [success]
2026-07-27T09:15:23.8500455Z   'test-backend-dbplyr__duckdb_connection.R:55:3' [success]
2026-07-27T09:15:23.8643100Z   'test-backend-dbplyr__duckdb_connection.R:56:3' [success]
2026-07-27T09:15:23.8780673Z   'test-backend-dbplyr__duckdb_connection.R:57:3' [success]
2026-07-27T09:15:23.8919985Z   'test-backend-dbplyr__duckdb_connection.R:58:3' [success]
2026-07-27T09:15:23.8962372Z End test: duckdb custom scalars translated correctly
2026-07-27T09:15:23.8962708Z 
2026-07-27T09:15:23.8977022Z Start test: pasting translated correctly
2026-07-27T09:15:23.9042445Z duckdb is storing downloaded extensions and secrets under ~/.duckdb:
2026-07-27T09:15:23.9042987Z i /home/runner/.duckdb
2026-07-27T09:15:23.9043880Z This persists across sessions and is shared with the DuckDB CLI and other clients.
2026-07-27T09:15:23.9044685Z i Run duckdb(shared_home = FALSE) to use a temporary directory instead.
2026-07-27T09:15:23.9045306Z i See ?duckdb_storage for details and alternatives.
2026-07-27T09:15:23.9468293Z   'test-backend-dbplyr__duckdb_connection.R:67:3' [success]
2026-07-27T09:15:23.9619372Z   'test-backend-dbplyr__duckdb_connection.R:68:3' [success]
2026-07-27T09:15:23.9770893Z   'test-backend-dbplyr__duckdb_connection.R:69:3' [success]
2026-07-27T09:15:23.9934931Z   'test-backend-dbplyr__duckdb_connection.R:71:3' [success]
2026-07-27T09:15:24.0096458Z   'test-backend-dbplyr__duckdb_connection.R:72:3' [success]
2026-07-27T09:15:24.0140639Z End test: pasting translated correctly
2026-07-27T09:15:24.0140955Z 
2026-07-27T09:15:24.0155203Z Start test: custom lubridate functions translated correctly
2026-07-27T09:15:24.0220985Z duckdb is storing downloaded extensions and secrets under ~/.duckdb:
2026-07-27T09:15:24.0221558Z i /home/runner/.duckdb
2026-07-27T09:15:24.0222160Z This persists across sessions and is shared with the DuckDB CLI and other clients.
2026-07-27T09:15:24.0222954Z i Run duckdb(shared_home = FALSE) to use a temporary directory instead.
2026-07-27T09:15:24.0223573Z i See ?duckdb_storage for details and alternatives.
2026-07-27T09:15:24.0586453Z   'test-backend-dbplyr__duckdb_connection.R:86:3' [success]
2026-07-27T09:15:24.0734488Z   'test-backend-dbplyr__duckdb_connection.R:87:3' [success]
2026-07-27T09:15:24.0941008Z   'test-backend-dbplyr__duckdb_connection.R:88:3' [success]
2026-07-27T09:15:24.1093399Z   'test-backend-dbplyr__duckdb_connection.R:89:3' [success]
2026-07-27T09:15:24.1235251Z   'test-backend-dbplyr__duckdb_connection.R:90:3' [success]
2026-07-27T09:15:24.1392020Z   'test-backend-dbplyr__duckdb_connection.R:91:3' [success]
2026-07-27T09:15:24.1532361Z   'test-backend-dbplyr__duckdb_connection.R:92:3' [success]
2026-07-27T09:15:24.1679168Z   'test-backend-dbplyr__duckdb_connection.R:93:3' [success]
2026-07-27T09:15:24.1833469Z   'test-backend-dbplyr__duckdb_connection.R:94:3' [success]
2026-07-27T09:15:24.1988470Z   'test-backend-dbplyr__duckdb_connection.R:95:3' [success]
2026-07-27T09:15:24.2190579Z   'test-backend-dbplyr__duckdb_connection.R:96:3' [success]
2026-07-27T09:15:24.2332426Z   'test-backend-dbplyr__duckdb_connection.R:97:3' [success]
2026-07-27T09:15:24.2473259Z   'test-backend-dbplyr__duckdb_connection.R:98:3' [success]
2026-07-27T09:15:24.2621139Z   'test-backend-dbplyr__duckdb_connection.R:99:3' [success]
2026-07-27T09:15:24.2776129Z   'test-backend-dbplyr__duckdb_connection.R:100:3' [success]
2026-07-27T09:15:24.2930469Z   'test-backend-dbplyr__duckdb_connection.R:101:3' [success]
2026-07-27T09:15:24.3084889Z   'test-backend-dbplyr__duckdb_connection.R:102:3' [success]
2026-07-27T09:15:24.3232239Z   'test-backend-dbplyr__duckdb_connection.R:103:3' [success]
2026-07-27T09:15:24.3425076Z   'test-backend-dbplyr__duckdb_connection.R:104:3' [success]
2026-07-27T09:15:24.3567760Z   'test-backend-dbplyr__duckdb_connection.R:105:3' [success]
2026-07-27T09:15:24.3707895Z   'test-backend-dbplyr__duckdb_connection.R:106:3' [success]
2026-07-27T09:15:24.3848337Z   'test-backend-dbplyr__duckdb_connection.R:107:3' [success]
2026-07-27T09:15:24.3988135Z   'test-backend-dbplyr__duckdb_connection.R:108:3' [success]
2026-07-27T09:15:24.4146227Z   'test-backend-dbplyr__duckdb_connection.R:109:3' [success]
2026-07-27T09:15:24.4292725Z   'test-backend-dbplyr__duckdb_connection.R:110:3' [success]
2026-07-27T09:15:24.4435265Z   'test-backend-dbplyr__duckdb_connection.R:111:3' [success]
2026-07-27T09:15:24.4631953Z   'test-backend-dbplyr__duckdb_connection.R:112:3' [success]
2026-07-27T09:15:24.4792803Z   'test-backend-dbplyr__duckdb_connection.R:113:3' [success]
2026-07-27T09:15:24.4944069Z   'test-backend-dbplyr__duckdb_connection.R:114:3' [success]
2026-07-27T09:15:24.5105757Z   'test-backend-dbplyr__duckdb_connection.R:115:3' [success]
2026-07-27T09:15:24.5149163Z End test: custom lubridate functions translated correctly
2026-07-27T09:15:24.5150041Z 
2026-07-27T09:15:24.5164607Z Start test: custom clock functions translated correctly
2026-07-27T09:15:24.6228345Z duckdb is storing downloaded extensions and secrets under ~/.duckdb:
2026-07-27T09:15:24.6229144Z i /home/runner/.duckdb
2026-07-27T09:15:24.6229968Z This persists across sessions and is shared with the DuckDB CLI and other clients.
2026-07-27T09:15:24.6231352Z i Run duckdb(shared_home = FALSE) to use a temporary directory instead.
2026-07-27T09:15:24.6232221Z i See ?duckdb_storage for details and alternatives.
2026-07-27T09:15:24.6588137Z   'test-backend-dbplyr__duckdb_connection.R:129:3' [success]
2026-07-27T09:15:24.6725201Z   'test-backend-dbplyr__duckdb_connection.R:130:3' [success]
2026-07-27T09:15:24.6867705Z   'test-backend-dbplyr__duckdb_connection.R:132:3' [success]
2026-07-27T09:15:24.7004072Z   'test-backend-dbplyr__duckdb_connection.R:133:3' [success]
2026-07-27T09:15:24.7135510Z   'test-backend-dbplyr__duckdb_connection.R:135:3' [success]
2026-07-27T09:15:24.7269052Z   'test-backend-dbplyr__duckdb_connection.R:136:3' [success]
2026-07-27T09:15:24.7454961Z   'test-backend-dbplyr__duckdb_connection.R:137:3' [success]
2026-07-27T09:15:24.7591831Z   'test-backend-dbplyr__duckdb_connection.R:139:3' [success]
2026-07-27T09:15:24.8919508Z   'test-backend-dbplyr__duckdb_connection.R:174:3' [success]
2026-07-27T09:15:24.9077755Z   'test-backend-dbplyr__duckdb_connection.R:177:3' [success]
2026-07-27T09:15:24.9227805Z   'test-backend-dbplyr__duckdb_connection.R:180:3' [success]
2026-07-27T09:15:24.9277799Z End test: custom clock functions translated correctly
2026-07-27T09:15:24.9278140Z 
2026-07-27T09:15:24.9292851Z Start test: custom stringr functions translated correctly
2026-07-27T09:15:24.9359888Z duckdb is storing downloaded extensions and secrets under ~/.duckdb:
2026-07-27T09:15:24.9360495Z i /home/runner/.duckdb
2026-07-27T09:15:24.9361152Z This persists across sessions and is shared with the DuckDB CLI and other clients.
2026-07-27T09:15:24.9362043Z i Run duckdb(shared_home = FALSE) to use a temporary directory instead.
2026-07-27T09:15:24.9362735Z i See ?duckdb_storage for details and alternatives.
2026-07-27T09:15:24.9751908Z   'test-backend-dbplyr__duckdb_connection.R:195:3' [success]
2026-07-27T09:15:24.9904322Z   'test-backend-dbplyr__duckdb_connection.R:197:3' [success]
2026-07-27T09:15:25.0054231Z   'test-backend-dbplyr__duckdb_connection.R:198:3' [success]
2026-07-27T09:15:25.0262980Z   'test-backend-dbplyr__duckdb_connection.R:199:3' [success]
2026-07-27T09:15:25.0429199Z   'test-backend-dbplyr__duckdb_connection.R:200:3' [success]
2026-07-27T09:15:25.0586703Z   'test-backend-dbplyr__duckdb_connection.R:201:3' [success]
2026-07-27T09:15:25.0744224Z   'test-backend-dbplyr__duckdb_connection.R:202:3' [success]
2026-07-27T09:15:25.0912762Z   'test-backend-dbplyr__duckdb_connection.R:203:3' [success]
2026-07-27T09:15:25.1074303Z   'test-backend-dbplyr__duckdb_connection.R:204:3' [success]
2026-07-27T09:15:25.1238247Z   'test-backend-dbplyr__duckdb_connection.R:205:3' [success]
2026-07-27T09:15:25.1450018Z   'test-backend-dbplyr__duckdb_connection.R:206:3' [success]
2026-07-27T09:15:25.1616172Z   'test-backend-dbplyr__duckdb_connection.R:207:3' [success]
2026-07-27T09:15:25.1783448Z   'test-backend-dbplyr__duckdb_connection.R:208:3' [success]
2026-07-27T09:15:25.1968263Z   'test-backend-dbplyr__duckdb_connection.R:209:3' [success]
2026-07-27T09:15:25.2126831Z   'test-backend-dbplyr__duckdb_connection.R:210:3' [success]
2026-07-27T09:15:25.2279636Z   'test-backend-dbplyr__duckdb_connection.R:211:3' [success]
2026-07-27T09:15:25.2425376Z   'test-backend-dbplyr__duckdb_connection.R:212:3' [success]
2026-07-27T09:15:25.2469112Z End test: custom stringr functions translated correctly
2026-07-27T09:15:25.2469455Z 
2026-07-27T09:15:25.2483940Z Start test: is_distinct_from and is_not_distinct_from translated correctly
2026-07-27T09:15:25.2601101Z duckdb is storing downloaded extensions and secrets under ~/.duckdb:
2026-07-27T09:15:25.2601797Z i /home/runner/.duckdb
2026-07-27T09:15:25.2602863Z This persists across sessions and is shared with the DuckDB CLI and other clients.
2026-07-27T09:15:25.2603864Z i Run duckdb(shared_home = FALSE) to use a temporary directory instead.
2026-07-27T09:15:25.2604654Z i See ?duckdb_storage for details and alternatives.
2026-07-27T09:15:25.2975591Z   'test-backend-dbplyr__duckdb_connection.R:221:3' [success]
2026-07-27T09:15:25.3129612Z   'test-backend-dbplyr__duckdb_connection.R:225:3' [success]
2026-07-27T09:15:25.3171545Z End test: is_distinct_from and is_not_distinct_from translated correctly
2026-07-27T09:15:25.3172046Z 
2026-07-27T09:15:25.3186411Z Start test: is_distinct_from and is_not_distinct_from produce correct results
2026-07-27T09:15:25.3261372Z duckdb is storing downloaded extensions and secrets under ~/.duckdb:
2026-07-27T09:15:25.3261965Z i /home/runner/.duckdb
2026-07-27T09:15:25.3262614Z This persists across sessions and is shared with the DuckDB CLI and other clients.
2026-07-27T09:15:25.3263483Z i Run duckdb(shared_home = FALSE) to use a temporary directory instead.
2026-07-27T09:15:25.3264163Z i See ?duckdb_storage for details and alternatives.
2026-07-27T09:15:25.3908595Z   'test-backend-dbplyr__duckdb_connection.R:240:3' [success]
2026-07-27T09:15:25.4225032Z   'test-backend-dbplyr__duckdb_connection.R:244:3' [success]
2026-07-27T09:15:25.4266386Z End test: is_distinct_from and is_not_distinct_from produce correct results
2026-07-27T09:15:25.4266862Z 
2026-07-27T09:15:25.4281211Z Start test: filter() and filter_out() produce correct results
2026-07-27T09:15:25.4408247Z duckdb is storing downloaded extensions and secrets under ~/.duckdb:
2026-07-27T09:15:25.4408870Z i /home/runner/.duckdb
2026-07-27T09:15:25.4409533Z This persists across sessions and is shared with the DuckDB CLI and other clients.
2026-07-27T09:15:25.4410383Z i Run duckdb(shared_home = FALSE) to use a temporary directory instead.
2026-07-27T09:15:25.4411061Z i See ?duckdb_storage for details and alternatives.
2026-07-27T09:15:25.5078951Z   'test-backend-dbplyr__duckdb_connection.R:260:3' [success]
2026-07-27T09:15:25.5496964Z   'test-backend-dbplyr__duckdb_connection.R:267:3' [success]
2026-07-27T09:15:25.5546371Z End test: filter() and filter_out() produce correct results
2026-07-27T09:15:25.5546758Z 
2026-07-27T09:15:25.5561558Z Start test: datetime escaping working as in DBI
2026-07-27T09:15:25.5627556Z duckdb is storing downloaded extensions and secrets under ~/.duckdb:
2026-07-27T09:15:25.5628555Z i /home/runner/.duckdb
2026-07-27T09:15:25.5629204Z This persists across sessions and is shared with the DuckDB CLI and other clients.
2026-07-27T09:15:25.5630412Z i Run duckdb(shared_home = FALSE) to use a temporary directory instead.
2026-07-27T09:15:25.5631100Z i See ?duckdb_storage for details and alternatives.
2026-07-27T09:15:25.5979358Z   'test-backend-dbplyr__duckdb_connection.R:280:3' [success]
2026-07-27T09:15:25.6098683Z   'test-backend-dbplyr__duckdb_connection.R:281:3' [success]
2026-07-27T09:15:25.6500406Z   'test-backend-dbplyr__duckdb_connection.R:284:3' [success]
2026-07-27T09:15:25.6626047Z   'test-backend-dbplyr__duckdb_connection.R:285:3' [success]
2026-07-27T09:15:25.6961927Z   'test-backend-dbplyr__duckdb_connection.R:288:3' [success]
2026-07-27T09:15:25.7093080Z   'test-backend-dbplyr__duckdb_connection.R:289:3' [success]
2026-07-27T09:15:25.7184155Z End test: datetime escaping working as in DBI
2026-07-27T09:15:25.7184650Z 
2026-07-27T09:15:25.7199857Z Start test: aggregators translated correctly
2026-07-27T09:15:25.7266602Z duckdb is storing downloaded extensions and secrets under ~/.duckdb:
2026-07-27T09:15:25.7267536Z i /home/runner/.duckdb
2026-07-27T09:15:25.7268205Z This persists across sessions and is shared with the DuckDB CLI and other clients.
2026-07-27T09:15:25.7269074Z i Run duckdb(shared_home = FALSE) to use a temporary directory instead.
2026-07-27T09:15:25.7269769Z i See ?duckdb_storage for details and alternatives.
2026-07-27T09:15:25.7648404Z   'test-backend-dbplyr__duckdb_connection.R:298:3' [success]
2026-07-27T09:15:25.7831839Z   'test-backend-dbplyr__duckdb_connection.R:299:3' [success]
2026-07-27T09:15:25.8004469Z   'test-backend-dbplyr__duckdb_connection.R:301:3' [success]
2026-07-27T09:15:25.8243707Z   'test-backend-dbplyr__duckdb_connection.R:302:3' [success]
2026-07-27T09:15:25.8395207Z   'test-backend-dbplyr__duckdb_connection.R:304:3' [success]
2026-07-27T09:15:25.8553159Z   'test-backend-dbplyr__duckdb_connection.R:305:3' [success]
2026-07-27T09:15:25.8720981Z   'test-backend-dbplyr__duckdb_connection.R:306:3' [success]
2026-07-27T09:15:25.8865004Z   'test-backend-dbplyr__duckdb_connection.R:308:3' [success]
2026-07-27T09:15:25.9021438Z   'test-backend-dbplyr__duckdb_connection.R:309:3' [success]
2026-07-27T09:15:25.9164452Z   'test-backend-dbplyr__duckdb_connection.R:311:3' [success]
2026-07-27T09:15:25.9376487Z   'test-backend-dbplyr__duckdb_connection.R:312:3' [success]
2026-07-27T09:15:25.9524977Z   'test-backend-dbplyr__duckdb_connection.R:314:3' [success]
2026-07-27T09:15:25.9680778Z   'test-backend-dbplyr__duckdb_connection.R:315:3' [success]
2026-07-27T09:15:25.9826011Z   'test-backend-dbplyr__duckdb_connection.R:317:3' [success]
2026-07-27T09:15:25.9985780Z   'test-backend-dbplyr__duckdb_connection.R:318:3' [success]
2026-07-27T09:15:26.0134456Z   'test-backend-dbplyr__duckdb_connection.R:320:3' [success]
2026-07-27T09:15:26.0295438Z   'test-backend-dbplyr__duckdb_connection.R:321:3' [success]
2026-07-27T09:15:26.0512490Z   'test-backend-dbplyr__duckdb_connection.R:322:3' [success]
2026-07-27T09:15:26.0671745Z   'test-backend-dbplyr__duckdb_connection.R:324:3' [success]
2026-07-27T09:15:26.0841196Z   'test-backend-dbplyr__duckdb_connection.R:325:3' [success]
2026-07-27T09:15:26.1014933Z   'test-backend-dbplyr__duckdb_connection.R:326:3' [success]
2026-07-27T09:15:26.1163154Z   'test-backend-dbplyr__duckdb_connection.R:327:3' [success]
2026-07-27T09:15:26.1324769Z   'test-backend-dbplyr__duckdb_connection.R:328:3' [success]
2026-07-27T09:15:26.1495777Z   'test-backend-dbplyr__duckdb_connection.R:329:3' [success]
2026-07-27T09:15:26.1538495Z End test: aggregators translated correctly
2026-07-27T09:15:26.1538828Z 
2026-07-27T09:15:26.1552950Z Start test: quantile translated correctly
2026-07-27T09:15:26.1618141Z duckdb is storing downloaded extensions and secrets under ~/.duckdb:
2026-07-27T09:15:26.1619041Z i /home/runner/.duckdb
2026-07-27T09:15:26.1619721Z This persists across sessions and is shared with the DuckDB CLI and other clients.
2026-07-27T09:15:26.1620617Z i Run duckdb(shared_home = FALSE) to use a temporary directory instead.
2026-07-27T09:15:26.1621612Z i See ?duckdb_storage for details and alternatives.
2026-07-27T09:15:26.2039915Z   'test-backend-dbplyr__duckdb_connection.R:338:3' [success]
2026-07-27T09:15:26.2185200Z   'test-backend-dbplyr__duckdb_connection.R:339:3' [success]
2026-07-27T09:15:26.2343050Z   'test-backend-dbplyr__duckdb_connection.R:340:3' [success]
2026-07-27T09:15:26.2512134Z   'test-backend-dbplyr__duckdb_connection.R:341:3' [success]
2026-07-27T09:15:26.2558200Z End test: quantile translated correctly
2026-07-27T09:15:26.2558535Z 
2026-07-27T09:15:26.2573547Z Start test: two variable aggregates are translated correctly
2026-07-27T09:15:26.2641884Z duckdb is storing downloaded extensions and secrets under ~/.duckdb:
2026-07-27T09:15:26.2642525Z i /home/runner/.duckdb
2026-07-27T09:15:26.2643231Z This persists across sessions and is shared with the DuckDB CLI and other clients.
2026-07-27T09:15:26.2644223Z i Run duckdb(shared_home = FALSE) to use a temporary directory instead.
2026-07-27T09:15:26.2644932Z i See ?duckdb_storage for details and alternatives.
2026-07-27T09:15:26.3026660Z   'test-backend-dbplyr__duckdb_connection.R:350:3' [success]
2026-07-27T09:15:26.3194242Z   'test-backend-dbplyr__duckdb_connection.R:351:3' [success]
2026-07-27T09:15:26.3405383Z   'test-backend-dbplyr__duckdb_connection.R:353:3' [success]
2026-07-27T09:15:26.3573642Z   'test-backend-dbplyr__duckdb_connection.R:354:3' [success]
2026-07-27T09:15:26.3753811Z   'test-backend-dbplyr__duckdb_connection.R:355:3' [success]
2026-07-27T09:15:26.3908814Z   'test-backend-dbplyr__duckdb_connection.R:357:3' [success]
2026-07-27T09:15:26.4075040Z   'test-backend-dbplyr__duckdb_connection.R:358:3' [success]
2026-07-27T09:15:26.4253642Z   'test-backend-dbplyr__duckdb_connection.R:359:3' [success]
2026-07-27T09:15:26.4295944Z End test: two variable aggregates are translated correctly
2026-07-27T09:15:26.4296673Z 
2026-07-27T09:15:26.4310624Z Start test: n_distinct() computations are correct
2026-07-27T09:15:26.4379228Z duckdb is storing downloaded extensions and secrets under ~/.duckdb:
2026-07-27T09:15:26.4379849Z i /home/runner/.duckdb
2026-07-27T09:15:26.4380500Z This persists across sessions and is shared with the DuckDB CLI and other clients.
2026-07-27T09:15:26.4381353Z i Run duckdb(shared_home = FALSE) to use a temporary directory instead.
2026-07-27T09:15:26.4382007Z i See ?duckdb_storage for details and alternatives.
2026-07-27T09:15:26.5137519Z   'test-backend-dbplyr__duckdb_connection.R:382:3' [success]
2026-07-27T09:15:26.5439243Z   'test-backend-dbplyr__duckdb_connection.R:386:3' [success]
2026-07-27T09:15:26.5757753Z   'test-backend-dbplyr__duckdb_connection.R:390:3' [success]
2026-07-27T09:15:26.6067498Z   'test-backend-dbplyr__duckdb_connection.R:394:3' [success]
2026-07-27T09:15:26.6424946Z   'test-backend-dbplyr__duckdb_connection.R:400:3' [success]
2026-07-27T09:15:26.6718359Z   'test-backend-dbplyr__duckdb_connection.R:405:3' [success]
2026-07-27T09:15:26.7036825Z   'test-backend-dbplyr__duckdb_connection.R:411:3' [success]
2026-07-27T09:15:26.7363384Z   'test-backend-dbplyr__duckdb_connection.R:417:3' [success]
2026-07-27T09:15:26.7863398Z   'test-backend-dbplyr__duckdb_connection.R:423:3' [success]
2026-07-27T09:15:26.8298328Z   'test-backend-dbplyr__duckdb_connection.R:428:3' [success]
2026-07-27T09:15:26.8838655Z   'test-backend-dbplyr__duckdb_connection.R:433:3' [success]
2026-07-27T09:15:26.8887949Z End test: n_distinct() computations are correct
2026-07-27T09:15:26.8888302Z 
2026-07-27T09:15:26.8903027Z Start test: duckdb round() results equal its R version
2026-07-27T09:15:26.8972941Z duckdb is storing downloaded extensions and secrets under ~/.duckdb:
2026-07-27T09:15:26.8973531Z i /home/runner/.duckdb
2026-07-27T09:15:26.8974193Z This persists across sessions and is shared with the DuckDB CLI and other clients.
2026-07-27T09:15:26.8975064Z i Run duckdb(shared_home = FALSE) to use a temporary directory instead.
2026-07-27T09:15:26.8975764Z i See ?duckdb_storage for details and alternatives.
2026-07-27T09:15:26.9698724Z   'test-backend-dbplyr__duckdb_connection.R:453:3' [success]
2026-07-27T09:15:26.9738001Z End test: duckdb round() results equal its R version
2026-07-27T09:15:26.9738390Z 
2026-07-27T09:15:26.9752395Z Start test: snapshots of dbplyr generic scalar translation
2026-07-27T09:15:26.9818068Z duckdb is storing downloaded extensions and secrets under ~/.duckdb:
2026-07-27T09:15:26.9818670Z i /home/runner/.duckdb
2026-07-27T09:15:26.9819338Z This persists across sessions and is shared with the DuckDB CLI and other clients.
2026-07-27T09:15:26.9820241Z i Run duckdb(shared_home = FALSE) to use a temporary directory instead.
2026-07-27T09:15:26.9820932Z i See ?duckdb_storage for details and alternatives.
2026-07-27T09:15:27.1444422Z   'test-backend-dbplyr__duckdb_connection.R:471:3' [success]
2026-07-27T09:15:27.1486415Z End test: snapshots of dbplyr generic scalar translation
2026-07-27T09:15:27.1486826Z 
2026-07-27T09:15:27.1501210Z Start test: snapshots of duckdb custom scalars translations
2026-07-27T09:15:27.1565973Z duckdb is storing downloaded extensions and secrets under ~/.duckdb:
2026-07-27T09:15:27.1566584Z i /home/runner/.duckdb
2026-07-27T09:15:27.1567583Z This persists across sessions and is shared with the DuckDB CLI and other clients.
2026-07-27T09:15:27.1568468Z i Run duckdb(shared_home = FALSE) to use a temporary directory instead.
2026-07-27T09:15:27.1569149Z i See ?duckdb_storage for details and alternatives.
2026-07-27T09:15:27.3827840Z   'test-backend-dbplyr__duckdb_connection.R:502:3' [success]
2026-07-27T09:15:27.3869473Z End test: snapshots of duckdb custom scalars translations
2026-07-27T09:15:27.3869875Z 
2026-07-27T09:15:27.3884159Z Start test: snapshot tests for pasting translate
2026-07-27T09:15:27.3949083Z duckdb is storing downloaded extensions and secrets under ~/.duckdb:
2026-07-27T09:15:27.3949677Z i /home/runner/.duckdb
2026-07-27T09:15:27.3950341Z This persists across sessions and is shared with the DuckDB CLI and other clients.
2026-07-27T09:15:27.3951439Z i Run duckdb(shared_home = FALSE) to use a temporary directory instead.
2026-07-27T09:15:27.3952140Z i See ?duckdb_storage for details and alternatives.
2026-07-27T09:15:27.4832303Z   'test-backend-dbplyr__duckdb_connection.R:544:3' [success]
2026-07-27T09:15:27.4890366Z End test: snapshot tests for pasting translate
2026-07-27T09:15:27.4890768Z 
2026-07-27T09:15:27.4904898Z Start test: snapshots for custom lubridate functions translated correctly
2026-07-27T09:15:27.4970606Z duckdb is storing downloaded extensions and secrets under ~/.duckdb:
2026-07-27T09:15:27.4971180Z i /home/runner/.duckdb
2026-07-27T09:15:27.4971787Z This persists across sessions and is shared with the DuckDB CLI and other clients.
2026-07-27T09:15:27.4972581Z i Run duckdb(shared_home = FALSE) to use a temporary directory instead.
2026-07-27T09:15:27.4973230Z i See ?duckdb_storage for details and alternatives.
2026-07-27T09:15:27.7600970Z   'test-backend-dbplyr__duckdb_connection.R:568:3' [success]
2026-07-27T09:15:27.7644478Z End test: snapshots for custom lubridate functions translated correctly
2026-07-27T09:15:27.7644948Z 
2026-07-27T09:15:27.7659184Z Start test: snapshots for custom stringr functions translated correctly
2026-07-27T09:15:27.7724580Z duckdb is storing downloaded extensions and secrets under ~/.duckdb:
2026-07-27T09:15:27.7725174Z i /home/runner/.duckdb
2026-07-27T09:15:27.7725836Z This persists across sessions and is shared with the DuckDB CLI and other clients.
2026-07-27T09:15:27.7726710Z i Run duckdb(shared_home = FALSE) to use a temporary directory instead.
2026-07-27T09:15:27.7727785Z i See ?duckdb_storage for details and alternatives.
2026-07-27T09:15:27.9473819Z   'test-backend-dbplyr__duckdb_connection.R:613:3' [success]
2026-07-27T09:15:27.9526398Z End test: snapshots for custom stringr functions translated correctly
2026-07-27T09:15:27.9526869Z 
2026-07-27T09:15:27.9542177Z Start test: snapshots datetime escaping working as in DBI
2026-07-27T09:15:27.9612368Z duckdb is storing downloaded extensions and secrets under ~/.duckdb:
2026-07-27T09:15:27.9612975Z i /home/runner/.duckdb
2026-07-27T09:15:27.9614024Z This persists across sessions and is shared with the DuckDB CLI and other clients.
2026-07-27T09:15:27.9614895Z i Run duckdb(shared_home = FALSE) to use a temporary directory instead.
2026-07-27T09:15:27.9615561Z i See ?duckdb_storage for details and alternatives.
2026-07-27T09:15:28.0397020Z   'test-backend-dbplyr__duckdb_connection.R:642:3' [success]
2026-07-27T09:15:28.0490878Z End test: snapshots datetime escaping working as in DBI
2026-07-27T09:15:28.0491321Z 
2026-07-27T09:15:28.0510432Z Start test: two variable aggregates are translated correctly
2026-07-27T09:15:28.0582874Z duckdb is storing downloaded extensions and secrets under ~/.duckdb:
2026-07-27T09:15:28.0583465Z i /home/runner/.duckdb
2026-07-27T09:15:28.0584123Z This persists across sessions and is shared with the DuckDB CLI and other clients.
2026-07-27T09:15:28.0585014Z i Run duckdb(shared_home = FALSE) to use a temporary directory instead.
2026-07-27T09:15:28.0585689Z i See ?duckdb_storage for details and alternatives.
2026-07-27T09:15:28.1206991Z   'test-backend-dbplyr__duckdb_connection.R:666:3' [success]
2026-07-27T09:15:28.1246192Z End test: two variable aggregates are translated correctly
2026-07-27T09:15:28.1246617Z 
2026-07-27T09:15:28.1261642Z Start test: these should give errors
2026-07-27T09:15:28.1328714Z duckdb is storing downloaded extensions and secrets under ~/.duckdb:
2026-07-27T09:15:28.1329305Z i /home/runner/.duckdb
2026-07-27T09:15:28.1330260Z This persists across sessions and is shared with the DuckDB CLI and other clients.
2026-07-27T09:15:28.1331148Z i Run duckdb(shared_home = FALSE) to use a temporary directory instead.
2026-07-27T09:15:28.1331839Z i See ?duckdb_storage for details and alternatives.
2026-07-27T09:15:28.2365676Z   'test-backend-dbplyr__duckdb_connection.R:681:3' [success]
2026-07-27T09:15:28.2410945Z End test: these should give errors
2026-07-27T09:15:28.2411260Z 
2026-07-27T09:15:28.2464400Z Start test: dbBind() works as expected for all types
2026-07-27T09:15:28.2525487Z duckdb is storing downloaded extensions and secrets under ~/.duckdb:
2026-07-27T09:15:28.2526105Z i /home/runner/.duckdb
2026-07-27T09:15:28.2526788Z This persists across sessions and is shared with the DuckDB CLI and other clients.
2026-07-27T09:15:28.2528054Z i Run duckdb(shared_home = FALSE) to use a temporary directory instead.
2026-07-27T09:15:28.2528684Z i See ?duckdb_storage for details and alternatives.
2026-07-27T09:15:28.2874021Z   'test-bind.R:31:3' [success]
2026-07-27T09:15:28.2991882Z   'test-bind.R:31:3' [success]
2026-07-27T09:15:28.3224506Z   'test-bind.R:31:3' [success]
2026-07-27T09:15:28.3345421Z   'test-bind.R:31:3' [success]
2026-07-27T09:15:28.3674832Z   'test-bind.R:32:3' [success]
2026-07-27T09:15:28.3793514Z   'test-bind.R:32:3' [success]
2026-07-27T09:15:28.4017719Z   'test-bind.R:32:3' [success]
2026-07-27T09:15:28.4134179Z   'test-bind.R:32:3' [success]
2026-07-27T09:15:28.4277003Z   'test-bind.R:34:3' [success]
2026-07-27T09:15:28.4401130Z   'test-bind.R:34:3' [success]
2026-07-27T09:15:28.4647122Z   'test-bind.R:34:3' [success]
2026-07-27T09:15:28.4768791Z   'test-bind.R:34:3' [success]
2026-07-27T09:15:28.6206798Z   'test-bind.R:35:3' [success]
2026-07-27T09:15:28.6323762Z   'test-bind.R:35:3' [success]
2026-07-27T09:15:28.6576755Z   'test-bind.R:35:3' [success]
2026-07-27T09:15:28.6698227Z   'test-bind.R:35:3' [success]
2026-07-27T09:15:28.6848145Z   'test-bind.R:37:3' [success]
2026-07-27T09:15:28.6965915Z   'test-bind.R:37:3' [success]
2026-07-27T09:15:28.7203821Z   'test-bind.R:37:3' [success]
2026-07-27T09:15:28.7320657Z   'test-bind.R:37:3' [success]
2026-07-27T09:15:28.7517181Z   'test-bind.R:39:3' [success]
2026-07-27T09:15:28.7633889Z   'test-bind.R:39:3' [success]
2026-07-27T09:15:28.7878584Z   'test-bind.R:39:3' [success]
2026-07-27T09:15:28.7996011Z   'test-bind.R:39:3' [success]
2026-07-27T09:15:28.8140564Z   'test-bind.R:40:3' [success]
2026-07-27T09:15:28.8258052Z   'test-bind.R:40:3' [success]
2026-07-27T09:15:28.8499146Z   'test-bind.R:40:3' [success]
2026-07-27T09:15:28.8616322Z   'test-bind.R:40:3' [success]
2026-07-27T09:15:28.8813613Z   'test-bind.R:42:3' [success]
2026-07-27T09:15:28.8938325Z   'test-bind.R:42:3' [success]
2026-07-27T09:15:28.9179596Z   'test-bind.R:42:3' [success]
2026-07-27T09:15:28.9299168Z   'test-bind.R:42:3' [success]
2026-07-27T09:15:28.9447588Z   'test-bind.R:44:3' [success]
2026-07-27T09:15:28.9566966Z   'test-bind.R:44:3' [success]
2026-07-27T09:15:28.9809869Z   'test-bind.R:44:3' [success]
2026-07-27T09:15:28.9936181Z   'test-bind.R:44:3' [success]
2026-07-27T09:15:29.0131432Z   'test-bind.R:46:3' [success]
2026-07-27T09:15:29.0246679Z   'test-bind.R:46:3' [success]
2026-07-27T09:15:29.0480220Z   'test-bind.R:46:3' [success]
2026-07-27T09:15:29.0600896Z   'test-bind.R:46:3' [success]
2026-07-27T09:15:29.0649671Z End test: dbBind() works as expected for all types
2026-07-27T09:15:29.0650087Z 
2026-07-27T09:15:29.0664872Z Start test: dbBind() is called from dbGetQuery and dbExecute
2026-07-27T09:15:29.0729388Z duckdb is storing downloaded extensions and secrets under ~/.duckdb:
2026-07-27T09:15:29.0729993Z i /home/runner/.duckdb
2026-07-27T09:15:29.0730658Z This persists across sessions and is shared with the DuckDB CLI and other clients.
2026-07-27T09:15:29.0731534Z i Run duckdb(shared_home = FALSE) to use a temporary directory instead.
2026-07-27T09:15:29.0732220Z i See ?duckdb_storage for details and alternatives.
2026-07-27T09:15:29.1096035Z   'test-bind.R:54:3' [success]
2026-07-27T09:15:29.1217020Z   'test-bind.R:55:3' [success]
2026-07-27T09:15:29.1360326Z   'test-bind.R:59:3' [success]
2026-07-27T09:15:29.1482837Z   'test-bind.R:60:3' [success]
2026-07-27T09:15:29.1628464Z   'test-bind.R:68:3' [success]
2026-07-27T09:15:29.1786711Z   'test-bind.R:69:3' [success]
2026-07-27T09:15:29.1916152Z   'test-bind.R:77:3' [success]
2026-07-27T09:15:29.2032337Z   'test-bind.R:78:3' [success]
2026-07-27T09:15:29.2078525Z End test: dbBind() is called from dbGetQuery and dbExecute
2026-07-27T09:15:29.2079006Z 
2026-07-27T09:15:29.2093552Z Start test: test blobs
2026-07-27T09:15:29.2154958Z duckdb is storing downloaded extensions and secrets under ~/.duckdb:
2026-07-27T09:15:29.2155657Z i /home/runner/.duckdb
2026-07-27T09:15:29.2156559Z This persists across sessions and is shared with the DuckDB CLI and other clients.
2026-07-27T09:15:29.2157767Z i Run duckdb(shared_home = FALSE) to use a temporary directory instead.
2026-07-27T09:15:29.2158565Z i See ?duckdb_storage for details and alternatives.
2026-07-27T09:15:29.2501023Z   'test-bind.R:87:3' [success]
2026-07-27T09:15:29.2538635Z End test: test blobs
2026-07-27T09:15:29.2538866Z 
2026-07-27T09:15:29.2552638Z Start test: various error cases for dbBind()
2026-07-27T09:15:29.2614116Z duckdb is storing downloaded extensions and secrets under ~/.duckdb:
2026-07-27T09:15:29.2615055Z i /home/runner/.duckdb
2026-07-27T09:15:29.2615754Z This persists across sessions and is shared with the DuckDB CLI and other clients.
2026-07-27T09:15:29.2616632Z i Run duckdb(shared_home = FALSE) to use a temporary directory instead.
2026-07-27T09:15:29.2617649Z i See ?duckdb_storage for details and alternatives.
2026-07-27T09:15:29.2986222Z   'test-bind.R:95:3' [success]
2026-07-27T09:15:29.3232621Z   'test-bind.R:97:3' [success]
2026-07-27T09:15:29.3521696Z   'test-bind.R:98:3' [success]
2026-07-27T09:15:29.3785723Z   'test-bind.R:99:3' [success]
2026-07-27T09:15:29.4032091Z   'test-bind.R:100:3' [success]
2026-07-27T09:15:29.4182242Z   'test-bind.R:102:3' [success]
2026-07-27T09:15:29.4506301Z   'test-bind.R:104:3' [success]
2026-07-27T09:15:29.4796572Z   'test-bind.R:108:3' [success]
2026-07-27T09:15:29.5077833Z   'test-bind.R:109:3' [success]
2026-07-27T09:15:29.5236935Z   'test-bind.R:110:3' [success]
2026-07-27T09:15:29.5398894Z   'test-bind.R:111:3' [success]
2026-07-27T09:15:29.5710351Z   'test-bind.R:112:3' [success]
2026-07-27T09:15:29.6000392Z   'test-bind.R:113:3' [success]
2026-07-27T09:15:29.6274961Z   'test-bind.R:114:3' [success]
2026-07-27T09:15:29.6410201Z   'test-bind.R:119:3' [success]
2026-07-27T09:15:29.6698168Z   'test-bind.R:121:3' [success]
2026-07-27T09:15:29.6943734Z   'test-bind.R:122:3' [success]
2026-07-27T09:15:29.7190263Z   'test-bind.R:123:3' [success]
2026-07-27T09:15:29.7330192Z   'test-bind.R:125:3' [success]
2026-07-27T09:15:29.7578784Z   'test-bind.R:126:3' [success]
2026-07-27T09:15:29.7860757Z   'test-bind.R:127:3' [success]
2026-07-27T09:15:29.8127053Z   'test-bind.R:131:3' [success]
2026-07-27T09:15:29.8400662Z   'test-bind.R:132:3' [success]
2026-07-27T09:15:29.8678524Z   'test-bind.R:133:3' [success]
2026-07-27T09:15:29.8993540Z   'test-bind.R:134:3' [success]
2026-07-27T09:15:29.9268815Z   'test-bind.R:135:3' [success]
2026-07-27T09:15:29.9536443Z   'test-bind.R:136:3' [success]
2026-07-27T09:15:29.9856429Z   'test-bind.R:137:3' [success]
2026-07-27T09:15:30.0129050Z   'test-bind.R:138:3' [success]
2026-07-27T09:15:30.0149990Z End test: various error cases for dbBind()
2026-07-27T09:15:30.0150337Z 
2026-07-27T09:15:30.0199437Z Start test: configuration key value pairs work as expected
2026-07-27T09:15:30.0260257Z duckdb is storing downloaded extensions and secrets under ~/.duckdb:
2026-07-27T09:15:30.0260939Z i /home/runner/.duckdb
2026-07-27T09:15:30.0261656Z This persists across sessions and is shared with the DuckDB CLI and other clients.
2026-07-27T09:15:30.0262635Z i Run duckdb(shared_home = FALSE) to use a temporary directory instead.
2026-07-27T09:15:30.0263416Z i See ?duckdb_storage for details and alternatives.
2026-07-27T09:15:30.0575949Z duckdb is storing downloaded extensions and secrets under ~/.duckdb:
2026-07-27T09:15:30.0576715Z i /home/runner/.duckdb
2026-07-27T09:15:30.0577763Z This persists across sessions and is shared with the DuckDB CLI and other clients.
2026-07-27T09:15:30.0578780Z i Run duckdb(shared_home = FALSE) to use a temporary directory instead.
2026-07-27T09:15:30.0579627Z i See ?duckdb_storage for details and alternatives.
2026-07-27T09:15:30.0884230Z duckdb is storing downloaded extensions and secrets under ~/.duckdb:
2026-07-27T09:15:30.0884933Z i /home/runner/.duckdb
2026-07-27T09:15:30.0885815Z This persists across sessions and is shared with the DuckDB CLI and other clients.
2026-07-27T09:15:30.0886810Z i Run duckdb(shared_home = FALSE) to use a temporary directory instead.
2026-07-27T09:15:30.0887856Z i See ?duckdb_storage for details and alternatives.
2026-07-27T09:15:30.1193521Z   'test-config_keyvalue.R:10:3' [success]
2026-07-27T09:15:30.1252550Z duckdb is storing downloaded extensions and secrets under ~/.duckdb:
2026-07-27T09:15:30.1253287Z i /home/runner/.duckdb
2026-07-27T09:15:30.1254021Z This persists across sessions and is shared with the DuckDB CLI and other clients.
2026-07-27T09:15:30.1255003Z i Run duckdb(shared_home = FALSE) to use a temporary directory instead.
2026-07-27T09:15:30.1255762Z i See ?duckdb_storage for details and alternatives.
2026-07-27T09:15:30.1706085Z   'test-config_keyvalue.R:21:3' [success]
2026-07-27T09:15:30.2066055Z duckdb is storing downloaded extensions and secrets under ~/.duckdb:
2026-07-27T09:15:30.2066761Z i /home/runner/.duckdb
2026-07-27T09:15:30.2067813Z This persists across sessions and is shared with the DuckDB CLI and other clients.
2026-07-27T09:15:30.2068857Z i Run duckdb(shared_home = FALSE) to use a temporary directory instead.
2026-07-27T09:15:30.2069581Z i See ?duckdb_storage for details and alternatives.
2026-07-27T09:15:30.2287810Z   'test-config_keyvalue.R:25:3' [success]
2026-07-27T09:15:30.2349526Z duckdb is storing downloaded extensions and secrets under ~/.duckdb:
2026-07-27T09:15:30.2350273Z i /home/runner/.duckdb
2026-07-27T09:15:30.2350978Z This persists across sessions and is shared with the DuckDB CLI and other clients.
2026-07-27T09:15:30.2352017Z i Run duckdb(shared_home = FALSE) to use a temporary directory instead.
2026-07-27T09:15:30.2352755Z i See ?duckdb_storage for details and alternatives.
2026-07-27T09:15:30.2353537Z i This message has been shown 60 times and will not be shown again this session.
2026-07-27T09:15:30.2523208Z   'test-config_keyvalue.R:26:3' [success]
2026-07-27T09:15:30.2821924Z   'test-config_keyvalue.R:29:3' [success]
2026-07-27T09:15:30.2840582Z End test: configuration key value pairs work as expected
2026-07-27T09:15:30.2841079Z 
2026-07-27T09:15:30.2891404Z Start test: warning on garbage-collecting unused driver
2026-07-27T09:15:30.2995456Z   'test-connect.R:5:3' [skip]
2026-07-27T09:15:30.3013387Z End test: warning on garbage-collecting unused driver
2026-07-27T09:15:30.3013733Z 
2026-07-27T09:15:30.3029406Z Start test: warning on garbage-collecting open connection
2026-07-27T09:15:30.3129873Z   'test-connect.R:15:3' [skip]
2026-07-27T09:15:30.3223809Z End test: warning on garbage-collecting open connection
2026-07-27T09:15:30.3224299Z 
2026-07-27T09:15:30.3238921Z Start test: no warning after duckdb_shutdown() for unused driver
2026-07-27T09:15:30.4960079Z   'test-connect.R:27:3' [success]
2026-07-27T09:15:30.4979008Z End test: no warning after duckdb_shutdown() for unused driver
2026-07-27T09:15:30.4979490Z 
2026-07-27T09:15:30.4994210Z Start test: no warning after dbDisconnect() for used driver
2026-07-27T09:15:30.6602077Z   'test-connect.R:35:3' [success]
2026-07-27T09:15:30.6620090Z End test: no warning after dbDisconnect() for used driver
2026-07-27T09:15:30.6620585Z 
2026-07-27T09:15:30.6634996Z Start test: no warning after dbDisconnect() for driver stored in variable
2026-07-27T09:15:30.8236092Z   'test-connect.R:44:3' [success]
2026-07-27T09:15:30.9499116Z   'test-connect.R:47:3' [success]
2026-07-27T09:15:30.9518448Z End test: no warning after dbDisconnect() for driver stored in variable
2026-07-27T09:15:30.9519028Z 
2026-07-27T09:15:30.9533774Z Start test: no warning on dbConnect() with other dbdir
2026-07-27T09:15:31.1324631Z   'test-connect.R:55:3' [success]
2026-07-27T09:15:31.1343461Z End test: no warning on dbConnect() with other dbdir
2026-07-27T09:15:31.1343831Z 
2026-07-27T09:15:31.1360084Z Start test: can connect to the same in-memory database via the same driver object
2026-07-27T09:15:31.1463085Z   'test-connect.R:59:3' [skip]
2026-07-27T09:15:31.1481958Z End test: can connect to the same in-memory database via the same driver object
2026-07-27T09:15:31.1482581Z 
2026-07-27T09:15:31.1497256Z Start test: will connect to different in-memory databases via different driver objects
2026-07-27T09:15:31.1599959Z   'test-connect.R:79:3' [skip]
2026-07-27T09:15:31.1618237Z End test: will connect to different in-memory databases via different driver objects
2026-07-27T09:15:31.1618773Z 
2026-07-27T09:15:31.1634706Z Start test: can connect to the same database file via the same driver object
2026-07-27T09:15:31.1736643Z   'test-connect.R:99:3' [skip]
2026-07-27T09:15:31.1755227Z End test: can connect to the same database file via the same driver object
2026-07-27T09:15:31.1755795Z 
2026-07-27T09:15:31.1770516Z Start test: can connect to the same database file via different driver objects
2026-07-27T09:15:31.1876523Z   'test-connect.R:119:3' [skip]
2026-07-27T09:15:31.1895214Z End test: can connect to the same database file via different driver objects
2026-07-27T09:15:31.1895669Z 
2026-07-27T09:15:31.1910307Z Start test: read_only only applies to the first driver object for a path
2026-07-27T09:15:31.2010294Z   'test-connect.R:144:3' [skip]
2026-07-27T09:15:31.2028423Z End test: read_only only applies to the first driver object for a path
2026-07-27T09:15:31.2028826Z 
2026-07-27T09:15:31.2043677Z Start test: config only applies to the first driver object for a path
2026-07-27T09:15:31.2162999Z   'test-connect.R:167:3' [skip]
2026-07-27T09:15:31.2185375Z End test: config only applies to the first driver object for a path
2026-07-27T09:15:31.2203312Z 
2026-07-27T09:15:31.2203605Z Start test: user agent is set to r
2026-07-27T09:15:31.2331512Z   'test-connect.R:188:3' [skip]
2026-07-27T09:15:31.2352183Z End test: user agent is set to r
2026-07-27T09:15:31.2352501Z 
2026-07-27T09:15:31.2438921Z Start test: Conversion of sub-dates prior Posix origin is correct
2026-07-27T09:15:31.2876685Z   'test-date.R:15:3' [success]
2026-07-27T09:15:31.2925052Z End test: Conversion of sub-dates prior Posix origin is correct
2026-07-27T09:15:31.2925486Z 
2026-07-27T09:15:31.2976864Z Start test: dbSendQueryArrow() accepts params= and binds them
2026-07-27T09:15:31.4798304Z   'test-dbBindArrow.R:15:3' [success]
2026-07-27T09:15:31.4854438Z End test: dbSendQueryArrow() accepts params= and binds them
2026-07-27T09:15:31.4854863Z 
2026-07-27T09:15:31.4869462Z Start test: dbBind() rebinds an arrow result
2026-07-27T09:15:31.6994541Z   'test-dbBindArrow.R:31:3' [success]
2026-07-27T09:15:31.7049071Z End test: dbBind() rebinds an arrow result
2026-07-27T09:15:31.7049405Z 
2026-07-27T09:15:31.7063111Z Start test: dbBindArrow() works with a nanoarrow stream
2026-07-27T09:15:31.8926459Z   'test-dbBindArrow.R:51:3' [success]
2026-07-27T09:15:31.8981550Z End test: dbBindArrow() works with a nanoarrow stream
2026-07-27T09:15:31.8982080Z 
2026-07-27T09:15:31.8996170Z Start test: dbBind() resets completion state for re-use
2026-07-27T09:15:31.9421910Z   'test-dbBindArrow.R:63:3' [success]
2026-07-27T09:15:31.9552319Z   'test-dbBindArrow.R:66:3' [success]
2026-07-27T09:15:31.9572901Z End test: dbBind() resets completion state for re-use
2026-07-27T09:15:31.9573341Z 
2026-07-27T09:15:31.9587490Z Start test: dbBindArrow() runs the query once per row for multi-row streams
2026-07-27T09:15:32.0161379Z   'test-dbBindArrow.R:80:3' [success]
2026-07-27T09:15:32.0203486Z End test: dbBindArrow() runs the query once per row for multi-row streams
2026-07-27T09:15:32.0204453Z 
2026-07-27T09:15:32.0256760Z Start test: dbFetchArrow() returns a nanoarrow_array_stream
2026-07-27T09:15:32.0664832Z   'test-dbFetchArrow.R:12:3' [success]
2026-07-27T09:15:32.0782192Z   'test-dbFetchArrow.R:13:3' [success]
2026-07-27T09:15:32.0967786Z   'test-dbFetchArrow.R:19:3' [success]
2026-07-27T09:15:32.1006035Z End test: dbFetchArrow() returns a nanoarrow_array_stream
2026-07-27T09:15:32.1006779Z 
2026-07-27T09:15:32.1020334Z Start test: dbFetchArrowChunk() iterates lazily until empty
2026-07-27T09:15:32.1445791Z   'test-dbFetchArrow.R:37:3' [success]
2026-07-27T09:15:32.1547740Z   'test-dbFetchArrow.R:38:3' [success]
2026-07-27T09:15:32.1663705Z   'test-dbFetchArrow.R:39:3' [success]
2026-07-27T09:15:32.1782254Z   'test-dbFetchArrow.R:43:3' [success]
2026-07-27T09:15:32.1835728Z End test: dbFetchArrowChunk() iterates lazily until empty
2026-07-27T09:15:32.1836226Z 
2026-07-27T09:15:32.1850873Z Start test: dbFetchArrow() errors after the result is cleared
2026-07-27T09:15:32.2289259Z   'test-dbFetchArrow.R:50:3' [success]
2026-07-27T09:15:32.2434856Z   'test-dbFetchArrow.R:51:3' [success]
2026-07-27T09:15:32.2456002Z End test: dbFetchArrow() errors after the result is cleared
2026-07-27T09:15:32.2456616Z 
2026-07-27T09:15:32.2471411Z Start test: dbFetchArrow() returns an empty stream after the result is consumed
2026-07-27T09:15:32.2938223Z   'test-dbFetchArrow.R:61:3' [success]
2026-07-27T09:15:32.3055553Z   'test-dbFetchArrow.R:62:3' [success]
2026-07-27T09:15:32.3094589Z End test: dbFetchArrow() returns an empty stream after the result is consumed
2026-07-27T09:15:32.3095120Z 
2026-07-27T09:15:32.3109417Z Start test: dbSendQueryArrow() + dbFetchArrowChunk() streams large queries
2026-07-27T09:15:32.3518951Z   'test-dbFetchArrow.R:74:3' [success]
2026-07-27T09:15:32.3641301Z   'test-dbFetchArrow.R:77:3' [success]
2026-07-27T09:15:32.3661912Z End test: dbSendQueryArrow() + dbFetchArrowChunk() streams large queries
2026-07-27T09:15:32.3662608Z 
2026-07-27T09:15:32.3677324Z Start test: dbColumnInfo() still works on an arrow result and matches the schema
2026-07-27T09:15:32.4098140Z   'test-dbFetchArrow.R:88:3' [success]
2026-07-27T09:15:32.4204962Z   'test-dbFetchArrow.R:93:3' [success]
2026-07-27T09:15:32.4248574Z End test: dbColumnInfo() still works on an arrow result and matches the schema
2026-07-27T09:15:32.4249149Z 
2026-07-27T09:15:32.4293080Z Start test: dbGetInfo returns something meaningful
2026-07-27T09:15:32.4578945Z   'test-dbinfo.R:6:3' [success]
2026-07-27T09:15:32.4785216Z   'test-dbinfo.R:7:3' [success]
2026-07-27T09:15:32.4910537Z   'test-dbinfo.R:8:3' [success]
2026-07-27T09:15:32.5379352Z   'test-dbinfo.R:12:3' [success]
2026-07-27T09:15:32.5497563Z   'test-dbinfo.R:13:3' [success]
2026-07-27T09:15:32.5543918Z End test: dbGetInfo returns something meaningful
2026-07-27T09:15:32.5544523Z 
2026-07-27T09:15:32.6803142Z Start test: DBItest[duckdb.dev]: Getting started: skipped tests
2026-07-27T09:15:32.6912088Z   'test-DBItest.R:3:1' [skip]
2026-07-27T09:15:32.6930605Z End test: DBItest[duckdb.dev]: Getting started: skipped tests
2026-07-27T09:15:32.6931240Z 
2026-07-27T09:15:32.8826780Z Start test: DBItest[duckdb.dev]: Driver: data_type_formals
2026-07-27T09:15:32.8956438Z   'test-DBItest.R:3:1' [success]
2026-07-27T09:15:32.9059285Z   'test-DBItest.R:3:1' [success]
2026-07-27T09:15:32.9078090Z End test: DBItest[duckdb.dev]: Driver: data_type_formals
2026-07-27T09:15:32.9078839Z 
2026-07-27T09:15:32.9093908Z Start test: DBItest[duckdb.dev]: Driver: data_type_driver
2026-07-27T09:15:32.9269417Z   'test-DBItest.R:3:1' [success]
2026-07-27T09:15:32.9393603Z   'test-DBItest.R:3:1' [success]
2026-07-27T09:15:32.9505927Z   'test-DBItest.R:3:1' [success]
2026-07-27T09:15:32.9621180Z   'test-DBItest.R:3:1' [success]
2026-07-27T09:15:32.9764348Z   'test-DBItest.R:3:1' [success]
2026-07-27T09:15:32.9896518Z   'test-DBItest.R:3:1' [success]
2026-07-27T09:15:33.0039460Z   'test-DBItest.R:3:1' [success]
2026-07-27T09:15:33.0177672Z   'test-DBItest.R:3:1' [success]
2026-07-27T09:15:33.0316273Z   'test-DBItest.R:3:1' [success]
2026-07-27T09:15:33.0478834Z   'test-DBItest.R:3:1' [success]
2026-07-27T09:15:33.0614696Z   'test-DBItest.R:3:1' [success]
2026-07-27T09:15:33.0758747Z   'test-DBItest.R:3:1' [success]
2026-07-27T09:15:33.0943836Z   'test-DBItest.R:3:1' [success]
2026-07-27T09:15:33.1053527Z   'test-DBItest.R:3:1' [success]
2026-07-27T09:15:33.1177872Z   'test-DBItest.R:3:1' [success]
2026-07-27T09:15:33.1283664Z   'test-DBItest.R:3:1' [success]
2026-07-27T09:15:33.1399599Z   'test-DBItest.R:3:1' [success]
2026-07-27T09:15:33.1509750Z   'test-DBItest.R:3:1' [success]
2026-07-27T09:15:33.1620566Z   'test-DBItest.R:3:1' [success]
2026-07-27T09:15:33.1754729Z   'test-DBItest.R:3:1' [success]
2026-07-27T09:15:33.1865450Z   'test-DBItest.R:3:1' [success]
2026-07-27T09:15:33.1979098Z   'test-DBItest.R:3:1' [success]
2026-07-27T09:15:33.2090333Z   'test-DBItest.R:3:1' [success]
2026-07-27T09:15:33.2198325Z   'test-DBItest.R:3:1' [success]
2026-07-27T09:15:33.2324622Z   'test-DBItest.R:3:1' [success]
2026-07-27T09:15:33.2430504Z   'test-DBItest.R:3:1' [success]
2026-07-27T09:15:33.2553680Z   'test-DBItest.R:3:1' [success]
2026-07-27T09:15:33.2662778Z   'test-DBItest.R:3:1' [success]
2026-07-27T09:15:33.2888519Z   'test-DBItest.R:3:1' [success]
2026-07-27T09:15:33.3020692Z   'test-DBItest.R:3:1' [success]
2026-07-27T09:15:33.3128027Z   'test-DBItest.R:3:1' [success]
2026-07-27T09:15:33.3240970Z   'test-DBItest.R:3:1' [success]
2026-07-27T09:15:33.3349951Z   'test-DBItest.R:3:1' [success]
2026-07-27T09:15:33.3456021Z   'test-DBItest.R:3:1' [success]
2026-07-27T09:15:33.3585477Z   'test-DBItest.R:3:1' [success]
2026-07-27T09:15:33.3690657Z   'test-DBItest.R:3:1' [success]
2026-07-27T09:15:33.3804246Z   'test-DBItest.R:3:1' [success]
2026-07-27T09:15:33.4004656Z   'test-DBItest.R:3:1' [success]
2026-07-27T09:15:33.4142939Z   'test-DBItest.R:3:1' [success]
2026-07-27T09:15:33.4301377Z   'test-DBItest.R:3:1' [success]
2026-07-27T09:15:33.4433746Z   'test-DBItest.R:3:1' [success]
2026-07-27T09:15:33.4575996Z   'test-DBItest.R:3:1' [success]
2026-07-27T09:15:33.4713741Z   'test-DBItest.R:3:1' [success]
2026-07-27T09:15:33.4852177Z   'test-DBItest.R:3:1' [success]
2026-07-27T09:15:33.5053007Z   'test-DBItest.R:3:1' [success]
2026-07-27T09:15:33.5158841Z   'test-DBItest.R:3:1' [success]
2026-07-27T09:15:33.5271528Z   'test-DBItest.R:3:1' [success]
2026-07-27T09:15:33.5376983Z   'test-DBItest.R:3:1' [success]
2026-07-27T09:15:33.5485915Z   'test-DBItest.R:3:1' [success]
2026-07-27T09:15:33.5643599Z   'test-DBItest.R:3:1' [success]
2026-07-27T09:15:33.5790349Z   'test-DBItest.R:3:1' [success]
2026-07-27T09:15:33.5972683Z   'test-DBItest.R:3:1' [success]
2026-07-27T09:15:33.6102724Z   'test-DBItest.R:3:1' [success]
2026-07-27T09:15:33.6229929Z   'test-DBItest.R:3:1' [success]
2026-07-27T09:15:33.6337118Z   'test-DBItest.R:3:1' [success]
2026-07-27T09:15:33.6476261Z   'test-DBItest.R:3:1' [success]
2026-07-27T09:15:33.6578006Z   'test-DBItest.R:3:1' [success]
2026-07-27T09:15:33.6729764Z   'test-DBItest.R:3:1' [success]
2026-07-27T09:15:33.6831651Z   'test-DBItest.R:3:1' [success]
2026-07-27T09:15:33.6956582Z   'test-DBItest.R:3:1' [success]
2026-07-27T09:15:33.7109043Z   'test-DBItest.R:3:1' [success]
2026-07-27T09:15:33.7253086Z   'test-DBItest.R:3:1' [success]
2026-07-27T09:15:33.7355664Z   'test-DBItest.R:3:1' [success]
2026-07-27T09:15:33.7484270Z   'test-DBItest.R:3:1' [success]
2026-07-27T09:15:33.7588545Z   'test-DBItest.R:3:1' [success]
2026-07-27T09:15:33.7731507Z   'test-DBItest.R:3:1' [success]
2026-07-27T09:15:33.7837465Z   'test-DBItest.R:3:1' [success]
2026-07-27T09:15:33.7969908Z   'test-DBItest.R:3:1' [success]
2026-07-27T09:15:33.8084073Z   'test-DBItest.R:3:1' [success]
2026-07-27T09:15:33.8212318Z   'test-DBItest.R:3:1' [success]
2026-07-27T09:15:33.8338080Z   'test-DBItest.R:3:1' [success]
2026-07-27T09:15:33.8439821Z   'test-DBItest.R:3:1' [success]
2026-07-27T09:15:33.8458846Z End test: DBItest[duckdb.dev]: Driver: data_type_driver
2026-07-27T09:15:33.8459284Z 
2026-07-27T09:15:33.8474917Z Start test: DBItest[duckdb.dev]: Driver: get_info_driver
2026-07-27T09:15:33.8601126Z   'test-DBItest.R:3:1' [success]
2026-07-27T09:15:33.8740141Z   'test-DBItest.R:3:1' [success]
2026-07-27T09:15:33.8863415Z   'test-DBItest.R:3:1' [success]
2026-07-27T09:15:33.9008871Z   'test-DBItest.R:3:1' [success]
2026-07-27T09:15:33.9027006Z End test: DBItest[duckdb.dev]: Driver: get_info_driver
2026-07-27T09:15:33.9028107Z 
2026-07-27T09:15:33.9043196Z Start test: DBItest[duckdb.dev]: Driver: connect_formals
2026-07-27T09:15:33.9167413Z   'test-DBItest.R:3:1' [success]
2026-07-27T09:15:33.9269512Z   'test-DBItest.R:3:1' [success]
2026-07-27T09:15:33.9289282Z End test: DBItest[duckdb.dev]: Driver: connect_formals
2026-07-27T09:15:33.9289748Z 
2026-07-27T09:15:33.9305281Z Start test: DBItest[duckdb.dev]: Driver: connect_can_connect
2026-07-27T09:15:33.9614968Z   'test-DBItest.R:3:1' [success]
2026-07-27T09:15:33.9727202Z   'test-DBItest.R:3:1' [success]
2026-07-27T09:15:33.9834735Z   'test-DBItest.R:3:1' [success]
2026-07-27T09:15:33.9854512Z End test: DBItest[duckdb.dev]: Driver: connect_can_connect
2026-07-27T09:15:33.9854988Z 
2026-07-27T09:15:33.9871480Z Start test: DBItest[duckdb.dev]: Driver: connect_format
2026-07-27T09:15:33.9991222Z   'test-DBItest.R:3:1' [success]
2026-07-27T09:15:34.0101881Z   'test-DBItest.R:3:1' [success]
2026-07-27T09:15:34.0225107Z   'test-DBItest.R:3:1' [success]
2026-07-27T09:15:34.0324072Z   'test-DBItest.R:3:1' [success]
2026-07-27T09:15:34.0342904Z End test: DBItest[duckdb.dev]: Driver: connect_format
2026-07-27T09:15:34.0343356Z 
2026-07-27T09:15:34.0358908Z Start test: DBItest[duckdb.dev]: Driver: connect_bigint_numeric
2026-07-27T09:15:34.0660410Z   'test-DBItest.R:3:1' [success]
2026-07-27T09:15:34.0787025Z   'test-DBItest.R:3:1' [success]
2026-07-27T09:15:34.0891709Z   'test-DBItest.R:3:1' [success]
2026-07-27T09:15:34.0911024Z End test: DBItest[duckdb.dev]: Driver: connect_bigint_numeric
2026-07-27T09:15:34.0911525Z 
2026-07-27T09:15:34.0926510Z Start test: DBItest[duckdb.dev]: Driver: skipped tests
2026-07-27T09:15:34.1032047Z   'test-DBItest.R:3:1' [skip]
2026-07-27T09:15:34.1053316Z End test: DBItest[duckdb.dev]: Driver: skipped tests
2026-07-27T09:15:34.1053704Z 
2026-07-27T09:15:34.2891422Z Start test: DBItest[duckdb.dev]: Connection: disconnect_formals
2026-07-27T09:15:34.3009833Z   'test-DBItest.R:3:1' [success]
2026-07-27T09:15:34.3105752Z   'test-DBItest.R:3:1' [success]
2026-07-27T09:15:34.3123390Z End test: DBItest[duckdb.dev]: Connection: disconnect_formals
2026-07-27T09:15:34.3123788Z 
2026-07-27T09:15:34.3138166Z Start test: DBItest[duckdb.dev]: Connection: can_disconnect
2026-07-27T09:15:34.3430274Z   'test-DBItest.R:3:1' [success]
2026-07-27T09:15:34.3546513Z   'test-DBItest.R:3:1' [success]
2026-07-27T09:15:34.3644577Z   'test-DBItest.R:3:1' [success]
2026-07-27T09:15:34.3663974Z End test: DBItest[duckdb.dev]: Connection: can_disconnect
2026-07-27T09:15:34.3664412Z 
2026-07-27T09:15:34.3679757Z Start test: DBItest[duckdb.dev]: Connection: disconnect_closed_connection
2026-07-27T09:15:34.4028759Z   'test-DBItest.R:3:1' [success]
2026-07-27T09:15:34.4119936Z   'test-DBItest.R:3:1' [success]
2026-07-27T09:15:34.4137998Z End test: DBItest[duckdb.dev]: Connection: disconnect_closed_connection
2026-07-27T09:15:34.4138590Z 
2026-07-27T09:15:34.4154422Z Start test: DBItest[duckdb.dev]: Connection: disconnect_invalid_connection
2026-07-27T09:15:34.4502759Z   'test-DBItest.R:3:1' [success]
2026-07-27T09:15:34.4603350Z   'test-DBItest.R:3:1' [success]
2026-07-27T09:15:34.4622647Z End test: DBItest[duckdb.dev]: Connection: disconnect_invalid_connection
2026-07-27T09:15:34.4623238Z 
2026-07-27T09:15:34.4638351Z Start test: DBItest[duckdb.dev]: Connection: data_type_connection
2026-07-27T09:15:34.4800691Z   'test-DBItest.R:3:1' [success]
2026-07-27T09:15:34.4914328Z   'test-DBItest.R:3:1' [success]
2026-07-27T09:15:34.5022335Z   'test-DBItest.R:3:1' [success]
2026-07-27T09:15:34.5179338Z   'test-DBItest.R:3:1' [success]
2026-07-27T09:15:34.5293236Z   'test-DBItest.R:3:1' [success]
2026-07-27T09:15:34.5388932Z   'test-DBItest.R:3:1' [success]
2026-07-27T09:15:34.5495154Z   'test-DBItest.R:3:1' [success]
2026-07-27T09:15:34.5601350Z   'test-DBItest.R:3:1' [success]
2026-07-27T09:15:34.5705253Z   'test-DBItest.R:3:1' [success]
2026-07-27T09:15:34.5832133Z   'test-DBItest.R:3:1' [success]
2026-07-27T09:15:34.5933817Z   'test-DBItest.R:3:1' [success]
2026-07-27T09:15:34.6048622Z   'test-DBItest.R:3:1' [success]
2026-07-27T09:15:34.6170705Z   'test-DBItest.R:3:1' [success]
2026-07-27T09:15:34.6325188Z   'test-DBItest.R:3:1' [success]
2026-07-27T09:15:34.6446983Z   'test-DBItest.R:3:1' [success]
2026-07-27T09:15:34.6583418Z   'test-DBItest.R:3:1' [success]
2026-07-27T09:15:34.6736409Z   'test-DBItest.R:3:1' [success]
2026-07-27T09:15:34.6846255Z   'test-DBItest.R:3:1' [success]
2026-07-27T09:15:34.6959338Z   'test-DBItest.R:3:1' [success]
2026-07-27T09:15:34.7148028Z   'test-DBItest.R:3:1' [success]
2026-07-27T09:15:34.7248153Z   'test-DBItest.R:3:1' [success]
2026-07-27T09:15:34.7358871Z   'test-DBItest.R:3:1' [success]
2026-07-27T09:15:34.7462651Z   'test-DBItest.R:3:1' [success]
2026-07-27T09:15:34.7565470Z   'test-DBItest.R:3:1' [success]
2026-07-27T09:15:34.7687991Z   'test-DBItest.R:3:1' [success]
2026-07-27T09:15:34.7790575Z   'test-DBItest.R:3:1' [success]
2026-07-27T09:15:34.7898546Z   'test-DBItest.R:3:1' [success]
2026-07-27T09:15:34.8001137Z   'test-DBItest.R:3:1' [success]
2026-07-27T09:15:34.8107774Z   'test-DBItest.R:3:1' [success]
2026-07-27T09:15:34.8235937Z   'test-DBItest.R:3:1' [success]
2026-07-27T09:15:34.8341718Z   'test-DBItest.R:3:1' [success]
2026-07-27T09:15:34.8461649Z   'test-DBItest.R:3:1' [success]
2026-07-27T09:15:34.8568706Z   'test-DBItest.R:3:1' [success]
2026-07-27T09:15:34.8678047Z   'test-DBItest.R:3:1' [success]
2026-07-27T09:15:34.8810204Z   'test-DBItest.R:3:1' [success]
2026-07-27T09:15:34.8968022Z   'test-DBItest.R:3:1' [success]
2026-07-27T09:15:34.9077668Z   'test-DBItest.R:3:1' [success]
2026-07-27T09:15:34.9181553Z   'test-DBItest.R:3:1' [success]
2026-07-27T09:15:34.9282176Z   'test-DBItest.R:3:1' [success]
2026-07-27T09:15:34.9413948Z   'test-DBItest.R:3:1' [success]
2026-07-27T09:15:34.9517625Z   'test-DBItest.R:3:1' [success]
2026-07-27T09:15:34.9626686Z   'test-DBItest.R:3:1' [success]
2026-07-27T09:15:34.9733351Z   'test-DBItest.R:3:1' [success]
2026-07-27T09:15:34.9839776Z   'test-DBItest.R:3:1' [success]
2026-07-27T09:15:34.9968533Z   'test-DBItest.R:3:1' [success]
2026-07-27T09:15:35.0074883Z   'test-DBItest.R:3:1' [success]
2026-07-27T09:15:35.0191015Z   'test-DBItest.R:3:1' [success]
2026-07-27T09:15:35.0295949Z   'test-DBItest.R:3:1' [success]
2026-07-27T09:15:35.0401027Z   'test-DBItest.R:3:1' [success]
2026-07-27T09:15:35.0525475Z   'test-DBItest.R:3:1' [success]
2026-07-27T09:15:35.0629145Z   'test-DBItest.R:3:1' [success]
2026-07-27T09:15:35.0807797Z   'test-DBItest.R:3:1' [success]
2026-07-27T09:15:35.0907001Z   'test-DBItest.R:3:1' [success]
2026-07-27T09:15:35.1033163Z   'test-DBItest.R:3:1' [success]
2026-07-27T09:15:35.1134082Z   'test-DBItest.R:3:1' [success]
2026-07-27T09:15:35.1260664Z   'test-DBItest.R:3:1' [success]
2026-07-27T09:15:35.1362833Z   'test-DBItest.R:3:1' [success]
2026-07-27T09:15:35.1486059Z   'test-DBItest.R:3:1' [success]
2026-07-27T09:15:35.1585009Z   'test-DBItest.R:3:1' [success]
2026-07-27T09:15:35.1710592Z   'test-DBItest.R:3:1' [success]
2026-07-27T09:15:35.1812114Z   'test-DBItest.R:3:1' [success]
2026-07-27T09:15:35.1942305Z   'test-DBItest.R:3:1' [success]
2026-07-27T09:15:35.2046182Z   'test-DBItest.R:3:1' [success]
2026-07-27T09:15:35.2172627Z   'test-DBItest.R:3:1' [success]
2026-07-27T09:15:35.2275182Z   'test-DBItest.R:3:1' [success]
2026-07-27T09:15:35.2412026Z   'test-DBItest.R:3:1' [success]
2026-07-27T09:15:35.2565862Z   'test-DBItest.R:3:1' [success]
2026-07-27T09:15:35.2692646Z   'test-DBItest.R:3:1' [success]
2026-07-27T09:15:35.2793165Z   'test-DBItest.R:3:1' [success]
2026-07-27T09:15:35.2912579Z   'test-DBItest.R:3:1' [success]
2026-07-27T09:15:35.3028324Z   'test-DBItest.R:3:1' [success]
2026-07-27T09:15:35.3123247Z   'test-DBItest.R:3:1' [success]
2026-07-27T09:15:35.3141561Z End test: DBItest[duckdb.dev]: Connection: data_type_connection
2026-07-27T09:15:35.3142072Z 
2026-07-27T09:15:35.3156673Z Start test: DBItest[duckdb.dev]: Connection: get_info_connection
2026-07-27T09:15:35.3262991Z   'test-DBItest.R:3:1' [success]
2026-07-27T09:15:35.3382112Z   'test-DBItest.R:3:1' [success]
2026-07-27T09:15:35.3498656Z   'test-DBItest.R:3:1' [success]
2026-07-27T09:15:35.3615724Z   'test-DBItest.R:3:1' [success]
2026-07-27T09:15:35.3736384Z   'test-DBItest.R:3:1' [success]
2026-07-27T09:15:35.3860035Z   'test-DBItest.R:3:1' [success]
2026-07-27T09:15:35.3978243Z   'test-DBItest.R:3:1' [success]
2026-07-27T09:15:35.4078410Z   'test-DBItest.R:3:1' [success]
2026-07-27T09:15:35.4098485Z End test: DBItest[duckdb.dev]: Connection: get_info_connection
2026-07-27T09:15:35.4098874Z 
2026-07-27T09:15:35.6098097Z Start test: DBItest[duckdb.dev]: Result: send_query_formals
2026-07-27T09:15:35.6219057Z   'test-DBItest.R:3:1' [success]
2026-07-27T09:15:35.6320992Z   'test-DBItest.R:3:1' [success]
2026-07-27T09:15:35.6338427Z End test: DBItest[duckdb.dev]: Result: send_query_formals
2026-07-27T09:15:35.6338845Z 
2026-07-27T09:15:35.6354362Z Start test: DBItest[duckdb.dev]: Result: send_query_trivial
2026-07-27T09:15:35.6488725Z   'test-DBItest.R:3:1' [success]
2026-07-27T09:15:35.6589288Z   'test-DBItest.R:3:1' [success]
2026-07-27T09:15:35.6696480Z   'test-DBItest.R:3:1' [success]
2026-07-27T09:15:35.6822647Z   'test-DBItest.R:3:1' [success]
2026-07-27T09:15:35.6961274Z   'test-DBItest.R:3:1' [success]
2026-07-27T09:15:35.7112348Z   'test-DBItest.R:3:1' [success]
2026-07-27T09:15:35.7263462Z   'test-DBItest.R:3:1' [success]
2026-07-27T09:15:35.7418166Z   'test-DBItest.R:3:1' [success]
2026-07-27T09:15:35.7546948Z   'test-DBItest.R:3:1' [success]
2026-07-27T09:15:35.7569810Z End test: DBItest[duckdb.dev]: Result: send_query_trivial
2026-07-27T09:15:35.7570293Z 
2026-07-27T09:15:35.7589158Z Start test: DBItest[duckdb.dev]: Result: send_query_closed_connection
2026-07-27T09:15:35.8131709Z   'test-DBItest.R:3:1' [success]
2026-07-27T09:15:35.8300431Z   'test-DBItest.R:3:1' [success]
2026-07-27T09:15:35.8320262Z End test: DBItest[duckdb.dev]: Result: send_query_closed_connection
2026-07-27T09:15:35.8320850Z 
2026-07-27T09:15:35.8336042Z Start test: DBItest[duckdb.dev]: Result: send_query_invalid_connection
2026-07-27T09:15:35.8783298Z   'test-DBItest.R:3:1' [success]
2026-07-27T09:15:35.8880812Z   'test-DBItest.R:3:1' [success]
2026-07-27T09:15:35.8899269Z End test: DBItest[duckdb.dev]: Result: send_query_invalid_connection
2026-07-27T09:15:35.8900079Z 
2026-07-27T09:15:35.8915639Z Start test: DBItest[duckdb.dev]: Result: send_query_non_string
2026-07-27T09:15:35.9108714Z   'test-DBItest.R:3:1' [success]
2026-07-27T09:15:35.9299460Z   'test-DBItest.R:3:1' [success]
2026-07-27T09:15:36.0568227Z   'test-DBItest.R:3:1' [success]
2026-07-27T09:15:36.0665732Z   'test-DBItest.R:3:1' [success]
2026-07-27T09:15:36.0684067Z End test: DBItest[duckdb.dev]: Result: send_query_non_string
2026-07-27T09:15:36.0684602Z 
2026-07-27T09:15:36.0698975Z Start test: DBItest[duckdb.dev]: Result: send_query_syntax_error
2026-07-27T09:15:36.0989781Z   'test-DBItest.R:3:1' [success]
2026-07-27T09:15:36.1313886Z   'test-DBItest.R:3:1' [success]
2026-07-27T09:15:36.1410940Z   'test-DBItest.R:3:1' [success]
2026-07-27T09:15:36.1428987Z End test: DBItest[duckdb.dev]: Result: send_query_syntax_error
2026-07-27T09:15:36.1429543Z 
2026-07-27T09:15:36.1444010Z Start test: DBItest[duckdb.dev]: Result: send_query_result_valid
2026-07-27T09:15:36.1566179Z   'test-DBItest.R:3:1' [success]
2026-07-27T09:15:36.1667084Z   'test-DBItest.R:3:1' [success]
2026-07-27T09:15:36.1686064Z End test: DBItest[duckdb.dev]: Result: send_query_result_valid
2026-07-27T09:15:36.1686569Z 
2026-07-27T09:15:36.1701494Z Start test: DBItest[duckdb.dev]: Result: send_query_params
2026-07-27T09:15:36.1872877Z   'test-DBItest.R:3:1' [success]
2026-07-27T09:15:36.1977179Z   'test-DBItest.R:3:1' [success]
2026-07-27T09:15:36.1996063Z End test: DBItest[duckdb.dev]: Result: send_query_params
2026-07-27T09:15:36.1996503Z 
2026-07-27T09:15:36.2011572Z Start test: DBItest[duckdb.dev]: Result: fetch_formals
2026-07-27T09:15:36.2137865Z   'test-DBItest.R:3:1' [success]
2026-07-27T09:15:36.2238207Z   'test-DBItest.R:3:1' [success]
2026-07-27T09:15:36.2257014Z End test: DBItest[duckdb.dev]: Result: fetch_formals
2026-07-27T09:15:36.2258088Z 
2026-07-27T09:15:36.2273334Z Start test: DBItest[duckdb.dev]: Result: fetch_atomic
2026-07-27T09:15:36.2402369Z   'test-DBItest.R:3:1' [success]
2026-07-27T09:15:36.2523533Z   'test-DBItest.R:3:1' [success]
2026-07-27T09:15:36.2641911Z   'test-DBItest.R:3:1' [success]
2026-07-27T09:15:36.2757948Z   'test-DBItest.R:3:1' [success]
2026-07-27T09:15:36.2874217Z   'test-DBItest.R:3:1' [success]
2026-07-27T09:15:36.3044119Z   'test-DBItest.R:3:1' [success]
2026-07-27T09:15:36.3148277Z   'test-DBItest.R:3:1' [success]
2026-07-27T09:15:36.3167033Z End test: DBItest[duckdb.dev]: Result: fetch_atomic
2026-07-27T09:15:36.3167793Z 
2026-07-27T09:15:36.3182429Z Start test: DBItest[duckdb.dev]: Result: fetch_one_row
2026-07-27T09:15:36.3316947Z   'test-DBItest.R:3:1' [success]
2026-07-27T09:15:36.3439926Z   'test-DBItest.R:3:1' [success]
2026-07-27T09:15:36.3558454Z   'test-DBItest.R:3:1' [success]
2026-07-27T09:15:36.3675961Z   'test-DBItest.R:3:1' [success]
2026-07-27T09:15:36.3795012Z   'test-DBItest.R:3:1' [success]
2026-07-27T09:15:36.3915025Z   'test-DBItest.R:3:1' [success]
2026-07-27T09:15:36.4015743Z   'test-DBItest.R:3:1' [success]
2026-07-27T09:15:36.4034516Z End test: DBItest[duckdb.dev]: Result: fetch_one_row
2026-07-27T09:15:36.4035063Z 
2026-07-27T09:15:36.4050363Z Start test: DBItest[duckdb.dev]: Result: fetch_zero_rows
2026-07-27T09:15:36.4179039Z   'test-DBItest.R:3:1' [success]
2026-07-27T09:15:36.4301838Z   'test-DBItest.R:3:1' [success]
2026-07-27T09:15:36.4433834Z   'test-DBItest.R:3:1' [success]
2026-07-27T09:15:36.4556037Z   'test-DBItest.R:3:1' [success]
2026-07-27T09:15:36.4675289Z   'test-DBItest.R:3:1' [success]
2026-07-27T09:15:36.4776770Z   'test-DBItest.R:3:1' [success]
2026-07-27T09:15:36.4922200Z   'test-DBItest.R:3:1' [success]
2026-07-27T09:15:36.4940285Z End test: DBItest[duckdb.dev]: Result: fetch_zero_rows
2026-07-27T09:15:36.4940793Z 
2026-07-27T09:15:36.4955044Z Start test: DBItest[duckdb.dev]: Result: fetch_na_rows
2026-07-27T09:15:36.5081955Z   'test-DBItest.R:3:1' [success]
2026-07-27T09:15:36.5203805Z   'test-DBItest.R:3:1' [success]
2026-07-27T09:15:36.5325693Z   'test-DBItest.R:3:1' [success]
2026-07-27T09:15:36.5443703Z   'test-DBItest.R:3:1' [success]
2026-07-27T09:15:36.5562973Z   'test-DBItest.R:3:1' [success]
2026-07-27T09:15:36.5684475Z   'test-DBItest.R:3:1' [success]
2026-07-27T09:15:36.5788965Z   'test-DBItest.R:3:1' [success]
2026-07-27T09:15:36.5807719Z End test: DBItest[duckdb.dev]: Result: fetch_na_rows
2026-07-27T09:15:36.5808289Z 
2026-07-27T09:15:36.5822941Z Start test: DBItest[duckdb.dev]: Result: fetch_closed
2026-07-27T09:15:36.5998218Z   'test-DBItest.R:3:1' [success]
2026-07-27T09:15:36.6098089Z   'test-DBItest.R:3:1' [success]
2026-07-27T09:15:36.6116723Z End test: DBItest[duckdb.dev]: Result: fetch_closed
2026-07-27T09:15:36.6117468Z 
2026-07-27T09:15:36.6132416Z Start test: DBItest[duckdb.dev]: Result: fetch_n_bad
2026-07-27T09:15:36.6312636Z   'test-DBItest.R:3:1' [success]
2026-07-27T09:15:36.6466657Z   'test-DBItest.R:3:1' [success]
2026-07-27T09:15:36.6663704Z   'test-DBItest.R:3:1' [success]
2026-07-27T09:15:36.6812778Z   'test-DBItest.R:3:1' [success]
2026-07-27T09:15:36.6911474Z   'test-DBItest.R:3:1' [success]
2026-07-27T09:15:36.6930628Z End test: DBItest[duckdb.dev]: Result: fetch_n_bad
2026-07-27T09:15:36.6931141Z 
2026-07-27T09:15:36.6946865Z Start test: DBItest[duckdb.dev]: Result: fetch_n_good_after_bad
2026-07-27T09:15:36.7129568Z   'test-DBItest.R:3:1' [success]
2026-07-27T09:15:36.7233887Z   'test-DBItest.R:3:1' [success]
2026-07-27T09:15:36.7357123Z   'test-DBItest.R:3:1' [success]
2026-07-27T09:15:36.7477294Z   'test-DBItest.R:3:1' [success]
2026-07-27T09:15:36.7596432Z   'test-DBItest.R:3:1' [success]
2026-07-27T09:15:36.7718534Z   'test-DBItest.R:3:1' [success]
2026-07-27T09:15:36.7843059Z   'test-DBItest.R:3:1' [success]
2026-07-27T09:15:36.7945551Z   'test-DBItest.R:3:1' [success]
2026-07-27T09:15:36.7964392Z End test: DBItest[duckdb.dev]: Result: fetch_n_good_after_bad
2026-07-27T09:15:36.7964958Z 
2026-07-27T09:15:36.7979666Z Start test: DBItest[duckdb.dev]: Result: fetch_no_return_value
2026-07-27T09:15:36.8174567Z   'test-DBItest.R:3:1' [success]
2026-07-27T09:15:36.8302593Z   'test-DBItest.R:3:1' [success]
2026-07-27T09:15:36.8427785Z   'test-DBItest.R:3:1' [success]
2026-07-27T09:15:36.8581187Z   'test-DBItest.R:3:1' [success]
2026-07-27T09:15:36.8708150Z   'test-DBItest.R:3:1' [success]
2026-07-27T09:15:36.8812426Z   'test-DBItest.R:3:1' [success]
2026-07-27T09:15:36.8858200Z End test: DBItest[duckdb.dev]: Result: fetch_no_return_value
2026-07-27T09:15:36.8858776Z 
2026-07-27T09:15:36.8873207Z Start test: DBItest[duckdb.dev]: Result: fetch_multi_row_single_column
2026-07-27T09:15:36.9048080Z   'test-DBItest.R:3:1' [success]
2026-07-27T09:15:36.9168414Z   'test-DBItest.R:3:1' [success]
2026-07-27T09:15:36.9291312Z   'test-DBItest.R:3:1' [success]
2026-07-27T09:15:36.9411719Z   'test-DBItest.R:3:1' [success]
2026-07-27T09:15:36.9531099Z   'test-DBItest.R:3:1' [success]
2026-07-27T09:15:36.9652402Z   'test-DBItest.R:3:1' [success]
2026-07-27T09:15:36.9757734Z   'test-DBItest.R:3:1' [success]
2026-07-27T09:15:36.9776423Z End test: DBItest[duckdb.dev]: Result: fetch_multi_row_single_column
2026-07-27T09:15:36.9777077Z 
2026-07-27T09:15:36.9792256Z Start test: DBItest[duckdb.dev]: Result: fetch_multi_row_multi_column
2026-07-27T09:15:36.9996411Z   'test-DBItest.R:3:1' [success]
2026-07-27T09:15:37.0128514Z   'test-DBItest.R:3:1' [success]
2026-07-27T09:15:37.0250360Z   'test-DBItest.R:3:1' [success]
2026-07-27T09:15:37.0369869Z   'test-DBItest.R:3:1' [success]
2026-07-27T09:15:37.0536240Z   'test-DBItest.R:3:1' [success]
2026-07-27T09:15:37.0655342Z   'test-DBItest.R:3:1' [success]
2026-07-27T09:15:37.0755833Z   'test-DBItest.R:3:1' [success]
2026-07-27T09:15:37.0774368Z End test: DBItest[duckdb.dev]: Result: fetch_multi_row_multi_column
2026-07-27T09:15:37.0775036Z 
2026-07-27T09:15:37.0789727Z Start test: DBItest[duckdb.dev]: Result: fetch_n_progressive
2026-07-27T09:15:37.0993798Z   'test-DBItest.R:3:1' [success]
2026-07-27T09:15:37.1112203Z   'test-DBItest.R:3:1' [success]
2026-07-27T09:15:37.1233582Z   'test-DBItest.R:3:1' [success]
2026-07-27T09:15:37.1356634Z   'test-DBItest.R:3:1' [success]
2026-07-27T09:15:37.1479681Z   'test-DBItest.R:3:1' [success]
2026-07-27T09:15:37.1600141Z   'test-DBItest.R:3:1' [success]
2026-07-27T09:15:37.1705615Z   'test-DBItest.R:3:1' [success]
2026-07-27T09:15:37.1826456Z   'test-DBItest.R:3:1' [success]
2026-07-27T09:15:37.1944600Z   'test-DBItest.R:3:1' [success]
2026-07-27T09:15:37.2061801Z   'test-DBItest.R:3:1' [success]
2026-07-27T09:15:37.2182788Z   'test-DBItest.R:3:1' [success]
2026-07-27T09:15:37.2303674Z   'test-DBItest.R:3:1' [success]
2026-07-27T09:15:37.2456518Z   'test-DBItest.R:3:1' [success]
2026-07-27T09:15:37.2576668Z   'test-DBItest.R:3:1' [success]
2026-07-27T09:15:37.2698460Z   'test-DBItest.R:3:1' [success]
2026-07-27T09:15:37.2816097Z   'test-DBItest.R:3:1' [success]
2026-07-27T09:15:37.2932125Z   'test-DBItest.R:3:1' [success]
2026-07-27T09:15:37.3053535Z   'test-DBItest.R:3:1' [success]
2026-07-27T09:15:37.3155646Z   'test-DBItest.R:3:1' [success]
2026-07-27T09:15:37.3174230Z End test: DBItest[duckdb.dev]: Result: fetch_n_progressive
2026-07-27T09:15:37.3174856Z 
2026-07-27T09:15:37.3189565Z Start test: DBItest[duckdb.dev]: Result: fetch_n_multi_row_inf
2026-07-27T09:15:37.3366189Z   'test-DBItest.R:3:1' [success]
2026-07-27T09:15:37.3486491Z   'test-DBItest.R:3:1' [success]
2026-07-27T09:15:37.3607243Z   'test-DBItest.R:3:1' [success]
2026-07-27T09:15:37.3736853Z   'test-DBItest.R:3:1' [success]
2026-07-27T09:15:37.3862556Z   'test-DBItest.R:3:1' [success]
2026-07-27T09:15:37.3983659Z   'test-DBItest.R:3:1' [success]
2026-07-27T09:15:37.4085534Z   'test-DBItest.R:3:1' [success]
2026-07-27T09:15:37.4104130Z End test: DBItest[duckdb.dev]: Result: fetch_n_multi_row_inf
2026-07-27T09:15:37.4104663Z 
2026-07-27T09:15:37.4119571Z Start test: DBItest[duckdb.dev]: Result: fetch_n_more_rows
2026-07-27T09:15:37.4341906Z   'test-DBItest.R:3:1' [success]
2026-07-27T09:15:37.4460597Z   'test-DBItest.R:3:1' [success]
2026-07-27T09:15:37.4577187Z   'test-DBItest.R:3:1' [success]
2026-07-27T09:15:37.4694213Z   'test-DBItest.R:3:1' [success]
2026-07-27T09:15:37.4808350Z   'test-DBItest.R:3:1' [success]
2026-07-27T09:15:37.4945519Z   'test-DBItest.R:3:1' [success]
2026-07-27T09:15:37.5065860Z   'test-DBItest.R:3:1' [success]
2026-07-27T09:15:37.5187549Z   'test-DBItest.R:3:1' [success]
2026-07-27T09:15:37.5310715Z   'test-DBItest.R:3:1' [success]
2026-07-27T09:15:37.5434095Z   'test-DBItest.R:3:1' [success]
2026-07-27T09:15:37.5554498Z   'test-DBItest.R:3:1' [success]
2026-07-27T09:15:37.5676509Z   'test-DBItest.R:3:1' [success]
2026-07-27T09:15:37.5778335Z   'test-DBItest.R:3:1' [success]
2026-07-27T09:15:37.5796576Z End test: DBItest[duckdb.dev]: Result: fetch_n_more_rows
2026-07-27T09:15:37.5797365Z 
2026-07-27T09:15:37.5811754Z Start test: DBItest[duckdb.dev]: Result: fetch_n_zero_rows
2026-07-27T09:15:37.6000453Z   'test-DBItest.R:3:1' [success]
2026-07-27T09:15:37.6167710Z   'test-DBItest.R:3:1' [success]
2026-07-27T09:15:37.6286054Z   'test-DBItest.R:3:1' [success]
2026-07-27T09:15:37.6407256Z   'test-DBItest.R:3:1' [success]
2026-07-27T09:15:37.6530000Z   'test-DBItest.R:3:1' [success]
2026-07-27T09:15:37.6650455Z   'test-DBItest.R:3:1' [success]
2026-07-27T09:15:37.6754962Z   'test-DBItest.R:3:1' [success]
2026-07-27T09:15:37.6774915Z End test: DBItest[duckdb.dev]: Result: fetch_n_zero_rows
2026-07-27T09:15:37.6775336Z 
2026-07-27T09:15:37.6790922Z Start test: DBItest[duckdb.dev]: Result: fetch_n_premature_close
2026-07-27T09:15:37.6996857Z   'test-DBItest.R:3:1' [success]
2026-07-27T09:15:37.7123081Z   'test-DBItest.R:3:1' [success]
2026-07-27T09:15:37.7245650Z   'test-DBItest.R:3:1' [success]
2026-07-27T09:15:37.7364305Z   'test-DBItest.R:3:1' [success]
2026-07-27T09:15:37.7484276Z   'test-DBItest.R:3:1' [success]
2026-07-27T09:15:37.7608410Z   'test-DBItest.R:3:1' [success]
2026-07-27T09:15:37.7712946Z   'test-DBItest.R:3:1' [success]
2026-07-27T09:15:37.7731924Z End test: DBItest[duckdb.dev]: Result: fetch_n_premature_close
2026-07-27T09:15:37.7732381Z 
2026-07-27T09:15:37.7747035Z Start test: DBItest[duckdb.dev]: Result: fetch_row_names
2026-07-27T09:15:37.7881272Z   'test-DBItest.R:3:1' [success]
2026-07-27T09:15:37.8011696Z   'test-DBItest.R:3:1' [success]
2026-07-27T09:15:37.8191036Z   'test-DBItest.R:3:1' [success]
2026-07-27T09:15:37.8312520Z   'test-DBItest.R:3:1' [success]
2026-07-27T09:15:37.8433904Z   'test-DBItest.R:3:1' [success]
2026-07-27T09:15:37.8549864Z   'test-DBItest.R:3:1' [success]
2026-07-27T09:15:37.8667858Z   'test-DBItest.R:3:1' [success]
2026-07-27T09:15:37.8770731Z   'test-DBItest.R:3:1' [success]
2026-07-27T09:15:37.8790420Z End test: DBItest[duckdb.dev]: Result: fetch_row_names
2026-07-27T09:15:37.8790809Z 
2026-07-27T09:15:37.8806147Z Start test: DBItest[duckdb.dev]: Result: clear_result_formals
2026-07-27T09:15:37.8932853Z   'test-DBItest.R:3:1' [success]
2026-07-27T09:15:37.9038126Z   'test-DBItest.R:3:1' [success]
2026-07-27T09:15:37.9057074Z End test: DBItest[duckdb.dev]: Result: clear_result_formals
2026-07-27T09:15:37.9057808Z 
2026-07-27T09:15:37.9072709Z Start test: DBItest[duckdb.dev]: Result: clear_result_return_query
2026-07-27T09:15:37.9214634Z   'test-DBItest.R:3:1' [success]
2026-07-27T09:15:37.9333819Z   'test-DBItest.R:3:1' [success]
2026-07-27T09:15:37.9435588Z   'test-DBItest.R:3:1' [success]
2026-07-27T09:15:37.9454390Z End test: DBItest[duckdb.dev]: Result: clear_result_return_query
2026-07-27T09:15:37.9454826Z 
2026-07-27T09:15:37.9470045Z Start test: DBItest[duckdb.dev]: Result: clear_result_return_statement
2026-07-27T09:15:37.9622359Z   'test-DBItest.R:3:1' [success]
2026-07-27T09:15:37.9741062Z   'test-DBItest.R:3:1' [success]
2026-07-27T09:15:37.9842099Z   'test-DBItest.R:3:1' [success]
2026-07-27T09:15:37.9884066Z End test: DBItest[duckdb.dev]: Result: clear_result_return_statement
2026-07-27T09:15:37.9884489Z 
2026-07-27T09:15:37.9945022Z Start test: DBItest[duckdb.dev]: Result: cannot_clear_result_twice_query
2026-07-27T09:15:38.0135369Z   'test-DBItest.R:3:1' [success]
2026-07-27T09:15:38.0254542Z   'test-DBItest.R:3:1' [success]
2026-07-27T09:15:38.0356258Z   'test-DBItest.R:3:1' [success]
2026-07-27T09:15:38.0456162Z   'test-DBItest.R:3:1' [success]
2026-07-27T09:15:38.0474869Z End test: DBItest[duckdb.dev]: Result: cannot_clear_result_twice_query
2026-07-27T09:15:38.0475291Z 
2026-07-27T09:15:38.0490448Z Start test: DBItest[duckdb.dev]: Result: cannot_clear_result_twice_statement
2026-07-27T09:15:38.0704070Z   'test-DBItest.R:3:1' [success]
2026-07-27T09:15:38.0828386Z   'test-DBItest.R:3:1' [success]
2026-07-27T09:15:38.0932601Z   'test-DBItest.R:3:1' [success]
2026-07-27T09:15:38.1033876Z   'test-DBItest.R:3:1' [success]
2026-07-27T09:15:38.1079191Z End test: DBItest[duckdb.dev]: Result: cannot_clear_result_twice_statement
2026-07-27T09:15:38.1079945Z 
2026-07-27T09:15:38.1095807Z Start test: DBItest[duckdb.dev]: Result: get_query_formals
2026-07-27T09:15:38.1236201Z   'test-DBItest.R:3:1' [success]
2026-07-27T09:15:38.1349496Z   'test-DBItest.R:3:1' [success]
2026-07-27T09:15:38.1369831Z End test: DBItest[duckdb.dev]: Result: get_query_formals
2026-07-27T09:15:38.1370370Z 
2026-07-27T09:15:38.1385482Z Start test: DBItest[duckdb.dev]: Result: get_query_atomic
2026-07-27T09:15:38.1524770Z   'test-DBItest.R:3:1' [success]
2026-07-27T09:15:38.1657526Z   'test-DBItest.R:3:1' [success]
2026-07-27T09:15:38.1790406Z   'test-DBItest.R:3:1' [success]
2026-07-27T09:15:38.2037072Z   'test-DBItest.R:3:1' [success]
2026-07-27T09:15:38.2164904Z   'test-DBItest.R:3:1' [success]
2026-07-27T09:15:38.2296166Z   'test-DBItest.R:3:1' [success]
2026-07-27T09:15:38.2406081Z   'test-DBItest.R:3:1' [success]
2026-07-27T09:15:38.2425447Z End test: DBItest[duckdb.dev]: Result: get_query_atomic
2026-07-27T09:15:38.2425880Z 
2026-07-27T09:15:38.2441489Z Start test: DBItest[duckdb.dev]: Result: get_query_one_row
2026-07-27T09:15:38.2584667Z   'test-DBItest.R:3:1' [success]
2026-07-27T09:15:38.2714933Z   'test-DBItest.R:3:1' [success]
2026-07-27T09:15:38.2851814Z   'test-DBItest.R:3:1' [success]
2026-07-27T09:15:38.2997570Z   'test-DBItest.R:3:1' [success]
2026-07-27T09:15:38.3121584Z   'test-DBItest.R:3:1' [success]
2026-07-27T09:15:38.3254420Z   'test-DBItest.R:3:1' [success]
2026-07-27T09:15:38.3368494Z   'test-DBItest.R:3:1' [success]
2026-07-27T09:15:38.3388199Z End test: DBItest[duckdb.dev]: Result: get_query_one_row
2026-07-27T09:15:38.3388643Z 
2026-07-27T09:15:38.3404216Z Start test: DBItest[duckdb.dev]: Result: get_query_zero_rows
2026-07-27T09:15:38.3543235Z   'test-DBItest.R:3:1' [success]
2026-07-27T09:15:38.3674225Z   'test-DBItest.R:3:1' [success]
2026-07-27T09:15:38.3807149Z   'test-DBItest.R:3:1' [success]
2026-07-27T09:15:38.4004336Z   'test-DBItest.R:3:1' [success]
2026-07-27T09:15:38.4136165Z   'test-DBItest.R:3:1' [success]
2026-07-27T09:15:38.4267825Z   'test-DBItest.R:3:1' [success]
2026-07-27T09:15:38.4403331Z   'test-DBItest.R:3:1' [success]
2026-07-27T09:15:38.4514162Z   'test-DBItest.R:3:1' [success]
2026-07-27T09:15:38.4534032Z End test: DBItest[duckdb.dev]: Result: get_query_zero_rows
2026-07-27T09:15:38.4534544Z 
2026-07-27T09:15:38.4550663Z Start test: DBItest[duckdb.dev]: Result: get_query_closed_connection
2026-07-27T09:15:38.5049604Z   'test-DBItest.R:3:1' [success]
2026-07-27T09:15:38.5166011Z   'test-DBItest.R:3:1' [success]
2026-07-27T09:15:38.5186687Z End test: DBItest[duckdb.dev]: Result: get_query_closed_connection
2026-07-27T09:15:38.5187486Z 
2026-07-27T09:15:38.5204193Z Start test: DBItest[duckdb.dev]: Result: get_query_invalid_connection
2026-07-27T09:15:38.5717463Z   'test-DBItest.R:3:1' [success]
2026-07-27T09:15:38.5828697Z   'test-DBItest.R:3:1' [success]
2026-07-27T09:15:38.5849765Z End test: DBItest[duckdb.dev]: Result: get_query_invalid_connection
2026-07-27T09:15:38.5850311Z 
2026-07-27T09:15:38.5866505Z Start test: DBItest[duckdb.dev]: Result: get_query_syntax_error
2026-07-27T09:15:38.6200121Z   'test-DBItest.R:3:1' [success]
2026-07-27T09:15:38.6375103Z   'test-DBItest.R:3:1' [success]
2026-07-27T09:15:38.6395819Z End test: DBItest[duckdb.dev]: Result: get_query_syntax_error
2026-07-27T09:15:38.6396451Z 
2026-07-27T09:15:38.6413604Z Start test: DBItest[duckdb.dev]: Result: get_query_non_string
2026-07-27T09:15:38.6626161Z   'test-DBItest.R:3:1' [success]
2026-07-27T09:15:38.6835280Z   'test-DBItest.R:3:1' [success]
2026-07-27T09:15:38.7165054Z   'test-DBItest.R:3:1' [success]
2026-07-27T09:15:38.7278744Z   'test-DBItest.R:3:1' [success]
2026-07-27T09:15:38.7298452Z End test: DBItest[duckdb.dev]: Result: get_query_non_string
2026-07-27T09:15:38.7298941Z 
2026-07-27T09:15:38.7314831Z Start test: DBItest[duckdb.dev]: Result: get_query_n_bad
2026-07-27T09:15:38.7512584Z   'test-DBItest.R:3:1' [success]
2026-07-27T09:15:38.7695538Z   'test-DBItest.R:3:1' [success]
2026-07-27T09:15:38.7878784Z   'test-DBItest.R:3:1' [success]
2026-07-27T09:15:38.8064578Z   'test-DBItest.R:3:1' [success]
2026-07-27T09:15:38.8169729Z   'test-DBItest.R:3:1' [success]
2026-07-27T09:15:38.8190654Z End test: DBItest[duckdb.dev]: Result: get_query_n_bad
2026-07-27T09:15:38.8191156Z 
2026-07-27T09:15:38.8258513Z Start test: DBItest[duckdb.dev]: Result: get_query_good_after_bad_n
2026-07-27T09:15:38.8454712Z   'test-DBItest.R:3:1' [success]
2026-07-27T09:15:38.8580302Z   'test-DBItest.R:3:1' [success]
2026-07-27T09:15:38.8708879Z   'test-DBItest.R:3:1' [success]
2026-07-27T09:15:38.8836351Z   'test-DBItest.R:3:1' [success]
2026-07-27T09:15:38.8964926Z   'test-DBItest.R:3:1' [success]
2026-07-27T09:15:38.9096416Z   'test-DBItest.R:3:1' [success]
2026-07-27T09:15:38.9228790Z   'test-DBItest.R:3:1' [success]
2026-07-27T09:15:38.9339815Z   'test-DBItest.R:3:1' [success]
2026-07-27T09:15:38.9361101Z End test: DBItest[duckdb.dev]: Result: get_query_good_after_bad_n
2026-07-27T09:15:38.9361801Z 
2026-07-27T09:15:38.9378411Z Start test: DBItest[duckdb.dev]: Result: get_query_row_names
2026-07-27T09:15:38.9520144Z   'test-DBItest.R:3:1' [success]
2026-07-27T09:15:38.9651993Z   'test-DBItest.R:3:1' [success]
2026-07-27T09:15:38.9783759Z   'test-DBItest.R:3:1' [success]
2026-07-27T09:15:38.9917961Z   'test-DBItest.R:3:1' [success]
2026-07-27T09:15:39.0059730Z   'test-DBItest.R:3:1' [success]
2026-07-27T09:15:39.0184926Z   'test-DBItest.R:3:1' [success]
2026-07-27T09:15:39.0376211Z   'test-DBItest.R:3:1' [success]
2026-07-27T09:15:39.0480715Z   'test-DBItest.R:3:1' [success]
2026-07-27T09:15:39.0500979Z End test: DBItest[duckdb.dev]: Result: get_query_row_names
2026-07-27T09:15:39.0501606Z 
2026-07-27T09:15:39.0518277Z Start test: DBItest[duckdb.dev]: Result: get_query_multi_row_single_column
2026-07-27T09:15:39.0712152Z   'test-DBItest.R:3:1' [success]
2026-07-27T09:15:39.0844417Z   'test-DBItest.R:3:1' [success]
2026-07-27T09:15:39.0972595Z   'test-DBItest.R:3:1' [success]
2026-07-27T09:15:39.1092993Z   'test-DBItest.R:3:1' [success]
2026-07-27T09:15:39.1211661Z   'test-DBItest.R:3:1' [success]
2026-07-27T09:15:39.1333255Z   'test-DBItest.R:3:1' [success]
2026-07-27T09:15:39.1436812Z   'test-DBItest.R:3:1' [success]
2026-07-27T09:15:39.1455600Z End test: DBItest[duckdb.dev]: Result: get_query_multi_row_single_column
2026-07-27T09:15:39.1456215Z 
2026-07-27T09:15:39.1471377Z Start test: DBItest[duckdb.dev]: Result: get_query_multi_row_multi_column
2026-07-27T09:15:39.1655440Z   'test-DBItest.R:3:1' [success]
2026-07-27T09:15:39.1780674Z   'test-DBItest.R:3:1' [success]
2026-07-27T09:15:39.1902403Z   'test-DBItest.R:3:1' [success]
2026-07-27T09:15:39.2020340Z   'test-DBItest.R:3:1' [success]
2026-07-27T09:15:39.2138665Z   'test-DBItest.R:3:1' [success]
2026-07-27T09:15:39.2329447Z   'test-DBItest.R:3:1' [success]
2026-07-27T09:15:39.2431385Z   'test-DBItest.R:3:1' [success]
2026-07-27T09:15:39.2450575Z End test: DBItest[duckdb.dev]: Result: get_query_multi_row_multi_column
2026-07-27T09:15:39.2451285Z 
2026-07-27T09:15:39.2466206Z Start test: DBItest[duckdb.dev]: Result: get_query_n_multi_row_inf
2026-07-27T09:15:39.2661666Z   'test-DBItest.R:3:1' [success]
2026-07-27T09:15:39.2784193Z   'test-DBItest.R:3:1' [success]
2026-07-27T09:15:39.2905037Z   'test-DBItest.R:3:1' [success]
2026-07-27T09:15:39.3023286Z   'test-DBItest.R:3:1' [success]
2026-07-27T09:15:39.3143650Z   'test-DBItest.R:3:1' [success]
2026-07-27T09:15:39.3259785Z   'test-DBItest.R:3:1' [success]
2026-07-27T09:15:39.3356386Z   'test-DBItest.R:3:1' [success]
2026-07-27T09:15:39.3374054Z End test: DBItest[duckdb.dev]: Result: get_query_n_multi_row_inf
2026-07-27T09:15:39.3374617Z 
2026-07-27T09:15:39.3389178Z Start test: DBItest[duckdb.dev]: Result: get_query_n_more_rows
2026-07-27T09:15:39.3559613Z   'test-DBItest.R:3:1' [success]
2026-07-27T09:15:39.3679516Z   'test-DBItest.R:3:1' [success]
2026-07-27T09:15:39.3797261Z   'test-DBItest.R:3:1' [success]
2026-07-27T09:15:39.3913368Z   'test-DBItest.R:3:1' [success]
2026-07-27T09:15:39.4027908Z   'test-DBItest.R:3:1' [success]
2026-07-27T09:15:39.4195568Z   'test-DBItest.R:3:1' [success]
2026-07-27T09:15:39.4294900Z   'test-DBItest.R:3:1' [success]
2026-07-27T09:15:39.4312823Z End test: DBItest[duckdb.dev]: Result: get_query_n_more_rows
2026-07-27T09:15:39.4313402Z 
2026-07-27T09:15:39.4328328Z Start test: DBItest[duckdb.dev]: Result: get_query_n_zero_rows
2026-07-27T09:15:39.4513757Z   'test-DBItest.R:3:1' [success]
2026-07-27T09:15:39.4630741Z   'test-DBItest.R:3:1' [success]
2026-07-27T09:15:39.4745824Z   'test-DBItest.R:3:1' [success]
2026-07-27T09:15:39.4861724Z   'test-DBItest.R:3:1' [success]
2026-07-27T09:15:39.4986631Z   'test-DBItest.R:3:1' [success]
2026-07-27T09:15:39.5109434Z   'test-DBItest.R:3:1' [success]
2026-07-27T09:15:39.5212611Z   'test-DBItest.R:3:1' [success]
2026-07-27T09:15:39.5231061Z End test: DBItest[duckdb.dev]: Result: get_query_n_zero_rows
2026-07-27T09:15:39.5231699Z 
2026-07-27T09:15:39.5246205Z Start test: DBItest[duckdb.dev]: Result: get_query_n_incomplete
2026-07-27T09:15:39.5442401Z   'test-DBItest.R:3:1' [success]
2026-07-27T09:15:39.5566903Z   'test-DBItest.R:3:1' [success]
2026-07-27T09:15:39.5689896Z   'test-DBItest.R:3:1' [success]
2026-07-27T09:15:39.5812023Z   'test-DBItest.R:3:1' [success]
2026-07-27T09:15:39.5935060Z   'test-DBItest.R:3:1' [success]
2026-07-27T09:15:39.6060434Z   'test-DBItest.R:3:1' [success]
2026-07-27T09:15:39.6228926Z   'test-DBItest.R:3:1' [success]
2026-07-27T09:15:39.6248287Z End test: DBItest[duckdb.dev]: Result: get_query_n_incomplete
2026-07-27T09:15:39.6248945Z 
2026-07-27T09:15:39.6263489Z Start test: DBItest[duckdb.dev]: Result: get_query_params
2026-07-27T09:15:39.6428810Z   'test-DBItest.R:3:1' [success]
2026-07-27T09:15:39.6533084Z   'test-DBItest.R:3:1' [success]
2026-07-27T09:15:39.6551956Z End test: DBItest[duckdb.dev]: Result: get_query_params
2026-07-27T09:15:39.6552467Z 
2026-07-27T09:15:39.6567396Z Start test: DBItest[duckdb.dev]: Result: send_statement_formals
2026-07-27T09:15:39.6693759Z   'test-DBItest.R:3:1' [success]
2026-07-27T09:15:39.6790172Z   'test-DBItest.R:3:1' [success]
2026-07-27T09:15:39.6808150Z End test: DBItest[duckdb.dev]: Result: send_statement_formals
2026-07-27T09:15:39.6808760Z 
2026-07-27T09:15:39.6823506Z Start test: DBItest[duckdb.dev]: Result: send_statement_trivial
2026-07-27T09:15:39.6970961Z   'test-DBItest.R:3:1' [success]
2026-07-27T09:15:39.7071391Z   'test-DBItest.R:3:1' [success]
2026-07-27T09:15:39.7176153Z   'test-DBItest.R:3:1' [success]
2026-07-27T09:15:39.7276209Z   'test-DBItest.R:3:1' [success]
2026-07-27T09:15:39.7316139Z End test: DBItest[duckdb.dev]: Result: send_statement_trivial
2026-07-27T09:15:39.7316751Z 
2026-07-27T09:15:39.7331704Z Start test: DBItest[duckdb.dev]: Result: send_statement_closed_connection
2026-07-27T09:15:39.7776509Z   'test-DBItest.R:3:1' [success]
2026-07-27T09:15:39.7876908Z   'test-DBItest.R:3:1' [success]
2026-07-27T09:15:39.7895471Z End test: DBItest[duckdb.dev]: Result: send_statement_closed_connection
2026-07-27T09:15:39.7896170Z 
2026-07-27T09:15:39.7911482Z Start test: DBItest[duckdb.dev]: Result: send_statement_invalid_connection
2026-07-27T09:15:39.8433974Z   'test-DBItest.R:3:1' [success]
2026-07-27T09:15:39.8533744Z   'test-DBItest.R:3:1' [success]
2026-07-27T09:15:39.8552597Z End test: DBItest[duckdb.dev]: Result: send_statement_invalid_connection
2026-07-27T09:15:39.8553466Z 
2026-07-27T09:15:39.8568053Z Start test: DBItest[duckdb.dev]: Result: send_statement_non_string
2026-07-27T09:15:39.8767660Z   'test-DBItest.R:3:1' [success]
2026-07-27T09:15:39.8959665Z   'test-DBItest.R:3:1' [success]
2026-07-27T09:15:39.9278273Z   'test-DBItest.R:3:1' [success]
2026-07-27T09:15:39.9378704Z   'test-DBItest.R:3:1' [success]
2026-07-27T09:15:39.9397156Z End test: DBItest[duckdb.dev]: Result: send_statement_non_string
2026-07-27T09:15:39.9397867Z 
2026-07-27T09:15:39.9412781Z Start test: DBItest[duckdb.dev]: Result: send_statement_syntax_error
2026-07-27T09:15:39.9713387Z   'test-DBItest.R:3:1' [success]
2026-07-27T09:15:40.0013416Z   'test-DBItest.R:3:1' [success]
2026-07-27T09:15:40.0185284Z   'test-DBItest.R:3:1' [success]
2026-07-27T09:15:40.0204044Z End test: DBItest[duckdb.dev]: Result: send_statement_syntax_error
2026-07-27T09:15:40.0204719Z 
2026-07-27T09:15:40.0219919Z Start test: DBItest[duckdb.dev]: Result: send_statement_result_valid
2026-07-27T09:15:40.0358255Z   'test-DBItest.R:3:1' [success]
2026-07-27T09:15:40.0460563Z   'test-DBItest.R:3:1' [success]
2026-07-27T09:15:40.0503217Z End test: DBItest[duckdb.dev]: Result: send_statement_result_valid
2026-07-27T09:15:40.0503615Z 
2026-07-27T09:15:40.0518686Z Start test: DBItest[duckdb.dev]: Result: send_statement_immediate
2026-07-27T09:15:40.0668372Z   'test-DBItest.R:3:1' [success]
2026-07-27T09:15:40.0770445Z   'test-DBItest.R:3:1' [success]
2026-07-27T09:15:40.0873892Z   'test-DBItest.R:3:1' [success]
2026-07-27T09:15:40.0977344Z   'test-DBItest.R:3:1' [success]
2026-07-27T09:15:40.1019111Z End test: DBItest[duckdb.dev]: Result: send_statement_immediate
2026-07-27T09:15:40.1033943Z 
2026-07-27T09:15:40.1034287Z Start test: DBItest[duckdb.dev]: Result: execute_formals
2026-07-27T09:15:40.1159147Z   'test-DBItest.R:3:1' [success]
2026-07-27T09:15:40.1258503Z   'test-DBItest.R:3:1' [success]
2026-07-27T09:15:40.1277471Z End test: DBItest[duckdb.dev]: Result: execute_formals
2026-07-27T09:15:40.1278145Z 
2026-07-27T09:15:40.1293238Z Start test: DBItest[duckdb.dev]: Result: execute_atomic
2026-07-27T09:15:40.1433519Z   'test-DBItest.R:3:1' [success]
2026-07-27T09:15:40.1560176Z   'test-DBItest.R:3:1' [success]
2026-07-27T09:15:40.1663114Z   'test-DBItest.R:3:1' [success]
2026-07-27T09:15:40.1706629Z End test: DBItest[duckdb.dev]: Result: execute_atomic
2026-07-27T09:15:40.1707112Z 
2026-07-27T09:15:40.1723035Z Start test: DBItest[duckdb.dev]: Result: execute_closed_connection
2026-07-27T09:15:40.2244889Z   'test-DBItest.R:3:1' [success]
2026-07-27T09:15:40.2345282Z   'test-DBItest.R:3:1' [success]
2026-07-27T09:15:40.2364238Z End test: DBItest[duckdb.dev]: Result: execute_closed_connection
2026-07-27T09:15:40.2364773Z 
2026-07-27T09:15:40.2379156Z Start test: DBItest[duckdb.dev]: Result: execute_invalid_connection
2026-07-27T09:15:40.2839462Z   'test-DBItest.R:3:1' [success]
2026-07-27T09:15:40.2940539Z   'test-DBItest.R:3:1' [success]
2026-07-27T09:15:40.2959790Z End test: DBItest[duckdb.dev]: Result: execute_invalid_connection
2026-07-27T09:15:40.2960368Z 
2026-07-27T09:15:40.2976199Z Start test: DBItest[duckdb.dev]: Result: execute_syntax_error
2026-07-27T09:15:40.3293183Z   'test-DBItest.R:3:1' [success]
2026-07-27T09:15:40.3396836Z   'test-DBItest.R:3:1' [success]
2026-07-27T09:15:40.3416414Z End test: DBItest[duckdb.dev]: Result: execute_syntax_error
2026-07-27T09:15:40.3416759Z 
2026-07-27T09:15:40.3431944Z Start test: DBItest[duckdb.dev]: Result: execute_non_string
2026-07-27T09:15:40.3628433Z   'test-DBItest.R:3:1' [success]
2026-07-27T09:15:40.3824995Z   'test-DBItest.R:3:1' [success]
2026-07-27T09:15:40.4196055Z   'test-DBItest.R:3:1' [success]
2026-07-27T09:15:40.4297707Z   'test-DBItest.R:3:1' [success]
2026-07-27T09:15:40.4315954Z End test: DBItest[duckdb.dev]: Result: execute_non_string
2026-07-27T09:15:40.4316326Z 
2026-07-27T09:15:40.4333204Z Start test: DBItest[duckdb.dev]: Result: execute_immediate
2026-07-27T09:15:40.4486941Z   'test-DBItest.R:3:1' [success]
2026-07-27T09:15:40.4607514Z   'test-DBItest.R:3:1' [success]
2026-07-27T09:15:40.4704820Z   'test-DBItest.R:3:1' [success]
2026-07-27T09:15:40.4746459Z End test: DBItest[duckdb.dev]: Result: execute_immediate
2026-07-27T09:15:40.4746941Z 
2026-07-27T09:15:40.4762112Z Start test: DBItest[duckdb.dev]: Result: data_type_create_table
2026-07-27T09:15:40.4917730Z   'test-DBItest.R:3:1' [success]
2026-07-27T09:15:40.5072322Z   'test-DBItest.R:3:1' [success]
2026-07-27T09:15:40.5228668Z   'test-DBItest.R:3:1' [success]
2026-07-27T09:15:40.5376822Z   'test-DBItest.R:3:1' [success]
2026-07-27T09:15:40.5523540Z   'test-DBItest.R:3:1' [success]
2026-07-27T09:15:40.5683438Z   'test-DBItest.R:3:1' [success]
2026-07-27T09:15:40.5835488Z   'test-DBItest.R:3:1' [success]
2026-07-27T09:15:40.5938724Z   'test-DBItest.R:3:1' [success]
2026-07-27T09:15:40.5958014Z End test: DBItest[duckdb.dev]: Result: data_type_create_table
2026-07-27T09:15:40.5958509Z 
2026-07-27T09:15:40.5973670Z Start test: DBItest[duckdb.dev]: Result: data_integer
2026-07-27T09:15:40.6167738Z   'test-DBItest.R:3:1' [success]
2026-07-27T09:15:40.6300977Z   'test-DBItest.R:3:1' [success]
2026-07-27T09:15:40.6430384Z   'test-DBItest.R:3:1' [success]
2026-07-27T09:15:40.6553303Z   'test-DBItest.R:3:1' [success]
2026-07-27T09:15:40.6677544Z   'test-DBItest.R:3:1' [success]
2026-07-27T09:15:40.6796688Z   'test-DBItest.R:3:1' [success]
2026-07-27T09:15:40.6926086Z   'test-DBItest.R:3:1' [success]
2026-07-27T09:15:40.7049674Z   'test-DBItest.R:3:1' [success]
2026-07-27T09:15:40.7172113Z   'test-DBItest.R:3:1' [success]
2026-07-27T09:15:40.7307155Z   'test-DBItest.R:3:1' [success]
2026-07-27T09:15:40.7431349Z   'test-DBItest.R:3:1' [success]
2026-07-27T09:15:40.7555882Z   'test-DBItest.R:3:1' [success]
2026-07-27T09:15:40.7678718Z   'test-DBItest.R:3:1' [success]
2026-07-27T09:15:40.7800452Z   'test-DBItest.R:3:1' [success]
2026-07-27T09:15:40.7924822Z   'test-DBItest.R:3:1' [success]
2026-07-27T09:15:40.8105955Z   'test-DBItest.R:3:1' [success]
2026-07-27T09:15:40.8227825Z   'test-DBItest.R:3:1' [success]
2026-07-27T09:15:40.8347475Z   'test-DBItest.R:3:1' [success]
2026-07-27T09:15:40.8465805Z   'test-DBItest.R:3:1' [success]
2026-07-27T09:15:40.8602779Z   'test-DBItest.R:3:1' [success]
2026-07-27T09:15:40.8725897Z   'test-DBItest.R:3:1' [success]
2026-07-27T09:15:40.8850361Z   'test-DBItest.R:3:1' [success]
2026-07-27T09:15:40.8975222Z   'test-DBItest.R:3:1' [success]
2026-07-27T09:15:40.9098551Z   'test-DBItest.R:3:1' [success]
2026-07-27T09:15:40.9222273Z   'test-DBItest.R:3:1' [success]
2026-07-27T09:15:40.9345926Z   'test-DBItest.R:3:1' [success]
2026-07-27T09:15:40.9472066Z   'test-DBItest.R:3:1' [success]
2026-07-27T09:15:40.9593305Z   'test-DBItest.R:3:1' [success]
2026-07-27T09:15:40.9713722Z   'test-DBItest.R:3:1' [success]
2026-07-27T09:15:40.9874620Z   'test-DBItest.R:3:1' [success]
2026-07-27T09:15:40.9893655Z End test: DBItest[duckdb.dev]: Result: data_integer
2026-07-27T09:15:40.9894124Z 
2026-07-27T09:15:40.9909564Z Start test: DBItest[duckdb.dev]: Result: data_numeric
2026-07-27T09:15:41.0041411Z   'test-DBItest.R:3:1' [success]
2026-07-27T09:15:41.0163663Z   'test-DBItest.R:3:1' [success]
2026-07-27T09:15:41.0282985Z   'test-DBItest.R:3:1' [success]
2026-07-27T09:15:41.0402606Z   'test-DBItest.R:3:1' [success]
2026-07-27T09:15:41.0523073Z   'test-DBItest.R:3:1' [success]
2026-07-27T09:15:41.0648024Z   'test-DBItest.R:3:1' [success]
2026-07-27T09:15:41.0772770Z   'test-DBItest.R:3:1' [success]
2026-07-27T09:15:41.0895905Z   'test-DBItest.R:3:1' [success]
2026-07-27T09:15:41.1014704Z   'test-DBItest.R:3:1' [success]
2026-07-27T09:15:41.1150226Z   'test-DBItest.R:3:1' [success]
2026-07-27T09:15:41.1276054Z   'test-DBItest.R:3:1' [success]
2026-07-27T09:15:41.1399266Z   'test-DBItest.R:3:1' [success]
2026-07-27T09:15:41.1523915Z   'test-DBItest.R:3:1' [success]
2026-07-27T09:15:41.1706012Z   'test-DBItest.R:3:1' [success]
2026-07-27T09:15:41.1828170Z   'test-DBItest.R:3:1' [success]
2026-07-27T09:15:41.1950468Z   'test-DBItest.R:3:1' [success]
2026-07-27T09:15:41.2072635Z   'test-DBItest.R:3:1' [success]
2026-07-27T09:15:41.2193281Z   'test-DBItest.R:3:1' [success]
2026-07-27T09:15:41.2311724Z   'test-DBItest.R:3:1' [success]
2026-07-27T09:15:41.2447025Z   'test-DBItest.R:3:1' [success]
2026-07-27T09:15:41.2567439Z   'test-DBItest.R:3:1' [success]
2026-07-27T09:15:41.2687401Z   'test-DBItest.R:3:1' [success]
2026-07-27T09:15:41.2804188Z   'test-DBItest.R:3:1' [success]
2026-07-27T09:15:41.2924475Z   'test-DBItest.R:3:1' [success]
2026-07-27T09:15:41.3045336Z   'test-DBItest.R:3:1' [success]
2026-07-27T09:15:41.3164312Z   'test-DBItest.R:3:1' [success]
2026-07-27T09:15:41.3286141Z   'test-DBItest.R:3:1' [success]
2026-07-27T09:15:41.3462687Z   'test-DBItest.R:3:1' [success]
2026-07-27T09:15:41.3593695Z   'test-DBItest.R:3:1' [success]
2026-07-27T09:15:41.3693579Z   'test-DBItest.R:3:1' [success]
2026-07-27T09:15:41.3712389Z End test: DBItest[duckdb.dev]: Result: data_numeric
2026-07-27T09:15:41.3712773Z 
2026-07-27T09:15:41.3727639Z Start test: DBItest[duckdb.dev]: Result: data_logical
2026-07-27T09:15:41.3858093Z   'test-DBItest.R:3:1' [success]
2026-07-27T09:15:41.3975441Z   'test-DBItest.R:3:1' [success]
2026-07-27T09:15:41.4094161Z   'test-DBItest.R:3:1' [success]
2026-07-27T09:15:41.4217082Z   'test-DBItest.R:3:1' [success]
2026-07-27T09:15:41.4338853Z   'test-DBItest.R:3:1' [success]
2026-07-27T09:15:41.4462902Z   'test-DBItest.R:3:1' [success]
2026-07-27T09:15:41.4586247Z   'test-DBItest.R:3:1' [success]
2026-07-27T09:15:41.4711097Z   'test-DBItest.R:3:1' [success]
2026-07-27T09:15:41.4834352Z   'test-DBItest.R:3:1' [success]
2026-07-27T09:15:41.4971106Z   'test-DBItest.R:3:1' [success]
2026-07-27T09:15:41.5097057Z   'test-DBItest.R:3:1' [success]
2026-07-27T09:15:41.5223785Z   'test-DBItest.R:3:1' [success]
2026-07-27T09:15:41.5403944Z   'test-DBItest.R:3:1' [success]
2026-07-27T09:15:41.5530769Z   'test-DBItest.R:3:1' [success]
2026-07-27T09:15:41.5654601Z   'test-DBItest.R:3:1' [success]
2026-07-27T09:15:41.5778180Z   'test-DBItest.R:3:1' [success]
2026-07-27T09:15:41.5898537Z   'test-DBItest.R:3:1' [success]
2026-07-27T09:15:41.6022977Z   'test-DBItest.R:3:1' [success]
2026-07-27T09:15:41.6147615Z   'test-DBItest.R:3:1' [success]
2026-07-27T09:15:41.6292341Z   'test-DBItest.R:3:1' [success]
2026-07-27T09:15:41.6422242Z   'test-DBItest.R:3:1' [success]
2026-07-27T09:15:41.6545747Z   'test-DBItest.R:3:1' [success]
2026-07-27T09:15:41.6674749Z   'test-DBItest.R:3:1' [success]
2026-07-27T09:15:41.6799524Z   'test-DBItest.R:3:1' [success]
2026-07-27T09:15:41.6920951Z   'test-DBItest.R:3:1' [success]
2026-07-27T09:15:41.7043806Z   'test-DBItest.R:3:1' [success]
2026-07-27T09:15:41.7225328Z   'test-DBItest.R:3:1' [success]
2026-07-27T09:15:41.7344543Z   'test-DBItest.R:3:1' [success]
2026-07-27T09:15:41.7469456Z   'test-DBItest.R:3:1' [success]
2026-07-27T09:15:41.7572057Z   'test-DBItest.R:3:1' [success]
2026-07-27T09:15:41.7591988Z End test: DBItest[duckdb.dev]: Result: data_logical
2026-07-27T09:15:41.7592353Z 
2026-07-27T09:15:41.7607777Z Start test: DBItest[duckdb.dev]: Result: data_character
2026-07-27T09:15:41.7791958Z   'test-DBItest.R:3:1' [success]
2026-07-27T09:15:41.7916684Z   'test-DBItest.R:3:1' [success]
2026-07-27T09:15:41.8042781Z   'test-DBItest.R:3:1' [success]
2026-07-27T09:15:41.8169609Z   'test-DBItest.R:3:1' [success]
2026-07-27T09:15:41.8291542Z   'test-DBItest.R:3:1' [success]
2026-07-27T09:15:41.8410048Z   'test-DBItest.R:3:1' [success]
2026-07-27T09:15:41.8530508Z   'test-DBItest.R:3:1' [success]
2026-07-27T09:15:41.8650165Z   'test-DBItest.R:3:1' [success]
2026-07-27T09:15:41.8772405Z   'test-DBItest.R:3:1' [success]
2026-07-27T09:15:41.8898507Z   'test-DBItest.R:3:1' [success]
2026-07-27T09:15:41.9085945Z   'test-DBItest.R:3:1' [success]
2026-07-27T09:15:41.9209029Z   'test-DBItest.R:3:1' [success]
2026-07-27T09:15:41.9349730Z   'test-DBItest.R:3:1' [success]
2026-07-27T09:15:41.9472677Z   'test-DBItest.R:3:1' [success]
2026-07-27T09:15:41.9593970Z   'test-DBItest.R:3:1' [success]
2026-07-27T09:15:41.9710113Z   'test-DBItest.R:3:1' [success]
2026-07-27T09:15:41.9829143Z   'test-DBItest.R:3:1' [success]
2026-07-27T09:15:41.9952352Z   'test-DBItest.R:3:1' [success]
2026-07-27T09:15:42.0076880Z   'test-DBItest.R:3:1' [success]
2026-07-27T09:15:42.0204509Z   'test-DBItest.R:3:1' [success]
2026-07-27T09:15:42.0337921Z   'test-DBItest.R:3:1' [success]
2026-07-27T09:15:42.0469468Z   'test-DBItest.R:3:1' [success]
2026-07-27T09:15:42.0599076Z   'test-DBItest.R:3:1' [success]
2026-07-27T09:15:42.0729090Z   'test-DBItest.R:3:1' [success]
2026-07-27T09:15:42.0924727Z   'test-DBItest.R:3:1' [success]
2026-07-27T09:15:42.1074179Z   'test-DBItest.R:3:1' [success]
2026-07-27T09:15:42.1200518Z   'test-DBItest.R:3:1' [success]
2026-07-27T09:15:42.1330113Z   'test-DBItest.R:3:1' [success]
2026-07-27T09:15:42.1498683Z   'test-DBItest.R:3:1' [success]
2026-07-27T09:15:42.1678609Z   'test-DBItest.R:3:1' [success]
2026-07-27T09:15:42.1825360Z   'test-DBItest.R:3:1' [success]
2026-07-27T09:15:42.1952981Z   'test-DBItest.R:3:1' [success]
2026-07-27T09:15:42.2080480Z   'test-DBItest.R:3:1' [success]
2026-07-27T09:15:42.2205978Z   'test-DBItest.R:3:1' [success]
2026-07-27T09:15:42.2333905Z   'test-DBItest.R:3:1' [success]
2026-07-27T09:15:42.2458079Z   'test-DBItest.R:3:1' [success]
2026-07-27T09:15:42.2579426Z   'test-DBItest.R:3:1' [success]
2026-07-27T09:15:42.2702603Z   'test-DBItest.R:3:1' [success]
2026-07-27T09:15:42.3018481Z   'test-DBItest.R:3:1' [success]
2026-07-27T09:15:42.3149804Z   'test-DBItest.R:3:1' [success]
2026-07-27T09:15:42.3278299Z   'test-DBItest.R:3:1' [success]
2026-07-27T09:15:42.3409099Z   'test-DBItest.R:3:1' [success]
2026-07-27T09:15:42.3533335Z   'test-DBItest.R:3:1' [success]
2026-07-27T09:15:42.3651320Z   'test-DBItest.R:3:1' [success]
2026-07-27T09:15:42.3775725Z   'test-DBItest.R:3:1' [success]
2026-07-27T09:15:42.3900467Z   'test-DBItest.R:3:1' [success]
2026-07-27T09:15:42.4023287Z   'test-DBItest.R:3:1' [success]
2026-07-27T09:15:42.4145423Z   'test-DBItest.R:3:1' [success]
2026-07-27T09:15:42.4269381Z   'test-DBItest.R:3:1' [success]
2026-07-27T09:15:42.4393607Z   'test-DBItest.R:3:1' [success]
2026-07-27T09:15:42.4537062Z   'test-DBItest.R:3:1' [success]
2026-07-27T09:15:42.4662895Z   'test-DBItest.R:3:1' [success]
2026-07-27T09:15:42.4788315Z   'test-DBItest.R:3:1' [success]
2026-07-27T09:15:42.4974954Z   'test-DBItest.R:3:1' [success]
2026-07-27T09:15:42.5097177Z   'test-DBItest.R:3:1' [success]
2026-07-27T09:15:42.5217630Z   'test-DBItest.R:3:1' [success]
2026-07-27T09:15:42.5336167Z   'test-DBItest.R:3:1' [success]
2026-07-27T09:15:42.5455858Z   'test-DBItest.R:3:1' [success]
2026-07-27T09:15:42.5579928Z   'test-DBItest.R:3:1' [success]
2026-07-27T09:15:42.5704038Z   'test-DBItest.R:3:1' [success]
2026-07-27T09:15:42.5830948Z   'test-DBItest.R:3:1' [success]
2026-07-27T09:15:42.5953151Z   'test-DBItest.R:3:1' [success]
2026-07-27T09:15:42.6074895Z   'test-DBItest.R:3:1' [success]
2026-07-27T09:15:42.6218035Z   'test-DBItest.R:3:1' [success]
2026-07-27T09:15:42.6346843Z   'test-DBItest.R:3:1' [success]
2026-07-27T09:15:42.6473119Z   'test-DBItest.R:3:1' [success]
2026-07-27T09:15:42.6594817Z   'test-DBItest.R:3:1' [success]
2026-07-27T09:15:42.6779326Z   'test-DBItest.R:3:1' [success]
2026-07-27T09:15:42.6905467Z   'test-DBItest.R:3:1' [success]
2026-07-27T09:15:42.7028782Z   'test-DBItest.R:3:1' [success]
2026-07-27T09:15:42.7152229Z   'test-DBItest.R:3:1' [success]
2026-07-27T09:15:42.7272088Z   'test-DBItest.R:3:1' [success]
2026-07-27T09:15:42.7392487Z   'test-DBItest.R:3:1' [success]
2026-07-27T09:15:42.7515888Z   'test-DBItest.R:3:1' [success]
2026-07-27T09:15:42.7638117Z   'test-DBItest.R:3:1' [success]
2026-07-27T09:15:42.7766701Z   'test-DBItest.R:3:1' [success]
2026-07-27T09:15:42.7867193Z   'test-DBItest.R:3:1' [success]
2026-07-27T09:15:42.7886078Z End test: DBItest[duckdb.dev]: Result: data_character
2026-07-27T09:15:42.7886453Z 
2026-07-27T09:15:42.7901988Z Start test: DBItest[duckdb.dev]: Result: data_raw
2026-07-27T09:15:42.8043444Z   'test-DBItest.R:3:1' [success]
2026-07-27T09:15:42.8170693Z   'test-DBItest.R:3:1' [success]
2026-07-27T09:15:42.8295759Z   'test-DBItest.R:3:1' [success]
2026-07-27T09:15:42.8416139Z   'test-DBItest.R:3:1' [success]
2026-07-27T09:15:42.8586802Z   'test-DBItest.R:3:1' [success]
2026-07-27T09:15:42.8716411Z   'test-DBItest.R:3:1' [success]
2026-07-27T09:15:42.8834342Z   'test-DBItest.R:3:1' [success]
2026-07-27T09:15:42.8951942Z   'test-DBItest.R:3:1' [success]
2026-07-27T09:15:42.9086948Z   'test-DBItest.R:3:1' [success]
2026-07-27T09:15:42.9213591Z   'test-DBItest.R:3:1' [success]
2026-07-27T09:15:42.9350633Z   'test-DBItest.R:3:1' [success]
2026-07-27T09:15:42.9480185Z   'test-DBItest.R:3:1' [success]
2026-07-27T09:15:42.9608373Z   'test-DBItest.R:3:1' [success]
2026-07-27T09:15:42.9734741Z   'test-DBItest.R:3:1' [success]
2026-07-27T09:15:42.9859186Z   'test-DBItest.R:3:1' [success]
2026-07-27T09:15:42.9985801Z   'test-DBItest.R:3:1' [success]
2026-07-27T09:15:43.0106076Z   'test-DBItest.R:3:1' [success]
2026-07-27T09:15:43.0238071Z   'test-DBItest.R:3:1' [success]
2026-07-27T09:15:43.0359529Z   'test-DBItest.R:3:1' [success]
2026-07-27T09:15:43.0551780Z   'test-DBItest.R:3:1' [success]
2026-07-27T09:15:43.0676065Z   'test-DBItest.R:3:1' [success]
2026-07-27T09:15:43.0798581Z   'test-DBItest.R:3:1' [success]
2026-07-27T09:15:43.0920652Z   'test-DBItest.R:3:1' [success]
2026-07-27T09:15:43.1041872Z   'test-DBItest.R:3:1' [success]
2026-07-27T09:15:43.1160652Z   'test-DBItest.R:3:1' [success]
2026-07-27T09:15:43.1285712Z   'test-DBItest.R:3:1' [success]
2026-07-27T09:15:43.1389200Z   'test-DBItest.R:3:1' [success]
2026-07-27T09:15:43.1408436Z End test: DBItest[duckdb.dev]: Result: data_raw
2026-07-27T09:15:43.1408896Z 
2026-07-27T09:15:43.1424695Z Start test: DBItest[duckdb.dev]: Result: data_date
2026-07-27T09:15:43.1568065Z   'test-DBItest.R:3:1' [success]
2026-07-27T09:15:43.1692266Z   'test-DBItest.R:3:1' [success]
2026-07-27T09:15:43.1818387Z   'test-DBItest.R:3:1' [success]
2026-07-27T09:15:43.1938361Z   'test-DBItest.R:3:1' [success]
2026-07-27T09:15:43.2057702Z   'test-DBItest.R:3:1' [success]
2026-07-27T09:15:43.2178697Z   'test-DBItest.R:3:1' [success]
2026-07-27T09:15:43.2364745Z   'test-DBItest.R:3:1' [success]
2026-07-27T09:15:43.2490648Z   'test-DBItest.R:3:1' [success]
2026-07-27T09:15:43.2616234Z   'test-DBItest.R:3:1' [success]
2026-07-27T09:15:43.2740075Z   'test-DBItest.R:3:1' [success]
2026-07-27T09:15:43.2861521Z   'test-DBItest.R:3:1' [success]
2026-07-27T09:15:43.2982186Z   'test-DBItest.R:3:1' [success]
2026-07-27T09:15:43.3113367Z   'test-DBItest.R:3:1' [success]
2026-07-27T09:15:43.3245826Z   'test-DBItest.R:3:1' [success]
2026-07-27T09:15:43.3378200Z   'test-DBItest.R:3:1' [success]
2026-07-27T09:15:43.3507645Z   'test-DBItest.R:3:1' [success]
2026-07-27T09:15:43.3639172Z   'test-DBItest.R:3:1' [success]
2026-07-27T09:15:43.3766849Z   'test-DBItest.R:3:1' [success]
2026-07-27T09:15:43.3892447Z   'test-DBItest.R:3:1' [success]
2026-07-27T09:15:43.4044703Z   'test-DBItest.R:3:1' [success]
2026-07-27T09:15:43.4168476Z   'test-DBItest.R:3:1' [success]
2026-07-27T09:15:43.4355145Z   'test-DBItest.R:3:1' [success]
2026-07-27T09:15:43.4477494Z   'test-DBItest.R:3:1' [success]
2026-07-27T09:15:43.4602028Z   'test-DBItest.R:3:1' [success]
2026-07-27T09:15:43.4729759Z   'test-DBItest.R:3:1' [success]
2026-07-27T09:15:43.4855606Z   'test-DBItest.R:3:1' [success]
2026-07-27T09:15:43.4981045Z   'test-DBItest.R:3:1' [success]
2026-07-27T09:15:43.5109319Z   'test-DBItest.R:3:1' [success]
2026-07-27T09:15:43.5239074Z   'test-DBItest.R:3:1' [success]
2026-07-27T09:15:43.5368669Z   'test-DBItest.R:3:1' [success]
2026-07-27T09:15:43.5495580Z   'test-DBItest.R:3:1' [success]
2026-07-27T09:15:43.5620796Z   'test-DBItest.R:3:1' [success]
2026-07-27T09:15:43.5745241Z   'test-DBItest.R:3:1' [success]
2026-07-27T09:15:43.5870372Z   'test-DBItest.R:3:1' [success]
2026-07-27T09:15:43.5993780Z   'test-DBItest.R:3:1' [success]
2026-07-27T09:15:43.6182131Z   'test-DBItest.R:3:1' [success]
2026-07-27T09:15:43.6304157Z   'test-DBItest.R:3:1' [success]
2026-07-27T09:15:43.6429649Z   'test-DBItest.R:3:1' [success]
2026-07-27T09:15:43.6553891Z   'test-DBItest.R:3:1' [success]
2026-07-27T09:15:43.6710094Z   'test-DBItest.R:3:1' [success]
2026-07-27T09:15:43.6836528Z   'test-DBItest.R:3:1' [success]
2026-07-27T09:15:43.6963481Z   'test-DBItest.R:3:1' [success]
2026-07-27T09:15:43.7101607Z   'test-DBItest.R:3:1' [success]
2026-07-27T09:15:43.7230489Z   'test-DBItest.R:3:1' [success]
2026-07-27T09:15:43.7358949Z   'test-DBItest.R:3:1' [success]
2026-07-27T09:15:43.7488631Z   'test-DBItest.R:3:1' [success]
2026-07-27T09:15:43.7616682Z   'test-DBItest.R:3:1' [success]
2026-07-27T09:15:43.7747516Z   'test-DBItest.R:3:1' [success]
2026-07-27T09:15:43.7874293Z   'test-DBItest.R:3:1' [success]
2026-07-27T09:15:43.8067873Z   'test-DBItest.R:3:1' [success]
2026-07-27T09:15:43.8194829Z   'test-DBItest.R:3:1' [success]
2026-07-27T09:15:43.8319959Z   'test-DBItest.R:3:1' [success]
2026-07-27T09:15:43.8446075Z   'test-DBItest.R:3:1' [success]
2026-07-27T09:15:43.8571855Z   'test-DBItest.R:3:1' [success]
2026-07-27T09:15:43.8694011Z   'test-DBItest.R:3:1' [success]
2026-07-27T09:15:43.8822522Z   'test-DBItest.R:3:1' [success]
2026-07-27T09:15:43.8952785Z   'test-DBItest.R:3:1' [success]
2026-07-27T09:15:43.9081023Z   'test-DBItest.R:3:1' [success]
2026-07-27T09:15:43.9208043Z   'test-DBItest.R:3:1' [success]
2026-07-27T09:15:43.9314093Z   'test-DBItest.R:3:1' [success]
2026-07-27T09:15:43.9334116Z End test: DBItest[duckdb.dev]: Result: data_date
2026-07-27T09:15:43.9334549Z 
2026-07-27T09:15:43.9351108Z Start test: DBItest[duckdb.dev]: Result: data_time
2026-07-27T09:15:43.9571065Z   'test-DBItest.R:3:1' [success]
2026-07-27T09:15:43.9696203Z   'test-DBItest.R:3:1' [success]
2026-07-27T09:15:43.9818147Z   'test-DBItest.R:3:1' [success]
2026-07-27T09:15:44.0011280Z   'test-DBItest.R:3:1' [success]
2026-07-27T09:15:44.0136867Z   'test-DBItest.R:3:1' [success]
2026-07-27T09:15:44.0257600Z   'test-DBItest.R:3:1' [success]
2026-07-27T09:15:44.0388338Z   'test-DBItest.R:3:1' [success]
2026-07-27T09:15:44.0512601Z   'test-DBItest.R:3:1' [success]
2026-07-27T09:15:44.0636066Z   'test-DBItest.R:3:1' [success]
2026-07-27T09:15:44.0778372Z   'test-DBItest.R:3:1' [success]
2026-07-27T09:15:44.0904236Z   'test-DBItest.R:3:1' [success]
2026-07-27T09:15:44.1027031Z   'test-DBItest.R:3:1' [success]
2026-07-27T09:15:44.1143346Z   'test-DBItest.R:3:1' [success]
2026-07-27T09:15:44.1260479Z   'test-DBItest.R:3:1' [success]
2026-07-27T09:15:44.1376998Z   'test-DBItest.R:3:1' [success]
2026-07-27T09:15:44.1493510Z   'test-DBItest.R:3:1' [success]
2026-07-27T09:15:44.1608425Z   'test-DBItest.R:3:1' [success]
2026-07-27T09:15:44.1785760Z   'test-DBItest.R:3:1' [success]
2026-07-27T09:15:44.1905850Z   'test-DBItest.R:3:1' [success]
2026-07-27T09:15:44.2039050Z   'test-DBItest.R:3:1' [success]
2026-07-27T09:15:44.2157621Z   'test-DBItest.R:3:1' [success]
2026-07-27T09:15:44.2273504Z   'test-DBItest.R:3:1' [success]
2026-07-27T09:15:44.2388531Z   'test-DBItest.R:3:1' [success]
2026-07-27T09:15:44.2507334Z   'test-DBItest.R:3:1' [success]
2026-07-27T09:15:44.2625106Z   'test-DBItest.R:3:1' [success]
2026-07-27T09:15:44.2746248Z   'test-DBItest.R:3:1' [success]
2026-07-27T09:15:44.2864204Z   'test-DBItest.R:3:1' [success]
2026-07-27T09:15:44.2980646Z   'test-DBItest.R:3:1' [success]
2026-07-27T09:15:44.3097780Z   'test-DBItest.R:3:1' [success]
2026-07-27T09:15:44.3194520Z   'test-DBItest.R:3:1' [success]
2026-07-27T09:15:44.3212630Z End test: DBItest[duckdb.dev]: Result: data_time
2026-07-27T09:15:44.3213037Z 
2026-07-27T09:15:44.3227893Z Start test: DBItest[duckdb.dev]: Result: data_timestamp
2026-07-27T09:15:44.3353876Z   'test-DBItest.R:3:1' [success]
2026-07-27T09:15:44.3523447Z   'test-DBItest.R:3:1' [success]
2026-07-27T09:15:44.3642014Z   'test-DBItest.R:3:1' [success]
2026-07-27T09:15:44.3757279Z   'test-DBItest.R:3:1' [success]
2026-07-27T09:15:44.3875024Z   'test-DBItest.R:3:1' [success]
2026-07-27T09:15:44.3990739Z   'test-DBItest.R:3:1' [success]
2026-07-27T09:15:44.4104196Z   'test-DBItest.R:3:1' [success]
2026-07-27T09:15:44.4222144Z   'test-DBItest.R:3:1' [success]
2026-07-27T09:15:44.4337157Z   'test-DBItest.R:3:1' [success]
2026-07-27T09:15:44.4470049Z   'test-DBItest.R:3:1' [success]
2026-07-27T09:15:44.4589212Z   'test-DBItest.R:3:1' [success]
2026-07-27T09:15:44.4709751Z   'test-DBItest.R:3:1' [success]
2026-07-27T09:15:44.4825682Z   'test-DBItest.R:3:1' [success]
2026-07-27T09:15:44.4937503Z   'test-DBItest.R:3:1' [success]
2026-07-27T09:15:44.5052632Z   'test-DBItest.R:3:1' [success]
2026-07-27T09:15:44.5169035Z   'test-DBItest.R:3:1' [success]
2026-07-27T09:15:44.5348270Z   'test-DBItest.R:3:1' [success]
2026-07-27T09:15:44.5465720Z   'test-DBItest.R:3:1' [success]
2026-07-27T09:15:44.5582171Z   'test-DBItest.R:3:1' [success]
2026-07-27T09:15:44.5716462Z   'test-DBItest.R:3:1' [success]
2026-07-27T09:15:44.5833534Z   'test-DBItest.R:3:1' [success]
2026-07-27T09:15:44.5951768Z   'test-DBItest.R:3:1' [success]
2026-07-27T09:15:44.6069160Z   'test-DBItest.R:3:1' [success]
2026-07-27T09:15:44.6189050Z   'test-DBItest.R:3:1' [success]
2026-07-27T09:15:44.6304869Z   'test-DBItest.R:3:1' [success]
2026-07-27T09:15:44.6425470Z   'test-DBItest.R:3:1' [success]
2026-07-27T09:15:44.6542890Z   'test-DBItest.R:3:1' [success]
2026-07-27T09:15:44.6656005Z   'test-DBItest.R:3:1' [success]
2026-07-27T09:15:44.6769357Z   'test-DBItest.R:3:1' [success]
2026-07-27T09:15:44.6866647Z   'test-DBItest.R:3:1' [success]
2026-07-27T09:15:44.6884712Z End test: DBItest[duckdb.dev]: Result: data_timestamp
2026-07-27T09:15:44.6885109Z 
2026-07-27T09:15:44.6900125Z Start test: DBItest[duckdb.dev]: Result: data_timestamp_current
2026-07-27T09:15:44.7092203Z   'test-DBItest.R:3:1' [success]
2026-07-27T09:15:44.7215883Z   'test-DBItest.R:3:1' [success]
2026-07-27T09:15:44.7339455Z   'test-DBItest.R:3:1' [success]
2026-07-27T09:15:44.7457702Z   'test-DBItest.R:3:1' [success]
2026-07-27T09:15:44.7573022Z   'test-DBItest.R:3:1' [success]
2026-07-27T09:15:44.7690575Z   'test-DBItest.R:3:1' [success]
2026-07-27T09:15:44.7814003Z   'test-DBItest.R:3:1' [success]
2026-07-27T09:15:44.7938827Z   'test-DBItest.R:3:1' [success]
2026-07-27T09:15:44.8082877Z   'test-DBItest.R:3:1' [success]
2026-07-27T09:15:44.8211903Z   'test-DBItest.R:3:1' [success]
2026-07-27T09:15:44.8344305Z   'test-DBItest.R:3:1' [success]
2026-07-27T09:15:44.8470184Z   'test-DBItest.R:3:1' [success]
2026-07-27T09:15:44.8595764Z   'test-DBItest.R:3:1' [success]
2026-07-27T09:15:44.8720040Z   'test-DBItest.R:3:1' [success]
2026-07-27T09:15:44.8913827Z   'test-DBItest.R:3:1' [success]
2026-07-27T09:15:44.9031479Z   'test-DBItest.R:3:1' [success]
2026-07-27T09:15:44.9147090Z   'test-DBItest.R:3:1' [success]
2026-07-27T09:15:44.9281531Z   'test-DBItest.R:3:1' [success]
2026-07-27T09:15:44.9396929Z   'test-DBItest.R:3:1' [success]
2026-07-27T09:15:44.9516006Z   'test-DBItest.R:3:1' [success]
2026-07-27T09:15:44.9634077Z   'test-DBItest.R:3:1' [success]
2026-07-27T09:15:44.9754231Z   'test-DBItest.R:3:1' [success]
2026-07-27T09:15:44.9875321Z   'test-DBItest.R:3:1' [success]
2026-07-27T09:15:44.9999536Z   'test-DBItest.R:3:1' [success]
2026-07-27T09:15:45.0123267Z   'test-DBItest.R:3:1' [success]
2026-07-27T09:15:45.0247020Z   'test-DBItest.R:3:1' [success]
2026-07-27T09:15:45.0351596Z   'test-DBItest.R:3:1' [success]
2026-07-27T09:15:45.0371816Z End test: DBItest[duckdb.dev]: Result: data_timestamp_current
2026-07-27T09:15:45.0372322Z 
2026-07-27T09:15:45.0387707Z Start test: DBItest[duckdb.dev]: Result: data_date_typed
2026-07-27T09:15:45.0542546Z   'test-DBItest.R:3:1' [success]
2026-07-27T09:15:45.0732337Z   'test-DBItest.R:3:1' [success]
2026-07-27T09:15:45.0858651Z   'test-DBItest.R:3:1' [success]
2026-07-27T09:15:45.0986018Z   'test-DBItest.R:3:1' [success]
2026-07-27T09:15:45.1108118Z   'test-DBItest.R:3:1' [success]
2026-07-27T09:15:45.1228323Z   'test-DBItest.R:3:1' [success]
2026-07-27T09:15:45.1352572Z   'test-DBItest.R:3:1' [success]
2026-07-27T09:15:45.1476808Z   'test-DBItest.R:3:1' [success]
2026-07-27T09:15:45.1605601Z   'test-DBItest.R:3:1' [success]
2026-07-27T09:15:45.1728174Z   'test-DBItest.R:3:1' [success]
2026-07-27T09:15:45.1854122Z   'test-DBItest.R:3:1' [success]
2026-07-27T09:15:45.1983066Z   'test-DBItest.R:3:1' [success]
2026-07-27T09:15:45.2106821Z   'test-DBItest.R:3:1' [success]
2026-07-27T09:15:45.2229276Z   'test-DBItest.R:3:1' [success]
2026-07-27T09:15:45.2350117Z   'test-DBItest.R:3:1' [success]
2026-07-27T09:15:45.2538218Z   'test-DBItest.R:3:1' [success]
2026-07-27T09:15:45.2662680Z   'test-DBItest.R:3:1' [success]
2026-07-27T09:15:45.2783129Z   'test-DBItest.R:3:1' [success]
2026-07-27T09:15:45.2903918Z   'test-DBItest.R:3:1' [success]
2026-07-27T09:15:45.3057179Z   'test-DBItest.R:3:1' [success]
2026-07-27T09:15:45.3183611Z   'test-DBItest.R:3:1' [success]
2026-07-27T09:15:45.3311350Z   'test-DBItest.R:3:1' [success]
2026-07-27T09:15:45.3435564Z   'test-DBItest.R:3:1' [success]
2026-07-27T09:15:45.3564021Z   'test-DBItest.R:3:1' [success]
2026-07-27T09:15:45.3692137Z   'test-DBItest.R:3:1' [success]
2026-07-27T09:15:45.3817537Z   'test-DBItest.R:3:1' [success]
2026-07-27T09:15:45.3941538Z   'test-DBItest.R:3:1' [success]
2026-07-27T09:15:45.4062639Z   'test-DBItest.R:3:1' [success]
2026-07-27T09:15:45.4184615Z   'test-DBItest.R:3:1' [success]
2026-07-27T09:15:45.4369925Z   'test-DBItest.R:3:1' [success]
2026-07-27T09:15:45.4494293Z   'test-DBItest.R:3:1' [success]
2026-07-27T09:15:45.4618281Z   'test-DBItest.R:3:1' [success]
2026-07-27T09:15:45.4744424Z   'test-DBItest.R:3:1' [success]
2026-07-27T09:15:45.4868415Z   'test-DBItest.R:3:1' [success]
2026-07-27T09:15:45.4992381Z   'test-DBItest.R:3:1' [success]
2026-07-27T09:15:45.5121678Z   'test-DBItest.R:3:1' [success]
2026-07-27T09:15:45.5250980Z   'test-DBItest.R:3:1' [success]
2026-07-27T09:15:45.5372908Z   'test-DBItest.R:3:1' [success]
2026-07-27T09:15:45.5496598Z   'test-DBItest.R:3:1' [success]
2026-07-27T09:15:45.5653376Z   'test-DBItest.R:3:1' [success]
2026-07-27T09:15:45.5779254Z   'test-DBItest.R:3:1' [success]
2026-07-27T09:15:45.5906549Z   'test-DBItest.R:3:1' [success]
2026-07-27T09:15:45.6032432Z   'test-DBItest.R:3:1' [success]
2026-07-27T09:15:45.6220476Z   'test-DBItest.R:3:1' [success]
2026-07-27T09:15:45.6345404Z   'test-DBItest.R:3:1' [success]
2026-07-27T09:15:45.6471895Z   'test-DBItest.R:3:1' [success]
2026-07-27T09:15:45.6593186Z   'test-DBItest.R:3:1' [success]
2026-07-27T09:15:45.6715971Z   'test-DBItest.R:3:1' [success]
2026-07-27T09:15:45.6838678Z   'test-DBItest.R:3:1' [success]
2026-07-27T09:15:45.6962994Z   'test-DBItest.R:3:1' [success]
2026-07-27T09:15:45.7088940Z   'test-DBItest.R:3:1' [success]
2026-07-27T09:15:45.7213590Z   'test-DBItest.R:3:1' [success]
2026-07-27T09:15:45.7335525Z   'test-DBItest.R:3:1' [success]
2026-07-27T09:15:45.7459585Z   'test-DBItest.R:3:1' [success]
2026-07-27T09:15:45.7579846Z   'test-DBItest.R:3:1' [success]
2026-07-27T09:15:45.7695789Z   'test-DBItest.R:3:1' [success]
2026-07-27T09:15:45.7811629Z   'test-DBItest.R:3:1' [success]
2026-07-27T09:15:45.8014939Z   'test-DBItest.R:3:1' [success]
2026-07-27T09:15:45.8138747Z   'test-DBItest.R:3:1' [success]
2026-07-27T09:15:45.8240999Z   'test-DBItest.R:3:1' [success]
2026-07-27T09:15:45.8260469Z End test: DBItest[duckdb.dev]: Result: data_date_typed
2026-07-27T09:15:45.8260921Z 
2026-07-27T09:15:45.8276390Z Start test: DBItest[duckdb.dev]: Result: data_timestamp_typed
2026-07-27T09:15:45.8412363Z   'test-DBItest.R:3:1' [success]
2026-07-27T09:15:45.8535768Z   'test-DBItest.R:3:1' [success]
2026-07-27T09:15:45.8658994Z   'test-DBItest.R:3:1' [success]
2026-07-27T09:15:45.8784441Z   'test-DBItest.R:3:1' [success]
2026-07-27T09:15:45.8912133Z   'test-DBItest.R:3:1' [success]
2026-07-27T09:15:45.9036613Z   'test-DBItest.R:3:1' [success]
2026-07-27T09:15:45.9156539Z   'test-DBItest.R:3:1' [success]
2026-07-27T09:15:45.9278552Z   'test-DBItest.R:3:1' [success]
2026-07-27T09:15:45.9398268Z   'test-DBItest.R:3:1' [success]
2026-07-27T09:15:45.9542119Z   'test-DBItest.R:3:1' [success]
2026-07-27T09:15:45.9666986Z   'test-DBItest.R:3:1' [success]
2026-07-27T09:15:45.9858767Z   'test-DBItest.R:3:1' [success]
2026-07-27T09:15:45.9979994Z   'test-DBItest.R:3:1' [success]
2026-07-27T09:15:46.0099973Z   'test-DBItest.R:3:1' [success]
2026-07-27T09:15:46.0220099Z   'test-DBItest.R:3:1' [success]
2026-07-27T09:15:46.0344998Z   'test-DBItest.R:3:1' [success]
2026-07-27T09:15:46.0466119Z   'test-DBItest.R:3:1' [success]
2026-07-27T09:15:46.0587778Z   'test-DBItest.R:3:1' [success]
2026-07-27T09:15:46.0708736Z   'test-DBItest.R:3:1' [success]
2026-07-27T09:15:46.0848114Z   'test-DBItest.R:3:1' [success]
2026-07-27T09:15:46.0970162Z   'test-DBItest.R:3:1' [success]
2026-07-27T09:15:46.1092468Z   'test-DBItest.R:3:1' [success]
2026-07-27T09:15:46.1212079Z   'test-DBItest.R:3:1' [success]
2026-07-27T09:15:46.1330669Z   'test-DBItest.R:3:1' [success]
2026-07-27T09:15:46.1452981Z   'test-DBItest.R:3:1' [success]
2026-07-27T09:15:46.1688163Z   'test-DBItest.R:3:1' [success]
2026-07-27T09:15:46.1817022Z   'test-DBItest.R:3:1' [success]
2026-07-27T09:15:46.1935284Z   'test-DBItest.R:3:1' [success]
2026-07-27T09:15:46.2056845Z   'test-DBItest.R:3:1' [success]
2026-07-27T09:15:46.2157441Z   'test-DBItest.R:3:1' [success]
2026-07-27T09:15:46.2176028Z End test: DBItest[duckdb.dev]: Result: data_timestamp_typed
2026-07-27T09:15:46.2176508Z 
2026-07-27T09:15:46.2192168Z Start test: DBItest[duckdb.dev]: Result: data_timestamp_current_typed
2026-07-27T09:15:46.2326125Z   'test-DBItest.R:3:1' [success]
2026-07-27T09:15:46.2451811Z   'test-DBItest.R:3:1' [success]
2026-07-27T09:15:46.2575450Z   'test-DBItest.R:3:1' [success]
2026-07-27T09:15:46.2700312Z   'test-DBItest.R:3:1' [success]
2026-07-27T09:15:46.2821939Z   'test-DBItest.R:3:1' [success]
2026-07-27T09:15:46.2944503Z   'test-DBItest.R:3:1' [success]
2026-07-27T09:15:46.3071686Z   'test-DBItest.R:3:1' [success]
2026-07-27T09:15:46.3192467Z   'test-DBItest.R:3:1' [success]
2026-07-27T09:15:46.3332121Z   'test-DBItest.R:3:1' [success]
2026-07-27T09:15:46.3509909Z   'test-DBItest.R:3:1' [success]
2026-07-27T09:15:46.3651847Z   'test-DBItest.R:3:1' [success]
2026-07-27T09:15:46.3768619Z   'test-DBItest.R:3:1' [success]
2026-07-27T09:15:46.3888335Z   'test-DBItest.R:3:1' [success]
2026-07-27T09:15:46.4011905Z   'test-DBItest.R:3:1' [success]
2026-07-27T09:15:46.4137070Z   'test-DBItest.R:3:1' [success]
2026-07-27T09:15:46.4262579Z   'test-DBItest.R:3:1' [success]
2026-07-27T09:15:46.4384813Z   'test-DBItest.R:3:1' [success]
2026-07-27T09:15:46.4527677Z   'test-DBItest.R:3:1' [success]
2026-07-27T09:15:46.4652311Z   'test-DBItest.R:3:1' [success]
2026-07-27T09:15:46.4774459Z   'test-DBItest.R:3:1' [success]
2026-07-27T09:15:46.4896672Z   'test-DBItest.R:3:1' [success]
2026-07-27T09:15:46.5012654Z   'test-DBItest.R:3:1' [success]
2026-07-27T09:15:46.5131254Z   'test-DBItest.R:3:1' [success]
2026-07-27T09:15:46.5256344Z   'test-DBItest.R:3:1' [success]
2026-07-27T09:15:46.5448837Z   'test-DBItest.R:3:1' [success]
2026-07-27T09:15:46.5571447Z   'test-DBItest.R:3:1' [success]
2026-07-27T09:15:46.5674661Z   'test-DBItest.R:3:1' [success]
2026-07-27T09:15:46.5694385Z End test: DBItest[duckdb.dev]: Result: data_timestamp_current_typed
2026-07-27T09:15:46.5695410Z 
2026-07-27T09:15:46.5713245Z Start test: DBItest[duckdb.dev]: Result: data_64_bit_numeric
2026-07-27T09:15:46.5848429Z   'test-DBItest.R:3:1' [success]
2026-07-27T09:15:46.5970212Z   'test-DBItest.R:3:1' [success]
2026-07-27T09:15:46.6091160Z   'test-DBItest.R:3:1' [success]
2026-07-27T09:15:46.6215092Z   'test-DBItest.R:3:1' [success]
2026-07-27T09:15:46.6341499Z   'test-DBItest.R:3:1' [success]
2026-07-27T09:15:46.6463926Z   'test-DBItest.R:3:1' [success]
2026-07-27T09:15:46.6583902Z   'test-DBItest.R:3:1' [success]
2026-07-27T09:15:46.6705935Z   'test-DBItest.R:3:1' [success]
2026-07-27T09:15:46.6827603Z   'test-DBItest.R:3:1' [success]
2026-07-27T09:15:46.6966176Z   'test-DBItest.R:3:1' [success]
2026-07-27T09:15:46.7088020Z   'test-DBItest.R:3:1' [success]
2026-07-27T09:15:46.7283924Z   'test-DBItest.R:3:1' [success]
2026-07-27T09:15:46.7407789Z   'test-DBItest.R:3:1' [success]
2026-07-27T09:15:46.7526624Z   'test-DBItest.R:3:1' [success]
2026-07-27T09:15:46.7646035Z   'test-DBItest.R:3:1' [success]
2026-07-27T09:15:46.7765858Z   'test-DBItest.R:3:1' [success]
2026-07-27T09:15:46.7884362Z   'test-DBItest.R:3:1' [success]
2026-07-27T09:15:46.8008549Z   'test-DBItest.R:3:1' [success]
2026-07-27T09:15:46.8134633Z   'test-DBItest.R:3:1' [success]
2026-07-27T09:15:46.8274356Z   'test-DBItest.R:3:1' [success]
2026-07-27T09:15:46.8398214Z   'test-DBItest.R:3:1' [success]
2026-07-27T09:15:46.8524170Z   'test-DBItest.R:3:1' [success]
2026-07-27T09:15:46.8646108Z   'test-DBItest.R:3:1' [success]
2026-07-27T09:15:46.8769019Z   'test-DBItest.R:3:1' [success]
2026-07-27T09:15:46.8893893Z   'test-DBItest.R:3:1' [success]
2026-07-27T09:15:46.9085452Z   'test-DBItest.R:3:1' [success]
2026-07-27T09:15:46.9213274Z   'test-DBItest.R:3:1' [success]
2026-07-27T09:15:46.9335642Z   'test-DBItest.R:3:1' [success]
2026-07-27T09:15:46.9460018Z   'test-DBItest.R:3:1' [success]
2026-07-27T09:15:46.9561163Z   'test-DBItest.R:3:1' [success]
2026-07-27T09:15:46.9580051Z End test: DBItest[duckdb.dev]: Result: data_64_bit_numeric
2026-07-27T09:15:46.9580677Z 
2026-07-27T09:15:46.9595760Z Start test: DBItest[duckdb.dev]: Result: skipped tests
2026-07-27T09:15:46.9702373Z   'test-DBItest.R:3:1' [skip]
2026-07-27T09:15:46.9721263Z End test: DBItest[duckdb.dev]: Result: skipped tests
2026-07-27T09:15:46.9721672Z 
2026-07-27T09:15:47.1984369Z Start test: DBItest[duckdb.dev]: SQL: quote_string_formals
2026-07-27T09:15:47.2109672Z   'test-DBItest.R:3:1' [success]
2026-07-27T09:15:47.2210388Z   'test-DBItest.R:3:1' [success]
2026-07-27T09:15:47.2229163Z End test: DBItest[duckdb.dev]: SQL: quote_string_formals
2026-07-27T09:15:47.2229597Z 
2026-07-27T09:15:47.2244234Z Start test: DBItest[duckdb.dev]: SQL: quote_string_return
2026-07-27T09:15:47.2358786Z   'test-DBItest.R:3:1' [success]
2026-07-27T09:15:47.2462471Z   'test-DBItest.R:3:1' [success]
2026-07-27T09:15:47.2563105Z   'test-DBItest.R:3:1' [success]
2026-07-27T09:15:47.2667751Z   'test-DBItest.R:3:1' [success]
2026-07-27T09:15:47.2687638Z End test: DBItest[duckdb.dev]: SQL: quote_string_return
2026-07-27T09:15:47.2688133Z 
2026-07-27T09:15:47.2704076Z Start test: DBItest[duckdb.dev]: SQL: quote_string_vectorized
2026-07-27T09:15:47.2828788Z   'test-DBItest.R:3:1' [success]
2026-07-27T09:15:47.2956293Z   'test-DBItest.R:3:1' [success]
2026-07-27T09:15:47.3083926Z   'test-DBItest.R:3:1' [success]
2026-07-27T09:15:47.3106334Z End test: DBItest[duckdb.dev]: SQL: quote_string_vectorized
2026-07-27T09:15:47.3106810Z 
2026-07-27T09:15:47.3125193Z Start test: DBItest[duckdb.dev]: SQL: quote_string_double
2026-07-27T09:15:47.3301521Z   'test-DBItest.R:3:1' [success]
2026-07-27T09:15:47.3452334Z   'test-DBItest.R:3:1' [success]
2026-07-27T09:15:47.3604723Z   'test-DBItest.R:3:1' [success]
2026-07-27T09:15:47.3811906Z   'test-DBItest.R:3:1' [success]
2026-07-27T09:15:47.3936078Z   'test-DBItest.R:3:1' [success]
2026-07-27T09:15:47.4060548Z   'test-DBItest.R:3:1' [success]
2026-07-27T09:15:47.4159072Z   'test-DBItest.R:3:1' [success]
2026-07-27T09:15:47.4177591Z End test: DBItest[duckdb.dev]: SQL: quote_string_double
2026-07-27T09:15:47.4178256Z 
2026-07-27T09:15:47.4193330Z Start test: DBItest[duckdb.dev]: SQL: quote_string_roundtrip
2026-07-27T09:15:47.4753505Z   'test-DBItest.R:3:1' [success]
2026-07-27T09:15:47.4916600Z   'test-DBItest.R:3:1' [success]
2026-07-27T09:15:47.5055390Z   'test-DBItest.R:3:1' [success]
2026-07-27T09:15:47.5178875Z   'test-DBItest.R:3:1' [success]
2026-07-27T09:15:47.5295728Z   'test-DBItest.R:3:1' [success]
2026-07-27T09:15:47.5418313Z   'test-DBItest.R:3:1' [success]
2026-07-27T09:15:47.5542257Z   'test-DBItest.R:3:1' [success]
2026-07-27T09:15:47.5641506Z   'test-DBItest.R:3:1' [success]
2026-07-27T09:15:47.5661365Z End test: DBItest[duckdb.dev]: SQL: quote_string_roundtrip
2026-07-27T09:15:47.5661826Z 
2026-07-27T09:15:47.5677419Z Start test: DBItest[duckdb.dev]: SQL: quote_string_na
2026-07-27T09:15:47.5821568Z   'test-DBItest.R:3:1' [success]
2026-07-27T09:15:47.5998580Z   'test-DBItest.R:3:1' [success]
2026-07-27T09:15:47.6121048Z   'test-DBItest.R:3:1' [success]
2026-07-27T09:15:47.6242477Z   'test-DBItest.R:3:1' [success]
2026-07-27T09:15:47.6359416Z   'test-DBItest.R:3:1' [success]
2026-07-27T09:15:47.6477603Z   'test-DBItest.R:3:1' [success]
2026-07-27T09:15:47.6593296Z   'test-DBItest.R:3:1' [success]
2026-07-27T09:15:47.6713235Z   'test-DBItest.R:3:1' [success]
2026-07-27T09:15:47.6839036Z   'test-DBItest.R:3:1' [success]
2026-07-27T09:15:47.6941678Z   'test-DBItest.R:3:1' [success]
2026-07-27T09:15:47.6960725Z End test: DBItest[duckdb.dev]: SQL: quote_string_na
2026-07-27T09:15:47.6961169Z 
2026-07-27T09:15:47.6976352Z Start test: DBItest[duckdb.dev]: SQL: quote_string_na_is_null
2026-07-27T09:15:47.7109971Z   'test-DBItest.R:3:1' [success]
2026-07-27T09:15:47.7233561Z   'test-DBItest.R:3:1' [success]
2026-07-27T09:15:47.7353103Z   'test-DBItest.R:3:1' [success]
2026-07-27T09:15:47.7469260Z   'test-DBItest.R:3:1' [success]
2026-07-27T09:15:47.7632215Z   'test-DBItest.R:3:1' [success]
2026-07-27T09:15:47.7751151Z   'test-DBItest.R:3:1' [success]
2026-07-27T09:15:47.7853679Z   'test-DBItest.R:3:1' [success]
2026-07-27T09:15:47.7872985Z End test: DBItest[duckdb.dev]: SQL: quote_string_na_is_null
2026-07-27T09:15:47.7873471Z 
2026-07-27T09:15:47.7889037Z Start test: DBItest[duckdb.dev]: SQL: quote_string_error
2026-07-27T09:15:47.8056011Z   'test-DBItest.R:3:1' [success]
2026-07-27T09:15:47.8214650Z   'test-DBItest.R:3:1' [success]
2026-07-27T09:15:47.8371771Z   'test-DBItest.R:3:1' [success]
2026-07-27T09:15:47.8530290Z   'test-DBItest.R:3:1' [success]
2026-07-27T09:15:47.8686232Z   'test-DBItest.R:3:1' [success]
2026-07-27T09:15:47.8784287Z   'test-DBItest.R:3:1' [success]
2026-07-27T09:15:47.8803121Z End test: DBItest[duckdb.dev]: SQL: quote_string_error
2026-07-27T09:15:47.8803578Z 
2026-07-27T09:15:47.8819544Z Start test: DBItest[duckdb.dev]: SQL: quote_literal_formals
2026-07-27T09:15:47.8942667Z   'test-DBItest.R:3:1' [success]
2026-07-27T09:15:47.9042391Z   'test-DBItest.R:3:1' [success]
2026-07-27T09:15:47.9060936Z End test: DBItest[duckdb.dev]: SQL: quote_literal_formals
2026-07-27T09:15:47.9061411Z 
2026-07-27T09:15:47.9076357Z Start test: DBItest[duckdb.dev]: SQL: quote_literal_return
2026-07-27T09:15:47.9186870Z   'test-DBItest.R:3:1' [success]
2026-07-27T09:15:47.9333565Z   'test-DBItest.R:3:1' [success]
2026-07-27T09:15:47.9433290Z   'test-DBItest.R:3:1' [success]
2026-07-27T09:15:47.9533366Z   'test-DBItest.R:3:1' [success]
2026-07-27T09:15:47.9552094Z End test: DBItest[duckdb.dev]: SQL: quote_literal_return
2026-07-27T09:15:47.9552534Z 
2026-07-27T09:15:47.9567700Z Start test: DBItest[duckdb.dev]: SQL: quote_literal_vectorized
2026-07-27T09:15:47.9680834Z   'test-DBItest.R:3:1' [success]
2026-07-27T09:15:47.9778624Z   'test-DBItest.R:3:1' [success]
2026-07-27T09:15:47.9797229Z End test: DBItest[duckdb.dev]: SQL: quote_literal_vectorized
2026-07-27T09:15:47.9797896Z 
2026-07-27T09:15:47.9813023Z Start test: DBItest[duckdb.dev]: SQL: quote_literal_empty
2026-07-27T09:15:47.9927500Z   'test-DBItest.R:3:1' [success]
2026-07-27T09:15:48.0031024Z   'test-DBItest.R:3:1' [success]
2026-07-27T09:15:48.0139882Z   'test-DBItest.R:3:1' [success]
2026-07-27T09:15:48.0247149Z   'test-DBItest.R:3:1' [success]
2026-07-27T09:15:48.0356350Z   'test-DBItest.R:3:1' [success]
2026-07-27T09:15:48.0461769Z   'test-DBItest.R:3:1' [success]
2026-07-27T09:15:48.0570558Z   'test-DBItest.R:3:1' [success]
2026-07-27T09:15:48.0677572Z   'test-DBItest.R:3:1' [success]
2026-07-27T09:15:48.0696718Z End test: DBItest[duckdb.dev]: SQL: quote_literal_empty
2026-07-27T09:15:48.0697143Z 
2026-07-27T09:15:48.0713304Z Start test: DBItest[duckdb.dev]: SQL: quote_literal_double
2026-07-27T09:15:48.0860967Z   'test-DBItest.R:3:1' [success]
2026-07-27T09:15:48.1048418Z   'test-DBItest.R:3:1' [success]
2026-07-27T09:15:48.1179101Z   'test-DBItest.R:3:1' [success]
2026-07-27T09:15:48.1310750Z   'test-DBItest.R:3:1' [success]
2026-07-27T09:15:48.1440958Z   'test-DBItest.R:3:1' [success]
2026-07-27T09:15:48.1571322Z   'test-DBItest.R:3:1' [success]
2026-07-27T09:15:48.1672912Z   'test-DBItest.R:3:1' [success]
2026-07-27T09:15:48.1692424Z End test: DBItest[duckdb.dev]: SQL: quote_literal_double
2026-07-27T09:15:48.1692861Z 
2026-07-27T09:15:48.1708281Z Start test: DBItest[duckdb.dev]: SQL: quote_literal_roundtrip
2026-07-27T09:15:48.1851867Z   'test-DBItest.R:3:1' [success]
2026-07-27T09:15:48.1974210Z   'test-DBItest.R:3:1' [success]
2026-07-27T09:15:48.2097129Z   'test-DBItest.R:3:1' [success]
2026-07-27T09:15:48.2221999Z   'test-DBItest.R:3:1' [success]
2026-07-27T09:15:48.2343694Z   'test-DBItest.R:3:1' [success]
2026-07-27T09:15:48.2468204Z   'test-DBItest.R:3:1' [success]
2026-07-27T09:15:48.2613349Z   'test-DBItest.R:3:1' [success]
2026-07-27T09:15:48.2713293Z   'test-DBItest.R:3:1' [success]
2026-07-27T09:15:48.2732166Z End test: DBItest[duckdb.dev]: SQL: quote_literal_roundtrip
2026-07-27T09:15:48.2732618Z 
2026-07-27T09:15:48.2747628Z Start test: DBItest[duckdb.dev]: SQL: quote_literal_na
2026-07-27T09:15:48.2942036Z   'test-DBItest.R:3:1' [success]
2026-07-27T09:15:48.3064282Z   'test-DBItest.R:3:1' [success]
2026-07-27T09:15:48.3185467Z   'test-DBItest.R:3:1' [success]
2026-07-27T09:15:48.3306930Z   'test-DBItest.R:3:1' [success]
2026-07-27T09:15:48.3428567Z   'test-DBItest.R:3:1' [success]
2026-07-27T09:15:48.3545966Z   'test-DBItest.R:3:1' [success]
2026-07-27T09:15:48.3662707Z   'test-DBItest.R:3:1' [success]
2026-07-27T09:15:48.3782685Z   'test-DBItest.R:3:1' [success]
2026-07-27T09:15:48.3903243Z   'test-DBItest.R:3:1' [success]
2026-07-27T09:15:48.4002821Z   'test-DBItest.R:3:1' [success]
2026-07-27T09:15:48.4022152Z End test: DBItest[duckdb.dev]: SQL: quote_literal_na
2026-07-27T09:15:48.4022574Z 
2026-07-27T09:15:48.4038127Z Start test: DBItest[duckdb.dev]: SQL: quote_literal_na_is_null
2026-07-27T09:15:48.4174881Z   'test-DBItest.R:3:1' [success]
2026-07-27T09:15:48.4294347Z   'test-DBItest.R:3:1' [success]
2026-07-27T09:15:48.4413445Z   'test-DBItest.R:3:1' [success]
2026-07-27T09:15:48.4578928Z   'test-DBItest.R:3:1' [success]
2026-07-27T09:15:48.4696423Z   'test-DBItest.R:3:1' [success]
2026-07-27T09:15:48.4816758Z   'test-DBItest.R:3:1' [success]
2026-07-27T09:15:48.4916164Z   'test-DBItest.R:3:1' [success]
2026-07-27T09:15:48.4935642Z End test: DBItest[duckdb.dev]: SQL: quote_literal_na_is_null
2026-07-27T09:15:48.4936697Z 
2026-07-27T09:15:48.4952595Z Start test: DBItest[duckdb.dev]: SQL: quote_literal_error
2026-07-27T09:15:48.5117884Z   'test-DBItest.R:3:1' [success]
2026-07-27T09:15:48.5219260Z   'test-DBItest.R:3:1' [success]
2026-07-27T09:15:48.5239094Z End test: DBItest[duckdb.dev]: SQL: quote_literal_error
2026-07-27T09:15:48.5239532Z 
2026-07-27T09:15:48.5254770Z Start test: DBItest[duckdb.dev]: SQL: quote_identifier_formals
2026-07-27T09:15:48.5381393Z   'test-DBItest.R:3:1' [success]
2026-07-27T09:15:48.5487037Z   'test-DBItest.R:3:1' [success]
2026-07-27T09:15:48.5506284Z End test: DBItest[duckdb.dev]: SQL: quote_identifier_formals
2026-07-27T09:15:48.5506741Z 
2026-07-27T09:15:48.5522307Z Start test: DBItest[duckdb.dev]: SQL: quote_identifier_return
2026-07-27T09:15:48.5637970Z   'test-DBItest.R:3:1' [success]
2026-07-27T09:15:48.5740826Z   'test-DBItest.R:3:1' [success]
2026-07-27T09:15:48.5842226Z   'test-DBItest.R:3:1' [success]
2026-07-27T09:15:48.5861609Z End test: DBItest[duckdb.dev]: SQL: quote_identifier_return
2026-07-27T09:15:48.5862083Z 
2026-07-27T09:15:48.5877841Z Start test: DBItest[duckdb.dev]: SQL: quote_identifier_vectorized
2026-07-27T09:15:48.5993939Z   'test-DBItest.R:3:1' [success]
2026-07-27T09:15:48.6100701Z   'test-DBItest.R:3:1' [success]
2026-07-27T09:15:48.6207900Z   'test-DBItest.R:3:1' [success]
2026-07-27T09:15:48.6381712Z   'test-DBItest.R:3:1' [success]
2026-07-27T09:15:48.6508653Z   'test-DBItest.R:3:1' [success]
2026-07-27T09:15:48.6628155Z   'test-DBItest.R:3:1' [success]
2026-07-27T09:15:48.6746756Z   'test-DBItest.R:3:1' [success]
2026-07-27T09:15:48.6865620Z   'test-DBItest.R:3:1' [success]
2026-07-27T09:15:48.6986848Z   'test-DBItest.R:3:1' [success]
2026-07-27T09:15:48.7112720Z   'test-DBItest.R:3:1' [success]
2026-07-27T09:15:48.7241765Z   'test-DBItest.R:3:1' [success]
2026-07-27T09:15:48.7342731Z   'test-DBItest.R:3:1' [success]
2026-07-27T09:15:48.7361075Z End test: DBItest[duckdb.dev]: SQL: quote_identifier_vectorized
2026-07-27T09:15:48.7361482Z 
2026-07-27T09:15:48.7376486Z Start test: DBItest[duckdb.dev]: SQL: quote_identifier_error
2026-07-27T09:15:48.7541491Z   'test-DBItest.R:3:1' [success]
2026-07-27T09:15:48.7698202Z   'test-DBItest.R:3:1' [success]
2026-07-27T09:15:48.7851617Z   'test-DBItest.R:3:1' [success]
2026-07-27T09:15:48.8011161Z   'test-DBItest.R:3:1' [success]
2026-07-27T09:15:48.8115628Z   'test-DBItest.R:3:1' [success]
2026-07-27T09:15:48.8134252Z End test: DBItest[duckdb.dev]: SQL: quote_identifier_error
2026-07-27T09:15:48.8134670Z 
2026-07-27T09:15:48.8150547Z Start test: DBItest[duckdb.dev]: SQL: quote_identifier
2026-07-27T09:15:48.8284100Z   'test-DBItest.R:3:1' [success]
2026-07-27T09:15:48.8404809Z   'test-DBItest.R:3:1' [success]
2026-07-27T09:15:48.8526348Z   'test-DBItest.R:3:1' [success]
2026-07-27T09:15:48.8646433Z   'test-DBItest.R:3:1' [success]
2026-07-27T09:15:48.8764580Z   'test-DBItest.R:3:1' [success]
2026-07-27T09:15:48.8888210Z   'test-DBItest.R:3:1' [success]
2026-07-27T09:15:48.9018395Z   'test-DBItest.R:3:1' [success]
2026-07-27T09:15:48.9153442Z   'test-DBItest.R:3:1' [success]
2026-07-27T09:15:48.9277596Z   'test-DBItest.R:3:1' [success]
2026-07-27T09:15:48.9413544Z   'test-DBItest.R:3:1' [success]
2026-07-27T09:15:48.9537994Z   'test-DBItest.R:3:1' [success]
2026-07-27T09:15:48.9674760Z   'test-DBItest.R:3:1' [success]
2026-07-27T09:15:48.9864138Z   'test-DBItest.R:3:1' [success]
2026-07-27T09:15:48.9973766Z   'test-DBItest.R:3:1' [success]
2026-07-27T09:15:48.9994844Z End test: DBItest[duckdb.dev]: SQL: quote_identifier
2026-07-27T09:15:48.9995238Z 
2026-07-27T09:15:49.0011563Z Start test: DBItest[duckdb.dev]: SQL: quote_identifier_string
2026-07-27T09:15:49.0349000Z   'test-DBItest.R:3:1' [success]
2026-07-27T09:15:49.0454433Z   'test-DBItest.R:3:1' [success]
2026-07-27T09:15:49.0475045Z End test: DBItest[duckdb.dev]: SQL: quote_identifier_string
2026-07-27T09:15:49.0475620Z 
2026-07-27T09:15:49.0492141Z Start test: DBItest[duckdb.dev]: SQL: quote_identifier_special
2026-07-27T09:15:49.0662764Z   'test-DBItest.R:3:1' [success]
2026-07-27T09:15:49.0793116Z   'test-DBItest.R:3:1' [success]
2026-07-27T09:15:49.0920087Z   'test-DBItest.R:3:1' [success]
2026-07-27T09:15:49.1042264Z   'test-DBItest.R:3:1' [success]
2026-07-27T09:15:49.1166011Z   'test-DBItest.R:3:1' [success]
2026-07-27T09:15:49.1291127Z   'test-DBItest.R:3:1' [success]
2026-07-27T09:15:49.1413644Z   'test-DBItest.R:3:1' [success]
2026-07-27T09:15:49.1512799Z   'test-DBItest.R:3:1' [success]
2026-07-27T09:15:49.1581234Z End test: DBItest[duckdb.dev]: SQL: quote_identifier_special
2026-07-27T09:15:49.1581749Z 
2026-07-27T09:15:49.1597527Z Start test: DBItest[duckdb.dev]: SQL: unquote_identifier_formals
2026-07-27T09:15:49.1721691Z   'test-DBItest.R:3:1' [success]
2026-07-27T09:15:49.1819268Z   'test-DBItest.R:3:1' [success]
2026-07-27T09:15:49.1838199Z End test: DBItest[duckdb.dev]: SQL: unquote_identifier_formals
2026-07-27T09:15:49.1838749Z 
2026-07-27T09:15:49.1853638Z Start test: DBItest[duckdb.dev]: SQL: unquote_identifier_return
2026-07-27T09:15:49.1978920Z   'test-DBItest.R:3:1' [success]
2026-07-27T09:15:49.2078943Z   'test-DBItest.R:3:1' [success]
2026-07-27T09:15:49.2098011Z End test: DBItest[duckdb.dev]: SQL: unquote_identifier_return
2026-07-27T09:15:49.2098517Z 
2026-07-27T09:15:49.2113694Z Start test: DBItest[duckdb.dev]: SQL: unquote_identifier_vectorized
2026-07-27T09:15:49.2236666Z   'test-DBItest.R:3:1' [success]
2026-07-27T09:15:49.2339437Z   'test-DBItest.R:3:1' [success]
2026-07-27T09:15:49.2479016Z   'test-DBItest.R:3:1' [success]
2026-07-27T09:15:49.2579586Z   'test-DBItest.R:3:1' [success]
2026-07-27T09:15:49.2680455Z   'test-DBItest.R:3:1' [success]
2026-07-27T09:15:49.2780203Z   'test-DBItest.R:3:1' [success]
2026-07-27T09:15:49.2881618Z   'test-DBItest.R:3:1' [success]
2026-07-27T09:15:49.2981221Z   'test-DBItest.R:3:1' [success]
2026-07-27T09:15:49.3080622Z   'test-DBItest.R:3:1' [success]
2026-07-27T09:15:49.3227003Z   'test-DBItest.R:3:1' [success]
2026-07-27T09:15:49.3332267Z   'test-DBItest.R:3:1' [success]
2026-07-27T09:15:49.3432194Z   'test-DBItest.R:3:1' [success]
2026-07-27T09:15:49.3534289Z   'test-DBItest.R:3:1' [success]
2026-07-27T09:15:49.3635334Z   'test-DBItest.R:3:1' [success]
2026-07-27T09:15:49.3737548Z   'test-DBItest.R:3:1' [success]
2026-07-27T09:15:49.3837912Z   'test-DBItest.R:3:1' [success]
2026-07-27T09:15:49.3936564Z   'test-DBItest.R:3:1' [success]
2026-07-27T09:15:49.4041500Z   'test-DBItest.R:3:1' [success]
2026-07-27T09:15:49.4145334Z   'test-DBItest.R:3:1' [success]
2026-07-27T09:15:49.4248889Z   'test-DBItest.R:3:1' [success]
2026-07-27T09:15:49.4353760Z   'test-DBItest.R:3:1' [success]
2026-07-27T09:15:49.4460779Z   'test-DBItest.R:3:1' [success]
2026-07-27T09:15:49.4566897Z   'test-DBItest.R:3:1' [success]
2026-07-27T09:15:49.4668332Z   'test-DBItest.R:3:1' [success]
2026-07-27T09:15:49.4767775Z   'test-DBItest.R:3:1' [success]
2026-07-27T09:15:49.4917823Z   'test-DBItest.R:3:1' [success]
2026-07-27T09:15:49.5018399Z   'test-DBItest.R:3:1' [success]
2026-07-27T09:15:49.5122970Z   'test-DBItest.R:3:1' [success]
2026-07-27T09:15:49.5223651Z   'test-DBItest.R:3:1' [success]
2026-07-27T09:15:49.5331760Z   'test-DBItest.R:3:1' [success]
2026-07-27T09:15:49.5435085Z   'test-DBItest.R:3:1' [success]
2026-07-27T09:15:49.5599266Z   'test-DBItest.R:3:1' [success]
2026-07-27T09:15:49.5740841Z   'test-DBItest.R:3:1' [success]
2026-07-27T09:15:49.5845804Z   'test-DBItest.R:3:1' [success]
2026-07-27T09:15:49.5949342Z   'test-DBItest.R:3:1' [success]
2026-07-27T09:15:49.6053012Z   'test-DBItest.R:3:1' [success]
2026-07-27T09:15:49.6173870Z   'test-DBItest.R:3:1' [success]
2026-07-27T09:15:49.6292685Z   'test-DBItest.R:3:1' [success]
2026-07-27T09:15:49.6417634Z   'test-DBItest.R:3:1' [success]
2026-07-27T09:15:49.6569647Z   'test-DBItest.R:3:1' [success]
2026-07-27T09:15:49.6588112Z End test: DBItest[duckdb.dev]: SQL: unquote_identifier_vectorized
2026-07-27T09:15:49.6588678Z 
2026-07-27T09:15:49.6603517Z Start test: DBItest[duckdb.dev]: SQL: unquote_identifier_plain
2026-07-27T09:15:49.6733757Z   'test-DBItest.R:3:1' [success]
2026-07-27T09:15:49.6860805Z   'test-DBItest.R:3:1' [success]
2026-07-27T09:15:49.6985249Z   'test-DBItest.R:3:1' [success]
2026-07-27T09:15:49.7111525Z   'test-DBItest.R:3:1' [success]
2026-07-27T09:15:49.7209512Z   'test-DBItest.R:3:1' [success]
2026-07-27T09:15:49.7227914Z End test: DBItest[duckdb.dev]: SQL: unquote_identifier_plain
2026-07-27T09:15:49.7228472Z 
2026-07-27T09:15:49.7244807Z Start test: DBItest[duckdb.dev]: SQL: unquote_identifier_error
2026-07-27T09:15:49.7402988Z   'test-DBItest.R:3:1' [success]
2026-07-27T09:15:49.7555211Z   'test-DBItest.R:3:1' [success]
2026-07-27T09:15:49.7652566Z   'test-DBItest.R:3:1' [success]
2026-07-27T09:15:49.7670791Z End test: DBItest[duckdb.dev]: SQL: unquote_identifier_error
2026-07-27T09:15:49.7671235Z 
2026-07-27T09:15:49.7685872Z Start test: DBItest[duckdb.dev]: SQL: unquote_identifier_roundtrip
2026-07-27T09:15:49.7819916Z   'test-DBItest.R:3:1' [success]
2026-07-27T09:15:49.7916788Z   'test-DBItest.R:3:1' [success]
2026-07-27T09:15:49.7934532Z End test: DBItest[duckdb.dev]: SQL: unquote_identifier_roundtrip
2026-07-27T09:15:49.7935007Z 
2026-07-27T09:15:49.7949429Z Start test: DBItest[duckdb.dev]: SQL: unquote_identifier_special
2026-07-27T09:15:49.8216465Z   'test-DBItest.R:3:1' [success]
2026-07-27T09:15:49.8330067Z   'test-DBItest.R:3:1' [success]
2026-07-27T09:15:49.8443637Z   'test-DBItest.R:3:1' [success]
2026-07-27T09:15:49.8558095Z   'test-DBItest.R:3:1' [success]
2026-07-27T09:15:49.8673960Z   'test-DBItest.R:3:1' [success]
2026-07-27T09:15:49.8789141Z   'test-DBItest.R:3:1' [success]
2026-07-27T09:15:49.8907710Z   'test-DBItest.R:3:1' [success]
2026-07-27T09:15:49.9033535Z   'test-DBItest.R:3:1' [success]
2026-07-27T09:15:49.9141202Z   'test-DBItest.R:3:1' [success]
2026-07-27T09:15:49.9160196Z End test: DBItest[duckdb.dev]: SQL: unquote_identifier_special
2026-07-27T09:15:49.9160931Z 
2026-07-27T09:15:49.9175391Z Start test: DBItest[duckdb.dev]: SQL: unquote_identifier_simple
2026-07-27T09:15:49.9315170Z   'test-DBItest.R:3:1' [success]
2026-07-27T09:15:49.9415174Z   'test-DBItest.R:3:1' [success]
2026-07-27T09:15:49.9433666Z End test: DBItest[duckdb.dev]: SQL: unquote_identifier_simple
2026-07-27T09:15:49.9434204Z 
2026-07-27T09:15:49.9449586Z Start test: DBItest[duckdb.dev]: SQL: unquote_identifier_table_schema
2026-07-27T09:15:49.9599733Z   'test-DBItest.R:3:1' [success]
2026-07-27T09:15:49.9699336Z   'test-DBItest.R:3:1' [success]
2026-07-27T09:15:49.9717893Z End test: DBItest[duckdb.dev]: SQL: unquote_identifier_table_schema
2026-07-27T09:15:49.9718449Z 
2026-07-27T09:15:49.9735493Z Start test: DBItest[duckdb.dev]: SQL: read_table_formals
2026-07-27T09:15:49.9913092Z   'test-DBItest.R:3:1' [success]
2026-07-27T09:15:50.0019265Z   'test-DBItest.R:3:1' [success]
2026-07-27T09:15:50.0039775Z End test: DBItest[duckdb.dev]: SQL: read_table_formals
2026-07-27T09:15:50.0040278Z 
2026-07-27T09:15:50.0057043Z Start test: DBItest[duckdb.dev]: SQL: create_table_formals
2026-07-27T09:15:50.0187932Z   'test-DBItest.R:3:1' [success]
2026-07-27T09:15:50.0288451Z   'test-DBItest.R:3:1' [success]
2026-07-27T09:15:50.0308107Z End test: DBItest[duckdb.dev]: SQL: create_table_formals
2026-07-27T09:15:50.0308568Z 
2026-07-27T09:15:50.0324470Z Start test: DBItest[duckdb.dev]: SQL: create_table_return
2026-07-27T09:15:50.0493333Z   'test-DBItest.R:3:1' [success]
2026-07-27T09:15:50.0613774Z   'test-DBItest.R:3:1' [success]
2026-07-27T09:15:50.0710927Z   'test-DBItest.R:3:1' [success]
2026-07-27T09:15:50.0751761Z End test: DBItest[duckdb.dev]: SQL: create_table_return
2026-07-27T09:15:50.0752210Z 
2026-07-27T09:15:50.0766882Z Start test: DBItest[duckdb.dev]: SQL: create_table_overwrite
2026-07-27T09:15:50.1196434Z   'test-DBItest.R:3:1' [success]
2026-07-27T09:15:50.1403307Z   'test-DBItest.R:3:1' [success]
2026-07-27T09:15:50.1524584Z   'test-DBItest.R:3:1' [success]
2026-07-27T09:15:50.1648587Z   'test-DBItest.R:3:1' [success]
2026-07-27T09:15:50.1907587Z   'test-DBItest.R:3:1' [success]
2026-07-27T09:15:50.2026940Z   'test-DBItest.R:3:1' [success]
2026-07-27T09:15:50.2155633Z   'test-DBItest.R:3:1' [success]
2026-07-27T09:15:50.2275970Z   'test-DBItest.R:3:1' [success]
2026-07-27T09:15:50.2379319Z   'test-DBItest.R:3:1' [success]
2026-07-27T09:15:50.2422322Z End test: DBItest[duckdb.dev]: SQL: create_table_overwrite
2026-07-27T09:15:50.2422801Z 
2026-07-27T09:15:50.2438389Z Start test: DBItest[duckdb.dev]: SQL: create_table_closed_connection
2026-07-27T09:15:50.2916926Z   'test-DBItest.R:3:1' [success]
2026-07-27T09:15:50.3019071Z   'test-DBItest.R:3:1' [success]
2026-07-27T09:15:50.3039285Z End test: DBItest[duckdb.dev]: SQL: create_table_closed_connection
2026-07-27T09:15:50.3039811Z 
2026-07-27T09:15:50.3055272Z Start test: DBItest[duckdb.dev]: SQL: create_table_invalid_connection
2026-07-27T09:15:50.3526646Z   'test-DBItest.R:3:1' [success]
2026-07-27T09:15:50.3626019Z   'test-DBItest.R:3:1' [success]
2026-07-27T09:15:50.3645750Z End test: DBItest[duckdb.dev]: SQL: create_table_invalid_connection
2026-07-27T09:15:50.3646288Z 
2026-07-27T09:15:50.3660950Z Start test: DBItest[duckdb.dev]: SQL: create_table_name
2026-07-27T09:15:50.3870464Z   'test-DBItest.R:3:1' [success]
2026-07-27T09:15:50.3997867Z   'test-DBItest.R:3:1' [success]
2026-07-27T09:15:50.4114406Z   'test-DBItest.R:3:1' [success]
2026-07-27T09:15:50.4225706Z   'test-DBItest.R:3:1' [success]
2026-07-27T09:15:50.4336856Z   'test-DBItest.R:3:1' [success]
2026-07-27T09:15:50.4453641Z   'test-DBItest.R:3:1' [success]
2026-07-27T09:15:50.4568324Z   'test-DBItest.R:3:1' [success]
2026-07-27T09:15:50.4732797Z   'test-DBItest.R:3:1' [success]
2026-07-27T09:15:50.4864390Z   'test-DBItest.R:3:1' [success]
2026-07-27T09:15:50.4993760Z   'test-DBItest.R:3:1' [success]
2026-07-27T09:15:50.5114362Z   'test-DBItest.R:3:1' [success]
2026-07-27T09:15:50.5235063Z   'test-DBItest.R:3:1' [success]
2026-07-27T09:15:50.5355823Z   'test-DBItest.R:3:1' [success]
2026-07-27T09:15:50.5474389Z   'test-DBItest.R:3:1' [success]
2026-07-27T09:15:50.5688582Z   'test-DBItest.R:3:1' [success]
2026-07-27T09:15:50.5803365Z   'test-DBItest.R:3:1' [success]
2026-07-27T09:15:50.5916952Z   'test-DBItest.R:3:1' [success]
2026-07-27T09:15:50.6032850Z   'test-DBItest.R:3:1' [success]
2026-07-27T09:15:50.6148798Z   'test-DBItest.R:3:1' [success]
2026-07-27T09:15:50.6267274Z   'test-DBItest.R:3:1' [success]
2026-07-27T09:15:50.6381481Z   'test-DBItest.R:3:1' [success]
2026-07-27T09:15:50.6545240Z   'test-DBItest.R:3:1' [success]
2026-07-27T09:15:50.6563584Z End test: DBItest[duckdb.dev]: SQL: create_table_name
2026-07-27T09:15:50.6564082Z 
2026-07-27T09:15:50.6579298Z Start test: DBItest[duckdb.dev]: SQL: create_table_name_quoted
2026-07-27T09:15:50.6744368Z   'test-DBItest.R:3:1' [success]
2026-07-27T09:15:50.6862700Z   'test-DBItest.R:3:1' [success]
2026-07-27T09:15:50.6982190Z   'test-DBItest.R:3:1' [success]
2026-07-27T09:15:50.7097997Z   'test-DBItest.R:3:1' [success]
2026-07-27T09:15:50.7216279Z   'test-DBItest.R:3:1' [success]
2026-07-27T09:15:50.7393441Z   'test-DBItest.R:3:1' [success]
2026-07-27T09:15:50.7509051Z   'test-DBItest.R:3:1' [success]
2026-07-27T09:15:50.7666821Z   'test-DBItest.R:3:1' [success]
2026-07-27T09:15:50.7785757Z   'test-DBItest.R:3:1' [success]
2026-07-27T09:15:50.7903464Z   'test-DBItest.R:3:1' [success]
2026-07-27T09:15:50.8020739Z   'test-DBItest.R:3:1' [success]
2026-07-27T09:15:50.8137064Z   'test-DBItest.R:3:1' [success]
2026-07-27T09:15:50.8259130Z   'test-DBItest.R:3:1' [success]
2026-07-27T09:15:50.8380029Z   'test-DBItest.R:3:1' [success]
2026-07-27T09:15:50.8539004Z   'test-DBItest.R:3:1' [success]
2026-07-27T09:15:50.8660237Z   'test-DBItest.R:3:1' [success]
2026-07-27T09:15:50.8779466Z   'test-DBItest.R:3:1' [success]
2026-07-27T09:15:50.8893485Z   'test-DBItest.R:3:1' [success]
2026-07-27T09:15:50.9007912Z   'test-DBItest.R:3:1' [success]
2026-07-27T09:15:50.9191116Z   'test-DBItest.R:3:1' [success]
2026-07-27T09:15:50.9309448Z   'test-DBItest.R:3:1' [success]
2026-07-27T09:15:50.9468024Z   'test-DBItest.R:3:1' [success]
2026-07-27T09:15:50.9486118Z End test: DBItest[duckdb.dev]: SQL: create_table_name_quoted
2026-07-27T09:15:50.9487119Z 
2026-07-27T09:15:50.9501850Z Start test: DBItest[duckdb.dev]: SQL: create_table_value_df
2026-07-27T09:15:50.9684939Z   'test-DBItest.R:3:1' [success]
2026-07-27T09:15:50.9804364Z   'test-DBItest.R:3:1' [success]
2026-07-27T09:15:50.9924616Z   'test-DBItest.R:3:1' [success]
2026-07-27T09:15:50.9942853Z End test: DBItest[duckdb.dev]: SQL: create_table_value_df
2026-07-27T09:15:50.9943318Z 
2026-07-27T09:15:50.9957746Z Start test: DBItest[duckdb.dev]: SQL: create_table_value_array
2026-07-27T09:15:51.0138751Z   'test-DBItest.R:3:1' [success]
2026-07-27T09:15:51.0261811Z   'test-DBItest.R:3:1' [success]
2026-07-27T09:15:51.0385657Z   'test-DBItest.R:3:1' [success]
2026-07-27T09:15:51.0403580Z End test: DBItest[duckdb.dev]: SQL: create_table_value_array
2026-07-27T09:15:51.0403930Z 
2026-07-27T09:15:51.0420085Z Start test: DBItest[duckdb.dev]: SQL: create_table_visible_in_other_connection_1
2026-07-27T09:15:51.0795017Z   'test-DBItest.R:3:1' [success]
2026-07-27T09:15:51.0921556Z   'test-DBItest.R:3:1' [success]
2026-07-27T09:15:51.1043604Z   'test-DBItest.R:3:1' [success]
2026-07-27T09:15:51.1223036Z   'test-DBItest.R:3:1' [success]
2026-07-27T09:15:51.1337679Z   'test-DBItest.R:3:1' [success]
2026-07-27T09:15:51.1456029Z   'test-DBItest.R:3:1' [success]
2026-07-27T09:15:51.1576223Z   'test-DBItest.R:3:1' [success]
2026-07-27T09:15:51.1898407Z   'test-DBItest.R:3:1' [success]
2026-07-27T09:15:51.2019439Z   'test-DBItest.R:3:1' [success]
2026-07-27T09:15:51.2121780Z   'test-DBItest.R:3:1' [success]
2026-07-27T09:15:51.2142923Z End test: DBItest[duckdb.dev]: SQL: create_table_visible_in_other_connection_1
2026-07-27T09:15:51.2143418Z 
2026-07-27T09:15:51.2159113Z Start test: DBItest[duckdb.dev]: SQL: create_table_visible_in_other_connection_2
2026-07-27T09:15:51.2311365Z   'test-DBItest.R:3:1' [success]
2026-07-27T09:15:51.2438475Z   'test-DBItest.R:3:1' [success]
2026-07-27T09:15:51.2556799Z   'test-DBItest.R:3:1' [success]
2026-07-27T09:15:51.2674806Z   'test-DBItest.R:3:1' [success]
2026-07-27T09:15:51.2790354Z   'test-DBItest.R:3:1' [success]
2026-07-27T09:15:51.2908418Z   'test-DBItest.R:3:1' [success]
2026-07-27T09:15:51.3095787Z   'test-DBItest.R:3:1' [success]
2026-07-27T09:15:51.3196498Z   'test-DBItest.R:3:1' [success]
2026-07-27T09:15:51.3215404Z End test: DBItest[duckdb.dev]: SQL: create_table_visible_in_other_connection_2
2026-07-27T09:15:51.3216005Z 
2026-07-27T09:15:51.3231157Z Start test: DBItest[duckdb.dev]: SQL: create_table_visible_in_other_connection_3
2026-07-27T09:15:51.3554214Z   'test-DBItest.R:3:1' [success]
2026-07-27T09:15:51.3674994Z   'test-DBItest.R:3:1' [success]
2026-07-27T09:15:51.3793766Z   'test-DBItest.R:3:1' [success]
2026-07-27T09:15:51.3909339Z   'test-DBItest.R:3:1' [success]
2026-07-27T09:15:51.4021901Z   'test-DBItest.R:3:1' [success]
2026-07-27T09:15:51.4147694Z   'test-DBItest.R:3:1' [success]
2026-07-27T09:15:51.4274622Z   'test-DBItest.R:3:1' [success]
2026-07-27T09:15:51.4375430Z   'test-DBItest.R:3:1' [success]
2026-07-27T09:15:51.4419995Z End test: DBItest[duckdb.dev]: SQL: create_table_visible_in_other_connection_3
2026-07-27T09:15:51.4420536Z 
2026-07-27T09:15:51.4435574Z Start test: DBItest[duckdb.dev]: SQL: create_roundtrip_keywords
2026-07-27T09:15:51.4820803Z   'test-DBItest.R:3:1' [success]
2026-07-27T09:15:51.4945474Z   'test-DBItest.R:3:1' [success]
2026-07-27T09:15:51.5139675Z   'test-DBItest.R:3:1' [success]
2026-07-27T09:15:51.5261405Z   'test-DBItest.R:3:1' [success]
2026-07-27T09:15:51.5375684Z   'test-DBItest.R:3:1' [success]
2026-07-27T09:15:51.5490640Z   'test-DBItest.R:3:1' [success]
2026-07-27T09:15:51.5609718Z   'test-DBItest.R:3:1' [success]
2026-07-27T09:15:51.5871112Z   'test-DBItest.R:3:1' [success]
2026-07-27T09:15:51.6002001Z   'test-DBItest.R:3:1' [success]
2026-07-27T09:15:51.6133925Z   'test-DBItest.R:3:1' [success]
2026-07-27T09:15:51.6266193Z   'test-DBItest.R:3:1' [success]
2026-07-27T09:15:51.6395600Z   'test-DBItest.R:3:1' [success]
2026-07-27T09:15:51.6529607Z   'test-DBItest.R:3:1' [success]
2026-07-27T09:15:51.6657890Z   'test-DBItest.R:3:1' [success]
2026-07-27T09:15:51.7000131Z   'test-DBItest.R:3:1' [success]
2026-07-27T09:15:51.7131282Z   'test-DBItest.R:3:1' [success]
2026-07-27T09:15:51.7262540Z   'test-DBItest.R:3:1' [success]
2026-07-27T09:15:51.7387720Z   'test-DBItest.R:3:1' [success]
2026-07-27T09:15:51.7508768Z   'test-DBItest.R:3:1' [success]
2026-07-27T09:15:51.7632511Z   'test-DBItest.R:3:1' [success]
2026-07-27T09:15:51.7753042Z   'test-DBItest.R:3:1' [success]
2026-07-27T09:15:51.7877357Z   'test-DBItest.R:3:1' [success]
2026-07-27T09:15:51.7896464Z End test: DBItest[duckdb.dev]: SQL: create_roundtrip_keywords
2026-07-27T09:15:51.7897075Z 
2026-07-27T09:15:51.7912136Z Start test: DBItest[duckdb.dev]: SQL: create_roundtrip_quotes
2026-07-27T09:15:51.8175644Z   'test-DBItest.R:3:1' [success]
2026-07-27T09:15:51.8295754Z   'test-DBItest.R:3:1' [success]
2026-07-27T09:15:51.8414336Z   'test-DBItest.R:3:1' [success]
2026-07-27T09:15:51.8534852Z   'test-DBItest.R:3:1' [success]
2026-07-27T09:15:51.8655714Z   'test-DBItest.R:3:1' [success]
2026-07-27T09:15:51.8838570Z   'test-DBItest.R:3:1' [success]
2026-07-27T09:15:51.8957096Z   'test-DBItest.R:3:1' [success]
2026-07-27T09:15:51.9223072Z   'test-DBItest.R:3:1' [success]
2026-07-27T09:15:51.9345408Z   'test-DBItest.R:3:1' [success]
2026-07-27T09:15:51.9469786Z   'test-DBItest.R:3:1' [success]
2026-07-27T09:15:51.9583771Z   'test-DBItest.R:3:1' [success]
2026-07-27T09:15:51.9706033Z   'test-DBItest.R:3:1' [success]
2026-07-27T09:15:51.9855836Z   'test-DBItest.R:3:1' [success]
2026-07-27T09:15:52.0029459Z   'test-DBItest.R:3:1' [success]
2026-07-27T09:15:52.0317882Z   'test-DBItest.R:3:1' [success]
2026-07-27T09:15:52.0442499Z   'test-DBItest.R:3:1' [success]
2026-07-27T09:15:52.0562103Z   'test-DBItest.R:3:1' [success]
2026-07-27T09:15:52.0751773Z   'test-DBItest.R:3:1' [success]
2026-07-27T09:15:52.0875549Z   'test-DBItest.R:3:1' [success]
2026-07-27T09:15:52.0999728Z   'test-DBItest.R:3:1' [success]
2026-07-27T09:15:52.1130008Z   'test-DBItest.R:3:1' [success]
2026-07-27T09:15:52.1407897Z   'test-DBItest.R:3:1' [success]
2026-07-27T09:15:52.1534294Z   'test-DBItest.R:3:1' [success]
2026-07-27T09:15:52.1657975Z   'test-DBItest.R:3:1' [success]
2026-07-27T09:15:52.1787159Z   'test-DBItest.R:3:1' [success]
2026-07-27T09:15:52.1914892Z   'test-DBItest.R:3:1' [success]
2026-07-27T09:15:52.2038031Z   'test-DBItest.R:3:1' [success]
2026-07-27T09:15:52.2160869Z   'test-DBItest.R:3:1' [success]
2026-07-27T09:15:52.2426424Z   'test-DBItest.R:3:1' [success]
2026-07-27T09:15:52.2550716Z   'test-DBItest.R:3:1' [success]
2026-07-27T09:15:52.2727578Z   'test-DBItest.R:3:1' [success]
2026-07-27T09:15:52.2842149Z   'test-DBItest.R:3:1' [success]
2026-07-27T09:15:52.2955846Z   'test-DBItest.R:3:1' [success]
2026-07-27T09:15:52.3074618Z   'test-DBItest.R:3:1' [success]
2026-07-27T09:15:52.3191078Z   'test-DBItest.R:3:1' [success]
2026-07-27T09:15:52.3451338Z   'test-DBItest.R:3:1' [success]
2026-07-27T09:15:52.3572184Z   'test-DBItest.R:3:1' [success]
2026-07-27T09:15:52.3690514Z   'test-DBItest.R:3:1' [success]
2026-07-27T09:15:52.3813720Z   'test-DBItest.R:3:1' [success]
2026-07-27T09:15:52.3935726Z   'test-DBItest.R:3:1' [success]
2026-07-27T09:15:52.4061090Z   'test-DBItest.R:3:1' [success]
2026-07-27T09:15:52.4178707Z   'test-DBItest.R:3:1' [success]
2026-07-27T09:15:52.4518118Z   'test-DBItest.R:3:1' [success]
2026-07-27T09:15:52.4647518Z   'test-DBItest.R:3:1' [success]
2026-07-27T09:15:52.4771855Z   'test-DBItest.R:3:1' [success]
2026-07-27T09:15:52.4892755Z   'test-DBItest.R:3:1' [success]
2026-07-27T09:15:52.5024903Z   'test-DBItest.R:3:1' [success]
2026-07-27T09:15:52.5157690Z   'test-DBItest.R:3:1' [success]
2026-07-27T09:15:52.5286925Z   'test-DBItest.R:3:1' [success]
2026-07-27T09:15:52.5561979Z   'test-DBItest.R:3:1' [success]
2026-07-27T09:15:52.5684689Z   'test-DBItest.R:3:1' [success]
2026-07-27T09:15:52.5808617Z   'test-DBItest.R:3:1' [success]
2026-07-27T09:15:52.5934934Z   'test-DBItest.R:3:1' [success]
2026-07-27T09:15:52.6057603Z   'test-DBItest.R:3:1' [success]
2026-07-27T09:15:52.6182593Z   'test-DBItest.R:3:1' [success]
2026-07-27T09:15:52.6370048Z   'test-DBItest.R:3:1' [success]
2026-07-27T09:15:52.6632735Z   'test-DBItest.R:3:1' [success]
2026-07-27T09:15:52.6751392Z   'test-DBItest.R:3:1' [success]
2026-07-27T09:15:52.6870343Z   'test-DBItest.R:3:1' [success]
2026-07-27T09:15:52.6990625Z   'test-DBItest.R:3:1' [success]
2026-07-27T09:15:52.7111791Z   'test-DBItest.R:3:1' [success]
2026-07-27T09:15:52.7238830Z   'test-DBItest.R:3:1' [success]
2026-07-27T09:15:52.7367059Z   'test-DBItest.R:3:1' [success]
2026-07-27T09:15:52.7643730Z   'test-DBItest.R:3:1' [success]
2026-07-27T09:15:52.7767185Z   'test-DBItest.R:3:1' [success]
2026-07-27T09:15:52.7893643Z   'test-DBItest.R:3:1' [success]
2026-07-27T09:15:52.8014335Z   'test-DBItest.R:3:1' [success]
2026-07-27T09:15:52.8196907Z   'test-DBItest.R:3:1' [success]
2026-07-27T09:15:52.8318095Z   'test-DBItest.R:3:1' [success]
2026-07-27T09:15:52.8442501Z   'test-DBItest.R:3:1' [success]
2026-07-27T09:15:52.8713652Z   'test-DBItest.R:3:1' [success]
2026-07-27T09:15:52.8836813Z   'test-DBItest.R:3:1' [success]
2026-07-27T09:15:52.8956706Z   'test-DBItest.R:3:1' [success]
2026-07-27T09:15:52.9077772Z   'test-DBItest.R:3:1' [success]
2026-07-27T09:15:52.9205986Z   'test-DBItest.R:3:1' [success]
2026-07-27T09:15:52.9336382Z   'test-DBItest.R:3:1' [success]
2026-07-27T09:15:52.9461944Z   'test-DBItest.R:3:1' [success]
2026-07-27T09:15:52.9732557Z   'test-DBItest.R:3:1' [success]
2026-07-27T09:15:52.9859172Z   'test-DBItest.R:3:1' [success]
2026-07-27T09:15:53.0039875Z   'test-DBItest.R:3:1' [success]
2026-07-27T09:15:53.0184419Z   'test-DBItest.R:3:1' [success]
2026-07-27T09:15:53.0313855Z   'test-DBItest.R:3:1' [success]
2026-07-27T09:15:53.0442357Z   'test-DBItest.R:3:1' [success]
2026-07-27T09:15:53.0565588Z   'test-DBItest.R:3:1' [success]
2026-07-27T09:15:53.0693352Z   'test-DBItest.R:3:1' [success]
2026-07-27T09:15:53.0712351Z End test: DBItest[duckdb.dev]: SQL: create_roundtrip_quotes
2026-07-27T09:15:53.0712951Z 
2026-07-27T09:15:53.0728698Z Start test: DBItest[duckdb.dev]: SQL: create_table_row_names_default
2026-07-27T09:15:53.0897477Z   'test-DBItest.R:3:1' [success]
2026-07-27T09:15:53.1019791Z   'test-DBItest.R:3:1' [success]
2026-07-27T09:15:53.1146218Z   'test-DBItest.R:3:1' [success]
2026-07-27T09:15:53.1270007Z   'test-DBItest.R:3:1' [success]
2026-07-27T09:15:53.1396293Z   'test-DBItest.R:3:1' [success]
2026-07-27T09:15:53.1521855Z   'test-DBItest.R:3:1' [success]
2026-07-27T09:15:53.1648766Z   'test-DBItest.R:3:1' [success]
2026-07-27T09:15:53.1776006Z   'test-DBItest.R:3:1' [success]
2026-07-27T09:15:53.1949061Z   'test-DBItest.R:3:1' [success]
2026-07-27T09:15:53.1992558Z End test: DBItest[duckdb.dev]: SQL: create_table_row_names_default
2026-07-27T09:15:53.1993102Z 
2026-07-27T09:15:53.2008209Z Start test: DBItest[duckdb.dev]: SQL: create_table_row_names_null
2026-07-27T09:15:53.2180893Z   'test-DBItest.R:3:1' [success]
2026-07-27T09:15:53.2302808Z   'test-DBItest.R:3:1' [success]
2026-07-27T09:15:53.2422062Z   'test-DBItest.R:3:1' [success]
2026-07-27T09:15:53.2543046Z   'test-DBItest.R:3:1' [success]
2026-07-27T09:15:53.2665777Z   'test-DBItest.R:3:1' [success]
2026-07-27T09:15:53.2787233Z   'test-DBItest.R:3:1' [success]
2026-07-27T09:15:53.2918656Z   'test-DBItest.R:3:1' [success]
2026-07-27T09:15:53.3047401Z   'test-DBItest.R:3:1' [success]
2026-07-27T09:15:53.3153650Z   'test-DBItest.R:3:1' [success]
2026-07-27T09:15:53.3198814Z End test: DBItest[duckdb.dev]: SQL: create_table_row_names_null
2026-07-27T09:15:53.3214817Z 
2026-07-27T09:15:53.3215437Z Start test: DBItest[duckdb.dev]: SQL: append_table_formals
2026-07-27T09:15:53.3355851Z   'test-DBItest.R:3:1' [success]
2026-07-27T09:15:53.3462506Z   'test-DBItest.R:3:1' [success]
2026-07-27T09:15:53.3482057Z End test: DBItest[duckdb.dev]: SQL: append_table_formals
2026-07-27T09:15:53.3482654Z 
2026-07-27T09:15:53.3497919Z Start test: DBItest[duckdb.dev]: SQL: append_table_return
2026-07-27T09:15:53.3798572Z   'test-DBItest.R:3:1' [success]
2026-07-27T09:15:53.3920281Z   'test-DBItest.R:3:1' [success]
2026-07-27T09:15:53.4020892Z   'test-DBItest.R:3:1' [success]
2026-07-27T09:15:53.4064207Z End test: DBItest[duckdb.dev]: SQL: append_table_return
2026-07-27T09:15:53.4064738Z 
2026-07-27T09:15:53.4080453Z Start test: DBItest[duckdb.dev]: SQL: append_table_invalid_value
2026-07-27T09:15:53.4303604Z   'test-DBItest.R:3:1' [success]
2026-07-27T09:15:53.4444818Z   'test-DBItest.R:3:1' [success]
2026-07-27T09:15:53.4571235Z   'test-DBItest.R:3:1' [success]
2026-07-27T09:15:53.4698933Z   'test-DBItest.R:3:1' [success]
2026-07-27T09:15:53.4826639Z   'test-DBItest.R:3:1' [success]
2026-07-27T09:15:53.4952287Z   'test-DBItest.R:3:1' [success]
2026-07-27T09:15:53.5079242Z   'test-DBItest.R:3:1' [success]
2026-07-27T09:15:53.5205590Z   'test-DBItest.R:3:1' [success]
2026-07-27T09:15:53.5308383Z   'test-DBItest.R:3:1' [success]
2026-07-27T09:15:53.5351506Z End test: DBItest[duckdb.dev]: SQL: append_table_invalid_value
2026-07-27T09:15:53.5351930Z 
2026-07-27T09:15:53.5367420Z Start test: DBItest[duckdb.dev]: SQL: append_table_append_incompatible
2026-07-27T09:15:53.5745239Z   'test-DBItest.R:3:1' [success]
2026-07-27T09:15:53.5881177Z   'test-DBItest.R:3:1' [success]
2026-07-27T09:15:53.6005695Z   'test-DBItest.R:3:1' [success]
2026-07-27T09:15:53.6129806Z   'test-DBItest.R:3:1' [success]
2026-07-27T09:15:53.6252248Z   'test-DBItest.R:3:1' [success]
2026-07-27T09:15:53.6376542Z   'test-DBItest.R:3:1' [success]
2026-07-27T09:15:53.6500075Z   'test-DBItest.R:3:1' [success]
2026-07-27T09:15:53.6624080Z   'test-DBItest.R:3:1' [success]
2026-07-27T09:15:53.6727911Z   'test-DBItest.R:3:1' [success]
2026-07-27T09:15:53.6771202Z End test: DBItest[duckdb.dev]: SQL: append_table_append_incompatible
2026-07-27T09:15:53.6771629Z 
2026-07-27T09:15:53.6786932Z Start test: DBItest[duckdb.dev]: SQL: append_table_closed_connection
2026-07-27T09:15:53.7288243Z   'test-DBItest.R:3:1' [success]
2026-07-27T09:15:53.7394150Z   'test-DBItest.R:3:1' [success]
2026-07-27T09:15:53.7414246Z End test: DBItest[duckdb.dev]: SQL: append_table_closed_connection
2026-07-27T09:15:53.7414694Z 
2026-07-27T09:15:53.7430670Z Start test: DBItest[duckdb.dev]: SQL: append_table_invalid_connection
2026-07-27T09:15:53.7998116Z   'test-DBItest.R:3:1' [success]
2026-07-27T09:15:53.8101644Z   'test-DBItest.R:3:1' [success]
2026-07-27T09:15:53.8121697Z End test: DBItest[duckdb.dev]: SQL: append_table_invalid_connection
2026-07-27T09:15:53.8122174Z 
2026-07-27T09:15:53.8136906Z Start test: DBItest[duckdb.dev]: SQL: append_roundtrip_keywords
2026-07-27T09:15:53.8394857Z   'test-DBItest.R:3:1' [success]
2026-07-27T09:15:53.8522087Z   'test-DBItest.R:3:1' [success]
2026-07-27T09:15:53.8649083Z   'test-DBItest.R:3:1' [success]
2026-07-27T09:15:53.8779770Z   'test-DBItest.R:3:1' [success]
2026-07-27T09:15:53.8909168Z   'test-DBItest.R:3:1' [success]
2026-07-27T09:15:53.9036438Z   'test-DBItest.R:3:1' [success]
2026-07-27T09:15:53.9166309Z   'test-DBItest.R:3:1' [success]
2026-07-27T09:15:53.9437765Z   'test-DBItest.R:3:1' [success]
2026-07-27T09:15:53.9627710Z   'test-DBItest.R:3:1' [success]
2026-07-27T09:15:53.9765781Z   'test-DBItest.R:3:1' [success]
2026-07-27T09:15:53.9890168Z   'test-DBItest.R:3:1' [success]
2026-07-27T09:15:54.0013692Z   'test-DBItest.R:3:1' [success]
2026-07-27T09:15:54.0145622Z   'test-DBItest.R:3:1' [success]
2026-07-27T09:15:54.0274091Z   'test-DBItest.R:3:1' [success]
2026-07-27T09:15:54.0547706Z   'test-DBItest.R:3:1' [success]
2026-07-27T09:15:54.0679971Z   'test-DBItest.R:3:1' [success]
2026-07-27T09:15:54.0810253Z   'test-DBItest.R:3:1' [success]
2026-07-27T09:15:54.0942292Z   'test-DBItest.R:3:1' [success]
2026-07-27T09:15:54.1067969Z   'test-DBItest.R:3:1' [success]
2026-07-27T09:15:54.1192513Z   'test-DBItest.R:3:1' [success]
2026-07-27T09:15:54.1317580Z   'test-DBItest.R:3:1' [success]
2026-07-27T09:15:54.3157554Z   'test-DBItest.R:3:1' [success]
2026-07-27T09:15:54.3174470Z End test: DBItest[duckdb.dev]: SQL: append_roundtrip_keywords
2026-07-27T09:15:54.3175035Z 
2026-07-27T09:15:54.3189675Z Start test: DBItest[duckdb.dev]: SQL: append_roundtrip_quotes_table_names
2026-07-27T09:15:54.3424797Z   'test-DBItest.R:3:1' [success]
2026-07-27T09:15:54.3546761Z   'test-DBItest.R:3:1' [success]
2026-07-27T09:15:54.3671200Z   'test-DBItest.R:3:1' [success]
2026-07-27T09:15:54.3791650Z   'test-DBItest.R:3:1' [success]
2026-07-27T09:15:54.3912699Z   'test-DBItest.R:3:1' [success]
2026-07-27T09:15:54.4035994Z   'test-DBItest.R:3:1' [success]
2026-07-27T09:15:54.4156994Z   'test-DBItest.R:3:1' [success]
2026-07-27T09:15:54.4416698Z   'test-DBItest.R:3:1' [success]
2026-07-27T09:15:54.4545447Z   'test-DBItest.R:3:1' [success]
2026-07-27T09:15:54.4672471Z   'test-DBItest.R:3:1' [success]
2026-07-27T09:15:54.4801799Z   'test-DBItest.R:3:1' [success]
2026-07-27T09:15:54.4926538Z   'test-DBItest.R:3:1' [success]
2026-07-27T09:15:54.5101518Z   'test-DBItest.R:3:1' [success]
2026-07-27T09:15:54.5230127Z   'test-DBItest.R:3:1' [success]
2026-07-27T09:15:54.5483854Z   'test-DBItest.R:3:1' [success]
2026-07-27T09:15:54.5609775Z   'test-DBItest.R:3:1' [success]
2026-07-27T09:15:54.5737622Z   'test-DBItest.R:3:1' [success]
2026-07-27T09:15:54.5858829Z   'test-DBItest.R:3:1' [success]
2026-07-27T09:15:54.5979197Z   'test-DBItest.R:3:1' [success]
2026-07-27T09:15:54.6110508Z   'test-DBItest.R:3:1' [success]
2026-07-27T09:15:54.6238432Z   'test-DBItest.R:3:1' [success]
2026-07-27T09:15:54.6500803Z   'test-DBItest.R:3:1' [success]
2026-07-27T09:15:54.6630495Z   'test-DBItest.R:3:1' [success]
2026-07-27T09:15:54.6760929Z   'test-DBItest.R:3:1' [success]
2026-07-27T09:15:54.6884726Z   'test-DBItest.R:3:1' [success]
2026-07-27T09:15:54.7052869Z   'test-DBItest.R:3:1' [success]
2026-07-27T09:15:54.7177061Z   'test-DBItest.R:3:1' [success]
2026-07-27T09:15:54.7297117Z   'test-DBItest.R:3:1' [success]
2026-07-27T09:15:54.7555976Z   'test-DBItest.R:3:1' [success]
2026-07-27T09:15:54.7683476Z   'test-DBItest.R:3:1' [success]
2026-07-27T09:15:54.7809045Z   'test-DBItest.R:3:1' [success]
2026-07-27T09:15:54.7931957Z   'test-DBItest.R:3:1' [success]
2026-07-27T09:15:54.8059010Z   'test-DBItest.R:3:1' [success]
2026-07-27T09:15:54.8192179Z   'test-DBItest.R:3:1' [success]
2026-07-27T09:15:54.8321660Z   'test-DBItest.R:3:1' [success]
2026-07-27T09:15:54.8578195Z   'test-DBItest.R:3:1' [success]
2026-07-27T09:15:54.8704819Z   'test-DBItest.R:3:1' [success]
2026-07-27T09:15:54.8875142Z   'test-DBItest.R:3:1' [success]
2026-07-27T09:15:54.8998882Z   'test-DBItest.R:3:1' [success]
2026-07-27T09:15:54.9126661Z   'test-DBItest.R:3:1' [success]
2026-07-27T09:15:54.9253745Z   'test-DBItest.R:3:1' [success]
2026-07-27T09:15:54.9377551Z   'test-DBItest.R:3:1' [success]
2026-07-27T09:15:54.9634049Z   'test-DBItest.R:3:1' [success]
2026-07-27T09:15:54.9760175Z   'test-DBItest.R:3:1' [success]
2026-07-27T09:15:54.9883537Z   'test-DBItest.R:3:1' [success]
2026-07-27T09:15:55.0008364Z   'test-DBItest.R:3:1' [success]
2026-07-27T09:15:55.0135292Z   'test-DBItest.R:3:1' [success]
2026-07-27T09:15:55.0256172Z   'test-DBItest.R:3:1' [success]
2026-07-27T09:15:55.0374194Z   'test-DBItest.R:3:1' [success]
2026-07-27T09:15:55.0629887Z   'test-DBItest.R:3:1' [success]
2026-07-27T09:15:55.0801167Z   'test-DBItest.R:3:1' [success]
2026-07-27T09:15:55.0924172Z   'test-DBItest.R:3:1' [success]
2026-07-27T09:15:55.1044974Z   'test-DBItest.R:3:1' [success]
2026-07-27T09:15:55.1166970Z   'test-DBItest.R:3:1' [success]
2026-07-27T09:15:55.1290451Z   'test-DBItest.R:3:1' [success]
2026-07-27T09:15:55.1412362Z   'test-DBItest.R:3:1' [success]
2026-07-27T09:15:55.1672603Z   'test-DBItest.R:3:1' [success]
2026-07-27T09:15:55.1798396Z   'test-DBItest.R:3:1' [success]
2026-07-27T09:15:55.1925507Z   'test-DBItest.R:3:1' [success]
2026-07-27T09:15:55.2053337Z   'test-DBItest.R:3:1' [success]
2026-07-27T09:15:55.2180519Z   'test-DBItest.R:3:1' [success]
2026-07-27T09:15:55.2349183Z   'test-DBItest.R:3:1' [success]
2026-07-27T09:15:55.2521106Z   'test-DBItest.R:3:1' [success]
2026-07-27T09:15:55.2881039Z   'test-DBItest.R:3:1' [success]
2026-07-27T09:15:55.3015847Z   'test-DBItest.R:3:1' [success]
2026-07-27T09:15:55.3152991Z   'test-DBItest.R:3:1' [success]
2026-07-27T09:15:55.3285428Z   'test-DBItest.R:3:1' [success]
2026-07-27T09:15:55.3414558Z   'test-DBItest.R:3:1' [success]
2026-07-27T09:15:55.3543158Z   'test-DBItest.R:3:1' [success]
2026-07-27T09:15:55.3665145Z   'test-DBItest.R:3:1' [success]
2026-07-27T09:15:55.3920933Z   'test-DBItest.R:3:1' [success]
2026-07-27T09:15:55.4050444Z   'test-DBItest.R:3:1' [success]
2026-07-27T09:15:55.4179280Z   'test-DBItest.R:3:1' [success]
2026-07-27T09:15:55.4300735Z   'test-DBItest.R:3:1' [success]
2026-07-27T09:15:55.4423750Z   'test-DBItest.R:3:1' [success]
2026-07-27T09:15:55.4554256Z   'test-DBItest.R:3:1' [success]
2026-07-27T09:15:55.4735907Z   'test-DBItest.R:3:1' [success]
2026-07-27T09:15:55.4988959Z   'test-DBItest.R:3:1' [success]
2026-07-27T09:15:55.5121388Z   'test-DBItest.R:3:1' [success]
2026-07-27T09:15:55.5248579Z   'test-DBItest.R:3:1' [success]
2026-07-27T09:15:55.5371034Z   'test-DBItest.R:3:1' [success]
2026-07-27T09:15:55.5493984Z   'test-DBItest.R:3:1' [success]
2026-07-27T09:15:55.5621059Z   'test-DBItest.R:3:1' [success]
2026-07-27T09:15:55.5748255Z   'test-DBItest.R:3:1' [success]
2026-07-27T09:15:55.6014464Z   'test-DBItest.R:3:1' [success]
2026-07-27T09:15:55.6148363Z   'test-DBItest.R:3:1' [success]
2026-07-27T09:15:55.6277441Z   'test-DBItest.R:3:1' [success]
2026-07-27T09:15:55.6405442Z   'test-DBItest.R:3:1' [success]
2026-07-27T09:15:55.6532920Z   'test-DBItest.R:3:1' [success]
2026-07-27T09:15:55.6717630Z   'test-DBItest.R:3:1' [success]
2026-07-27T09:15:55.6844005Z   'test-DBItest.R:3:1' [success]
2026-07-27T09:15:55.6970201Z   'test-DBItest.R:3:1' [success]
2026-07-27T09:15:55.6991059Z End test: DBItest[duckdb.dev]: SQL: append_roundtrip_quotes_table_names
2026-07-27T09:15:55.6991607Z 
2026-07-27T09:15:55.7007808Z Start test: DBItest[duckdb.dev]: SQL: append_roundtrip_quotes_column_names
2026-07-27T09:15:55.7324882Z   'test-DBItest.R:3:1' [success]
2026-07-27T09:15:55.7452806Z   'test-DBItest.R:3:1' [success]
2026-07-27T09:15:55.7578423Z   'test-DBItest.R:3:1' [success]
2026-07-27T09:15:55.7700060Z   'test-DBItest.R:3:1' [success]
2026-07-27T09:15:55.7827710Z   'test-DBItest.R:3:1' [success]
2026-07-27T09:15:55.7958551Z   'test-DBItest.R:3:1' [success]
2026-07-27T09:15:55.8086001Z   'test-DBItest.R:3:1' [success]
2026-07-27T09:15:55.8220346Z   'test-DBItest.R:3:1' [success]
2026-07-27T09:15:55.8240054Z End test: DBItest[duckdb.dev]: SQL: append_roundtrip_quotes_column_names
2026-07-27T09:15:55.8240661Z 
2026-07-27T09:15:55.8256444Z Start test: DBItest[duckdb.dev]: SQL: append_roundtrip_integer
2026-07-27T09:15:55.8509656Z   'test-DBItest.R:3:1' [success]
2026-07-27T09:15:55.8688149Z   'test-DBItest.R:3:1' [success]
2026-07-27T09:15:55.8815973Z   'test-DBItest.R:3:1' [success]
2026-07-27T09:15:55.8942450Z   'test-DBItest.R:3:1' [success]
2026-07-27T09:15:55.9068168Z   'test-DBItest.R:3:1' [success]
2026-07-27T09:15:55.9193197Z   'test-DBItest.R:3:1' [success]
2026-07-27T09:15:55.9317475Z   'test-DBItest.R:3:1' [success]
2026-07-27T09:15:55.9574998Z   'test-DBItest.R:3:1' [success]
2026-07-27T09:15:55.9701522Z   'test-DBItest.R:3:1' [success]
2026-07-27T09:15:55.9826628Z   'test-DBItest.R:3:1' [success]
2026-07-27T09:15:55.9949706Z   'test-DBItest.R:3:1' [success]
2026-07-27T09:15:56.0070553Z   'test-DBItest.R:3:1' [success]
2026-07-27T09:15:56.0201691Z   'test-DBItest.R:3:1' [success]
2026-07-27T09:15:56.0331794Z   'test-DBItest.R:3:1' [success]
2026-07-27T09:15:56.0639302Z   'test-DBItest.R:3:1' [success]
2026-07-27T09:15:56.0772264Z   'test-DBItest.R:3:1' [success]
2026-07-27T09:15:56.0900228Z   'test-DBItest.R:3:1' [success]
2026-07-27T09:15:56.1022983Z   'test-DBItest.R:3:1' [success]
2026-07-27T09:15:56.1147767Z   'test-DBItest.R:3:1' [success]
2026-07-27T09:15:56.1273250Z   'test-DBItest.R:3:1' [success]
2026-07-27T09:15:56.1395715Z   'test-DBItest.R:3:1' [success]
2026-07-27T09:15:56.1522427Z   'test-DBItest.R:3:1' [success]
2026-07-27T09:15:56.1542150Z End test: DBItest[duckdb.dev]: SQL: append_roundtrip_integer
2026-07-27T09:15:56.1543104Z 
2026-07-27T09:15:56.1559010Z Start test: DBItest[duckdb.dev]: SQL: append_roundtrip_numeric
2026-07-27T09:15:56.1814853Z   'test-DBItest.R:3:1' [success]
2026-07-27T09:15:56.1941206Z   'test-DBItest.R:3:1' [success]
2026-07-27T09:15:56.2065566Z   'test-DBItest.R:3:1' [success]
2026-07-27T09:15:56.2190969Z   'test-DBItest.R:3:1' [success]
2026-07-27T09:15:56.2358796Z   'test-DBItest.R:3:1' [success]
2026-07-27T09:15:56.2484728Z   'test-DBItest.R:3:1' [success]
2026-07-27T09:15:56.2610071Z   'test-DBItest.R:3:1' [success]
2026-07-27T09:15:56.2868589Z   'test-DBItest.R:3:1' [success]
2026-07-27T09:15:56.2992546Z   'test-DBItest.R:3:1' [success]
2026-07-27T09:15:56.3116823Z   'test-DBItest.R:3:1' [success]
2026-07-27T09:15:56.3238159Z   'test-DBItest.R:3:1' [success]
2026-07-27T09:15:56.3358306Z   'test-DBItest.R:3:1' [success]
2026-07-27T09:15:56.3487846Z   'test-DBItest.R:3:1' [success]
2026-07-27T09:15:56.3621172Z   'test-DBItest.R:3:1' [success]
2026-07-27T09:15:56.3882705Z   'test-DBItest.R:3:1' [success]
2026-07-27T09:15:56.4013221Z   'test-DBItest.R:3:1' [success]
2026-07-27T09:15:56.4149159Z   'test-DBItest.R:3:1' [success]
2026-07-27T09:15:56.4328132Z   'test-DBItest.R:3:1' [success]
2026-07-27T09:15:56.4449005Z   'test-DBItest.R:3:1' [success]
2026-07-27T09:15:56.4573921Z   'test-DBItest.R:3:1' [success]
2026-07-27T09:15:56.4694367Z   'test-DBItest.R:3:1' [success]
2026-07-27T09:15:56.4820540Z   'test-DBItest.R:3:1' [success]
2026-07-27T09:15:56.4839581Z End test: DBItest[duckdb.dev]: SQL: append_roundtrip_numeric
2026-07-27T09:15:56.4839982Z 
2026-07-27T09:15:56.4855628Z Start test: DBItest[duckdb.dev]: SQL: append_roundtrip_logical
2026-07-27T09:15:56.5101787Z   'test-DBItest.R:3:1' [success]
2026-07-27T09:15:56.5230394Z   'test-DBItest.R:3:1' [success]
2026-07-27T09:15:56.5356805Z   'test-DBItest.R:3:1' [success]
2026-07-27T09:15:56.5485014Z   'test-DBItest.R:3:1' [success]
2026-07-27T09:15:56.5613424Z   'test-DBItest.R:3:1' [success]
2026-07-27T09:15:56.5741516Z   'test-DBItest.R:3:1' [success]
2026-07-27T09:15:56.5867989Z   'test-DBItest.R:3:1' [success]
2026-07-27T09:15:56.6126700Z   'test-DBItest.R:3:1' [success]
2026-07-27T09:15:56.6299728Z   'test-DBItest.R:3:1' [success]
2026-07-27T09:15:56.6420681Z   'test-DBItest.R:3:1' [success]
2026-07-27T09:15:56.6541349Z   'test-DBItest.R:3:1' [success]
2026-07-27T09:15:56.6661619Z   'test-DBItest.R:3:1' [success]
2026-07-27T09:15:56.6788506Z   'test-DBItest.R:3:1' [success]
2026-07-27T09:15:56.6914108Z   'test-DBItest.R:3:1' [success]
2026-07-27T09:15:56.7176869Z   'test-DBItest.R:3:1' [success]
2026-07-27T09:15:56.7309160Z   'test-DBItest.R:3:1' [success]
2026-07-27T09:15:56.7440008Z   'test-DBItest.R:3:1' [success]
2026-07-27T09:15:56.7565537Z   'test-DBItest.R:3:1' [success]
2026-07-27T09:15:56.7692440Z   'test-DBItest.R:3:1' [success]
2026-07-27T09:15:56.7820402Z   'test-DBItest.R:3:1' [success]
2026-07-27T09:15:56.7948435Z   'test-DBItest.R:3:1' [success]
2026-07-27T09:15:56.8130726Z   'test-DBItest.R:3:1' [success]
2026-07-27T09:15:56.8150033Z End test: DBItest[duckdb.dev]: SQL: append_roundtrip_logical
2026-07-27T09:15:56.8150448Z 
2026-07-27T09:15:56.8165189Z Start test: DBItest[duckdb.dev]: SQL: append_roundtrip_null
2026-07-27T09:15:56.8412778Z   'test-DBItest.R:3:1' [success]
2026-07-27T09:15:56.8539095Z   'test-DBItest.R:3:1' [success]
2026-07-27T09:15:56.8666233Z   'test-DBItest.R:3:1' [success]
2026-07-27T09:15:56.8790492Z   'test-DBItest.R:3:1' [success]
2026-07-27T09:15:56.8911181Z   'test-DBItest.R:3:1' [success]
2026-07-27T09:15:56.9034549Z   'test-DBItest.R:3:1' [success]
2026-07-27T09:15:56.9162660Z   'test-DBItest.R:3:1' [success]
2026-07-27T09:15:56.9422825Z   'test-DBItest.R:3:1' [success]
2026-07-27T09:15:56.9549455Z   'test-DBItest.R:3:1' [success]
2026-07-27T09:15:56.9676465Z   'test-DBItest.R:3:1' [success]
2026-07-27T09:15:56.9802678Z   'test-DBItest.R:3:1' [success]
2026-07-27T09:15:56.9976550Z   'test-DBItest.R:3:1' [success]
2026-07-27T09:15:57.0103234Z   'test-DBItest.R:3:1' [success]
2026-07-27T09:15:57.0231120Z   'test-DBItest.R:3:1' [success]
2026-07-27T09:15:57.0484224Z   'test-DBItest.R:3:1' [success]
2026-07-27T09:15:57.0607954Z   'test-DBItest.R:3:1' [success]
2026-07-27T09:15:57.0733065Z   'test-DBItest.R:3:1' [success]
2026-07-27T09:15:57.0855804Z   'test-DBItest.R:3:1' [success]
2026-07-27T09:15:57.0981056Z   'test-DBItest.R:3:1' [success]
2026-07-27T09:15:57.1111576Z   'test-DBItest.R:3:1' [success]
2026-07-27T09:15:57.1241249Z   'test-DBItest.R:3:1' [success]
2026-07-27T09:15:57.1372488Z   'test-DBItest.R:3:1' [success]
2026-07-27T09:15:57.1392031Z End test: DBItest[duckdb.dev]: SQL: append_roundtrip_null
2026-07-27T09:15:57.1392491Z 
2026-07-27T09:15:57.1408425Z Start test: DBItest[duckdb.dev]: SQL: append_roundtrip_character
2026-07-27T09:15:57.1661553Z   'test-DBItest.R:3:1' [success]
2026-07-27T09:15:57.1846111Z   'test-DBItest.R:3:1' [success]
2026-07-27T09:15:57.1979632Z   'test-DBItest.R:3:1' [success]
2026-07-27T09:15:57.2109282Z   'test-DBItest.R:3:1' [success]
2026-07-27T09:15:57.2234913Z   'test-DBItest.R:3:1' [success]
2026-07-27T09:15:57.2364207Z   'test-DBItest.R:3:1' [success]
2026-07-27T09:15:57.2495740Z   'test-DBItest.R:3:1' [success]
2026-07-27T09:15:57.2760129Z   'test-DBItest.R:3:1' [success]
2026-07-27T09:15:57.2885486Z   'test-DBItest.R:3:1' [success]
2026-07-27T09:15:57.3012600Z   'test-DBItest.R:3:1' [success]
2026-07-27T09:15:57.3137770Z   'test-DBItest.R:3:1' [success]
2026-07-27T09:15:57.3263927Z   'test-DBItest.R:3:1' [success]
2026-07-27T09:15:57.3394812Z   'test-DBItest.R:3:1' [success]
2026-07-27T09:15:57.3525008Z   'test-DBItest.R:3:1' [success]
2026-07-27T09:15:57.3839072Z   'test-DBItest.R:3:1' [success]
2026-07-27T09:15:57.3968208Z   'test-DBItest.R:3:1' [success]
2026-07-27T09:15:57.4101333Z   'test-DBItest.R:3:1' [success]
2026-07-27T09:15:57.4224581Z   'test-DBItest.R:3:1' [success]
2026-07-27T09:15:57.4347128Z   'test-DBItest.R:3:1' [success]
2026-07-27T09:15:57.4472908Z   'test-DBItest.R:3:1' [success]
2026-07-27T09:15:57.4598704Z   'test-DBItest.R:3:1' [success]
2026-07-27T09:15:57.4725543Z   'test-DBItest.R:3:1' [success]
2026-07-27T09:15:57.4744658Z End test: DBItest[duckdb.dev]: SQL: append_roundtrip_character
2026-07-27T09:15:57.4745201Z 
2026-07-27T09:15:57.4760989Z Start test: DBItest[duckdb.dev]: SQL: append_roundtrip_character_native
2026-07-27T09:15:57.5011085Z   'test-DBItest.R:3:1' [success]
2026-07-27T09:15:57.5164804Z   'test-DBItest.R:3:1' [success]
2026-07-27T09:15:57.5292878Z   'test-DBItest.R:3:1' [success]
2026-07-27T09:15:57.5416776Z   'test-DBItest.R:3:1' [success]
2026-07-27T09:15:57.5540198Z   'test-DBItest.R:3:1' [success]
2026-07-27T09:15:57.5716777Z   'test-DBItest.R:3:1' [success]
2026-07-27T09:15:57.5838412Z   'test-DBItest.R:3:1' [success]
2026-07-27T09:15:57.6092788Z   'test-DBItest.R:3:1' [success]
2026-07-27T09:15:57.6217813Z   'test-DBItest.R:3:1' [success]
2026-07-27T09:15:57.6340006Z   'test-DBItest.R:3:1' [success]
2026-07-27T09:15:57.6459570Z   'test-DBItest.R:3:1' [success]
2026-07-27T09:15:57.6587412Z   'test-DBItest.R:3:1' [success]
2026-07-27T09:15:57.6721697Z   'test-DBItest.R:3:1' [success]
2026-07-27T09:15:57.6852834Z   'test-DBItest.R:3:1' [success]
2026-07-27T09:15:57.7127763Z   'test-DBItest.R:3:1' [success]
2026-07-27T09:15:57.7262910Z   'test-DBItest.R:3:1' [success]
2026-07-27T09:15:57.7399208Z   'test-DBItest.R:3:1' [success]
2026-07-27T09:15:57.7591391Z   'test-DBItest.R:3:1' [success]
2026-07-27T09:15:57.7718282Z   'test-DBItest.R:3:1' [success]
2026-07-27T09:15:57.7848272Z   'test-DBItest.R:3:1' [success]
2026-07-27T09:15:57.7971039Z   'test-DBItest.R:3:1' [success]
2026-07-27T09:15:57.8098301Z   'test-DBItest.R:3:1' [success]
2026-07-27T09:15:57.8117479Z End test: DBItest[duckdb.dev]: SQL: append_roundtrip_character_native
2026-07-27T09:15:57.8118064Z 
2026-07-27T09:15:57.8134182Z Start test: DBItest[duckdb.dev]: SQL: append_roundtrip_character_empty
2026-07-27T09:15:57.8383584Z   'test-DBItest.R:3:1' [success]
2026-07-27T09:15:57.8508656Z   'test-DBItest.R:3:1' [success]
2026-07-27T09:15:57.8637133Z   'test-DBItest.R:3:1' [success]
2026-07-27T09:15:57.8771384Z   'test-DBItest.R:3:1' [success]
2026-07-27T09:15:57.8901418Z   'test-DBItest.R:3:1' [success]
2026-07-27T09:15:57.9028989Z   'test-DBItest.R:3:1' [success]
2026-07-27T09:15:57.9158466Z   'test-DBItest.R:3:1' [success]
2026-07-27T09:15:57.9468035Z   'test-DBItest.R:3:1' [success]
2026-07-27T09:15:57.9592097Z   'test-DBItest.R:3:1' [success]
2026-07-27T09:15:57.9716044Z   'test-DBItest.R:3:1' [success]
2026-07-27T09:15:57.9840687Z   'test-DBItest.R:3:1' [success]
2026-07-27T09:15:57.9960932Z   'test-DBItest.R:3:1' [success]
2026-07-27T09:15:58.0087490Z   'test-DBItest.R:3:1' [success]
2026-07-27T09:15:58.0214257Z   'test-DBItest.R:3:1' [success]
2026-07-27T09:15:58.0470291Z   'test-DBItest.R:3:1' [success]
2026-07-27T09:15:58.0599157Z   'test-DBItest.R:3:1' [success]
2026-07-27T09:15:58.0731815Z   'test-DBItest.R:3:1' [success]
2026-07-27T09:15:58.0854986Z   'test-DBItest.R:3:1' [success]
2026-07-27T09:15:58.0979413Z   'test-DBItest.R:3:1' [success]
2026-07-27T09:15:58.1107694Z   'test-DBItest.R:3:1' [success]
2026-07-27T09:15:58.1281892Z   'test-DBItest.R:3:1' [success]
2026-07-27T09:15:58.1410484Z   'test-DBItest.R:3:1' [success]
2026-07-27T09:15:58.1429751Z End test: DBItest[duckdb.dev]: SQL: append_roundtrip_character_empty
2026-07-27T09:15:58.1430213Z 
2026-07-27T09:15:58.1445333Z Start test: DBItest[duckdb.dev]: SQL: append_roundtrip_character_empty_after
2026-07-27T09:15:58.1690612Z   'test-DBItest.R:3:1' [success]
2026-07-27T09:15:58.1816621Z   'test-DBItest.R:3:1' [success]
2026-07-27T09:15:58.1942748Z   'test-DBItest.R:3:1' [success]
2026-07-27T09:15:58.2068695Z   'test-DBItest.R:3:1' [success]
2026-07-27T09:15:58.2192295Z   'test-DBItest.R:3:1' [success]
2026-07-27T09:15:58.2318316Z   'test-DBItest.R:3:1' [success]
2026-07-27T09:15:58.2449170Z   'test-DBItest.R:3:1' [success]
2026-07-27T09:15:58.2730235Z   'test-DBItest.R:3:1' [success]
2026-07-27T09:15:58.2860252Z   'test-DBItest.R:3:1' [success]
2026-07-27T09:15:58.2988511Z   'test-DBItest.R:3:1' [success]
2026-07-27T09:15:58.3112822Z   'test-DBItest.R:3:1' [success]
2026-07-27T09:15:58.3337636Z   'test-DBItest.R:3:1' [success]
2026-07-27T09:15:58.3461149Z   'test-DBItest.R:3:1' [success]
2026-07-27T09:15:58.3582300Z   'test-DBItest.R:3:1' [success]
2026-07-27T09:15:58.3820792Z   'test-DBItest.R:3:1' [success]
2026-07-27T09:15:58.3941947Z   'test-DBItest.R:3:1' [success]
2026-07-27T09:15:58.4064037Z   'test-DBItest.R:3:1' [success]
2026-07-27T09:15:58.4186842Z   'test-DBItest.R:3:1' [success]
2026-07-27T09:15:58.4310035Z   'test-DBItest.R:3:1' [success]
2026-07-27T09:15:58.4439852Z   'test-DBItest.R:3:1' [success]
2026-07-27T09:15:58.4566194Z   'test-DBItest.R:3:1' [success]
2026-07-27T09:15:58.4693932Z   'test-DBItest.R:3:1' [success]
2026-07-27T09:15:58.4713559Z End test: DBItest[duckdb.dev]: SQL: append_roundtrip_character_empty_after
2026-07-27T09:15:58.4714323Z 
2026-07-27T09:15:58.4728856Z Start test: DBItest[duckdb.dev]: SQL: append_roundtrip_raw
2026-07-27T09:15:58.4982533Z   'test-DBItest.R:3:1' [success]
2026-07-27T09:15:58.5167463Z   'test-DBItest.R:3:1' [success]
2026-07-27T09:15:58.5289406Z   'test-DBItest.R:3:1' [success]
2026-07-27T09:15:58.5411702Z   'test-DBItest.R:3:1' [success]
2026-07-27T09:15:58.5533738Z   'test-DBItest.R:3:1' [success]
2026-07-27T09:15:58.5668378Z   'test-DBItest.R:3:1' [success]
2026-07-27T09:15:58.5809948Z   'test-DBItest.R:3:1' [success]
2026-07-27T09:15:58.5943162Z   'test-DBItest.R:3:1' [success]
2026-07-27T09:15:58.6071525Z   'test-DBItest.R:3:1' [success]
2026-07-27T09:15:58.6204431Z   'test-DBItest.R:3:1' [success]
2026-07-27T09:15:58.6470172Z   'test-DBItest.R:3:1' [success]
2026-07-27T09:15:58.6599787Z   'test-DBItest.R:3:1' [success]
2026-07-27T09:15:58.6734514Z   'test-DBItest.R:3:1' [success]
2026-07-27T09:15:58.6860077Z   'test-DBItest.R:3:1' [success]
2026-07-27T09:15:58.7045226Z   'test-DBItest.R:3:1' [success]
2026-07-27T09:15:58.7170394Z   'test-DBItest.R:3:1' [success]
2026-07-27T09:15:58.7303906Z   'test-DBItest.R:3:1' [success]
2026-07-27T09:15:58.7439746Z   'test-DBItest.R:3:1' [success]
2026-07-27T09:15:58.7564606Z   'test-DBItest.R:3:1' [success]
2026-07-27T09:15:58.7693682Z   'test-DBItest.R:3:1' [success]
2026-07-27T09:15:58.7954774Z   'test-DBItest.R:3:1' [success]
2026-07-27T09:15:58.8078519Z   'test-DBItest.R:3:1' [success]
2026-07-27T09:15:58.8205662Z   'test-DBItest.R:3:1' [success]
2026-07-27T09:15:58.8330428Z   'test-DBItest.R:3:1' [success]
2026-07-27T09:15:58.8450611Z   'test-DBItest.R:3:1' [success]
2026-07-27T09:15:58.8577580Z   'test-DBItest.R:3:1' [success]
2026-07-27T09:15:58.8708060Z   'test-DBItest.R:3:1' [success]
2026-07-27T09:15:58.8904265Z   'test-DBItest.R:3:1' [success]
2026-07-27T09:15:58.9031174Z   'test-DBItest.R:3:1' [success]
2026-07-27T09:15:58.9160518Z   'test-DBItest.R:3:1' [success]
2026-07-27T09:15:58.9291523Z   'test-DBItest.R:3:1' [success]
2026-07-27T09:15:58.9311498Z End test: DBItest[duckdb.dev]: SQL: append_roundtrip_raw
2026-07-27T09:15:58.9311894Z 
2026-07-27T09:15:58.9327233Z Start test: DBItest[duckdb.dev]: SQL: append_roundtrip_blob
2026-07-27T09:15:58.9589743Z   'test-DBItest.R:3:1' [success]
2026-07-27T09:15:58.9717835Z   'test-DBItest.R:3:1' [success]
2026-07-27T09:15:58.9845797Z   'test-DBItest.R:3:1' [success]
2026-07-27T09:15:58.9976591Z   'test-DBItest.R:3:1' [success]
2026-07-27T09:15:59.0107790Z   'test-DBItest.R:3:1' [success]
2026-07-27T09:15:59.0246208Z   'test-DBItest.R:3:1' [success]
2026-07-27T09:15:59.0384231Z   'test-DBItest.R:3:1' [success]
2026-07-27T09:15:59.0524238Z   'test-DBItest.R:3:1' [success]
2026-07-27T09:15:59.0654641Z   'test-DBItest.R:3:1' [success]
2026-07-27T09:15:59.0852135Z   'test-DBItest.R:3:1' [success]
2026-07-27T09:15:59.1121310Z   'test-DBItest.R:3:1' [success]
2026-07-27T09:15:59.1250099Z   'test-DBItest.R:3:1' [success]
2026-07-27T09:15:59.1378104Z   'test-DBItest.R:3:1' [success]
2026-07-27T09:15:59.1504446Z   'test-DBItest.R:3:1' [success]
2026-07-27T09:15:59.1630891Z   'test-DBItest.R:3:1' [success]
2026-07-27T09:15:59.1761536Z   'test-DBItest.R:3:1' [success]
2026-07-27T09:15:59.1898941Z   'test-DBItest.R:3:1' [success]
2026-07-27T09:15:59.2038256Z   'test-DBItest.R:3:1' [success]
2026-07-27T09:15:59.2165910Z   'test-DBItest.R:3:1' [success]
2026-07-27T09:15:59.2292084Z   'test-DBItest.R:3:1' [success]
2026-07-27T09:15:59.2564357Z   'test-DBItest.R:3:1' [success]
2026-07-27T09:15:59.2759811Z   'test-DBItest.R:3:1' [success]
2026-07-27T09:15:59.2886696Z   'test-DBItest.R:3:1' [success]
2026-07-27T09:15:59.3015438Z   'test-DBItest.R:3:1' [success]
2026-07-27T09:15:59.3141420Z   'test-DBItest.R:3:1' [success]
2026-07-27T09:15:59.3272697Z   'test-DBItest.R:3:1' [success]
2026-07-27T09:15:59.3412059Z   'test-DBItest.R:3:1' [success]
2026-07-27T09:15:59.3551935Z   'test-DBItest.R:3:1' [success]
2026-07-27T09:15:59.3676712Z   'test-DBItest.R:3:1' [success]
2026-07-27T09:15:59.3806527Z   'test-DBItest.R:3:1' [success]
2026-07-27T09:15:59.3942028Z   'test-DBItest.R:3:1' [success]
2026-07-27T09:15:59.3961695Z End test: DBItest[duckdb.dev]: SQL: append_roundtrip_blob
2026-07-27T09:15:59.3962080Z 
2026-07-27T09:15:59.3978371Z Start test: DBItest[duckdb.dev]: SQL: append_roundtrip_date
2026-07-27T09:15:59.4234572Z   'test-DBItest.R:3:1' [success]
2026-07-27T09:15:59.4364819Z   'test-DBItest.R:3:1' [success]
2026-07-27T09:15:59.4492870Z   'test-DBItest.R:3:1' [success]
2026-07-27T09:15:59.4683086Z   'test-DBItest.R:3:1' [success]
2026-07-27T09:15:59.4811336Z   'test-DBItest.R:3:1' [success]
2026-07-27T09:15:59.4920150Z   'test-DBItest.R:3:1' [success]
2026-07-27T09:15:59.5051418Z   'test-DBItest.R:3:1' [success]
2026-07-27T09:15:59.5179890Z   'test-DBItest.R:3:1' [success]
2026-07-27T09:15:59.5446838Z   'test-DBItest.R:3:1' [success]
2026-07-27T09:15:59.5576962Z   'test-DBItest.R:3:1' [success]
2026-07-27T09:15:59.5706648Z   'test-DBItest.R:3:1' [success]
2026-07-27T09:15:59.5835979Z   'test-DBItest.R:3:1' [success]
2026-07-27T09:15:59.5964836Z   'test-DBItest.R:3:1' [success]
2026-07-27T09:15:59.6075289Z   'test-DBItest.R:3:1' [success]
2026-07-27T09:15:59.6207616Z   'test-DBItest.R:3:1' [success]
2026-07-27T09:15:59.6331750Z   'test-DBItest.R:3:1' [success]
2026-07-27T09:15:59.6681673Z   'test-DBItest.R:3:1' [success]
2026-07-27T09:15:59.6811613Z   'test-DBItest.R:3:1' [success]
2026-07-27T09:15:59.6938501Z   'test-DBItest.R:3:1' [success]
2026-07-27T09:15:59.7061259Z   'test-DBItest.R:3:1' [success]
2026-07-27T09:15:59.7185464Z   'test-DBItest.R:3:1' [success]
2026-07-27T09:15:59.7291242Z   'test-DBItest.R:3:1' [success]
2026-07-27T09:15:59.7418661Z   'test-DBItest.R:3:1' [success]
2026-07-27T09:15:59.7543520Z   'test-DBItest.R:3:1' [success]
2026-07-27T09:15:59.7675707Z   'test-DBItest.R:3:1' [success]
2026-07-27T09:15:59.7696051Z End test: DBItest[duckdb.dev]: SQL: append_roundtrip_date
2026-07-27T09:15:59.7696752Z 
2026-07-27T09:15:59.7712591Z Start test: DBItest[duckdb.dev]: SQL: append_roundtrip_date_extended
2026-07-27T09:15:59.7960246Z   'test-DBItest.R:3:1' [success]
2026-07-27T09:15:59.8087656Z   'test-DBItest.R:3:1' [success]
2026-07-27T09:15:59.8221961Z   'test-DBItest.R:3:1' [success]
2026-07-27T09:15:59.8412014Z   'test-DBItest.R:3:1' [success]
2026-07-27T09:15:59.8533332Z   'test-DBItest.R:3:1' [success]
2026-07-27T09:15:59.8638100Z   'test-DBItest.R:3:1' [success]
2026-07-27T09:15:59.8760310Z   'test-DBItest.R:3:1' [success]
2026-07-27T09:15:59.8878552Z   'test-DBItest.R:3:1' [success]
2026-07-27T09:15:59.9136923Z   'test-DBItest.R:3:1' [success]
2026-07-27T09:15:59.9261920Z   'test-DBItest.R:3:1' [success]
2026-07-27T09:15:59.9384987Z   'test-DBItest.R:3:1' [success]
2026-07-27T09:15:59.9512031Z   'test-DBItest.R:3:1' [success]
2026-07-27T09:15:59.9641103Z   'test-DBItest.R:3:1' [success]
2026-07-27T09:15:59.9748083Z   'test-DBItest.R:3:1' [success]
2026-07-27T09:15:59.9874793Z   'test-DBItest.R:3:1' [success]
2026-07-27T09:15:59.9999717Z   'test-DBItest.R:3:1' [success]
2026-07-27T09:16:00.0321055Z   'test-DBItest.R:3:1' [success]
2026-07-27T09:16:00.0441197Z   'test-DBItest.R:3:1' [success]
2026-07-27T09:16:00.0561827Z   'test-DBItest.R:3:1' [success]
2026-07-27T09:16:00.0683164Z   'test-DBItest.R:3:1' [success]
2026-07-27T09:16:00.0803731Z   'test-DBItest.R:3:1' [success]
2026-07-27T09:16:00.0910498Z   'test-DBItest.R:3:1' [success]
2026-07-27T09:16:00.1037548Z   'test-DBItest.R:3:1' [success]
2026-07-27T09:16:00.1163019Z   'test-DBItest.R:3:1' [success]
2026-07-27T09:16:00.1300089Z   'test-DBItest.R:3:1' [success]
2026-07-27T09:16:00.1319760Z End test: DBItest[duckdb.dev]: SQL: append_roundtrip_date_extended
2026-07-27T09:16:00.1320360Z 
2026-07-27T09:16:00.1335935Z Start test: DBItest[duckdb.dev]: SQL: append_roundtrip_timestamp
2026-07-27T09:16:00.1708774Z   'test-DBItest.R:3:1' [success]
2026-07-27T09:16:00.1835215Z   'test-DBItest.R:3:1' [success]
2026-07-27T09:16:00.1962478Z   'test-DBItest.R:3:1' [success]
2026-07-27T09:16:00.2085962Z   'test-DBItest.R:3:1' [success]
2026-07-27T09:16:00.2273789Z   'test-DBItest.R:3:1' [success]
2026-07-27T09:16:00.2401900Z   'test-DBItest.R:3:1' [success]
2026-07-27T09:16:00.2526614Z   'test-DBItest.R:3:1' [success]
2026-07-27T09:16:00.2795372Z   'test-DBItest.R:3:1' [success]
2026-07-27T09:16:00.2920952Z   'test-DBItest.R:3:1' [success]
2026-07-27T09:16:00.3044918Z   'test-DBItest.R:3:1' [success]
2026-07-27T09:16:00.3164318Z   'test-DBItest.R:3:1' [success]
2026-07-27T09:16:00.3287749Z   'test-DBItest.R:3:1' [success]
2026-07-27T09:16:00.3416923Z   'test-DBItest.R:3:1' [success]
2026-07-27T09:16:00.3539961Z   'test-DBItest.R:3:1' [success]
2026-07-27T09:16:00.3815041Z   'test-DBItest.R:3:1' [success]
2026-07-27T09:16:00.3944392Z   'test-DBItest.R:3:1' [success]
2026-07-27T09:16:00.4134140Z   'test-DBItest.R:3:1' [success]
2026-07-27T09:16:00.4253841Z   'test-DBItest.R:3:1' [success]
2026-07-27T09:16:00.4380618Z   'test-DBItest.R:3:1' [success]
2026-07-27T09:16:00.4513713Z   'test-DBItest.R:3:1' [success]
2026-07-27T09:16:00.4644841Z   'test-DBItest.R:3:1' [success]
2026-07-27T09:16:00.4781176Z   'test-DBItest.R:3:1' [success]
2026-07-27T09:16:00.4801771Z End test: DBItest[duckdb.dev]: SQL: append_roundtrip_timestamp
2026-07-27T09:16:00.4802361Z 
2026-07-27T09:16:00.4819259Z Start test: DBItest[duckdb.dev]: SQL: append_roundtrip_timestamp_extended
2026-07-27T09:16:00.5089044Z   'test-DBItest.R:3:1' [success]
2026-07-27T09:16:00.5225346Z   'test-DBItest.R:3:1' [success]
2026-07-27T09:16:00.5356776Z   'test-DBItest.R:3:1' [success]
2026-07-27T09:16:00.5482199Z   'test-DBItest.R:3:1' [success]
2026-07-27T09:16:00.5602011Z   'test-DBItest.R:3:1' [success]
2026-07-27T09:16:00.5730871Z   'test-DBItest.R:3:1' [success]
2026-07-27T09:16:00.5853042Z   'test-DBItest.R:3:1' [success]
2026-07-27T09:16:00.6178568Z   'test-DBItest.R:3:1' [success]
2026-07-27T09:16:00.6302731Z   'test-DBItest.R:3:1' [success]
2026-07-27T09:16:00.6427527Z   'test-DBItest.R:3:1' [success]
2026-07-27T09:16:00.6550710Z   'test-DBItest.R:3:1' [success]
2026-07-27T09:16:00.6674220Z   'test-DBItest.R:3:1' [success]
2026-07-27T09:16:00.6801348Z   'test-DBItest.R:3:1' [success]
2026-07-27T09:16:00.6928756Z   'test-DBItest.R:3:1' [success]
2026-07-27T09:16:00.7214425Z   'test-DBItest.R:3:1' [success]
2026-07-27T09:16:00.7343752Z   'test-DBItest.R:3:1' [success]
2026-07-27T09:16:00.7470202Z   'test-DBItest.R:3:1' [success]
2026-07-27T09:16:00.7600230Z   'test-DBItest.R:3:1' [success]
2026-07-27T09:16:00.7728665Z   'test-DBItest.R:3:1' [success]
2026-07-27T09:16:00.7924256Z   'test-DBItest.R:3:1' [success]
2026-07-27T09:16:00.8052951Z   'test-DBItest.R:3:1' [success]
2026-07-27T09:16:00.8187696Z   'test-DBItest.R:3:1' [success]
2026-07-27T09:16:00.8206268Z End test: DBItest[duckdb.dev]: SQL: append_roundtrip_timestamp_extended
2026-07-27T09:16:00.8206736Z 
2026-07-27T09:16:00.8221715Z Start test: DBItest[duckdb.dev]: SQL: append_table_name
2026-07-27T09:16:00.8465612Z   'test-DBItest.R:3:1' [success]
2026-07-27T09:16:00.8591395Z   'test-DBItest.R:3:1' [success]
2026-07-27T09:16:00.8716583Z   'test-DBItest.R:3:1' [success]
2026-07-27T09:16:00.8841339Z   'test-DBItest.R:3:1' [success]
2026-07-27T09:16:00.8971655Z   'test-DBItest.R:3:1' [success]
2026-07-27T09:16:00.9105137Z   'test-DBItest.R:3:1' [success]
2026-07-27T09:16:00.9235458Z   'test-DBItest.R:3:1' [success]
2026-07-27T09:16:00.9480740Z   'test-DBItest.R:3:1' [success]
2026-07-27T09:16:00.9610259Z   'test-DBItest.R:3:1' [success]
2026-07-27T09:16:00.9797820Z   'test-DBItest.R:3:1' [success]
2026-07-27T09:16:00.9919391Z   'test-DBItest.R:3:1' [success]
2026-07-27T09:16:01.0040316Z   'test-DBItest.R:3:1' [success]
2026-07-27T09:16:01.0164430Z   'test-DBItest.R:3:1' [success]
2026-07-27T09:16:01.0289824Z   'test-DBItest.R:3:1' [success]
2026-07-27T09:16:01.0524110Z   'test-DBItest.R:3:1' [success]
2026-07-27T09:16:01.0648644Z   'test-DBItest.R:3:1' [success]
2026-07-27T09:16:01.0778050Z   'test-DBItest.R:3:1' [success]
2026-07-27T09:16:01.0912507Z   'test-DBItest.R:3:1' [success]
2026-07-27T09:16:01.1051305Z   'test-DBItest.R:3:1' [success]
2026-07-27T09:16:01.1191345Z   'test-DBItest.R:3:1' [success]
2026-07-27T09:16:01.1328802Z   'test-DBItest.R:3:1' [success]
2026-07-27T09:16:01.1499152Z   'test-DBItest.R:3:1' [success]
2026-07-27T09:16:01.1518511Z End test: DBItest[duckdb.dev]: SQL: append_table_name
2026-07-27T09:16:01.1518923Z 
2026-07-27T09:16:01.1534902Z Start test: DBItest[duckdb.dev]: SQL: append_table_name_quoted
2026-07-27T09:16:01.1830231Z   'test-DBItest.R:3:1' [success]
2026-07-27T09:16:01.1954553Z   'test-DBItest.R:3:1' [success]
2026-07-27T09:16:01.2079196Z   'test-DBItest.R:3:1' [success]
2026-07-27T09:16:01.2201649Z   'test-DBItest.R:3:1' [success]
2026-07-27T09:16:01.2323912Z   'test-DBItest.R:3:1' [success]
2026-07-27T09:16:01.2446365Z   'test-DBItest.R:3:1' [success]
2026-07-27T09:16:01.2564128Z   'test-DBItest.R:3:1' [success]
2026-07-27T09:16:01.2787941Z   'test-DBItest.R:3:1' [success]
2026-07-27T09:16:01.2917595Z   'test-DBItest.R:3:1' [success]
2026-07-27T09:16:01.3041645Z   'test-DBItest.R:3:1' [success]
2026-07-27T09:16:01.3166825Z   'test-DBItest.R:3:1' [success]
2026-07-27T09:16:01.3288673Z   'test-DBItest.R:3:1' [success]
2026-07-27T09:16:01.3470050Z   'test-DBItest.R:3:1' [success]
2026-07-27T09:16:01.3587750Z   'test-DBItest.R:3:1' [success]
2026-07-27T09:16:01.3805257Z   'test-DBItest.R:3:1' [success]
2026-07-27T09:16:01.3930005Z   'test-DBItest.R:3:1' [success]
2026-07-27T09:16:01.4047969Z   'test-DBItest.R:3:1' [success]
2026-07-27T09:16:01.4167856Z   'test-DBItest.R:3:1' [success]
2026-07-27T09:16:01.4287111Z   'test-DBItest.R:3:1' [success]
2026-07-27T09:16:01.4409721Z   'test-DBItest.R:3:1' [success]
2026-07-27T09:16:01.4534419Z   'test-DBItest.R:3:1' [success]
2026-07-27T09:16:01.4701743Z   'test-DBItest.R:3:1' [success]
2026-07-27T09:16:01.4721876Z End test: DBItest[duckdb.dev]: SQL: append_table_name_quoted
2026-07-27T09:16:01.4722359Z 
2026-07-27T09:16:01.4737588Z Start test: DBItest[duckdb.dev]: SQL: append_table_row_names_false
2026-07-27T09:16:01.5010194Z   'test-DBItest.R:3:1' [success]
2026-07-27T09:16:01.5130163Z   'test-DBItest.R:3:1' [success]
2026-07-27T09:16:01.5310294Z   'test-DBItest.R:3:1' [success]
2026-07-27T09:16:01.5425386Z   'test-DBItest.R:3:1' [success]
2026-07-27T09:16:01.5542389Z   'test-DBItest.R:3:1' [success]
2026-07-27T09:16:01.5658547Z   'test-DBItest.R:3:1' [success]
2026-07-27T09:16:01.5778704Z   'test-DBItest.R:3:1' [success]
2026-07-27T09:16:01.5899331Z   'test-DBItest.R:3:1' [success]
2026-07-27T09:16:01.6000406Z   'test-DBItest.R:3:1' [success]
2026-07-27T09:16:01.6043119Z End test: DBItest[duckdb.dev]: SQL: append_table_row_names_false
2026-07-27T09:16:01.6043539Z 
2026-07-27T09:16:01.6057728Z Start test: DBItest[duckdb.dev]: SQL: append_table_row_names_ignore
2026-07-27T09:16:01.6336894Z   'test-DBItest.R:3:1' [success]
2026-07-27T09:16:01.6459670Z   'test-DBItest.R:3:1' [success]
2026-07-27T09:16:01.6581786Z   'test-DBItest.R:3:1' [success]
2026-07-27T09:16:01.6696976Z   'test-DBItest.R:3:1' [success]
2026-07-27T09:16:01.6815231Z   'test-DBItest.R:3:1' [success]
2026-07-27T09:16:01.6932708Z   'test-DBItest.R:3:1' [success]
2026-07-27T09:16:01.7120851Z   'test-DBItest.R:3:1' [success]
2026-07-27T09:16:01.7242707Z   'test-DBItest.R:3:1' [success]
2026-07-27T09:16:01.7341908Z   'test-DBItest.R:3:1' [success]
2026-07-27T09:16:01.7384490Z End test: DBItest[duckdb.dev]: SQL: append_table_row_names_ignore
2026-07-27T09:16:01.7385024Z 
2026-07-27T09:16:01.7399809Z Start test: DBItest[duckdb.dev]: SQL: append_table_row_names_non_null
2026-07-27T09:16:01.7596451Z   'test-DBItest.R:3:1' [success]
2026-07-27T09:16:01.7753242Z   'test-DBItest.R:3:1' [success]
2026-07-27T09:16:01.7905033Z   'test-DBItest.R:3:1' [success]
2026-07-27T09:16:01.8004264Z   'test-DBItest.R:3:1' [success]
2026-07-27T09:16:01.8046507Z End test: DBItest[duckdb.dev]: SQL: append_table_row_names_non_null
2026-07-27T09:16:01.8047111Z 
2026-07-27T09:16:01.8061792Z Start test: DBItest[duckdb.dev]: SQL: append_table_value_df
2026-07-27T09:16:01.8302631Z   'test-DBItest.R:3:1' [success]
2026-07-27T09:16:01.8428810Z   'test-DBItest.R:3:1' [success]
2026-07-27T09:16:01.8555183Z   'test-DBItest.R:3:1' [success]
2026-07-27T09:16:01.8682858Z   'test-DBItest.R:3:1' [success]
2026-07-27T09:16:01.8882451Z   'test-DBItest.R:3:1' [success]
2026-07-27T09:16:01.9005682Z   'test-DBItest.R:3:1' [success]
2026-07-27T09:16:01.9127017Z   'test-DBItest.R:3:1' [success]
2026-07-27T09:16:01.9227818Z   'test-DBItest.R:3:1' [success]
2026-07-27T09:16:01.9269788Z End test: DBItest[duckdb.dev]: SQL: append_table_value_df
2026-07-27T09:16:01.9270381Z 
2026-07-27T09:16:01.9284703Z Start test: DBItest[duckdb.dev]: SQL: append_table_value_subset
2026-07-27T09:16:01.9518668Z   'test-DBItest.R:3:1' [success]
2026-07-27T09:16:01.9638412Z   'test-DBItest.R:3:1' [success]
2026-07-27T09:16:01.9755274Z   'test-DBItest.R:3:1' [success]
2026-07-27T09:16:01.9873575Z   'test-DBItest.R:3:1' [success]
2026-07-27T09:16:02.0001123Z   'test-DBItest.R:3:1' [success]
2026-07-27T09:16:02.0128490Z   'test-DBItest.R:3:1' [success]
2026-07-27T09:16:02.0252021Z   'test-DBItest.R:3:1' [success]
2026-07-27T09:16:02.0358252Z   'test-DBItest.R:3:1' [success]
2026-07-27T09:16:02.0402695Z End test: DBItest[duckdb.dev]: SQL: append_table_value_subset
2026-07-27T09:16:02.0403254Z 
2026-07-27T09:16:02.0419319Z Start test: DBItest[duckdb.dev]: SQL: append_table_value_shuffle
2026-07-27T09:16:02.0747523Z   'test-DBItest.R:3:1' [success]
2026-07-27T09:16:02.0869018Z   'test-DBItest.R:3:1' [success]
2026-07-27T09:16:02.0992014Z   'test-DBItest.R:3:1' [success]
2026-07-27T09:16:02.1115470Z   'test-DBItest.R:3:1' [success]
2026-07-27T09:16:02.1234662Z   'test-DBItest.R:3:1' [success]
2026-07-27T09:16:02.1355178Z   'test-DBItest.R:3:1' [success]
2026-07-27T09:16:02.1471580Z   'test-DBItest.R:3:1' [success]
2026-07-27T09:16:02.1567628Z   'test-DBItest.R:3:1' [success]
2026-07-27T09:16:02.1609507Z End test: DBItest[duckdb.dev]: SQL: append_table_value_shuffle
2026-07-27T09:16:02.1610125Z 
2026-07-27T09:16:02.1625086Z Start test: DBItest[duckdb.dev]: SQL: append_table_value_shuffle_subset
2026-07-27T09:16:02.1879973Z   'test-DBItest.R:3:1' [success]
2026-07-27T09:16:02.2005134Z   'test-DBItest.R:3:1' [success]
2026-07-27T09:16:02.2125755Z   'test-DBItest.R:3:1' [success]
2026-07-27T09:16:02.2247440Z   'test-DBItest.R:3:1' [success]
2026-07-27T09:16:02.2517142Z   'test-DBItest.R:3:1' [success]
2026-07-27T09:16:02.2652795Z   'test-DBItest.R:3:1' [success]
2026-07-27T09:16:02.2774141Z   'test-DBItest.R:3:1' [success]
2026-07-27T09:16:02.2876584Z   'test-DBItest.R:3:1' [success]
2026-07-27T09:16:02.2919848Z End test: DBItest[duckdb.dev]: SQL: append_table_value_shuffle_subset
2026-07-27T09:16:02.2920451Z 
2026-07-27T09:16:02.2935117Z Start test: DBItest[duckdb.dev]: SQL: write_table_formals
2026-07-27T09:16:02.3061270Z   'test-DBItest.R:3:1' [success]
2026-07-27T09:16:02.3162049Z   'test-DBItest.R:3:1' [success]
2026-07-27T09:16:02.3180931Z End test: DBItest[duckdb.dev]: SQL: write_table_formals
2026-07-27T09:16:02.3181491Z 
2026-07-27T09:16:02.3196786Z Start test: DBItest[duckdb.dev]: SQL: write_table_closed_connection
2026-07-27T09:16:02.3528039Z   'test-DBItest.R:3:1' [success]
2026-07-27T09:16:02.3625286Z   'test-DBItest.R:3:1' [success]
2026-07-27T09:16:02.3644117Z End test: DBItest[duckdb.dev]: SQL: write_table_closed_connection
2026-07-27T09:16:02.3644809Z 
2026-07-27T09:16:02.3660226Z Start test: DBItest[duckdb.dev]: SQL: write_table_invalid_connection
2026-07-27T09:16:02.4003259Z   'test-DBItest.R:3:1' [success]
2026-07-27T09:16:02.4107634Z   'test-DBItest.R:3:1' [success]
2026-07-27T09:16:02.4126109Z End test: DBItest[duckdb.dev]: SQL: write_table_invalid_connection
2026-07-27T09:16:02.4126777Z 
2026-07-27T09:16:02.4141976Z Start test: DBItest[duckdb.dev]: SQL: write_table_value_subset
2026-07-27T09:16:02.4425365Z   'test-DBItest.R:3:1' [success]
2026-07-27T09:16:02.4548291Z   'test-DBItest.R:3:1' [success]
2026-07-27T09:16:02.4724928Z   'test-DBItest.R:3:1' [success]
2026-07-27T09:16:02.4840650Z   'test-DBItest.R:3:1' [success]
2026-07-27T09:16:02.4958521Z   'test-DBItest.R:3:1' [success]
2026-07-27T09:16:02.5081212Z   'test-DBItest.R:3:1' [success]
2026-07-27T09:16:02.5202451Z   'test-DBItest.R:3:1' [success]
2026-07-27T09:16:02.5303231Z   'test-DBItest.R:3:1' [success]
2026-07-27T09:16:02.5344315Z End test: DBItest[duckdb.dev]: SQL: write_table_value_subset
2026-07-27T09:16:02.5344675Z 
2026-07-27T09:16:02.5359598Z Start test: DBItest[duckdb.dev]: SQL: write_table_value_shuffle
2026-07-27T09:16:02.5648445Z   'test-DBItest.R:3:1' [success]
2026-07-27T09:16:02.5773019Z   'test-DBItest.R:3:1' [success]
2026-07-27T09:16:02.5898596Z   'test-DBItest.R:3:1' [success]
2026-07-27T09:16:02.6017575Z   'test-DBItest.R:3:1' [success]
2026-07-27T09:16:02.6136813Z   'test-DBItest.R:3:1' [success]
2026-07-27T09:16:02.6262010Z   'test-DBItest.R:3:1' [success]
2026-07-27T09:16:02.6450165Z   'test-DBItest.R:3:1' [success]
2026-07-27T09:16:02.6551049Z   'test-DBItest.R:3:1' [success]
2026-07-27T09:16:02.6594677Z End test: DBItest[duckdb.dev]: SQL: write_table_value_shuffle
2026-07-27T09:16:02.6595045Z 
2026-07-27T09:16:02.6609992Z Start test: DBItest[duckdb.dev]: SQL: write_table_value_shuffle_subset
2026-07-27T09:16:02.6900020Z   'test-DBItest.R:3:1' [success]
2026-07-27T09:16:02.7019046Z   'test-DBItest.R:3:1' [success]
2026-07-27T09:16:02.7136947Z   'test-DBItest.R:3:1' [success]
2026-07-27T09:16:02.7252299Z   'test-DBItest.R:3:1' [success]
2026-07-27T09:16:02.7366859Z   'test-DBItest.R:3:1' [success]
2026-07-27T09:16:02.7486141Z   'test-DBItest.R:3:1' [success]
2026-07-27T09:16:02.7604348Z   'test-DBItest.R:3:1' [success]
2026-07-27T09:16:02.7704224Z   'test-DBItest.R:3:1' [success]
2026-07-27T09:16:02.7745535Z End test: DBItest[duckdb.dev]: SQL: write_table_value_shuffle_subset
2026-07-27T09:16:02.7746025Z 
2026-07-27T09:16:02.7761282Z Start test: DBItest[duckdb.dev]: SQL: list_tables_formals
2026-07-27T09:16:02.7884482Z   'test-DBItest.R:3:1' [success]
2026-07-27T09:16:02.7984285Z   'test-DBItest.R:3:1' [success]
2026-07-27T09:16:02.8001945Z End test: DBItest[duckdb.dev]: SQL: list_tables_formals
2026-07-27T09:16:02.8002305Z 
2026-07-27T09:16:02.8016899Z Start test: DBItest[duckdb.dev]: SQL: list_tables_closed_connection
2026-07-27T09:16:02.8527485Z   'test-DBItest.R:3:1' [success]
2026-07-27T09:16:02.8624418Z   'test-DBItest.R:3:1' [success]
2026-07-27T09:16:02.8643950Z End test: DBItest[duckdb.dev]: SQL: list_tables_closed_connection
2026-07-27T09:16:02.8644611Z 
2026-07-27T09:16:02.8659438Z Start test: DBItest[duckdb.dev]: SQL: list_tables_invalid_connection
2026-07-27T09:16:02.9109377Z   'test-DBItest.R:3:1' [success]
2026-07-27T09:16:02.9206994Z   'test-DBItest.R:3:1' [success]
2026-07-27T09:16:02.9224987Z End test: DBItest[duckdb.dev]: SQL: list_tables_invalid_connection
2026-07-27T09:16:02.9226038Z 
2026-07-27T09:16:02.9240384Z Start test: DBItest[duckdb.dev]: SQL: exists_table_formals
2026-07-27T09:16:02.9358251Z   'test-DBItest.R:3:1' [success]
2026-07-27T09:16:02.9457195Z   'test-DBItest.R:3:1' [success]
2026-07-27T09:16:02.9473721Z End test: DBItest[duckdb.dev]: SQL: exists_table_formals
2026-07-27T09:16:02.9474097Z 
2026-07-27T09:16:02.9488471Z Start test: DBItest[duckdb.dev]: SQL: exists_table_closed_connection
2026-07-27T09:16:02.9826104Z   'test-DBItest.R:3:1' [success]
2026-07-27T09:16:02.9925503Z   'test-DBItest.R:3:1' [success]
2026-07-27T09:16:02.9944198Z End test: DBItest[duckdb.dev]: SQL: exists_table_closed_connection
2026-07-27T09:16:02.9944636Z 
2026-07-27T09:16:02.9960988Z Start test: DBItest[duckdb.dev]: SQL: exists_table_invalid_connection
2026-07-27T09:16:03.0295373Z   'test-DBItest.R:3:1' [success]
2026-07-27T09:16:03.0458592Z   'test-DBItest.R:3:1' [success]
2026-07-27T09:16:03.0478492Z End test: DBItest[duckdb.dev]: SQL: exists_table_invalid_connection
2026-07-27T09:16:03.0479032Z 
2026-07-27T09:16:03.0494480Z Start test: DBItest[duckdb.dev]: SQL: remove_table_formals
2026-07-27T09:16:03.0614380Z   'test-DBItest.R:3:1' [success]
2026-07-27T09:16:03.0713148Z   'test-DBItest.R:3:1' [success]
2026-07-27T09:16:03.0730736Z End test: DBItest[duckdb.dev]: SQL: remove_table_formals
2026-07-27T09:16:03.0731131Z 
2026-07-27T09:16:03.0747127Z Start test: DBItest[duckdb.dev]: SQL: list_objects_formals
2026-07-27T09:16:03.0868956Z   'test-DBItest.R:3:1' [success]
2026-07-27T09:16:03.0966795Z   'test-DBItest.R:3:1' [success]
2026-07-27T09:16:03.0986528Z End test: DBItest[duckdb.dev]: SQL: list_objects_formals
2026-07-27T09:16:03.0987021Z 
2026-07-27T09:16:03.1002458Z Start test: DBItest[duckdb.dev]: SQL: list_objects_closed_connection
2026-07-27T09:16:03.1460579Z   'test-DBItest.R:3:1' [success]
2026-07-27T09:16:03.1557827Z   'test-DBItest.R:3:1' [success]
2026-07-27T09:16:03.1576899Z End test: DBItest[duckdb.dev]: SQL: list_objects_closed_connection
2026-07-27T09:16:03.1577659Z 
2026-07-27T09:16:03.1594120Z Start test: DBItest[duckdb.dev]: SQL: list_objects_invalid_connection
2026-07-27T09:16:03.2062766Z   'test-DBItest.R:3:1' [success]
2026-07-27T09:16:03.2162851Z   'test-DBItest.R:3:1' [success]
2026-07-27T09:16:03.2183144Z End test: DBItest[duckdb.dev]: SQL: list_objects_invalid_connection
2026-07-27T09:16:03.2183686Z 
2026-07-27T09:16:03.2199375Z Start test: DBItest[duckdb.dev]: SQL: list_fields_formals
2026-07-27T09:16:03.2326842Z   'test-DBItest.R:3:1' [success]
2026-07-27T09:16:03.2494609Z   'test-DBItest.R:3:1' [success]
2026-07-27T09:16:03.2513673Z End test: DBItest[duckdb.dev]: SQL: list_fields_formals
2026-07-27T09:16:03.2514090Z 
2026-07-27T09:16:03.2527159Z Start test: DBItest[duckdb.dev]: SQL: list_fields_invalid_type
2026-07-27T09:16:03.2704396Z   'test-DBItest.R:3:1' [success]
2026-07-27T09:16:03.2873223Z   'test-DBItest.R:3:1' [success]
2026-07-27T09:16:03.3051853Z   'test-DBItest.R:3:1' [success]
2026-07-27T09:16:03.3150747Z   'test-DBItest.R:3:1' [success]
2026-07-27T09:16:03.3169110Z End test: DBItest[duckdb.dev]: SQL: list_fields_invalid_type
2026-07-27T09:16:03.3169504Z 
2026-07-27T09:16:03.3184679Z Start test: DBItest[duckdb.dev]: SQL: list_fields_closed_connection
2026-07-27T09:16:03.3639482Z   'test-DBItest.R:3:1' [success]
2026-07-27T09:16:03.3741299Z   'test-DBItest.R:3:1' [success]
2026-07-27T09:16:03.3761651Z End test: DBItest[duckdb.dev]: SQL: list_fields_closed_connection
2026-07-27T09:16:03.3762116Z 
2026-07-27T09:16:03.3778067Z Start test: DBItest[duckdb.dev]: SQL: list_fields_invalid_connection
2026-07-27T09:16:03.4231265Z   'test-DBItest.R:3:1' [success]
2026-07-27T09:16:03.4393387Z   'test-DBItest.R:3:1' [success]
2026-07-27T09:16:03.4412175Z End test: DBItest[duckdb.dev]: SQL: list_fields_invalid_connection
2026-07-27T09:16:03.4412721Z 
2026-07-27T09:16:03.4427378Z Start test: DBItest[duckdb.dev]: SQL: skipped tests
2026-07-27T09:16:03.4529168Z   'test-DBItest.R:3:1' [skip]
2026-07-27T09:16:03.4547576Z End test: DBItest[duckdb.dev]: SQL: skipped tests
2026-07-27T09:16:03.4548436Z 
2026-07-27T09:16:03.6908329Z Start test: DBItest[duckdb.dev]: Metadata: bind_formals
2026-07-27T09:16:03.7028611Z   'test-DBItest.R:3:1' [success]
2026-07-27T09:16:03.7125184Z   'test-DBItest.R:3:1' [success]
2026-07-27T09:16:03.7143843Z End test: DBItest[duckdb.dev]: Metadata: bind_formals
2026-07-27T09:16:03.7144233Z 
2026-07-27T09:16:03.7159221Z Start test: DBItest[duckdb.dev]: Metadata: bind_empty
2026-07-27T09:16:03.7446087Z   'test-DBItest.R:3:1' [success]
2026-07-27T09:16:03.7546628Z   'test-DBItest.R:3:1' [success]
2026-07-27T09:16:03.7564937Z End test: DBItest[duckdb.dev]: Metadata: bind_empty
2026-07-27T09:16:03.7565326Z 
2026-07-27T09:16:03.7580713Z Start test: DBItest[duckdb.dev]: Metadata: bind_return_value
2026-07-27T09:16:03.7755079Z   'test-DBItest.R:3:1' [success]
2026-07-27T09:16:03.7875605Z   'test-DBItest.R:3:1' [success]
2026-07-27T09:16:03.7997684Z   'test-DBItest.R:3:1' [success]
2026-07-27T09:16:03.8119354Z   'test-DBItest.R:3:1' [success]
2026-07-27T09:16:03.8333711Z   'test-DBItest.R:3:1' [success]
2026-07-27T09:16:03.8451594Z   'test-DBItest.R:3:1' [success]
2026-07-27T09:16:03.8553043Z   'test-DBItest.R:3:1' [success]
2026-07-27T09:16:03.8671242Z   'test-DBItest.R:3:1' [success]
2026-07-27T09:16:03.8788841Z   'test-DBItest.R:3:1' [success]
2026-07-27T09:16:03.8907072Z   'test-DBItest.R:3:1' [success]
2026-07-27T09:16:03.9026499Z   'test-DBItest.R:3:1' [success]
2026-07-27T09:16:03.9149598Z   'test-DBItest.R:3:1' [success]
2026-07-27T09:16:03.9272653Z   'test-DBItest.R:3:1' [success]
2026-07-27T09:16:03.9378082Z   'test-DBItest.R:3:1' [success]
2026-07-27T09:16:03.9478571Z   'test-DBItest.R:3:1' [success]
2026-07-27T09:16:03.9497663Z End test: DBItest[duckdb.dev]: Metadata: bind_return_value
2026-07-27T09:16:03.9498283Z 
2026-07-27T09:16:03.9514172Z Start test: DBItest[duckdb.dev]: Metadata: bind_too_many
2026-07-27T09:16:03.9866036Z   'test-DBItest.R:3:1' [success]
2026-07-27T09:16:03.9973574Z   'test-DBItest.R:3:1' [success]
2026-07-27T09:16:04.0074852Z   'test-DBItest.R:3:1' [success]
2026-07-27T09:16:04.0093648Z End test: DBItest[duckdb.dev]: Metadata: bind_too_many
2026-07-27T09:16:04.0094071Z 
2026-07-27T09:16:04.0109467Z Start test: DBItest[duckdb.dev]: Metadata: bind_not_enough
2026-07-27T09:16:04.0408667Z   'test-DBItest.R:3:1' [success]
2026-07-27T09:16:04.0512458Z   'test-DBItest.R:3:1' [success]
2026-07-27T09:16:04.0610677Z   'test-DBItest.R:3:1' [success]
2026-07-27T09:16:04.0629996Z End test: DBItest[duckdb.dev]: Metadata: bind_not_enough
2026-07-27T09:16:04.0630457Z 
2026-07-27T09:16:04.0646011Z Start test: DBItest[duckdb.dev]: Metadata: bind_wrong_name
2026-07-27T09:16:04.0753072Z   'test-DBItest.R:3:1' [success]
2026-07-27T09:16:04.0770883Z End test: DBItest[duckdb.dev]: Metadata: bind_wrong_name
2026-07-27T09:16:04.0771458Z 
2026-07-27T09:16:04.0786932Z Start test: DBItest[duckdb.dev]: Metadata: bind_named_param_unnamed_placeholders
2026-07-27T09:16:04.0900841Z   'test-DBItest.R:3:1' [success]
2026-07-27T09:16:04.0920297Z End test: DBItest[duckdb.dev]: Metadata: bind_named_param_unnamed_placeholders
2026-07-27T09:16:04.0921051Z 
2026-07-27T09:16:04.0935551Z Start test: DBItest[duckdb.dev]: Metadata: bind_named_param_empty_placeholders
2026-07-27T09:16:04.1043602Z   'test-DBItest.R:3:1' [success]
2026-07-27T09:16:04.1062298Z End test: DBItest[duckdb.dev]: Metadata: bind_named_param_empty_placeholders
2026-07-27T09:16:04.1063068Z 
2026-07-27T09:16:04.1077497Z Start test: DBItest[duckdb.dev]: Metadata: bind_named_param_na_placeholders
2026-07-27T09:16:04.1191475Z   'test-DBItest.R:3:1' [success]
2026-07-27T09:16:04.1210750Z End test: DBItest[duckdb.dev]: Metadata: bind_named_param_na_placeholders
2026-07-27T09:16:04.1211455Z 
2026-07-27T09:16:04.1228435Z Start test: DBItest[duckdb.dev]: Metadata: bind_unnamed_param_named_placeholders
2026-07-27T09:16:04.1455035Z   'test-DBItest.R:3:1' [success]
2026-07-27T09:16:04.1558281Z   'test-DBItest.R:3:1' [success]
2026-07-27T09:16:04.1654980Z   'test-DBItest.R:3:1' [success]
2026-07-27T09:16:04.1673312Z End test: DBItest[duckdb.dev]: Metadata: bind_unnamed_param_named_placeholders
2026-07-27T09:16:04.1674075Z 
2026-07-27T09:16:04.1688158Z Start test: DBItest[duckdb.dev]: Metadata: bind_premature_clear
2026-07-27T09:16:04.1865188Z   'test-DBItest.R:3:1' [success]
2026-07-27T09:16:04.1963363Z   'test-DBItest.R:3:1' [success]
2026-07-27T09:16:04.1981939Z End test: DBItest[duckdb.dev]: Metadata: bind_premature_clear
2026-07-27T09:16:04.1982947Z 
2026-07-27T09:16:04.1997098Z Start test: DBItest[duckdb.dev]: Metadata: bind_multi_row
2026-07-27T09:16:04.2140540Z   'test-DBItest.R:3:1' [success]
2026-07-27T09:16:04.2263108Z   'test-DBItest.R:3:1' [success]
2026-07-27T09:16:04.2381611Z   'test-DBItest.R:3:1' [success]
2026-07-27T09:16:04.2501011Z   'test-DBItest.R:3:1' [success]
2026-07-27T09:16:04.2618996Z   'test-DBItest.R:3:1' [success]
2026-07-27T09:16:04.2740645Z   'test-DBItest.R:3:1' [success]
2026-07-27T09:16:04.2866606Z   'test-DBItest.R:3:1' [success]
2026-07-27T09:16:04.3021542Z   'test-DBItest.R:3:1' [success]
2026-07-27T09:16:04.3123673Z   'test-DBItest.R:3:1' [success]
2026-07-27T09:16:04.3142679Z End test: DBItest[duckdb.dev]: Metadata: bind_multi_row
2026-07-27T09:16:04.3143252Z 
2026-07-27T09:16:04.3158990Z Start test: DBItest[duckdb.dev]: Metadata: bind_multi_row_zero_length
2026-07-27T09:16:04.3297128Z   'test-DBItest.R:3:1' [success]
2026-07-27T09:16:04.3413919Z   'test-DBItest.R:3:1' [success]
2026-07-27T09:16:04.3526463Z   'test-DBItest.R:3:1' [success]
2026-07-27T09:16:04.3645219Z   'test-DBItest.R:3:1' [success]
2026-07-27T09:16:04.3745139Z   'test-DBItest.R:3:1' [success]
2026-07-27T09:16:04.3843092Z   'test-DBItest.R:3:1' [success]
2026-07-27T09:16:04.3861724Z End test: DBItest[duckdb.dev]: Metadata: bind_multi_row_zero_length
2026-07-27T09:16:04.3862405Z 
2026-07-27T09:16:04.3877171Z Start test: DBItest[duckdb.dev]: Metadata: bind_repeated
2026-07-27T09:16:04.4016477Z   'test-DBItest.R:3:1' [success]
2026-07-27T09:16:04.4139477Z   'test-DBItest.R:3:1' [success]
2026-07-27T09:16:04.4262697Z   'test-DBItest.R:3:1' [success]
2026-07-27T09:16:04.4391691Z   'test-DBItest.R:3:1' [success]
2026-07-27T09:16:04.4520660Z   'test-DBItest.R:3:1' [success]
2026-07-27T09:16:04.4693358Z   'test-DBItest.R:3:1' [success]
2026-07-27T09:16:04.4811929Z   'test-DBItest.R:3:1' [success]
2026-07-27T09:16:04.4919193Z   'test-DBItest.R:3:1' [success]
2026-07-27T09:16:04.5036856Z   'test-DBItest.R:3:1' [success]
2026-07-27T09:16:04.5156314Z   'test-DBItest.R:3:1' [success]
2026-07-27T09:16:04.5276998Z   'test-DBItest.R:3:1' [success]
2026-07-27T09:16:04.5396880Z   'test-DBItest.R:3:1' [success]
2026-07-27T09:16:04.5516465Z   'test-DBItest.R:3:1' [success]
2026-07-27T09:16:04.5636987Z   'test-DBItest.R:3:1' [success]
2026-07-27T09:16:04.5738180Z   'test-DBItest.R:3:1' [success]
2026-07-27T09:16:04.5836439Z   'test-DBItest.R:3:1' [success]
2026-07-27T09:16:04.5856014Z End test: DBItest[duckdb.dev]: Metadata: bind_repeated
2026-07-27T09:16:04.5856522Z 
2026-07-27T09:16:04.5872651Z Start test: DBItest[duckdb.dev]: Metadata: bind_repeated_untouched
2026-07-27T09:16:04.6023494Z   'test-DBItest.R:3:1' [success]
2026-07-27T09:16:04.6204165Z   'test-DBItest.R:3:1' [success]
2026-07-27T09:16:04.6329877Z   'test-DBItest.R:3:1' [success]
2026-07-27T09:16:04.6448373Z   'test-DBItest.R:3:1' [success]
2026-07-27T09:16:04.6564399Z   'test-DBItest.R:3:1' [success]
2026-07-27T09:16:04.6683363Z   'test-DBItest.R:3:1' [success]
2026-07-27T09:16:04.6800931Z   'test-DBItest.R:3:1' [success]
2026-07-27T09:16:04.6904306Z   'test-DBItest.R:3:1' [success]
2026-07-27T09:16:04.7003277Z   'test-DBItest.R:3:1' [success]
2026-07-27T09:16:04.7022291Z End test: DBItest[duckdb.dev]: Metadata: bind_repeated_untouched
2026-07-27T09:16:04.7022753Z 
2026-07-27T09:16:04.7037946Z Start test: DBItest[duckdb.dev]: Metadata: bind_named_param_shuffle
2026-07-27T09:16:04.7152110Z   'test-DBItest.R:3:1' [success]
2026-07-27T09:16:04.7172386Z End test: DBItest[duckdb.dev]: Metadata: bind_named_param_shuffle
2026-07-27T09:16:04.7173184Z 
2026-07-27T09:16:04.7188952Z Start test: DBItest[duckdb.dev]: Metadata: bind_integer
2026-07-27T09:16:04.7347092Z   'test-DBItest.R:3:1' [success]
2026-07-27T09:16:04.7475622Z   'test-DBItest.R:3:1' [success]
2026-07-27T09:16:04.7603355Z   'test-DBItest.R:3:1' [success]
2026-07-27T09:16:04.7773859Z   'test-DBItest.R:3:1' [success]
2026-07-27T09:16:04.7891849Z   'test-DBItest.R:3:1' [success]
2026-07-27T09:16:04.8009139Z   'test-DBItest.R:3:1' [success]
2026-07-27T09:16:04.8123684Z   'test-DBItest.R:3:1' [success]
2026-07-27T09:16:04.8224848Z   'test-DBItest.R:3:1' [success]
2026-07-27T09:16:04.8324875Z   'test-DBItest.R:3:1' [success]
2026-07-27T09:16:04.8342975Z End test: DBItest[duckdb.dev]: Metadata: bind_integer
2026-07-27T09:16:04.8343545Z 
2026-07-27T09:16:04.8358477Z Start test: DBItest[duckdb.dev]: Metadata: bind_numeric
2026-07-27T09:16:04.8506390Z   'test-DBItest.R:3:1' [success]
2026-07-27T09:16:04.8625383Z   'test-DBItest.R:3:1' [success]
2026-07-27T09:16:04.8745216Z   'test-DBItest.R:3:1' [success]
2026-07-27T09:16:04.8863891Z   'test-DBItest.R:3:1' [success]
2026-07-27T09:16:04.8980073Z   'test-DBItest.R:3:1' [success]
2026-07-27T09:16:04.9105039Z   'test-DBItest.R:3:1' [success]
2026-07-27T09:16:04.9232160Z   'test-DBItest.R:3:1' [success]
2026-07-27T09:16:04.9394349Z   'test-DBItest.R:3:1' [success]
2026-07-27T09:16:04.9497422Z   'test-DBItest.R:3:1' [success]
2026-07-27T09:16:04.9516107Z End test: DBItest[duckdb.dev]: Metadata: bind_numeric
2026-07-27T09:16:04.9516737Z 
2026-07-27T09:16:04.9532196Z Start test: DBItest[duckdb.dev]: Metadata: bind_logical
2026-07-27T09:16:04.9680282Z   'test-DBItest.R:3:1' [success]
2026-07-27T09:16:04.9797515Z   'test-DBItest.R:3:1' [success]
2026-07-27T09:16:04.9914538Z   'test-DBItest.R:3:1' [success]
2026-07-27T09:16:05.0031525Z   'test-DBItest.R:3:1' [success]
2026-07-27T09:16:05.0147748Z   'test-DBItest.R:3:1' [success]
2026-07-27T09:16:05.0268802Z   'test-DBItest.R:3:1' [success]
2026-07-27T09:16:05.0399631Z   'test-DBItest.R:3:1' [success]
2026-07-27T09:16:05.0506888Z   'test-DBItest.R:3:1' [success]
2026-07-27T09:16:05.0608492Z   'test-DBItest.R:3:1' [success]
2026-07-27T09:16:05.0627862Z End test: DBItest[duckdb.dev]: Metadata: bind_logical
2026-07-27T09:16:05.0628653Z 
2026-07-27T09:16:05.0644863Z Start test: DBItest[duckdb.dev]: Metadata: bind_character
2026-07-27T09:16:05.0813448Z   'test-DBItest.R:3:1' [success]
2026-07-27T09:16:05.0982560Z   'test-DBItest.R:3:1' [success]
2026-07-27T09:16:05.1103121Z   'test-DBItest.R:3:1' [success]
2026-07-27T09:16:05.1222097Z   'test-DBItest.R:3:1' [success]
2026-07-27T09:16:05.1340034Z   'test-DBItest.R:3:1' [success]
2026-07-27T09:16:05.1458988Z   'test-DBItest.R:3:1' [success]
2026-07-27T09:16:05.1583630Z   'test-DBItest.R:3:1' [success]
2026-07-27T09:16:05.1692710Z   'test-DBItest.R:3:1' [success]
2026-07-27T09:16:05.1794252Z   'test-DBItest.R:3:1' [success]
2026-07-27T09:16:05.1813667Z End test: DBItest[duckdb.dev]: Metadata: bind_character
2026-07-27T09:16:05.1814239Z 
2026-07-27T09:16:05.1829681Z Start test: DBItest[duckdb.dev]: Metadata: bind_character_escape
2026-07-27T09:16:05.2015413Z   'test-DBItest.R:3:1' [success]
2026-07-27T09:16:05.2135909Z   'test-DBItest.R:3:1' [success]
2026-07-27T09:16:05.2255585Z   'test-DBItest.R:3:1' [success]
2026-07-27T09:16:05.2383189Z   'test-DBItest.R:3:1' [success]
2026-07-27T09:16:05.2550606Z   'test-DBItest.R:3:1' [success]
2026-07-27T09:16:05.2673010Z   'test-DBItest.R:3:1' [success]
2026-07-27T09:16:05.2795966Z   'test-DBItest.R:3:1' [success]
2026-07-27T09:16:05.2895953Z   'test-DBItest.R:3:1' [success]
2026-07-27T09:16:05.2992006Z   'test-DBItest.R:3:1' [success]
2026-07-27T09:16:05.3010811Z End test: DBItest[duckdb.dev]: Metadata: bind_character_escape
2026-07-27T09:16:05.3011359Z 
2026-07-27T09:16:05.3025525Z Start test: DBItest[duckdb.dev]: Metadata: bind_date
2026-07-27T09:16:05.3194875Z   'test-DBItest.R:3:1' [success]
2026-07-27T09:16:05.3313072Z   'test-DBItest.R:3:1' [success]
2026-07-27T09:16:05.3428610Z   'test-DBItest.R:3:1' [success]
2026-07-27T09:16:05.3546408Z   'test-DBItest.R:3:1' [success]
2026-07-27T09:16:05.3662893Z   'test-DBItest.R:3:1' [success]
2026-07-27T09:16:05.3780520Z   'test-DBItest.R:3:1' [success]
2026-07-27T09:16:05.3902067Z   'test-DBItest.R:3:1' [success]
2026-07-27T09:16:05.4054788Z   'test-DBItest.R:3:1' [success]
2026-07-27T09:16:05.4155032Z   'test-DBItest.R:3:1' [success]
2026-07-27T09:16:05.4173466Z End test: DBItest[duckdb.dev]: Metadata: bind_date
2026-07-27T09:16:05.4174299Z 
2026-07-27T09:16:05.4188836Z Start test: DBItest[duckdb.dev]: Metadata: bind_date_integer
2026-07-27T09:16:05.4359697Z   'test-DBItest.R:3:1' [success]
2026-07-27T09:16:05.4480082Z   'test-DBItest.R:3:1' [success]
2026-07-27T09:16:05.4597577Z   'test-DBItest.R:3:1' [success]
2026-07-27T09:16:05.4716027Z   'test-DBItest.R:3:1' [success]
2026-07-27T09:16:05.4834069Z   'test-DBItest.R:3:1' [success]
2026-07-27T09:16:05.4951895Z   'test-DBItest.R:3:1' [success]
2026-07-27T09:16:05.5075999Z   'test-DBItest.R:3:1' [success]
2026-07-27T09:16:05.5180796Z   'test-DBItest.R:3:1' [success]
2026-07-27T09:16:05.5283019Z   'test-DBItest.R:3:1' [success]
2026-07-27T09:16:05.5302054Z End test: DBItest[duckdb.dev]: Metadata: bind_date_integer
2026-07-27T09:16:05.5302639Z 
2026-07-27T09:16:05.5317539Z Start test: DBItest[duckdb.dev]: Metadata: bind_timestamp
2026-07-27T09:16:05.5492377Z   'test-DBItest.R:3:1' [success]
2026-07-27T09:16:05.5668905Z   'test-DBItest.R:3:1' [success]
2026-07-27T09:16:05.5790026Z   'test-DBItest.R:3:1' [success]
2026-07-27T09:16:05.5906153Z   'test-DBItest.R:3:1' [success]
2026-07-27T09:16:05.6023186Z   'test-DBItest.R:3:1' [success]
2026-07-27T09:16:05.6138449Z   'test-DBItest.R:3:1' [success]
2026-07-27T09:16:05.6257618Z   'test-DBItest.R:3:1' [success]
2026-07-27T09:16:05.6362135Z   'test-DBItest.R:3:1' [success]
2026-07-27T09:16:05.6460567Z   'test-DBItest.R:3:1' [success]
2026-07-27T09:16:05.6479656Z End test: DBItest[duckdb.dev]: Metadata: bind_timestamp
2026-07-27T09:16:05.6480222Z 
2026-07-27T09:16:05.6495216Z Start test: DBItest[duckdb.dev]: Metadata: bind_timestamp_lt
2026-07-27T09:16:05.6673215Z   'test-DBItest.R:3:1' [success]
2026-07-27T09:16:05.6794386Z   'test-DBItest.R:3:1' [success]
2026-07-27T09:16:05.6916734Z   'test-DBItest.R:3:1' [success]
2026-07-27T09:16:05.7039348Z   'test-DBItest.R:3:1' [success]
2026-07-27T09:16:05.7214433Z   'test-DBItest.R:3:1' [success]
2026-07-27T09:16:05.7336522Z   'test-DBItest.R:3:1' [success]
2026-07-27T09:16:05.7457114Z   'test-DBItest.R:3:1' [success]
2026-07-27T09:16:05.7558648Z   'test-DBItest.R:3:1' [success]
2026-07-27T09:16:05.7655151Z   'test-DBItest.R:3:1' [success]
2026-07-27T09:16:05.7674404Z End test: DBItest[duckdb.dev]: Metadata: bind_timestamp_lt
2026-07-27T09:16:05.7674869Z 
2026-07-27T09:16:05.7689003Z Start test: DBItest[duckdb.dev]: Metadata: bind_time_seconds
2026-07-27T09:16:05.7848681Z   'test-DBItest.R:3:1' [success]
2026-07-27T09:16:05.7968500Z   'test-DBItest.R:3:1' [success]
2026-07-27T09:16:05.8087719Z   'test-DBItest.R:3:1' [success]
2026-07-27T09:16:05.8208057Z   'test-DBItest.R:3:1' [success]
2026-07-27T09:16:05.8325373Z   'test-DBItest.R:3:1' [success]
2026-07-27T09:16:05.8445924Z   'test-DBItest.R:3:1' [success]
2026-07-27T09:16:05.8572094Z   'test-DBItest.R:3:1' [success]
2026-07-27T09:16:05.8726234Z   'test-DBItest.R:3:1' [success]
2026-07-27T09:16:05.8830887Z   'test-DBItest.R:3:1' [success]
2026-07-27T09:16:05.8849721Z End test: DBItest[duckdb.dev]: Metadata: bind_time_seconds
2026-07-27T09:16:05.8850360Z 
2026-07-27T09:16:05.8865028Z Start test: DBItest[duckdb.dev]: Metadata: bind_time_hours
2026-07-27T09:16:05.9025361Z   'test-DBItest.R:3:1' [success]
2026-07-27T09:16:05.9144104Z   'test-DBItest.R:3:1' [success]
2026-07-27T09:16:05.9262560Z   'test-DBItest.R:3:1' [success]
2026-07-27T09:16:05.9380716Z   'test-DBItest.R:3:1' [success]
2026-07-27T09:16:05.9498185Z   'test-DBItest.R:3:1' [success]
2026-07-27T09:16:05.9616161Z   'test-DBItest.R:3:1' [success]
2026-07-27T09:16:05.9740288Z   'test-DBItest.R:3:1' [success]
2026-07-27T09:16:05.9843394Z   'test-DBItest.R:3:1' [success]
2026-07-27T09:16:05.9942006Z   'test-DBItest.R:3:1' [success]
2026-07-27T09:16:05.9961278Z End test: DBItest[duckdb.dev]: Metadata: bind_time_hours
2026-07-27T09:16:05.9961873Z 
2026-07-27T09:16:05.9977891Z Start test: DBItest[duckdb.dev]: Metadata: bind_time_minutes_integer
2026-07-27T09:16:06.0145622Z   'test-DBItest.R:3:1' [success]
2026-07-27T09:16:06.0461253Z   'test-DBItest.R:3:1' [success]
2026-07-27T09:16:06.0595850Z   'test-DBItest.R:3:1' [success]
2026-07-27T09:16:06.0715638Z   'test-DBItest.R:3:1' [success]
2026-07-27T09:16:06.0832341Z   'test-DBItest.R:3:1' [success]
2026-07-27T09:16:06.0957007Z   'test-DBItest.R:3:1' [success]
2026-07-27T09:16:06.1088605Z   'test-DBItest.R:3:1' [success]
2026-07-27T09:16:06.1195161Z   'test-DBItest.R:3:1' [success]
2026-07-27T09:16:06.1295926Z   'test-DBItest.R:3:1' [success]
2026-07-27T09:16:06.1315811Z End test: DBItest[duckdb.dev]: Metadata: bind_time_minutes_integer
2026-07-27T09:16:06.1316262Z 
2026-07-27T09:16:06.1333118Z Start test: DBItest[duckdb.dev]: Metadata: bind_raw
2026-07-27T09:16:06.1488355Z   'test-DBItest.R:3:1' [success]
2026-07-27T09:16:06.1611130Z   'test-DBItest.R:3:1' [success]
2026-07-27T09:16:06.1733138Z   'test-DBItest.R:3:1' [success]
2026-07-27T09:16:06.1857040Z   'test-DBItest.R:3:1' [success]
2026-07-27T09:16:06.1978371Z   'test-DBItest.R:3:1' [success]
2026-07-27T09:16:06.2158133Z   'test-DBItest.R:3:1' [success]
2026-07-27T09:16:06.2276732Z   'test-DBItest.R:3:1' [success]
2026-07-27T09:16:06.2375977Z   'test-DBItest.R:3:1' [success]
2026-07-27T09:16:06.2470012Z   'test-DBItest.R:3:1' [success]
2026-07-27T09:16:06.2488565Z End test: DBItest[duckdb.dev]: Metadata: bind_raw
2026-07-27T09:16:06.2488968Z 
2026-07-27T09:16:06.2503736Z Start test: DBItest[duckdb.dev]: Metadata: bind_blob
2026-07-27T09:16:06.2656093Z   'test-DBItest.R:3:1' [success]
2026-07-27T09:16:06.2772909Z   'test-DBItest.R:3:1' [success]
2026-07-27T09:16:06.2888355Z   'test-DBItest.R:3:1' [success]
2026-07-27T09:16:06.3002936Z   'test-DBItest.R:3:1' [success]
2026-07-27T09:16:06.3121774Z   'test-DBItest.R:3:1' [success]
2026-07-27T09:16:06.3238047Z   'test-DBItest.R:3:1' [success]
2026-07-27T09:16:06.3356899Z   'test-DBItest.R:3:1' [success]
2026-07-27T09:16:06.3463718Z   'test-DBItest.R:3:1' [success]
2026-07-27T09:16:06.3613765Z   'test-DBItest.R:3:1' [success]
2026-07-27T09:16:06.3637981Z End test: DBItest[duckdb.dev]: Metadata: bind_blob
2026-07-27T09:16:06.3638455Z 
2026-07-27T09:16:06.3657754Z Start test: DBItest[duckdb.dev]: Metadata: arrow_bind_return_value
2026-07-27T09:16:06.3835546Z   'test-DBItest.R:3:1' [success]
2026-07-27T09:16:06.3950998Z   'test-DBItest.R:3:1' [success]
2026-07-27T09:16:06.4060523Z   'test-DBItest.R:3:1' [success]
2026-07-27T09:16:06.4170839Z   'test-DBItest.R:3:1' [success]
2026-07-27T09:16:06.4286318Z   'test-DBItest.R:3:1' [success]
2026-07-27T09:16:06.4396242Z   'test-DBItest.R:3:1' [success]
2026-07-27T09:16:06.4498789Z   'test-DBItest.R:3:1' [success]
2026-07-27T09:16:06.4616765Z   'test-DBItest.R:3:1' [success]
2026-07-27T09:16:06.4731544Z   'test-DBItest.R:3:1' [success]
2026-07-27T09:16:06.4846286Z   'test-DBItest.R:3:1' [success]
2026-07-27T09:16:06.4965260Z   'test-DBItest.R:3:1' [success]
2026-07-27T09:16:06.5140913Z   'test-DBItest.R:3:1' [success]
2026-07-27T09:16:06.5265506Z   'test-DBItest.R:3:1' [success]
2026-07-27T09:16:06.5365934Z   'test-DBItest.R:3:1' [success]
2026-07-27T09:16:06.5462254Z   'test-DBItest.R:3:1' [success]
2026-07-27T09:16:06.5480587Z End test: DBItest[duckdb.dev]: Metadata: arrow_bind_return_value
2026-07-27T09:16:06.5481064Z 
2026-07-27T09:16:06.5495624Z Start test: DBItest[duckdb.dev]: Metadata: arrow_bind_too_many
2026-07-27T09:16:06.5778551Z   'test-DBItest.R:3:1' [success]
2026-07-27T09:16:06.5876859Z   'test-DBItest.R:3:1' [success]
2026-07-27T09:16:06.5973664Z   'test-DBItest.R:3:1' [success]
2026-07-27T09:16:06.5991674Z End test: DBItest[duckdb.dev]: Metadata: arrow_bind_too_many
2026-07-27T09:16:06.5992355Z 
2026-07-27T09:16:06.6007157Z Start test: DBItest[duckdb.dev]: Metadata: arrow_bind_not_enough
2026-07-27T09:16:06.6301678Z   'test-DBItest.R:3:1' [success]
2026-07-27T09:16:06.6404112Z   'test-DBItest.R:3:1' [success]
2026-07-27T09:16:06.6505420Z   'test-DBItest.R:3:1' [success]
2026-07-27T09:16:06.6524313Z End test: DBItest[duckdb.dev]: Metadata: arrow_bind_not_enough
2026-07-27T09:16:06.6524945Z 
2026-07-27T09:16:06.6540734Z Start test: DBItest[duckdb.dev]: Metadata: arrow_bind_wrong_name
2026-07-27T09:16:06.6714947Z   'test-DBItest.R:3:1' [success]
2026-07-27T09:16:06.6732929Z End test: DBItest[duckdb.dev]: Metadata: arrow_bind_wrong_name
2026-07-27T09:16:06.6733554Z 
2026-07-27T09:16:06.6748576Z Start test: DBItest[duckdb.dev]: Metadata: arrow_bind_named_param_unnamed_placeholders
2026-07-27T09:16:06.6855674Z   'test-DBItest.R:3:1' [success]
2026-07-27T09:16:06.6873363Z End test: DBItest[duckdb.dev]: Metadata: arrow_bind_named_param_unnamed_placeholders
2026-07-27T09:16:06.6874156Z 
2026-07-27T09:16:06.6888167Z Start test: DBItest[duckdb.dev]: Metadata: arrow_bind_named_param_empty_placeholders
2026-07-27T09:16:06.6993968Z   'test-DBItest.R:3:1' [success]
2026-07-27T09:16:06.7011386Z End test: DBItest[duckdb.dev]: Metadata: arrow_bind_named_param_empty_placeholders
2026-07-27T09:16:06.7012165Z 
2026-07-27T09:16:06.7025987Z Start test: DBItest[duckdb.dev]: Metadata: arrow_bind_unnamed_param_named_placeholders
2026-07-27T09:16:06.7203207Z   'test-DBItest.R:3:1' [success]
2026-07-27T09:16:06.7303344Z   'test-DBItest.R:3:1' [success]
2026-07-27T09:16:06.7398780Z   'test-DBItest.R:3:1' [success]
2026-07-27T09:16:06.7417720Z End test: DBItest[duckdb.dev]: Metadata: arrow_bind_unnamed_param_named_placeholders
2026-07-27T09:16:06.7418409Z 
2026-07-27T09:16:06.7432236Z Start test: DBItest[duckdb.dev]: Metadata: arrow_bind_premature_clear
2026-07-27T09:16:06.7602662Z   'test-DBItest.R:3:1' [success]
2026-07-27T09:16:06.7701437Z   'test-DBItest.R:3:1' [success]
2026-07-27T09:16:06.7720221Z End test: DBItest[duckdb.dev]: Metadata: arrow_bind_premature_clear
2026-07-27T09:16:06.7720896Z 
2026-07-27T09:16:06.7735125Z Start test: DBItest[duckdb.dev]: Metadata: arrow_bind_multi_row
2026-07-27T09:16:06.7881723Z   'test-DBItest.R:3:1' [success]
2026-07-27T09:16:06.8002026Z   'test-DBItest.R:3:1' [success]
2026-07-27T09:16:06.8127010Z   'test-DBItest.R:3:1' [success]
2026-07-27T09:16:06.8313772Z   'test-DBItest.R:3:1' [success]
2026-07-27T09:16:06.8434036Z   'test-DBItest.R:3:1' [success]
2026-07-27T09:16:06.8550046Z   'test-DBItest.R:3:1' [success]
2026-07-27T09:16:06.8665371Z   'test-DBItest.R:3:1' [success]
2026-07-27T09:16:06.8764287Z   'test-DBItest.R:3:1' [success]
2026-07-27T09:16:06.8861385Z   'test-DBItest.R:3:1' [success]
2026-07-27T09:16:06.8879689Z End test: DBItest[duckdb.dev]: Metadata: arrow_bind_multi_row
2026-07-27T09:16:06.8880105Z 
2026-07-27T09:16:06.8894963Z Start test: DBItest[duckdb.dev]: Metadata: arrow_bind_multi_row_zero_length
2026-07-27T09:16:06.9027644Z   'test-DBItest.R:3:1' [success]
2026-07-27T09:16:06.9140795Z   'test-DBItest.R:3:1' [success]
2026-07-27T09:16:06.9255283Z   'test-DBItest.R:3:1' [success]
2026-07-27T09:16:06.9369991Z   'test-DBItest.R:3:1' [success]
2026-07-27T09:16:06.9470148Z   'test-DBItest.R:3:1' [success]
2026-07-27T09:16:06.9570868Z   'test-DBItest.R:3:1' [success]
2026-07-27T09:16:06.9590085Z End test: DBItest[duckdb.dev]: Metadata: arrow_bind_multi_row_zero_length
2026-07-27T09:16:06.9590683Z 
2026-07-27T09:16:06.9605288Z Start test: DBItest[duckdb.dev]: Metadata: arrow_bind_repeated
2026-07-27T09:16:06.9800801Z   'test-DBItest.R:3:1' [success]
2026-07-27T09:16:06.9924751Z   'test-DBItest.R:3:1' [success]
2026-07-27T09:16:07.0041537Z   'test-DBItest.R:3:1' [success]
2026-07-27T09:16:07.0155472Z   'test-DBItest.R:3:1' [success]
2026-07-27T09:16:07.0268904Z   'test-DBItest.R:3:1' [success]
2026-07-27T09:16:07.0385320Z   'test-DBItest.R:3:1' [success]
2026-07-27T09:16:07.0502651Z   'test-DBItest.R:3:1' [success]
2026-07-27T09:16:07.0609658Z   'test-DBItest.R:3:1' [success]
2026-07-27T09:16:07.0726781Z   'test-DBItest.R:3:1' [success]
2026-07-27T09:16:07.0842823Z   'test-DBItest.R:3:1' [success]
2026-07-27T09:16:07.0957406Z   'test-DBItest.R:3:1' [success]
2026-07-27T09:16:07.1075079Z   'test-DBItest.R:3:1' [success]
2026-07-27T09:16:07.1195867Z   'test-DBItest.R:3:1' [success]
2026-07-27T09:16:07.1374190Z   'test-DBItest.R:3:1' [success]
2026-07-27T09:16:07.1475853Z   'test-DBItest.R:3:1' [success]
2026-07-27T09:16:07.1571194Z   'test-DBItest.R:3:1' [success]
2026-07-27T09:16:07.1588783Z End test: DBItest[duckdb.dev]: Metadata: arrow_bind_repeated
2026-07-27T09:16:07.1589179Z 
2026-07-27T09:16:07.1603566Z Start test: DBItest[duckdb.dev]: Metadata: arrow_bind_repeated_untouched
2026-07-27T09:16:07.1735594Z   'test-DBItest.R:3:1' [success]
2026-07-27T09:16:07.1852698Z   'test-DBItest.R:3:1' [success]
2026-07-27T09:16:07.1971562Z   'test-DBItest.R:3:1' [success]
2026-07-27T09:16:07.2089436Z   'test-DBItest.R:3:1' [success]
2026-07-27T09:16:07.2210067Z   'test-DBItest.R:3:1' [success]
2026-07-27T09:16:07.2334326Z   'test-DBItest.R:3:1' [success]
2026-07-27T09:16:07.2454682Z   'test-DBItest.R:3:1' [success]
2026-07-27T09:16:07.2558446Z   'test-DBItest.R:3:1' [success]
2026-07-27T09:16:07.2664308Z   'test-DBItest.R:3:1' [success]
2026-07-27T09:16:07.2683125Z End test: DBItest[duckdb.dev]: Metadata: arrow_bind_repeated_untouched
2026-07-27T09:16:07.2683579Z 
2026-07-27T09:16:07.2699650Z Start test: DBItest[duckdb.dev]: Metadata: arrow_bind_named_param_shuffle
2026-07-27T09:16:07.2877197Z   'test-DBItest.R:3:1' [success]
2026-07-27T09:16:07.2895631Z End test: DBItest[duckdb.dev]: Metadata: arrow_bind_named_param_shuffle
2026-07-27T09:16:07.2896099Z 
2026-07-27T09:16:07.2911557Z Start test: DBItest[duckdb.dev]: Metadata: arrow_bind_integer
2026-07-27T09:16:07.3067023Z   'test-DBItest.R:3:1' [success]
2026-07-27T09:16:07.3188793Z   'test-DBItest.R:3:1' [success]
2026-07-27T09:16:07.3305634Z   'test-DBItest.R:3:1' [success]
2026-07-27T09:16:07.3421739Z   'test-DBItest.R:3:1' [success]
2026-07-27T09:16:07.3538166Z   'test-DBItest.R:3:1' [success]
2026-07-27T09:16:07.3654864Z   'test-DBItest.R:3:1' [success]
2026-07-27T09:16:07.3775779Z   'test-DBItest.R:3:1' [success]
2026-07-27T09:16:07.3878124Z   'test-DBItest.R:3:1' [success]
2026-07-27T09:16:07.3974284Z   'test-DBItest.R:3:1' [success]
2026-07-27T09:16:07.3992800Z End test: DBItest[duckdb.dev]: Metadata: arrow_bind_integer
2026-07-27T09:16:07.3993242Z 
2026-07-27T09:16:07.4007674Z Start test: DBItest[duckdb.dev]: Metadata: arrow_bind_numeric
2026-07-27T09:16:07.4164118Z   'test-DBItest.R:3:1' [success]
2026-07-27T09:16:07.4291029Z   'test-DBItest.R:3:1' [success]
2026-07-27T09:16:07.4476831Z   'test-DBItest.R:3:1' [success]
2026-07-27T09:16:07.4598949Z   'test-DBItest.R:3:1' [success]
2026-07-27T09:16:07.4717194Z   'test-DBItest.R:3:1' [success]
2026-07-27T09:16:07.4834825Z   'test-DBItest.R:3:1' [success]
2026-07-27T09:16:07.4951980Z   'test-DBItest.R:3:1' [success]
2026-07-27T09:16:07.5056216Z   'test-DBItest.R:3:1' [success]
2026-07-27T09:16:07.5166529Z   'test-DBItest.R:3:1' [success]
2026-07-27T09:16:07.5189596Z End test: DBItest[duckdb.dev]: Metadata: arrow_bind_numeric
2026-07-27T09:16:07.5190066Z 
2026-07-27T09:16:07.5205577Z Start test: DBItest[duckdb.dev]: Metadata: arrow_bind_logical
2026-07-27T09:16:07.5354628Z   'test-DBItest.R:3:1' [success]
2026-07-27T09:16:07.5474912Z   'test-DBItest.R:3:1' [success]
2026-07-27T09:16:07.5594726Z   'test-DBItest.R:3:1' [success]
2026-07-27T09:16:07.5718573Z   'test-DBItest.R:3:1' [success]
2026-07-27T09:16:07.5846929Z   'test-DBItest.R:3:1' [success]
2026-07-27T09:16:07.6037064Z   'test-DBItest.R:3:1' [success]
2026-07-27T09:16:07.6169594Z   'test-DBItest.R:3:1' [success]
2026-07-27T09:16:07.6271782Z   'test-DBItest.R:3:1' [success]
2026-07-27T09:16:07.6368947Z   'test-DBItest.R:3:1' [success]
2026-07-27T09:16:07.6387502Z End test: DBItest[duckdb.dev]: Metadata: arrow_bind_logical
2026-07-27T09:16:07.6388234Z 
2026-07-27T09:16:07.6402936Z Start test: DBItest[duckdb.dev]: Metadata: arrow_bind_character
2026-07-27T09:16:07.6568649Z   'test-DBItest.R:3:1' [success]
2026-07-27T09:16:07.6731271Z   'test-DBItest.R:3:1' [success]
2026-07-27T09:16:07.6869058Z   'test-DBItest.R:3:1' [success]
2026-07-27T09:16:07.7052760Z   'test-DBItest.R:3:1' [success]
2026-07-27T09:16:07.7190883Z   'test-DBItest.R:3:1' [success]
2026-07-27T09:16:07.7328275Z   'test-DBItest.R:3:1' [success]
2026-07-27T09:16:07.7467928Z   'test-DBItest.R:3:1' [success]
2026-07-27T09:16:07.7592049Z   'test-DBItest.R:3:1' [success]
2026-07-27T09:16:07.7709858Z   'test-DBItest.R:3:1' [success]
2026-07-27T09:16:07.7731074Z End test: DBItest[duckdb.dev]: Metadata: arrow_bind_character
2026-07-27T09:16:07.7731573Z 
2026-07-27T09:16:07.7811088Z Start test: DBItest[duckdb.dev]: Metadata: arrow_bind_character_escape
2026-07-27T09:16:07.8012410Z   'test-DBItest.R:3:1' [success]
2026-07-27T09:16:07.8137527Z   'test-DBItest.R:3:1' [success]
2026-07-27T09:16:07.8259667Z   'test-DBItest.R:3:1' [success]
2026-07-27T09:16:07.8381749Z   'test-DBItest.R:3:1' [success]
2026-07-27T09:16:07.8506612Z   'test-DBItest.R:3:1' [success]
2026-07-27T09:16:07.8630311Z   'test-DBItest.R:3:1' [success]
2026-07-27T09:16:07.8759894Z   'test-DBItest.R:3:1' [success]
2026-07-27T09:16:07.8869062Z   'test-DBItest.R:3:1' [success]
2026-07-27T09:16:07.8971799Z   'test-DBItest.R:3:1' [success]
2026-07-27T09:16:07.8991196Z End test: DBItest[duckdb.dev]: Metadata: arrow_bind_character_escape
2026-07-27T09:16:07.8991656Z 
2026-07-27T09:16:07.9007228Z Start test: DBItest[duckdb.dev]: Metadata: arrow_bind_date
2026-07-27T09:16:07.9188787Z   'test-DBItest.R:3:1' [success]
2026-07-27T09:16:07.9320431Z   'test-DBItest.R:3:1' [success]
2026-07-27T09:16:07.9515102Z   'test-DBItest.R:3:1' [success]
2026-07-27T09:16:07.9641635Z   'test-DBItest.R:3:1' [success]
2026-07-27T09:16:07.9762700Z   'test-DBItest.R:3:1' [success]
2026-07-27T09:16:07.9881886Z   'test-DBItest.R:3:1' [success]
2026-07-27T09:16:08.0005047Z   'test-DBItest.R:3:1' [success]
2026-07-27T09:16:08.0110021Z   'test-DBItest.R:3:1' [success]
2026-07-27T09:16:08.0210593Z   'test-DBItest.R:3:1' [success]
2026-07-27T09:16:08.0229845Z End test: DBItest[duckdb.dev]: Metadata: arrow_bind_date
2026-07-27T09:16:08.0230258Z 
2026-07-27T09:16:08.0246011Z Start test: DBItest[duckdb.dev]: Metadata: arrow_bind_date_integer
2026-07-27T09:16:08.0422267Z   'test-DBItest.R:3:1' [success]
2026-07-27T09:16:08.0550318Z   'test-DBItest.R:3:1' [success]
2026-07-27T09:16:08.0678196Z   'test-DBItest.R:3:1' [success]
2026-07-27T09:16:08.0806213Z   'test-DBItest.R:3:1' [success]
2026-07-27T09:16:08.0936260Z   'test-DBItest.R:3:1' [success]
2026-07-27T09:16:08.1138706Z   'test-DBItest.R:3:1' [success]
2026-07-27T09:16:08.1273302Z   'test-DBItest.R:3:1' [success]
2026-07-27T09:16:08.1380236Z   'test-DBItest.R:3:1' [success]
2026-07-27T09:16:08.1479752Z   'test-DBItest.R:3:1' [success]
2026-07-27T09:16:08.1499308Z End test: DBItest[duckdb.dev]: Metadata: arrow_bind_date_integer
2026-07-27T09:16:08.1499823Z 
2026-07-27T09:16:08.1514903Z Start test: DBItest[duckdb.dev]: Metadata: arrow_bind_timestamp
2026-07-27T09:16:08.1684396Z   'test-DBItest.R:3:1' [success]
2026-07-27T09:16:08.1808639Z   'test-DBItest.R:3:1' [success]
2026-07-27T09:16:08.1933600Z   'test-DBItest.R:3:1' [success]
2026-07-27T09:16:08.2056423Z   'test-DBItest.R:3:1' [success]
2026-07-27T09:16:08.2182575Z   'test-DBItest.R:3:1' [success]
2026-07-27T09:16:08.2304995Z   'test-DBItest.R:3:1' [success]
2026-07-27T09:16:08.2428286Z   'test-DBItest.R:3:1' [success]
2026-07-27T09:16:08.2537962Z   'test-DBItest.R:3:1' [success]
2026-07-27T09:16:08.2696191Z   'test-DBItest.R:3:1' [success]
2026-07-27T09:16:08.2721060Z End test: DBItest[duckdb.dev]: Metadata: arrow_bind_timestamp
2026-07-27T09:16:08.2721470Z 
2026-07-27T09:16:08.2742534Z Start test: DBItest[duckdb.dev]: Metadata: arrow_bind_timestamp_lt
2026-07-27T09:16:08.2916878Z   'test-DBItest.R:3:1' [success]
2026-07-27T09:16:08.3040199Z   'test-DBItest.R:3:1' [success]
2026-07-27T09:16:08.3164802Z   'test-DBItest.R:3:1' [success]
2026-07-27T09:16:08.3286253Z   'test-DBItest.R:3:1' [success]
2026-07-27T09:16:08.3408952Z   'test-DBItest.R:3:1' [success]
2026-07-27T09:16:08.3528814Z   'test-DBItest.R:3:1' [success]
2026-07-27T09:16:08.3650348Z   'test-DBItest.R:3:1' [success]
2026-07-27T09:16:08.3759130Z   'test-DBItest.R:3:1' [success]
2026-07-27T09:16:08.3860993Z   'test-DBItest.R:3:1' [success]
2026-07-27T09:16:08.3880332Z End test: DBItest[duckdb.dev]: Metadata: arrow_bind_timestamp_lt
2026-07-27T09:16:08.3880811Z 
2026-07-27T09:16:08.3896523Z Start test: DBItest[duckdb.dev]: Metadata: arrow_bind_time_seconds
2026-07-27T09:16:08.4071500Z   'test-DBItest.R:3:1' [success]
2026-07-27T09:16:08.4204538Z   'test-DBItest.R:3:1' [success]
2026-07-27T09:16:08.4401809Z   'test-DBItest.R:3:1' [success]
2026-07-27T09:16:08.4531123Z   'test-DBItest.R:3:1' [success]
2026-07-27T09:16:08.4652298Z   'test-DBItest.R:3:1' [success]
2026-07-27T09:16:08.4771756Z   'test-DBItest.R:3:1' [success]
2026-07-27T09:16:08.4893844Z   'test-DBItest.R:3:1' [success]
2026-07-27T09:16:08.4995312Z   'test-DBItest.R:3:1' [success]
2026-07-27T09:16:08.5092449Z   'test-DBItest.R:3:1' [success]
2026-07-27T09:16:08.5110992Z End test: DBItest[duckdb.dev]: Metadata: arrow_bind_time_seconds
2026-07-27T09:16:08.5111430Z 
2026-07-27T09:16:08.5126296Z Start test: DBItest[duckdb.dev]: Metadata: arrow_bind_time_hours
2026-07-27T09:16:08.5298122Z   'test-DBItest.R:3:1' [success]
2026-07-27T09:16:08.5427621Z   'test-DBItest.R:3:1' [success]
2026-07-27T09:16:08.5548036Z   'test-DBItest.R:3:1' [success]
2026-07-27T09:16:08.5666874Z   'test-DBItest.R:3:1' [success]
2026-07-27T09:16:08.5794024Z   'test-DBItest.R:3:1' [success]
2026-07-27T09:16:08.6001948Z   'test-DBItest.R:3:1' [success]
2026-07-27T09:16:08.6133296Z   'test-DBItest.R:3:1' [success]
2026-07-27T09:16:08.6244368Z   'test-DBItest.R:3:1' [success]
2026-07-27T09:16:08.6348686Z   'test-DBItest.R:3:1' [success]
2026-07-27T09:16:08.6368115Z End test: DBItest[duckdb.dev]: Metadata: arrow_bind_time_hours
2026-07-27T09:16:08.6368610Z 
2026-07-27T09:16:08.6383879Z Start test: DBItest[duckdb.dev]: Metadata: arrow_bind_time_minutes_integer
2026-07-27T09:16:08.6556812Z   'test-DBItest.R:3:1' [success]
2026-07-27T09:16:08.6694768Z   'test-DBItest.R:3:1' [success]
2026-07-27T09:16:08.6824247Z   'test-DBItest.R:3:1' [success]
2026-07-27T09:16:08.6955620Z   'test-DBItest.R:3:1' [success]
2026-07-27T09:16:08.7086174Z   'test-DBItest.R:3:1' [success]
2026-07-27T09:16:08.7214762Z   'test-DBItest.R:3:1' [success]
2026-07-27T09:16:08.7347203Z   'test-DBItest.R:3:1' [success]
2026-07-27T09:16:08.7463252Z   'test-DBItest.R:3:1' [success]
2026-07-27T09:16:08.7636820Z   'test-DBItest.R:3:1' [success]
2026-07-27T09:16:08.7663893Z End test: DBItest[duckdb.dev]: Metadata: arrow_bind_time_minutes_integer
2026-07-27T09:16:08.7664381Z 
2026-07-27T09:16:08.7680786Z Start test: DBItest[duckdb.dev]: Metadata: arrow_bind_raw
2026-07-27T09:16:08.7845904Z   'test-DBItest.R:3:1' [success]
2026-07-27T09:16:08.7975628Z   'test-DBItest.R:3:1' [success]
2026-07-27T09:16:08.8102375Z   'test-DBItest.R:3:1' [success]
2026-07-27T09:16:08.8226391Z   'test-DBItest.R:3:1' [success]
2026-07-27T09:16:08.8351873Z   'test-DBItest.R:3:1' [success]
2026-07-27T09:16:08.8479289Z   'test-DBItest.R:3:1' [success]
2026-07-27T09:16:08.8606452Z   'test-DBItest.R:3:1' [success]
2026-07-27T09:16:08.8716843Z   'test-DBItest.R:3:1' [success]
2026-07-27T09:16:08.8820216Z   'test-DBItest.R:3:1' [success]
2026-07-27T09:16:08.8839332Z End test: DBItest[duckdb.dev]: Metadata: arrow_bind_raw
2026-07-27T09:16:08.8839703Z 
2026-07-27T09:16:08.8855490Z Start test: DBItest[duckdb.dev]: Metadata: arrow_bind_blob
2026-07-27T09:16:08.9020153Z   'test-DBItest.R:3:1' [success]
2026-07-27T09:16:08.9151525Z   'test-DBItest.R:3:1' [success]
2026-07-27T09:16:08.9351994Z   'test-DBItest.R:3:1' [success]
2026-07-27T09:16:08.9484641Z   'test-DBItest.R:3:1' [success]
2026-07-27T09:16:08.9613207Z   'test-DBItest.R:3:1' [success]
2026-07-27T09:16:08.9742341Z   'test-DBItest.R:3:1' [success]
2026-07-27T09:16:08.9873291Z   'test-DBItest.R:3:1' [success]
2026-07-27T09:16:08.9982371Z   'test-DBItest.R:3:1' [success]
2026-07-27T09:16:09.0085774Z   'test-DBItest.R:3:1' [success]
2026-07-27T09:16:09.0106693Z End test: DBItest[duckdb.dev]: Metadata: arrow_bind_blob
2026-07-27T09:16:09.0107472Z 
2026-07-27T09:16:09.0123351Z Start test: DBItest[duckdb.dev]: Metadata: stream_bind_return_value
2026-07-27T09:16:09.0315091Z   'test-DBItest.R:3:1' [success]
2026-07-27T09:16:09.0440586Z   'test-DBItest.R:3:1' [success]
2026-07-27T09:16:09.0561827Z   'test-DBItest.R:3:1' [success]
2026-07-27T09:16:09.0687681Z   'test-DBItest.R:3:1' [success]
2026-07-27T09:16:09.0831262Z   'test-DBItest.R:3:1' [success]
2026-07-27T09:16:09.1026967Z   'test-DBItest.R:3:1' [success]
2026-07-27T09:16:09.1133306Z   'test-DBItest.R:3:1' [success]
2026-07-27T09:16:09.1256881Z   'test-DBItest.R:3:1' [success]
2026-07-27T09:16:09.1378333Z   'test-DBItest.R:3:1' [success]
2026-07-27T09:16:09.1498465Z   'test-DBItest.R:3:1' [success]
2026-07-27T09:16:09.1619362Z   'test-DBItest.R:3:1' [success]
2026-07-27T09:16:09.1741998Z   'test-DBItest.R:3:1' [success]
2026-07-27T09:16:09.1864730Z   'test-DBItest.R:3:1' [success]
2026-07-27T09:16:09.1972590Z   'test-DBItest.R:3:1' [success]
2026-07-27T09:16:09.2073312Z   'test-DBItest.R:3:1' [success]
2026-07-27T09:16:09.2092890Z End test: DBItest[duckdb.dev]: Metadata: stream_bind_return_value
2026-07-27T09:16:09.2093344Z 
2026-07-27T09:16:09.2109159Z Start test: DBItest[duckdb.dev]: Metadata: stream_bind_too_many
2026-07-27T09:16:09.2308401Z   'test-DBItest.R:3:1' [success]
2026-07-27T09:16:09.2417033Z   'test-DBItest.R:3:1' [success]
2026-07-27T09:16:09.2580328Z   'test-DBItest.R:3:1' [success]
2026-07-27T09:16:09.2599578Z End test: DBItest[duckdb.dev]: Metadata: stream_bind_too_many
2026-07-27T09:16:09.2600007Z 
2026-07-27T09:16:09.2616382Z Start test: DBItest[duckdb.dev]: Metadata: stream_bind_not_enough
2026-07-27T09:16:09.2926967Z   'test-DBItest.R:3:1' [success]
2026-07-27T09:16:09.3028420Z   'test-DBItest.R:3:1' [success]
2026-07-27T09:16:09.3127526Z   'test-DBItest.R:3:1' [success]
2026-07-27T09:16:09.3145934Z End test: DBItest[duckdb.dev]: Metadata: stream_bind_not_enough
2026-07-27T09:16:09.3146405Z 
2026-07-27T09:16:09.3161280Z Start test: DBItest[duckdb.dev]: Metadata: stream_bind_wrong_name
2026-07-27T09:16:09.3272434Z   'test-DBItest.R:3:1' [success]
2026-07-27T09:16:09.3290247Z End test: DBItest[duckdb.dev]: Metadata: stream_bind_wrong_name
2026-07-27T09:16:09.3290662Z 
2026-07-27T09:16:09.3305453Z Start test: DBItest[duckdb.dev]: Metadata: stream_bind_named_param_unnamed_placeholders
2026-07-27T09:16:09.3413929Z   'test-DBItest.R:3:1' [success]
2026-07-27T09:16:09.3433002Z End test: DBItest[duckdb.dev]: Metadata: stream_bind_named_param_unnamed_placeholders
2026-07-27T09:16:09.3433601Z 
2026-07-27T09:16:09.3447805Z Start test: DBItest[duckdb.dev]: Metadata: stream_bind_named_param_empty_placeholders
2026-07-27T09:16:09.3559536Z   'test-DBItest.R:3:1' [success]
2026-07-27T09:16:09.3578040Z End test: DBItest[duckdb.dev]: Metadata: stream_bind_named_param_empty_placeholders
2026-07-27T09:16:09.3578968Z 
2026-07-27T09:16:09.3593848Z Start test: DBItest[duckdb.dev]: Metadata: stream_bind_named_param_na_placeholders
2026-07-27T09:16:09.3703646Z   'test-DBItest.R:3:1' [success]
2026-07-27T09:16:09.3722636Z End test: DBItest[duckdb.dev]: Metadata: stream_bind_named_param_na_placeholders
2026-07-27T09:16:09.3723117Z 
2026-07-27T09:16:09.3739800Z Start test: DBItest[duckdb.dev]: Metadata: stream_bind_unnamed_param_named_placeholders
2026-07-27T09:16:09.3940415Z   'test-DBItest.R:3:1' [success]
2026-07-27T09:16:09.4187805Z   'test-DBItest.R:3:1' [success]
2026-07-27T09:16:09.4299285Z   'test-DBItest.R:3:1' [success]
2026-07-27T09:16:09.4319681Z End test: DBItest[duckdb.dev]: Metadata: stream_bind_unnamed_param_named_placeholders
2026-07-27T09:16:09.4320380Z 
2026-07-27T09:16:09.4336560Z Start test: DBItest[duckdb.dev]: Metadata: stream_bind_premature_clear
2026-07-27T09:16:09.4520563Z   'test-DBItest.R:3:1' [success]
2026-07-27T09:16:09.4617148Z   'test-DBItest.R:3:1' [success]
2026-07-27T09:16:09.4636423Z End test: DBItest[duckdb.dev]: Metadata: stream_bind_premature_clear
2026-07-27T09:16:09.4637672Z 
2026-07-27T09:16:09.4652972Z Start test: DBItest[duckdb.dev]: Metadata: stream_bind_multi_row
2026-07-27T09:16:09.4802291Z   'test-DBItest.R:3:1' [success]
2026-07-27T09:16:09.4925649Z   'test-DBItest.R:3:1' [success]
2026-07-27T09:16:09.5047670Z   'test-DBItest.R:3:1' [success]
2026-07-27T09:16:09.5167180Z   'test-DBItest.R:3:1' [success]
2026-07-27T09:16:09.5292453Z   'test-DBItest.R:3:1' [success]
2026-07-27T09:16:09.5411761Z   'test-DBItest.R:3:1' [success]
2026-07-27T09:16:09.5533712Z   'test-DBItest.R:3:1' [success]
2026-07-27T09:16:09.5646572Z   'test-DBItest.R:3:1' [success]
2026-07-27T09:16:09.5834921Z   'test-DBItest.R:3:1' [success]
2026-07-27T09:16:09.5858934Z End test: DBItest[duckdb.dev]: Metadata: stream_bind_multi_row
2026-07-27T09:16:09.5859451Z 
2026-07-27T09:16:09.5876231Z Start test: DBItest[duckdb.dev]: Metadata: stream_bind_multi_row_zero_length
2026-07-27T09:16:09.6025666Z   'test-DBItest.R:3:1' [success]
2026-07-27T09:16:09.6148379Z   'test-DBItest.R:3:1' [success]
2026-07-27T09:16:09.6269497Z   'test-DBItest.R:3:1' [success]
2026-07-27T09:16:09.6388304Z   'test-DBItest.R:3:1' [success]
2026-07-27T09:16:09.6490908Z   'test-DBItest.R:3:1' [success]
2026-07-27T09:16:09.6588628Z   'test-DBItest.R:3:1' [success]
2026-07-27T09:16:09.6607906Z End test: DBItest[duckdb.dev]: Metadata: stream_bind_multi_row_zero_length
2026-07-27T09:16:09.6608461Z 
2026-07-27T09:16:09.6624020Z Start test: DBItest[duckdb.dev]: Metadata: stream_bind_repeated
2026-07-27T09:16:09.6768881Z   'test-DBItest.R:3:1' [success]
2026-07-27T09:16:09.6894417Z   'test-DBItest.R:3:1' [success]
2026-07-27T09:16:09.7015401Z   'test-DBItest.R:3:1' [success]
2026-07-27T09:16:09.7135750Z   'test-DBItest.R:3:1' [success]
2026-07-27T09:16:09.7260288Z   'test-DBItest.R:3:1' [success]
2026-07-27T09:16:09.7459688Z   'test-DBItest.R:3:1' [success]
2026-07-27T09:16:09.7596254Z   'test-DBItest.R:3:1' [success]
2026-07-27T09:16:09.7712067Z   'test-DBItest.R:3:1' [success]
2026-07-27T09:16:09.7833802Z   'test-DBItest.R:3:1' [success]
2026-07-27T09:16:09.7953080Z   'test-DBItest.R:3:1' [success]
2026-07-27T09:16:09.8069799Z   'test-DBItest.R:3:1' [success]
2026-07-27T09:16:09.8186535Z   'test-DBItest.R:3:1' [success]
2026-07-27T09:16:09.8304071Z   'test-DBItest.R:3:1' [success]
2026-07-27T09:16:09.8424380Z   'test-DBItest.R:3:1' [success]
2026-07-27T09:16:09.8529370Z   'test-DBItest.R:3:1' [success]
2026-07-27T09:16:09.8630453Z   'test-DBItest.R:3:1' [success]
2026-07-27T09:16:09.8650583Z End test: DBItest[duckdb.dev]: Metadata: stream_bind_repeated
2026-07-27T09:16:09.8651038Z 
2026-07-27T09:16:09.8667785Z Start test: DBItest[duckdb.dev]: Metadata: stream_bind_repeated_untouched
2026-07-27T09:16:09.8820749Z   'test-DBItest.R:3:1' [success]
2026-07-27T09:16:09.8998483Z   'test-DBItest.R:3:1' [success]
2026-07-27T09:16:09.9153976Z   'test-DBItest.R:3:1' [success]
2026-07-27T09:16:09.9277112Z   'test-DBItest.R:3:1' [success]
2026-07-27T09:16:09.9397638Z   'test-DBItest.R:3:1' [success]
2026-07-27T09:16:09.9515896Z   'test-DBItest.R:3:1' [success]
2026-07-27T09:16:09.9635614Z   'test-DBItest.R:3:1' [success]
2026-07-27T09:16:09.9742247Z   'test-DBItest.R:3:1' [success]
2026-07-27T09:16:09.9841919Z   'test-DBItest.R:3:1' [success]
2026-07-27T09:16:09.9860930Z End test: DBItest[duckdb.dev]: Metadata: stream_bind_repeated_untouched
2026-07-27T09:16:09.9861456Z 
2026-07-27T09:16:09.9876963Z Start test: DBItest[duckdb.dev]: Metadata: stream_bind_named_param_shuffle
2026-07-27T09:16:09.9985473Z   'test-DBItest.R:3:1' [success]
2026-07-27T09:16:10.0003846Z End test: DBItest[duckdb.dev]: Metadata: stream_bind_named_param_shuffle
2026-07-27T09:16:10.0004392Z 
2026-07-27T09:16:10.0020031Z Start test: DBItest[duckdb.dev]: Metadata: stream_bind_integer
2026-07-27T09:16:10.0180019Z   'test-DBItest.R:3:1' [success]
2026-07-27T09:16:10.0305526Z   'test-DBItest.R:3:1' [success]
2026-07-27T09:16:10.0431330Z   'test-DBItest.R:3:1' [success]
2026-07-27T09:16:10.0557152Z   'test-DBItest.R:3:1' [success]
2026-07-27T09:16:10.0767605Z   'test-DBItest.R:3:1' [success]
2026-07-27T09:16:10.0890661Z   'test-DBItest.R:3:1' [success]
2026-07-27T09:16:10.1012721Z   'test-DBItest.R:3:1' [success]
2026-07-27T09:16:10.1115808Z   'test-DBItest.R:3:1' [success]
2026-07-27T09:16:10.1213891Z   'test-DBItest.R:3:1' [success]
2026-07-27T09:16:10.1233061Z End test: DBItest[duckdb.dev]: Metadata: stream_bind_integer
2026-07-27T09:16:10.1233503Z 
2026-07-27T09:16:10.1250012Z Start test: DBItest[duckdb.dev]: Metadata: stream_bind_numeric
2026-07-27T09:16:10.1409233Z   'test-DBItest.R:3:1' [success]
2026-07-27T09:16:10.1531565Z   'test-DBItest.R:3:1' [success]
2026-07-27T09:16:10.1654286Z   'test-DBItest.R:3:1' [success]
2026-07-27T09:16:10.1777166Z   'test-DBItest.R:3:1' [success]
2026-07-27T09:16:10.1894702Z   'test-DBItest.R:3:1' [success]
2026-07-27T09:16:10.2016219Z   'test-DBItest.R:3:1' [success]
2026-07-27T09:16:10.2140313Z   'test-DBItest.R:3:1' [success]
2026-07-27T09:16:10.2329240Z   'test-DBItest.R:3:1' [success]
2026-07-27T09:16:10.2432384Z   'test-DBItest.R:3:1' [success]
2026-07-27T09:16:10.2450451Z End test: DBItest[duckdb.dev]: Metadata: stream_bind_numeric
2026-07-27T09:16:10.2450862Z 
2026-07-27T09:16:10.2466178Z Start test: DBItest[duckdb.dev]: Metadata: stream_bind_logical
2026-07-27T09:16:10.2618361Z   'test-DBItest.R:3:1' [success]
2026-07-27T09:16:10.2736697Z   'test-DBItest.R:3:1' [success]
2026-07-27T09:16:10.2852620Z   'test-DBItest.R:3:1' [success]
2026-07-27T09:16:10.2967366Z   'test-DBItest.R:3:1' [success]
2026-07-27T09:16:10.3084401Z   'test-DBItest.R:3:1' [success]
2026-07-27T09:16:10.3205453Z   'test-DBItest.R:3:1' [success]
2026-07-27T09:16:10.3328816Z   'test-DBItest.R:3:1' [success]
2026-07-27T09:16:10.3432546Z   'test-DBItest.R:3:1' [success]
2026-07-27T09:16:10.3534319Z   'test-DBItest.R:3:1' [success]
2026-07-27T09:16:10.3554007Z End test: DBItest[duckdb.dev]: Metadata: stream_bind_logical
2026-07-27T09:16:10.3554483Z 
2026-07-27T09:16:10.3571150Z Start test: DBItest[duckdb.dev]: Metadata: stream_bind_character
2026-07-27T09:16:10.3754400Z   'test-DBItest.R:3:1' [success]
2026-07-27T09:16:10.3962274Z   'test-DBItest.R:3:1' [success]
2026-07-27T09:16:10.4086260Z   'test-DBItest.R:3:1' [success]
2026-07-27T09:16:10.4203502Z   'test-DBItest.R:3:1' [success]
2026-07-27T09:16:10.4320640Z   'test-DBItest.R:3:1' [success]
2026-07-27T09:16:10.4437629Z   'test-DBItest.R:3:1' [success]
2026-07-27T09:16:10.4560244Z   'test-DBItest.R:3:1' [success]
2026-07-27T09:16:10.4665022Z   'test-DBItest.R:3:1' [success]
2026-07-27T09:16:10.4765537Z   'test-DBItest.R:3:1' [success]
2026-07-27T09:16:10.4784648Z End test: DBItest[duckdb.dev]: Metadata: stream_bind_character
2026-07-27T09:16:10.4785091Z 
2026-07-27T09:16:10.4801250Z Start test: DBItest[duckdb.dev]: Metadata: stream_bind_character_escape
2026-07-27T09:16:10.4996332Z   'test-DBItest.R:3:1' [success]
2026-07-27T09:16:10.5118973Z   'test-DBItest.R:3:1' [success]
2026-07-27T09:16:10.5244551Z   'test-DBItest.R:3:1' [success]
2026-07-27T09:16:10.5372164Z   'test-DBItest.R:3:1' [success]
2026-07-27T09:16:10.5579735Z   'test-DBItest.R:3:1' [success]
2026-07-27T09:16:10.5703319Z   'test-DBItest.R:3:1' [success]
2026-07-27T09:16:10.5827905Z   'test-DBItest.R:3:1' [success]
2026-07-27T09:16:10.5928794Z   'test-DBItest.R:3:1' [success]
2026-07-27T09:16:10.6027133Z   'test-DBItest.R:3:1' [success]
2026-07-27T09:16:10.6046156Z End test: DBItest[duckdb.dev]: Metadata: stream_bind_character_escape
2026-07-27T09:16:10.6046597Z 
2026-07-27T09:16:10.6062501Z Start test: DBItest[duckdb.dev]: Metadata: stream_bind_factor
2026-07-27T09:16:10.6287518Z   'test-DBItest.R:3:1' [success]
2026-07-27T09:16:10.6417516Z   'test-DBItest.R:3:1' [success]
2026-07-27T09:16:10.6543490Z   'test-DBItest.R:3:1' [success]
2026-07-27T09:16:10.6666135Z   'test-DBItest.R:3:1' [success]
2026-07-27T09:16:10.6786807Z   'test-DBItest.R:3:1' [success]
2026-07-27T09:16:10.6911900Z   'test-DBItest.R:3:1' [success]
2026-07-27T09:16:10.7116667Z   'test-DBItest.R:3:1' [success]
2026-07-27T09:16:10.7237968Z   'test-DBItest.R:3:1' [success]
2026-07-27T09:16:10.7338713Z   'test-DBItest.R:3:1' [success]
2026-07-27T09:16:10.7357949Z End test: DBItest[duckdb.dev]: Metadata: stream_bind_factor
2026-07-27T09:16:10.7358400Z 
2026-07-27T09:16:10.7373884Z Start test: DBItest[duckdb.dev]: Metadata: stream_bind_date
2026-07-27T09:16:10.7556322Z   'test-DBItest.R:3:1' [success]
2026-07-27T09:16:10.7673346Z   'test-DBItest.R:3:1' [success]
2026-07-27T09:16:10.7789245Z   'test-DBItest.R:3:1' [success]
2026-07-27T09:16:10.7905558Z   'test-DBItest.R:3:1' [success]
2026-07-27T09:16:10.8022833Z   'test-DBItest.R:3:1' [success]
2026-07-27T09:16:10.8145144Z   'test-DBItest.R:3:1' [success]
2026-07-27T09:16:10.8265967Z   'test-DBItest.R:3:1' [success]
2026-07-27T09:16:10.8372085Z   'test-DBItest.R:3:1' [success]
2026-07-27T09:16:10.8477444Z   'test-DBItest.R:3:1' [success]
2026-07-27T09:16:10.8496851Z End test: DBItest[duckdb.dev]: Metadata: stream_bind_date
2026-07-27T09:16:10.8497639Z 
2026-07-27T09:16:10.8513030Z Start test: DBItest[duckdb.dev]: Metadata: stream_bind_date_integer
2026-07-27T09:16:10.8783087Z   'test-DBItest.R:3:1' [success]
2026-07-27T09:16:10.8906584Z   'test-DBItest.R:3:1' [success]
2026-07-27T09:16:10.9024924Z   'test-DBItest.R:3:1' [success]
2026-07-27T09:16:10.9141199Z   'test-DBItest.R:3:1' [success]
2026-07-27T09:16:10.9257812Z   'test-DBItest.R:3:1' [success]
2026-07-27T09:16:10.9377139Z   'test-DBItest.R:3:1' [success]
2026-07-27T09:16:10.9497273Z   'test-DBItest.R:3:1' [success]
2026-07-27T09:16:10.9600922Z   'test-DBItest.R:3:1' [success]
2026-07-27T09:16:10.9706079Z   'test-DBItest.R:3:1' [success]
2026-07-27T09:16:10.9724911Z End test: DBItest[duckdb.dev]: Metadata: stream_bind_date_integer
2026-07-27T09:16:10.9725566Z 
2026-07-27T09:16:10.9740840Z Start test: DBItest[duckdb.dev]: Metadata: stream_bind_timestamp
2026-07-27T09:16:10.9922394Z   'test-DBItest.R:3:1' [success]
2026-07-27T09:16:11.0045299Z   'test-DBItest.R:3:1' [success]
2026-07-27T09:16:11.0170021Z   'test-DBItest.R:3:1' [success]
2026-07-27T09:16:11.0387091Z   'test-DBItest.R:3:1' [success]
2026-07-27T09:16:11.0559124Z   'test-DBItest.R:3:1' [success]
2026-07-27T09:16:11.0680467Z   'test-DBItest.R:3:1' [success]
2026-07-27T09:16:11.0816303Z   'test-DBItest.R:3:1' [success]
2026-07-27T09:16:11.0975264Z   'test-DBItest.R:3:1' [success]
2026-07-27T09:16:11.1082302Z   'test-DBItest.R:3:1' [success]
2026-07-27T09:16:11.1101857Z End test: DBItest[duckdb.dev]: Metadata: stream_bind_timestamp
2026-07-27T09:16:11.1102336Z 
2026-07-27T09:16:11.1117806Z Start test: DBItest[duckdb.dev]: Metadata: stream_bind_timestamp_lt
2026-07-27T09:16:11.1302333Z   'test-DBItest.R:3:1' [success]
2026-07-27T09:16:11.1427811Z   'test-DBItest.R:3:1' [success]
2026-07-27T09:16:11.1549786Z   'test-DBItest.R:3:1' [success]
2026-07-27T09:16:11.1669045Z   'test-DBItest.R:3:1' [success]
2026-07-27T09:16:11.1794938Z   'test-DBItest.R:3:1' [success]
2026-07-27T09:16:11.1983889Z   'test-DBItest.R:3:1' [success]
2026-07-27T09:16:11.2142720Z   'test-DBItest.R:3:1' [success]
2026-07-27T09:16:11.2250868Z   'test-DBItest.R:3:1' [success]
2026-07-27T09:16:11.2352247Z   'test-DBItest.R:3:1' [success]
2026-07-27T09:16:11.2371771Z End test: DBItest[duckdb.dev]: Metadata: stream_bind_timestamp_lt
2026-07-27T09:16:11.2372210Z 
2026-07-27T09:16:11.2387539Z Start test: DBItest[duckdb.dev]: Metadata: stream_bind_time_seconds
2026-07-27T09:16:11.2575396Z   'test-DBItest.R:3:1' [success]
2026-07-27T09:16:11.2698106Z   'test-DBItest.R:3:1' [success]
2026-07-27T09:16:11.2818249Z   'test-DBItest.R:3:1' [success]
2026-07-27T09:16:11.2934654Z   'test-DBItest.R:3:1' [success]
2026-07-27T09:16:11.3054566Z   'test-DBItest.R:3:1' [success]
2026-07-27T09:16:11.3176005Z   'test-DBItest.R:3:1' [success]
2026-07-27T09:16:11.3299972Z   'test-DBItest.R:3:1' [success]
2026-07-27T09:16:11.3410407Z   'test-DBItest.R:3:1' [success]
2026-07-27T09:16:11.3574349Z   'test-DBItest.R:3:1' [success]
2026-07-27T09:16:11.3601309Z End test: DBItest[duckdb.dev]: Metadata: stream_bind_time_seconds
2026-07-27T09:16:11.3601712Z 
2026-07-27T09:16:11.3623790Z Start test: DBItest[duckdb.dev]: Metadata: stream_bind_time_hours
2026-07-27T09:16:11.3821665Z   'test-DBItest.R:3:1' [success]
2026-07-27T09:16:11.3943298Z   'test-DBItest.R:3:1' [success]
2026-07-27T09:16:11.4062718Z   'test-DBItest.R:3:1' [success]
2026-07-27T09:16:11.4179978Z   'test-DBItest.R:3:1' [success]
2026-07-27T09:16:11.4298597Z   'test-DBItest.R:3:1' [success]
2026-07-27T09:16:11.4415122Z   'test-DBItest.R:3:1' [success]
2026-07-27T09:16:11.4534805Z   'test-DBItest.R:3:1' [success]
2026-07-27T09:16:11.4643277Z   'test-DBItest.R:3:1' [success]
2026-07-27T09:16:11.4744115Z   'test-DBItest.R:3:1' [success]
2026-07-27T09:16:11.4762613Z End test: DBItest[duckdb.dev]: Metadata: stream_bind_time_hours
2026-07-27T09:16:11.4763263Z 
2026-07-27T09:16:11.4778536Z Start test: DBItest[duckdb.dev]: Metadata: stream_bind_time_minutes_integer
2026-07-27T09:16:11.4955482Z   'test-DBItest.R:3:1' [success]
2026-07-27T09:16:11.5081162Z   'test-DBItest.R:3:1' [success]
2026-07-27T09:16:11.5286026Z   'test-DBItest.R:3:1' [success]
2026-07-27T09:16:11.5408556Z   'test-DBItest.R:3:1' [success]
2026-07-27T09:16:11.5526208Z   'test-DBItest.R:3:1' [success]
2026-07-27T09:16:11.5642860Z   'test-DBItest.R:3:1' [success]
2026-07-27T09:16:11.5760546Z   'test-DBItest.R:3:1' [success]
2026-07-27T09:16:11.5863759Z   'test-DBItest.R:3:1' [success]
2026-07-27T09:16:11.5963360Z   'test-DBItest.R:3:1' [success]
2026-07-27T09:16:11.5983042Z End test: DBItest[duckdb.dev]: Metadata: stream_bind_time_minutes_integer
2026-07-27T09:16:11.5983610Z 
2026-07-27T09:16:11.6000336Z Start test: DBItest[duckdb.dev]: Metadata: stream_bind_blob
2026-07-27T09:16:11.6166117Z   'test-DBItest.R:3:1' [success]
2026-07-27T09:16:11.6289698Z   'test-DBItest.R:3:1' [success]
2026-07-27T09:16:11.6407020Z   'test-DBItest.R:3:1' [success]
2026-07-27T09:16:11.6524183Z   'test-DBItest.R:3:1' [success]
2026-07-27T09:16:11.6645714Z   'test-DBItest.R:3:1' [success]
2026-07-27T09:16:11.6858185Z   'test-DBItest.R:3:1' [success]
2026-07-27T09:16:11.6983427Z   'test-DBItest.R:3:1' [success]
2026-07-27T09:16:11.7085853Z   'test-DBItest.R:3:1' [success]
2026-07-27T09:16:11.7183054Z   'test-DBItest.R:3:1' [success]
2026-07-27T09:16:11.7202469Z End test: DBItest[duckdb.dev]: Metadata: stream_bind_blob
2026-07-27T09:16:11.7202894Z 
2026-07-27T09:16:11.7218540Z Start test: DBItest[duckdb.dev]: Metadata: arrow_stream_bind_return_value
2026-07-27T09:16:11.7402541Z   'test-DBItest.R:3:1' [success]
2026-07-27T09:16:11.7525654Z   'test-DBItest.R:3:1' [success]
2026-07-27T09:16:11.7647064Z   'test-DBItest.R:3:1' [success]
2026-07-27T09:16:11.7770443Z   'test-DBItest.R:3:1' [success]
2026-07-27T09:16:11.7905856Z   'test-DBItest.R:3:1' [success]
2026-07-27T09:16:11.8028359Z   'test-DBItest.R:3:1' [success]
2026-07-27T09:16:11.8141084Z   'test-DBItest.R:3:1' [success]
2026-07-27T09:16:11.8330679Z   'test-DBItest.R:3:1' [success]
2026-07-27T09:16:11.8480660Z   'test-DBItest.R:3:1' [success]
2026-07-27T09:16:11.8599927Z   'test-DBItest.R:3:1' [success]
2026-07-27T09:16:11.8716130Z   'test-DBItest.R:3:1' [success]
2026-07-27T09:16:11.8833785Z   'test-DBItest.R:3:1' [success]
2026-07-27T09:16:11.8950916Z   'test-DBItest.R:3:1' [success]
2026-07-27T09:16:11.9053510Z   'test-DBItest.R:3:1' [success]
2026-07-27T09:16:11.9152764Z   'test-DBItest.R:3:1' [success]
2026-07-27T09:16:11.9172090Z End test: DBItest[duckdb.dev]: Metadata: arrow_stream_bind_return_value
2026-07-27T09:16:11.9172618Z 
2026-07-27T09:16:11.9188123Z Start test: DBItest[duckdb.dev]: Metadata: arrow_stream_bind_too_many
2026-07-27T09:16:11.9377935Z   'test-DBItest.R:3:1' [success]
2026-07-27T09:16:11.9482423Z   'test-DBItest.R:3:1' [success]
2026-07-27T09:16:11.9584245Z   'test-DBItest.R:3:1' [success]
2026-07-27T09:16:11.9604139Z End test: DBItest[duckdb.dev]: Metadata: arrow_stream_bind_too_many
2026-07-27T09:16:11.9604628Z 
2026-07-27T09:16:11.9620557Z Start test: DBItest[duckdb.dev]: Metadata: arrow_stream_bind_not_enough
2026-07-27T09:16:12.0019136Z   'test-DBItest.R:3:1' [success]
2026-07-27T09:16:12.0124339Z   'test-DBItest.R:3:1' [success]
2026-07-27T09:16:12.0223065Z   'test-DBItest.R:3:1' [success]
2026-07-27T09:16:12.0241052Z End test: DBItest[duckdb.dev]: Metadata: arrow_stream_bind_not_enough
2026-07-27T09:16:12.0241556Z 
2026-07-27T09:16:12.0258682Z Start test: DBItest[duckdb.dev]: Metadata: arrow_stream_bind_wrong_name
2026-07-27T09:16:12.0371427Z   'test-DBItest.R:3:1' [success]
2026-07-27T09:16:12.0390857Z End test: DBItest[duckdb.dev]: Metadata: arrow_stream_bind_wrong_name
2026-07-27T09:16:12.0391910Z 
2026-07-27T09:16:12.0407141Z Start test: DBItest[duckdb.dev]: Metadata: arrow_stream_bind_named_param_unnamed_placeholders
2026-07-27T09:16:12.0516046Z   'test-DBItest.R:3:1' [success]
2026-07-27T09:16:12.0534925Z End test: DBItest[duckdb.dev]: Metadata: arrow_stream_bind_named_param_unnamed_placeholders
2026-07-27T09:16:12.0535587Z 
2026-07-27T09:16:12.0551497Z Start test: DBItest[duckdb.dev]: Metadata: arrow_stream_bind_named_param_empty_placeholders
2026-07-27T09:16:12.0656365Z   'test-DBItest.R:3:1' [success]
2026-07-27T09:16:12.0674866Z End test: DBItest[duckdb.dev]: Metadata: arrow_stream_bind_named_param_empty_placeholders
2026-07-27T09:16:12.0675532Z 
2026-07-27T09:16:12.0691271Z Start test: DBItest[duckdb.dev]: Metadata: arrow_stream_bind_unnamed_param_named_placeholders
2026-07-27T09:16:12.0878716Z   'test-DBItest.R:3:1' [success]
2026-07-27T09:16:12.0985338Z   'test-DBItest.R:3:1' [success]
2026-07-27T09:16:12.1085157Z   'test-DBItest.R:3:1' [success]
2026-07-27T09:16:12.1104644Z End test: DBItest[duckdb.dev]: Metadata: arrow_stream_bind_unnamed_param_named_placeholders
2026-07-27T09:16:12.1105346Z 
2026-07-27T09:16:12.1121231Z Start test: DBItest[duckdb.dev]: Metadata: arrow_stream_bind_premature_clear
2026-07-27T09:16:12.1319270Z   'test-DBItest.R:3:1' [success]
2026-07-27T09:16:12.1500912Z   'test-DBItest.R:3:1' [success]
2026-07-27T09:16:12.1524824Z End test: DBItest[duckdb.dev]: Metadata: arrow_stream_bind_premature_clear
2026-07-27T09:16:12.1525312Z 
2026-07-27T09:16:12.1542700Z Start test: DBItest[duckdb.dev]: Metadata: arrow_stream_bind_multi_row
2026-07-27T09:16:12.1693567Z   'test-DBItest.R:3:1' [success]
2026-07-27T09:16:12.1811279Z   'test-DBItest.R:3:1' [success]
2026-07-27T09:16:12.1927447Z   'test-DBItest.R:3:1' [success]
2026-07-27T09:16:12.2042939Z   'test-DBItest.R:3:1' [success]
2026-07-27T09:16:12.2161404Z   'test-DBItest.R:3:1' [success]
2026-07-27T09:16:12.2281311Z   'test-DBItest.R:3:1' [success]
2026-07-27T09:16:12.2402495Z   'test-DBItest.R:3:1' [success]
2026-07-27T09:16:12.2524457Z   'test-DBItest.R:3:1' [success]
2026-07-27T09:16:12.2628178Z   'test-DBItest.R:3:1' [success]
2026-07-27T09:16:12.2648502Z End test: DBItest[duckdb.dev]: Metadata: arrow_stream_bind_multi_row
2026-07-27T09:16:12.2649112Z 
2026-07-27T09:16:12.2665405Z Start test: DBItest[duckdb.dev]: Metadata: arrow_stream_bind_multi_row_zero_length
2026-07-27T09:16:12.2813500Z   'test-DBItest.R:3:1' [success]
2026-07-27T09:16:12.2939841Z   'test-DBItest.R:3:1' [success]
2026-07-27T09:16:12.3152585Z   'test-DBItest.R:3:1' [success]
2026-07-27T09:16:12.3275806Z   'test-DBItest.R:3:1' [success]
2026-07-27T09:16:12.3380318Z   'test-DBItest.R:3:1' [success]
2026-07-27T09:16:12.3478413Z   'test-DBItest.R:3:1' [success]
2026-07-27T09:16:12.3498553Z End test: DBItest[duckdb.dev]: Metadata: arrow_stream_bind_multi_row_zero_length
2026-07-27T09:16:12.3499150Z 
2026-07-27T09:16:12.3514942Z Start test: DBItest[duckdb.dev]: Metadata: arrow_stream_bind_repeated
2026-07-27T09:16:12.3659661Z   'test-DBItest.R:3:1' [success]
2026-07-27T09:16:12.3781041Z   'test-DBItest.R:3:1' [success]
2026-07-27T09:16:12.3901645Z   'test-DBItest.R:3:1' [success]
2026-07-27T09:16:12.4020284Z   'test-DBItest.R:3:1' [success]
2026-07-27T09:16:12.4146159Z   'test-DBItest.R:3:1' [success]
2026-07-27T09:16:12.4270027Z   'test-DBItest.R:3:1' [success]
2026-07-27T09:16:12.4395073Z   'test-DBItest.R:3:1' [success]
2026-07-27T09:16:12.4518036Z   'test-DBItest.R:3:1' [success]
2026-07-27T09:16:12.4728086Z   'test-DBItest.R:3:1' [success]
2026-07-27T09:16:12.4851235Z   'test-DBItest.R:3:1' [success]
2026-07-27T09:16:12.4968904Z   'test-DBItest.R:3:1' [success]
2026-07-27T09:16:12.5088422Z   'test-DBItest.R:3:1' [success]
2026-07-27T09:16:12.5207683Z   'test-DBItest.R:3:1' [success]
2026-07-27T09:16:12.5330401Z   'test-DBItest.R:3:1' [success]
2026-07-27T09:16:12.5435192Z   'test-DBItest.R:3:1' [success]
2026-07-27T09:16:12.5536085Z   'test-DBItest.R:3:1' [success]
2026-07-27T09:16:12.5556091Z End test: DBItest[duckdb.dev]: Metadata: arrow_stream_bind_repeated
2026-07-27T09:16:12.5557043Z 
2026-07-27T09:16:12.5573166Z Start test: DBItest[duckdb.dev]: Metadata: arrow_stream_bind_repeated_untouched
2026-07-27T09:16:12.5723870Z   'test-DBItest.R:3:1' [success]
2026-07-27T09:16:12.5846712Z   'test-DBItest.R:3:1' [success]
2026-07-27T09:16:12.5971675Z   'test-DBItest.R:3:1' [success]
2026-07-27T09:16:12.6163676Z   'test-DBItest.R:3:1' [success]
2026-07-27T09:16:12.6309668Z   'test-DBItest.R:3:1' [success]
2026-07-27T09:16:12.6432395Z   'test-DBItest.R:3:1' [success]
2026-07-27T09:16:12.6553495Z   'test-DBItest.R:3:1' [success]
2026-07-27T09:16:12.6656021Z   'test-DBItest.R:3:1' [success]
2026-07-27T09:16:12.6758045Z   'test-DBItest.R:3:1' [success]
2026-07-27T09:16:12.6777609Z End test: DBItest[duckdb.dev]: Metadata: arrow_stream_bind_repeated_untouched
2026-07-27T09:16:12.6778183Z 
2026-07-27T09:16:12.6794196Z Start test: DBItest[duckdb.dev]: Metadata: arrow_stream_bind_named_param_shuffle
2026-07-27T09:16:12.6901964Z   'test-DBItest.R:3:1' [success]
2026-07-27T09:16:12.6920560Z End test: DBItest[duckdb.dev]: Metadata: arrow_stream_bind_named_param_shuffle
2026-07-27T09:16:12.6921120Z 
2026-07-27T09:16:12.6936518Z Start test: DBItest[duckdb.dev]: Metadata: arrow_stream_bind_integer
2026-07-27T09:16:12.7097796Z   'test-DBItest.R:3:1' [success]
2026-07-27T09:16:12.7219176Z   'test-DBItest.R:3:1' [success]
2026-07-27T09:16:12.7336342Z   'test-DBItest.R:3:1' [success]
2026-07-27T09:16:12.7453706Z   'test-DBItest.R:3:1' [success]
2026-07-27T09:16:12.7572208Z   'test-DBItest.R:3:1' [success]
2026-07-27T09:16:12.7859679Z   'test-DBItest.R:3:1' [success]
2026-07-27T09:16:12.8001482Z   'test-DBItest.R:3:1' [success]
2026-07-27T09:16:12.8106345Z   'test-DBItest.R:3:1' [success]
2026-07-27T09:16:12.8204582Z   'test-DBItest.R:3:1' [success]
2026-07-27T09:16:12.8223450Z End test: DBItest[duckdb.dev]: Metadata: arrow_stream_bind_integer
2026-07-27T09:16:12.8224217Z 
2026-07-27T09:16:12.8239147Z Start test: DBItest[duckdb.dev]: Metadata: arrow_stream_bind_numeric
2026-07-27T09:16:12.8397938Z   'test-DBItest.R:3:1' [success]
2026-07-27T09:16:12.8518208Z   'test-DBItest.R:3:1' [success]
2026-07-27T09:16:12.8638493Z   'test-DBItest.R:3:1' [success]
2026-07-27T09:16:12.8759049Z   'test-DBItest.R:3:1' [success]
2026-07-27T09:16:12.8878814Z   'test-DBItest.R:3:1' [success]
2026-07-27T09:16:12.8998992Z   'test-DBItest.R:3:1' [success]
2026-07-27T09:16:12.9121607Z   'test-DBItest.R:3:1' [success]
2026-07-27T09:16:12.9232808Z   'test-DBItest.R:3:1' [success]
2026-07-27T09:16:12.9408253Z   'test-DBItest.R:3:1' [success]
2026-07-27T09:16:12.9432859Z End test: DBItest[duckdb.dev]: Metadata: arrow_stream_bind_numeric
2026-07-27T09:16:12.9433302Z 
2026-07-27T09:16:12.9455158Z Start test: DBItest[duckdb.dev]: Metadata: arrow_stream_bind_logical
2026-07-27T09:16:12.9638852Z   'test-DBItest.R:3:1' [success]
2026-07-27T09:16:12.9763646Z   'test-DBItest.R:3:1' [success]
2026-07-27T09:16:12.9882161Z   'test-DBItest.R:3:1' [success]
2026-07-27T09:16:12.9996152Z   'test-DBItest.R:3:1' [success]
2026-07-27T09:16:13.0113289Z   'test-DBItest.R:3:1' [success]
2026-07-27T09:16:13.0232590Z   'test-DBItest.R:3:1' [success]
2026-07-27T09:16:13.0357634Z   'test-DBItest.R:3:1' [success]
2026-07-27T09:16:13.0466269Z   'test-DBItest.R:3:1' [success]
2026-07-27T09:16:13.0568299Z   'test-DBItest.R:3:1' [success]
2026-07-27T09:16:13.0587816Z End test: DBItest[duckdb.dev]: Metadata: arrow_stream_bind_logical
2026-07-27T09:16:13.0588283Z 
2026-07-27T09:16:13.0604052Z Start test: DBItest[duckdb.dev]: Metadata: arrow_stream_bind_character
2026-07-27T09:16:13.0780734Z   'test-DBItest.R:3:1' [success]
2026-07-27T09:16:13.0909212Z   'test-DBItest.R:3:1' [success]
2026-07-27T09:16:13.1122309Z   'test-DBItest.R:3:1' [success]
2026-07-27T09:16:13.1263120Z   'test-DBItest.R:3:1' [success]
2026-07-27T09:16:13.1382204Z   'test-DBItest.R:3:1' [success]
2026-07-27T09:16:13.1497454Z   'test-DBItest.R:3:1' [success]
2026-07-27T09:16:13.1615955Z   'test-DBItest.R:3:1' [success]
2026-07-27T09:16:13.1718991Z   'test-DBItest.R:3:1' [success]
2026-07-27T09:16:13.1816247Z   'test-DBItest.R:3:1' [success]
2026-07-27T09:16:13.1835222Z End test: DBItest[duckdb.dev]: Metadata: arrow_stream_bind_character
2026-07-27T09:16:13.1836017Z 
2026-07-27T09:16:13.1851264Z Start test: DBItest[duckdb.dev]: Metadata: arrow_stream_bind_character_escape
2026-07-27T09:16:13.2041518Z   'test-DBItest.R:3:1' [success]
2026-07-27T09:16:13.2165631Z   'test-DBItest.R:3:1' [success]
2026-07-27T09:16:13.2286037Z   'test-DBItest.R:3:1' [success]
2026-07-27T09:16:13.2407539Z   'test-DBItest.R:3:1' [success]
2026-07-27T09:16:13.2532182Z   'test-DBItest.R:3:1' [success]
2026-07-27T09:16:13.2753457Z   'test-DBItest.R:3:1' [success]
2026-07-27T09:16:13.2910545Z   'test-DBItest.R:3:1' [success]
2026-07-27T09:16:13.3014756Z   'test-DBItest.R:3:1' [success]
2026-07-27T09:16:13.3112525Z   'test-DBItest.R:3:1' [success]
2026-07-27T09:16:13.3131301Z End test: DBItest[duckdb.dev]: Metadata: arrow_stream_bind_character_escape
2026-07-27T09:16:13.3132168Z 
2026-07-27T09:16:13.3147141Z Start test: DBItest[duckdb.dev]: Metadata: arrow_stream_bind_factor
2026-07-27T09:16:13.3362303Z   'test-DBItest.R:3:1' [success]
2026-07-27T09:16:13.3483660Z   'test-DBItest.R:3:1' [success]
2026-07-27T09:16:13.3601793Z   'test-DBItest.R:3:1' [success]
2026-07-27T09:16:13.3719235Z   'test-DBItest.R:3:1' [success]
2026-07-27T09:16:13.3838315Z   'test-DBItest.R:3:1' [success]
2026-07-27T09:16:13.3958339Z   'test-DBItest.R:3:1' [success]
2026-07-27T09:16:13.4083662Z   'test-DBItest.R:3:1' [success]
2026-07-27T09:16:13.4258441Z   'test-DBItest.R:3:1' [success]
2026-07-27T09:16:13.4411575Z   'test-DBItest.R:3:1' [success]
2026-07-27T09:16:13.4431169Z End test: DBItest[duckdb.dev]: Metadata: arrow_stream_bind_factor
2026-07-27T09:16:13.4447069Z 
2026-07-27T09:16:13.4447675Z Start test: DBItest[duckdb.dev]: Metadata: arrow_stream_bind_date
2026-07-27T09:16:13.4637584Z   'test-DBItest.R:3:1' [success]
2026-07-27T09:16:13.4761858Z   'test-DBItest.R:3:1' [success]
2026-07-27T09:16:13.4883060Z   'test-DBItest.R:3:1' [success]
2026-07-27T09:16:13.5003323Z   'test-DBItest.R:3:1' [success]
2026-07-27T09:16:13.5124716Z   'test-DBItest.R:3:1' [success]
2026-07-27T09:16:13.5246845Z   'test-DBItest.R:3:1' [success]
2026-07-27T09:16:13.5371241Z   'test-DBItest.R:3:1' [success]
2026-07-27T09:16:13.5478389Z   'test-DBItest.R:3:1' [success]
2026-07-27T09:16:13.5578664Z   'test-DBItest.R:3:1' [success]
2026-07-27T09:16:13.5597424Z End test: DBItest[duckdb.dev]: Metadata: arrow_stream_bind_date
2026-07-27T09:16:13.5598275Z 
2026-07-27T09:16:13.5613557Z Start test: DBItest[duckdb.dev]: Metadata: arrow_stream_bind_date_integer
2026-07-27T09:16:13.5797668Z   'test-DBItest.R:3:1' [success]
2026-07-27T09:16:13.6008564Z   'test-DBItest.R:3:1' [success]
2026-07-27T09:16:13.6142440Z   'test-DBItest.R:3:1' [success]
2026-07-27T09:16:13.6256400Z   'test-DBItest.R:3:1' [success]
2026-07-27T09:16:13.6369417Z   'test-DBItest.R:3:1' [success]
2026-07-27T09:16:13.6485433Z   'test-DBItest.R:3:1' [success]
2026-07-27T09:16:13.6603877Z   'test-DBItest.R:3:1' [success]
2026-07-27T09:16:13.6709589Z   'test-DBItest.R:3:1' [success]
2026-07-27T09:16:13.6806192Z   'test-DBItest.R:3:1' [success]
2026-07-27T09:16:13.6824809Z End test: DBItest[duckdb.dev]: Metadata: arrow_stream_bind_date_integer
2026-07-27T09:16:13.6825327Z 
2026-07-27T09:16:13.6841026Z Start test: DBItest[duckdb.dev]: Metadata: arrow_stream_bind_timestamp
2026-07-27T09:16:13.7019520Z   'test-DBItest.R:3:1' [success]
2026-07-27T09:16:13.7137934Z   'test-DBItest.R:3:1' [success]
2026-07-27T09:16:13.7258661Z   'test-DBItest.R:3:1' [success]
2026-07-27T09:16:13.7381538Z   'test-DBItest.R:3:1' [success]
2026-07-27T09:16:13.7599519Z   'test-DBItest.R:3:1' [success]
2026-07-27T09:16:13.7723768Z   'test-DBItest.R:3:1' [success]
2026-07-27T09:16:13.7840701Z   'test-DBItest.R:3:1' [success]
2026-07-27T09:16:13.7939546Z   'test-DBItest.R:3:1' [success]
2026-07-27T09:16:13.8034554Z   'test-DBItest.R:3:1' [success]
2026-07-27T09:16:13.8052887Z End test: DBItest[duckdb.dev]: Metadata: arrow_stream_bind_timestamp
2026-07-27T09:16:13.8053682Z 
2026-07-27T09:16:13.8067650Z Start test: DBItest[duckdb.dev]: Metadata: arrow_stream_bind_timestamp_lt
2026-07-27T09:16:13.8245350Z   'test-DBItest.R:3:1' [success]
2026-07-27T09:16:13.8364020Z   'test-DBItest.R:3:1' [success]
2026-07-27T09:16:13.8481538Z   'test-DBItest.R:3:1' [success]
2026-07-27T09:16:13.8598432Z   'test-DBItest.R:3:1' [success]
2026-07-27T09:16:13.8714761Z   'test-DBItest.R:3:1' [success]
2026-07-27T09:16:13.8835452Z   'test-DBItest.R:3:1' [success]
2026-07-27T09:16:13.9021506Z   'test-DBItest.R:3:1' [success]
2026-07-27T09:16:13.9165821Z   'test-DBItest.R:3:1' [success]
2026-07-27T09:16:13.9264199Z   'test-DBItest.R:3:1' [success]
2026-07-27T09:16:13.9283029Z End test: DBItest[duckdb.dev]: Metadata: arrow_stream_bind_timestamp_lt
2026-07-27T09:16:13.9283562Z 
2026-07-27T09:16:13.9298883Z Start test: DBItest[duckdb.dev]: Metadata: arrow_stream_bind_time_seconds
2026-07-27T09:16:13.9463015Z   'test-DBItest.R:3:1' [success]
2026-07-27T09:16:13.9581126Z   'test-DBItest.R:3:1' [success]
2026-07-27T09:16:13.9698485Z   'test-DBItest.R:3:1' [success]
2026-07-27T09:16:13.9814826Z   'test-DBItest.R:3:1' [success]
2026-07-27T09:16:13.9930357Z   'test-DBItest.R:3:1' [success]
2026-07-27T09:16:14.0048311Z   'test-DBItest.R:3:1' [success]
2026-07-27T09:16:14.0167049Z   'test-DBItest.R:3:1' [success]
2026-07-27T09:16:14.0268792Z   'test-DBItest.R:3:1' [success]
2026-07-27T09:16:14.0370565Z   'test-DBItest.R:3:1' [success]
2026-07-27T09:16:14.0389974Z End test: DBItest[duckdb.dev]: Metadata: arrow_stream_bind_time_seconds
2026-07-27T09:16:14.0390452Z 
2026-07-27T09:16:14.0405596Z Start test: DBItest[duckdb.dev]: Metadata: arrow_stream_bind_time_hours
2026-07-27T09:16:14.0665265Z   'test-DBItest.R:3:1' [success]
2026-07-27T09:16:14.0811314Z   'test-DBItest.R:3:1' [success]
2026-07-27T09:16:14.0930288Z   'test-DBItest.R:3:1' [success]
2026-07-27T09:16:14.1047151Z   'test-DBItest.R:3:1' [success]
2026-07-27T09:16:14.1168912Z   'test-DBItest.R:3:1' [success]
2026-07-27T09:16:14.1294774Z   'test-DBItest.R:3:1' [success]
2026-07-27T09:16:14.1419175Z   'test-DBItest.R:3:1' [success]
2026-07-27T09:16:14.1525092Z   'test-DBItest.R:3:1' [success]
2026-07-27T09:16:14.1629550Z   'test-DBItest.R:3:1' [success]
2026-07-27T09:16:14.1649269Z End test: DBItest[duckdb.dev]: Metadata: arrow_stream_bind_time_hours
2026-07-27T09:16:14.1649951Z 
2026-07-27T09:16:14.1665358Z Start test: DBItest[duckdb.dev]: Metadata: arrow_stream_bind_time_minutes_integer
2026-07-27T09:16:14.1843643Z   'test-DBItest.R:3:1' [success]
2026-07-27T09:16:14.1973715Z   'test-DBItest.R:3:1' [success]
2026-07-27T09:16:14.2104223Z   'test-DBItest.R:3:1' [success]
2026-07-27T09:16:14.2318999Z   'test-DBItest.R:3:1' [success]
2026-07-27T09:16:14.2450747Z   'test-DBItest.R:3:1' [success]
2026-07-27T09:16:14.2568965Z   'test-DBItest.R:3:1' [success]
2026-07-27T09:16:14.2708139Z   'test-DBItest.R:3:1' [success]
2026-07-27T09:16:14.2810108Z   'test-DBItest.R:3:1' [success]
2026-07-27T09:16:14.2906577Z   'test-DBItest.R:3:1' [success]
2026-07-27T09:16:14.2925102Z End test: DBItest[duckdb.dev]: Metadata: arrow_stream_bind_time_minutes_integer
2026-07-27T09:16:14.2925808Z 
2026-07-27T09:16:14.2940159Z Start test: DBItest[duckdb.dev]: Metadata: arrow_stream_bind_blob
2026-07-27T09:16:14.3093672Z   'test-DBItest.R:3:1' [success]
2026-07-27T09:16:14.3210270Z   'test-DBItest.R:3:1' [success]
2026-07-27T09:16:14.3327070Z   'test-DBItest.R:3:1' [success]
2026-07-27T09:16:14.3441246Z   'test-DBItest.R:3:1' [success]
2026-07-27T09:16:14.3558346Z   'test-DBItest.R:3:1' [success]
2026-07-27T09:16:14.3679358Z   'test-DBItest.R:3:1' [success]
2026-07-27T09:16:14.3894886Z   'test-DBItest.R:3:1' [success]
2026-07-27T09:16:14.4001337Z   'test-DBItest.R:3:1' [success]
2026-07-27T09:16:14.4097050Z   'test-DBItest.R:3:1' [success]
2026-07-27T09:16:14.4115456Z End test: DBItest[duckdb.dev]: Metadata: arrow_stream_bind_blob
2026-07-27T09:16:14.4116092Z 
2026-07-27T09:16:14.4131208Z Start test: DBItest[duckdb.dev]: Metadata: is_valid_formals
2026-07-27T09:16:14.4250273Z   'test-DBItest.R:3:1' [success]
2026-07-27T09:16:14.4345309Z   'test-DBItest.R:3:1' [success]
2026-07-27T09:16:14.4363703Z End test: DBItest[duckdb.dev]: Metadata: is_valid_formals
2026-07-27T09:16:14.4364310Z 
2026-07-27T09:16:14.4379374Z Start test: DBItest[duckdb.dev]: Metadata: is_valid_connection
2026-07-27T09:16:14.4675942Z   'test-DBItest.R:3:1' [success]
2026-07-27T09:16:14.4789978Z   'test-DBItest.R:3:1' [success]
2026-07-27T09:16:14.4891504Z   'test-DBItest.R:3:1' [success]
2026-07-27T09:16:14.5010341Z   'test-DBItest.R:3:1' [success]
2026-07-27T09:16:14.5124834Z   'test-DBItest.R:3:1' [success]
2026-07-27T09:16:14.5226853Z   'test-DBItest.R:3:1' [success]
2026-07-27T09:16:14.5245095Z End test: DBItest[duckdb.dev]: Metadata: is_valid_connection
2026-07-27T09:16:14.5245796Z 
2026-07-27T09:16:14.5261066Z Start test: DBItest[duckdb.dev]: Metadata: is_valid_stale_connection
2026-07-27T09:16:14.5642469Z   'test-DBItest.R:3:1' [success]
2026-07-27T09:16:14.5789502Z   'test-DBItest.R:3:1' [success]
2026-07-27T09:16:14.5887846Z   'test-DBItest.R:3:1' [success]
2026-07-27T09:16:14.5905136Z End test: DBItest[duckdb.dev]: Metadata: is_valid_stale_connection
2026-07-27T09:16:14.5905999Z 
2026-07-27T09:16:14.5920398Z Start test: DBItest[duckdb.dev]: Metadata: is_valid_result_query
2026-07-27T09:16:14.6053081Z   'test-DBItest.R:3:1' [success]
2026-07-27T09:16:14.6163112Z   'test-DBItest.R:3:1' [success]
2026-07-27T09:16:14.6262356Z   'test-DBItest.R:3:1' [success]
2026-07-27T09:16:14.6376084Z   'test-DBItest.R:3:1' [success]
2026-07-27T09:16:14.6487553Z   'test-DBItest.R:3:1' [success]
2026-07-27T09:16:14.6601550Z   'test-DBItest.R:3:1' [success]
2026-07-27T09:16:14.6699788Z   'test-DBItest.R:3:1' [success]
2026-07-27T09:16:14.6716575Z End test: DBItest[duckdb.dev]: Metadata: is_valid_result_query
2026-07-27T09:16:14.6717022Z 
2026-07-27T09:16:14.6731540Z Start test: DBItest[duckdb.dev]: Metadata: is_valid_result_statement
2026-07-27T09:16:14.6874133Z   'test-DBItest.R:3:1' [success]
2026-07-27T09:16:14.6991847Z   'test-DBItest.R:3:1' [success]
2026-07-27T09:16:14.7193266Z   'test-DBItest.R:3:1' [success]
2026-07-27T09:16:14.7333833Z   'test-DBItest.R:3:1' [success]
2026-07-27T09:16:14.7448758Z   'test-DBItest.R:3:1' [success]
2026-07-27T09:16:14.7561041Z   'test-DBItest.R:3:1' [success]
2026-07-27T09:16:14.7654872Z   'test-DBItest.R:3:1' [success]
2026-07-27T09:16:14.7692983Z End test: DBItest[duckdb.dev]: Metadata: is_valid_result_statement
2026-07-27T09:16:14.7693423Z 
2026-07-27T09:16:14.7707537Z Start test: DBItest[duckdb.dev]: Metadata: has_completed_formals
2026-07-27T09:16:14.7825841Z   'test-DBItest.R:3:1' [success]
2026-07-27T09:16:14.7922584Z   'test-DBItest.R:3:1' [success]
2026-07-27T09:16:14.7940167Z End test: DBItest[duckdb.dev]: Metadata: has_completed_formals
2026-07-27T09:16:14.7940562Z 
2026-07-27T09:16:14.7955175Z Start test: DBItest[duckdb.dev]: Metadata: has_completed_query
2026-07-27T09:16:14.8091242Z   'test-DBItest.R:3:1' [success]
2026-07-27T09:16:14.8207460Z   'test-DBItest.R:3:1' [success]
2026-07-27T09:16:14.8307693Z   'test-DBItest.R:3:1' [success]
2026-07-27T09:16:14.8428461Z   'test-DBItest.R:3:1' [success]
2026-07-27T09:16:14.8563189Z   'test-DBItest.R:3:1' [success]
2026-07-27T09:16:14.8805291Z   'test-DBItest.R:3:1' [success]
2026-07-27T09:16:14.8934259Z   'test-DBItest.R:3:1' [success]
2026-07-27T09:16:14.9053299Z   'test-DBItest.R:3:1' [success]
2026-07-27T09:16:14.9166874Z   'test-DBItest.R:3:1' [success]
2026-07-27T09:16:14.9263720Z   'test-DBItest.R:3:1' [success]
2026-07-27T09:16:14.9281603Z End test: DBItest[duckdb.dev]: Metadata: has_completed_query
2026-07-27T09:16:14.9282368Z 
2026-07-27T09:16:14.9297210Z Start test: DBItest[duckdb.dev]: Metadata: has_completed_statement
2026-07-27T09:16:14.9441645Z   'test-DBItest.R:3:1' [success]
2026-07-27T09:16:14.9556763Z   'test-DBItest.R:3:1' [success]
2026-07-27T09:16:14.9655070Z   'test-DBItest.R:3:1' [success]
2026-07-27T09:16:14.9695292Z End test: DBItest[duckdb.dev]: Metadata: has_completed_statement
2026-07-27T09:16:14.9696065Z 
2026-07-27T09:16:14.9710790Z Start test: DBItest[duckdb.dev]: Metadata: has_completed_error
2026-07-27T09:16:14.9876731Z   'test-DBItest.R:3:1' [success]
2026-07-27T09:16:14.9975956Z   'test-DBItest.R:3:1' [success]
2026-07-27T09:16:14.9994699Z End test: DBItest[duckdb.dev]: Metadata: has_completed_error
2026-07-27T09:16:14.9995301Z 
2026-07-27T09:16:15.0010594Z Start test: DBItest[duckdb.dev]: Metadata: has_completed_query_spec
2026-07-27T09:16:15.0142462Z   'test-DBItest.R:3:1' [success]
2026-07-27T09:16:15.0372022Z   'test-DBItest.R:3:1' [success]
2026-07-27T09:16:15.0504143Z   'test-DBItest.R:3:1' [success]
2026-07-27T09:16:15.0619714Z   'test-DBItest.R:3:1' [success]
2026-07-27T09:16:15.0732322Z   'test-DBItest.R:3:1' [success]
2026-07-27T09:16:15.0845439Z   'test-DBItest.R:3:1' [success]
2026-07-27T09:16:15.0956860Z   'test-DBItest.R:3:1' [success]
2026-07-27T09:16:15.1053482Z   'test-DBItest.R:3:1' [success]
2026-07-27T09:16:15.1070860Z End test: DBItest[duckdb.dev]: Metadata: has_completed_query_spec
2026-07-27T09:16:15.1071306Z 
2026-07-27T09:16:15.1087109Z Start test: DBItest[duckdb.dev]: Metadata: has_completed_query_spec_partial
2026-07-27T09:16:15.1204455Z   'test-DBItest.R:3:1' [success]
2026-07-27T09:16:15.1321815Z   'test-DBItest.R:3:1' [success]
2026-07-27T09:16:15.1436865Z   'test-DBItest.R:3:1' [success]
2026-07-27T09:16:15.1552305Z   'test-DBItest.R:3:1' [success]
2026-07-27T09:16:15.1694688Z   'test-DBItest.R:3:1' [success]
2026-07-27T09:16:15.1909121Z   'test-DBItest.R:3:1' [success]
2026-07-27T09:16:15.2038494Z   'test-DBItest.R:3:1' [success]
2026-07-27T09:16:15.2159459Z   'test-DBItest.R:3:1' [success]
2026-07-27T09:16:15.2275475Z   'test-DBItest.R:3:1' [success]
2026-07-27T09:16:15.2390005Z   'test-DBItest.R:3:1' [success]
2026-07-27T09:16:15.2504457Z   'test-DBItest.R:3:1' [success]
2026-07-27T09:16:15.2615401Z   'test-DBItest.R:3:1' [success]
2026-07-27T09:16:15.2713461Z   'test-DBItest.R:3:1' [success]
2026-07-27T09:16:15.2731683Z End test: DBItest[duckdb.dev]: Metadata: has_completed_query_spec_partial
2026-07-27T09:16:15.2732255Z 
2026-07-27T09:16:15.2747471Z Start test: DBItest[duckdb.dev]: Metadata: get_statement_formals
2026-07-27T09:16:15.2867998Z   'test-DBItest.R:3:1' [success]
2026-07-27T09:16:15.2964711Z   'test-DBItest.R:3:1' [success]
2026-07-27T09:16:15.2983498Z End test: DBItest[duckdb.dev]: Metadata: get_statement_formals
2026-07-27T09:16:15.2983926Z 
2026-07-27T09:16:15.2999664Z Start test: DBItest[duckdb.dev]: Metadata: get_statement_query
2026-07-27T09:16:15.3122846Z   'test-DBItest.R:3:1' [success]
2026-07-27T09:16:15.3305021Z   'test-DBItest.R:3:1' [success]
2026-07-27T09:16:15.3452226Z   'test-DBItest.R:3:1' [success]
2026-07-27T09:16:15.3471865Z End test: DBItest[duckdb.dev]: Metadata: get_statement_query
2026-07-27T09:16:15.3472315Z 
2026-07-27T09:16:15.3488056Z Start test: DBItest[duckdb.dev]: Metadata: get_statement_statement
2026-07-27T09:16:15.3619649Z   'test-DBItest.R:3:1' [success]
2026-07-27T09:16:15.3736478Z   'test-DBItest.R:3:1' [success]
2026-07-27T09:16:15.3835525Z   'test-DBItest.R:3:1' [success]
2026-07-27T09:16:15.3876035Z End test: DBItest[duckdb.dev]: Metadata: get_statement_statement
2026-07-27T09:16:15.3877005Z 
2026-07-27T09:16:15.3894016Z Start test: DBItest[duckdb.dev]: Metadata: get_statement_error
2026-07-27T09:16:15.4059757Z   'test-DBItest.R:3:1' [success]
2026-07-27T09:16:15.4155122Z   'test-DBItest.R:3:1' [success]
2026-07-27T09:16:15.4173093Z End test: DBItest[duckdb.dev]: Metadata: get_statement_error
2026-07-27T09:16:15.4173775Z 
2026-07-27T09:16:15.4188101Z Start test: DBItest[duckdb.dev]: Metadata: column_info_formals
2026-07-27T09:16:15.4303984Z   'test-DBItest.R:3:1' [success]
2026-07-27T09:16:15.4400846Z   'test-DBItest.R:3:1' [success]
2026-07-27T09:16:15.4418226Z End test: DBItest[duckdb.dev]: Metadata: column_info_formals
2026-07-27T09:16:15.4418903Z 
2026-07-27T09:16:15.4433035Z Start test: DBItest[duckdb.dev]: Metadata: column_info_closed
2026-07-27T09:16:15.4602426Z   'test-DBItest.R:3:1' [success]
2026-07-27T09:16:15.4703521Z   'test-DBItest.R:3:1' [success]
2026-07-27T09:16:15.4722381Z End test: DBItest[duckdb.dev]: Metadata: column_info_closed
2026-07-27T09:16:15.4723045Z 
2026-07-27T09:16:15.4738096Z Start test: DBItest[duckdb.dev]: Metadata: column_info_consistent_unnamed
2026-07-27T09:16:15.4974900Z   'test-DBItest.R:3:1' [success]
2026-07-27T09:16:15.5100472Z   'test-DBItest.R:3:1' [success]
2026-07-27T09:16:15.5214046Z   'test-DBItest.R:3:1' [success]
2026-07-27T09:16:15.5327725Z   'test-DBItest.R:3:1' [success]
2026-07-27T09:16:15.5425283Z   'test-DBItest.R:3:1' [success]
2026-07-27T09:16:15.5443573Z End test: DBItest[duckdb.dev]: Metadata: column_info_consistent_unnamed
2026-07-27T09:16:15.5444251Z 
2026-07-27T09:16:15.5458796Z Start test: DBItest[duckdb.dev]: Metadata: column_info_consistent_keywords
2026-07-27T09:16:15.5600973Z   'test-DBItest.R:3:1' [success]
2026-07-27T09:16:15.5713212Z   'test-DBItest.R:3:1' [success]
2026-07-27T09:16:15.5810066Z   'test-DBItest.R:3:1' [success]
2026-07-27T09:16:15.5827197Z End test: DBItest[duckdb.dev]: Metadata: column_info_consistent_keywords
2026-07-27T09:16:15.5828029Z 
2026-07-27T09:16:15.5842325Z Start test: DBItest[duckdb.dev]: Metadata: get_row_count_formals
2026-07-27T09:16:15.5960150Z   'test-DBItest.R:3:1' [success]
2026-07-27T09:16:15.6062887Z   'test-DBItest.R:3:1' [success]
2026-07-27T09:16:15.6083060Z End test: DBItest[duckdb.dev]: Metadata: get_row_count_formals
2026-07-27T09:16:15.6083748Z 
2026-07-27T09:16:15.6099750Z Start test: DBItest[duckdb.dev]: Metadata: row_count_query
2026-07-27T09:16:15.6257640Z   'test-DBItest.R:3:1' [success]
2026-07-27T09:16:15.6443231Z   'test-DBItest.R:3:1' [success]
2026-07-27T09:16:15.6597693Z   'test-DBItest.R:3:1' [success]
2026-07-27T09:16:15.6718537Z   'test-DBItest.R:3:1' [success]
2026-07-27T09:16:15.6831861Z   'test-DBItest.R:3:1' [success]
2026-07-27T09:16:15.6945064Z   'test-DBItest.R:3:1' [success]
2026-07-27T09:16:15.7067661Z   'test-DBItest.R:3:1' [success]
2026-07-27T09:16:15.7165963Z   'test-DBItest.R:3:1' [success]
2026-07-27T09:16:15.7183672Z End test: DBItest[duckdb.dev]: Metadata: row_count_query
2026-07-27T09:16:15.7184316Z 
2026-07-27T09:16:15.7199815Z Start test: DBItest[duckdb.dev]: Metadata: row_count_query_limited
2026-07-27T09:16:15.7351273Z   'test-DBItest.R:3:1' [success]
2026-07-27T09:16:15.7453145Z   'test-DBItest.R:3:1' [success]
2026-07-27T09:16:15.7568147Z   'test-DBItest.R:3:1' [success]
2026-07-27T09:16:15.7685280Z   'test-DBItest.R:3:1' [success]
2026-07-27T09:16:15.7801251Z   'test-DBItest.R:3:1' [success]
2026-07-27T09:16:15.8011580Z   'test-DBItest.R:3:1' [success]
2026-07-27T09:16:15.8150829Z   'test-DBItest.R:3:1' [success]
2026-07-27T09:16:15.8254502Z   'test-DBItest.R:3:1' [success]
2026-07-27T09:16:15.8373414Z   'test-DBItest.R:3:1' [success]
2026-07-27T09:16:15.8491672Z   'test-DBItest.R:3:1' [success]
2026-07-27T09:16:15.8609910Z   'test-DBItest.R:3:1' [success]
2026-07-27T09:16:15.8726726Z   'test-DBItest.R:3:1' [success]
2026-07-27T09:16:15.8855754Z   'test-DBItest.R:3:1' [success]
2026-07-27T09:16:15.8960698Z   'test-DBItest.R:3:1' [success]
2026-07-27T09:16:15.8978497Z End test: DBItest[duckdb.dev]: Metadata: row_count_query_limited
2026-07-27T09:16:15.8979171Z 
2026-07-27T09:16:15.8994196Z Start test: DBItest[duckdb.dev]: Metadata: row_count_query_empty
2026-07-27T09:16:15.9147046Z   'test-DBItest.R:3:1' [success]
2026-07-27T09:16:15.9255384Z   'test-DBItest.R:3:1' [success]
2026-07-27T09:16:15.9464608Z   'test-DBItest.R:3:1' [success]
2026-07-27T09:16:15.9641665Z   'test-DBItest.R:3:1' [success]
2026-07-27T09:16:15.9764670Z   'test-DBItest.R:3:1' [success]
2026-07-27T09:16:15.9876693Z   'test-DBItest.R:3:1' [success]
2026-07-27T09:16:15.9996471Z   'test-DBItest.R:3:1' [success]
2026-07-27T09:16:16.0092349Z   'test-DBItest.R:3:1' [success]
2026-07-27T09:16:16.0110691Z End test: DBItest[duckdb.dev]: Metadata: row_count_query_empty
2026-07-27T09:16:16.0111320Z 
2026-07-27T09:16:16.0126272Z Start test: DBItest[duckdb.dev]: Metadata: row_count_statement
2026-07-27T09:16:16.0274804Z   'test-DBItest.R:3:1' [success]
2026-07-27T09:16:16.0431157Z   'test-DBItest.R:3:1' [success]
2026-07-27T09:16:16.0551390Z   'test-DBItest.R:3:1' [success]
2026-07-27T09:16:16.0669837Z   'test-DBItest.R:3:1' [success]
2026-07-27T09:16:16.0770193Z   'test-DBItest.R:3:1' [success]
2026-07-27T09:16:16.2603747Z   'test-DBItest.R:3:1' [success]
2026-07-27T09:16:16.2702019Z   'test-DBItest.R:3:1' [success]
2026-07-27T09:16:16.2740097Z End test: DBItest[duckdb.dev]: Metadata: row_count_statement
2026-07-27T09:16:16.2740719Z 
2026-07-27T09:16:16.2754523Z Start test: DBItest[duckdb.dev]: Metadata: get_row_count_error
2026-07-27T09:16:16.2918919Z   'test-DBItest.R:3:1' [success]
2026-07-27T09:16:16.3013953Z   'test-DBItest.R:3:1' [success]
2026-07-27T09:16:16.3031869Z End test: DBItest[duckdb.dev]: Metadata: get_row_count_error
2026-07-27T09:16:16.3032513Z 
2026-07-27T09:16:16.3047109Z Start test: DBItest[duckdb.dev]: Metadata: get_rows_affected_formals
2026-07-27T09:16:16.3161899Z   'test-DBItest.R:3:1' [success]
2026-07-27T09:16:16.3255411Z   'test-DBItest.R:3:1' [success]
2026-07-27T09:16:16.3272575Z End test: DBItest[duckdb.dev]: Metadata: get_rows_affected_formals
2026-07-27T09:16:16.3273336Z 
2026-07-27T09:16:16.3287046Z Start test: DBItest[duckdb.dev]: Metadata: rows_affected_query
2026-07-27T09:16:16.3427517Z   'test-DBItest.R:3:1' [success]
2026-07-27T09:16:16.3526550Z   'test-DBItest.R:3:1' [success]
2026-07-27T09:16:16.3643656Z   'test-DBItest.R:3:1' [success]
2026-07-27T09:16:16.3762670Z   'test-DBItest.R:3:1' [success]
2026-07-27T09:16:16.3880638Z   'test-DBItest.R:3:1' [success]
2026-07-27T09:16:16.4000609Z   'test-DBItest.R:3:1' [success]
2026-07-27T09:16:16.4175154Z   'test-DBItest.R:3:1' [success]
2026-07-27T09:16:16.4271566Z   'test-DBItest.R:3:1' [success]
2026-07-27T09:16:16.4289576Z End test: DBItest[duckdb.dev]: Metadata: rows_affected_query
2026-07-27T09:16:16.4290186Z 
2026-07-27T09:16:16.4305388Z Start test: DBItest[duckdb.dev]: Metadata: get_rows_affected_error
2026-07-27T09:16:16.4486726Z   'test-DBItest.R:3:1' [success]
2026-07-27T09:16:16.4582484Z   'test-DBItest.R:3:1' [success]
2026-07-27T09:16:16.4622515Z End test: DBItest[duckdb.dev]: Metadata: get_rows_affected_error
2026-07-27T09:16:16.4623047Z 
2026-07-27T09:16:16.4637116Z Start test: DBItest[duckdb.dev]: Metadata: get_info_result
2026-07-27T09:16:16.4754060Z   'test-DBItest.R:3:1' [success]
2026-07-27T09:16:16.4867538Z   'test-DBItest.R:3:1' [success]
2026-07-27T09:16:16.4982791Z   'test-DBItest.R:3:1' [success]
2026-07-27T09:16:16.5100078Z   'test-DBItest.R:3:1' [success]
2026-07-27T09:16:16.5219269Z   'test-DBItest.R:3:1' [success]
2026-07-27T09:16:16.5319108Z   'test-DBItest.R:3:1' [success]
2026-07-27T09:16:16.5338530Z End test: DBItest[duckdb.dev]: Metadata: get_info_result
2026-07-27T09:16:16.5338948Z 
2026-07-27T09:16:16.5354060Z Start test: DBItest[duckdb.dev]: Metadata: skipped tests
2026-07-27T09:16:16.5461819Z   'test-DBItest.R:3:1' [skip]
2026-07-27T09:16:16.5480913Z End test: DBItest[duckdb.dev]: Metadata: skipped tests
2026-07-27T09:16:16.5481546Z 
2026-07-27T09:16:16.7558522Z Start test: DBItest[duckdb.dev]: Transactions: begin_formals
2026-07-27T09:16:16.7676200Z   'test-DBItest.R:3:1' [success]
2026-07-27T09:16:16.7773480Z   'test-DBItest.R:3:1' [success]
2026-07-27T09:16:16.7790670Z End test: DBItest[duckdb.dev]: Transactions: begin_formals
2026-07-27T09:16:16.7791097Z 
2026-07-27T09:16:16.7806426Z Start test: DBItest[duckdb.dev]: Transactions: commit_formals
2026-07-27T09:16:16.7920677Z   'test-DBItest.R:3:1' [success]
2026-07-27T09:16:16.8015110Z   'test-DBItest.R:3:1' [success]
2026-07-27T09:16:16.8032770Z End test: DBItest[duckdb.dev]: Transactions: commit_formals
2026-07-27T09:16:16.8033167Z 
2026-07-27T09:16:16.8047323Z Start test: DBItest[duckdb.dev]: Transactions: rollback_formals
2026-07-27T09:16:16.8162952Z   'test-DBItest.R:3:1' [success]
2026-07-27T09:16:16.8257526Z   'test-DBItest.R:3:1' [success]
2026-07-27T09:16:16.8275305Z End test: DBItest[duckdb.dev]: Transactions: rollback_formals
2026-07-27T09:16:16.8276303Z 
2026-07-27T09:16:16.8290435Z Start test: DBItest[duckdb.dev]: Transactions: begin_commit_return_value
2026-07-27T09:16:16.8425971Z   'test-DBItest.R:3:1' [success]
2026-07-27T09:16:16.8539971Z   'test-DBItest.R:3:1' [success]
2026-07-27T09:16:16.8671660Z   'test-DBItest.R:3:1' [success]
2026-07-27T09:16:16.8786312Z   'test-DBItest.R:3:1' [success]
2026-07-27T09:16:16.8886683Z   'test-DBItest.R:3:1' [success]
2026-07-27T09:16:16.8904598Z End test: DBItest[duckdb.dev]: Transactions: begin_commit_return_value
2026-07-27T09:16:16.8905102Z 
2026-07-27T09:16:16.8920234Z Start test: DBItest[duckdb.dev]: Transactions: begin_rollback_return_value
2026-07-27T09:16:16.9107808Z   'test-DBItest.R:3:1' [success]
2026-07-27T09:16:16.9220479Z   'test-DBItest.R:3:1' [success]
2026-07-27T09:16:16.9350161Z   'test-DBItest.R:3:1' [success]
2026-07-27T09:16:16.9460446Z   'test-DBItest.R:3:1' [success]
2026-07-27T09:16:16.9554060Z   'test-DBItest.R:3:1' [success]
2026-07-27T09:16:16.9571696Z End test: DBItest[duckdb.dev]: Transactions: begin_rollback_return_value
2026-07-27T09:16:16.9572187Z 
2026-07-27T09:16:16.9586544Z Start test: DBItest[duckdb.dev]: Transactions: begin_commit_closed
2026-07-27T09:16:17.0036606Z   'test-DBItest.R:3:1' [success]
2026-07-27T09:16:17.0316981Z   'test-DBItest.R:3:1' [success]
2026-07-27T09:16:17.0658229Z   'test-DBItest.R:3:1' [success]
2026-07-27T09:16:17.0755004Z   'test-DBItest.R:3:1' [success]
2026-07-27T09:16:17.0772923Z End test: DBItest[duckdb.dev]: Transactions: begin_commit_closed
2026-07-27T09:16:17.0773359Z 
2026-07-27T09:16:17.0788406Z Start test: DBItest[duckdb.dev]: Transactions: begin_commit_invalid
2026-07-27T09:16:17.1257138Z   'test-DBItest.R:3:1' [success]
2026-07-27T09:16:17.1543270Z   'test-DBItest.R:3:1' [success]
2026-07-27T09:16:17.1829012Z   'test-DBItest.R:3:1' [success]
2026-07-27T09:16:17.1924234Z   'test-DBItest.R:3:1' [success]
2026-07-27T09:16:17.1942517Z End test: DBItest[duckdb.dev]: Transactions: begin_commit_invalid
2026-07-27T09:16:17.1942967Z 
2026-07-27T09:16:17.1957636Z Start test: DBItest[duckdb.dev]: Transactions: commit_without_begin
2026-07-27T09:16:17.2334216Z   'test-DBItest.R:3:1' [success]
2026-07-27T09:16:17.2432762Z   'test-DBItest.R:3:1' [success]
2026-07-27T09:16:17.2450955Z End test: DBItest[duckdb.dev]: Transactions: commit_without_begin
2026-07-27T09:16:17.2451398Z 
2026-07-27T09:16:17.2466737Z Start test: DBItest[duckdb.dev]: Transactions: rollback_without_begin
2026-07-27T09:16:17.2782468Z   'test-DBItest.R:3:1' [success]
2026-07-27T09:16:17.2880804Z   'test-DBItest.R:3:1' [success]
2026-07-27T09:16:17.2898892Z End test: DBItest[duckdb.dev]: Transactions: rollback_without_begin
2026-07-27T09:16:17.2899365Z 
2026-07-27T09:16:17.2913994Z Start test: DBItest[duckdb.dev]: Transactions: begin_begin
2026-07-27T09:16:17.3236325Z   'test-DBItest.R:3:1' [success]
2026-07-27T09:16:17.3351175Z   'test-DBItest.R:3:1' [success]
2026-07-27T09:16:17.3368512Z End test: DBItest[duckdb.dev]: Transactions: begin_begin
2026-07-27T09:16:17.3368911Z 
2026-07-27T09:16:17.3383382Z Start test: DBItest[duckdb.dev]: Transactions: begin_commit
2026-07-27T09:16:17.3515226Z   'test-DBItest.R:3:1' [success]
2026-07-27T09:16:17.3615885Z   'test-DBItest.R:3:1' [success]
2026-07-27T09:16:17.3634261Z End test: DBItest[duckdb.dev]: Transactions: begin_commit
2026-07-27T09:16:17.3634707Z 
2026-07-27T09:16:17.3649735Z Start test: DBItest[duckdb.dev]: Transactions: begin_rollback
2026-07-27T09:16:17.3798406Z   'test-DBItest.R:3:1' [success]
2026-07-27T09:16:17.3948779Z   'test-DBItest.R:3:1' [success]
2026-07-27T09:16:17.3966098Z End test: DBItest[duckdb.dev]: Transactions: begin_rollback
2026-07-27T09:16:17.3966903Z 
2026-07-27T09:16:17.3981966Z Start test: DBItest[duckdb.dev]: Transactions: with_transaction_formals
2026-07-27T09:16:17.4105425Z   'test-DBItest.R:3:1' [success]
2026-07-27T09:16:17.4201401Z   'test-DBItest.R:3:1' [success]
2026-07-27T09:16:17.4219410Z End test: DBItest[duckdb.dev]: Transactions: with_transaction_formals
2026-07-27T09:16:17.4220206Z 
2026-07-27T09:16:17.4234180Z Start test: DBItest[duckdb.dev]: Transactions: with_transaction_return_value
2026-07-27T09:16:17.4380611Z   'test-DBItest.R:3:1' [success]
2026-07-27T09:16:17.4475700Z   'test-DBItest.R:3:1' [success]
2026-07-27T09:16:17.4493637Z End test: DBItest[duckdb.dev]: Transactions: with_transaction_return_value
2026-07-27T09:16:17.4494160Z 
2026-07-27T09:16:17.4510068Z Start test: DBItest[duckdb.dev]: Transactions: with_transaction_error_closed
2026-07-27T09:16:17.4971279Z   'test-DBItest.R:3:1' [success]
2026-07-27T09:16:17.5069248Z   'test-DBItest.R:3:1' [success]
2026-07-27T09:16:17.5088280Z End test: DBItest[duckdb.dev]: Transactions: with_transaction_error_closed
2026-07-27T09:16:17.5088805Z 
2026-07-27T09:16:17.5104112Z Start test: DBItest[duckdb.dev]: Transactions: with_transaction_error_invalid
2026-07-27T09:16:17.5589997Z   'test-DBItest.R:3:1' [success]
2026-07-27T09:16:17.5734840Z   'test-DBItest.R:3:1' [success]
2026-07-27T09:16:17.5752824Z End test: DBItest[duckdb.dev]: Transactions: with_transaction_error_invalid
2026-07-27T09:16:17.5753458Z 
2026-07-27T09:16:17.5767548Z Start test: DBItest[duckdb.dev]: Transactions: with_transaction_error_nested
2026-07-27T09:16:17.6092205Z   'test-DBItest.R:3:1' [success]
2026-07-27T09:16:17.6205081Z   'test-DBItest.R:3:1' [success]
2026-07-27T09:16:17.6223185Z End test: DBItest[duckdb.dev]: Transactions: with_transaction_error_nested
2026-07-27T09:16:17.6223690Z 
2026-07-27T09:16:17.6238072Z Start test: DBItest[duckdb.dev]: Transactions: with_transaction_side_effects
2026-07-27T09:16:17.6355979Z   'test-DBItest.R:3:1' [success]
2026-07-27T09:16:17.6500054Z   'test-DBItest.R:3:1' [success]
2026-07-27T09:16:17.6596928Z   'test-DBItest.R:3:1' [success]
2026-07-27T09:16:17.6615867Z End test: DBItest[duckdb.dev]: Transactions: with_transaction_side_effects
2026-07-27T09:16:17.6616385Z 
2026-07-27T09:16:17.6632076Z Start test: DBItest[duckdb.dev]: Transactions: skipped tests
2026-07-27T09:16:17.6738403Z   'test-DBItest.R:3:1' [skip]
2026-07-27T09:16:17.6757548Z End test: DBItest[duckdb.dev]: Transactions: skipped tests
2026-07-27T09:16:17.6757974Z 
2026-07-27T09:16:17.8962257Z Start test: DBItest[duckdb.dev]: Arrow: arrow_send_query_formals
2026-07-27T09:16:17.9085475Z   'test-DBItest.R:3:1' [success]
2026-07-27T09:16:17.9180275Z   'test-DBItest.R:3:1' [success]
2026-07-27T09:16:17.9198775Z End test: DBItest[duckdb.dev]: Arrow: arrow_send_query_formals
2026-07-27T09:16:17.9199186Z 
2026-07-27T09:16:17.9214146Z Start test: DBItest[duckdb.dev]: Arrow: arrow_send_query_trivial
2026-07-27T09:16:17.9344365Z   'test-DBItest.R:3:1' [success]
2026-07-27T09:16:17.9441161Z   'test-DBItest.R:3:1' [success]
2026-07-27T09:16:17.9544929Z   'test-DBItest.R:3:1' [success]
2026-07-27T09:16:17.9661622Z   'test-DBItest.R:3:1' [success]
2026-07-27T09:16:17.9778440Z   'test-DBItest.R:3:1' [success]
2026-07-27T09:16:17.9895397Z   'test-DBItest.R:3:1' [success]
2026-07-27T09:16:18.0009573Z   'test-DBItest.R:3:1' [success]
2026-07-27T09:16:18.0128589Z   'test-DBItest.R:3:1' [success]
2026-07-27T09:16:18.0232010Z   'test-DBItest.R:3:1' [success]
2026-07-27T09:16:18.0310829Z End test: DBItest[duckdb.dev]: Arrow: arrow_send_query_trivial
2026-07-27T09:16:18.0311344Z 
2026-07-27T09:16:18.0326879Z Start test: DBItest[duckdb.dev]: Arrow: arrow_send_query_closed_connection
2026-07-27T09:16:18.0769537Z   'test-DBItest.R:3:1' [success]
2026-07-27T09:16:18.0864850Z   'test-DBItest.R:3:1' [success]
2026-07-27T09:16:18.0884499Z End test: DBItest[duckdb.dev]: Arrow: arrow_send_query_closed_connection
2026-07-27T09:16:18.0890046Z 
2026-07-27T09:16:18.0901961Z Start test: DBItest[duckdb.dev]: Arrow: arrow_send_query_invalid_connection
2026-07-27T09:16:18.1341445Z   'test-DBItest.R:3:1' [success]
2026-07-27T09:16:18.1436449Z   'test-DBItest.R:3:1' [success]
2026-07-27T09:16:18.1455069Z End test: DBItest[duckdb.dev]: Arrow: arrow_send_query_invalid_connection
2026-07-27T09:16:18.1455585Z 
2026-07-27T09:16:18.1470917Z Start test: DBItest[duckdb.dev]: Arrow: arrow_send_query_non_string
2026-07-27T09:16:18.1654113Z   'test-DBItest.R:3:1' [success]
2026-07-27T09:16:18.1831609Z   'test-DBItest.R:3:1' [success]
2026-07-27T09:16:18.3119134Z   'test-DBItest.R:3:1' [success]
2026-07-27T09:16:18.3225987Z   'test-DBItest.R:3:1' [success]
2026-07-27T09:16:18.3236474Z End test: DBItest[duckdb.dev]: Arrow: arrow_send_query_non_string
2026-07-27T09:16:18.3236959Z 
2026-07-27T09:16:18.3251324Z Start test: DBItest[duckdb.dev]: Arrow: arrow_send_query_syntax_error
2026-07-27T09:16:18.3538460Z   'test-DBItest.R:3:1' [success]
2026-07-27T09:16:18.3823959Z   'test-DBItest.R:3:1' [success]
2026-07-27T09:16:18.3920549Z   'test-DBItest.R:3:1' [success]
2026-07-27T09:16:18.3938576Z End test: DBItest[duckdb.dev]: Arrow: arrow_send_query_syntax_error
2026-07-27T09:16:18.3939210Z 
2026-07-27T09:16:18.3958451Z Start test: DBItest[duckdb.dev]: Arrow: arrow_send_query_result_valid
2026-07-27T09:16:18.4078502Z   'test-DBItest.R:3:1' [success]
2026-07-27T09:16:18.4176695Z   'test-DBItest.R:3:1' [success]
2026-07-27T09:16:18.4194688Z End test: DBItest[duckdb.dev]: Arrow: arrow_send_query_result_valid
2026-07-27T09:16:18.4195345Z 
2026-07-27T09:16:18.4210416Z Start test: DBItest[duckdb.dev]: Arrow: arrow_send_query_params
2026-07-27T09:16:18.4377836Z   'test-DBItest.R:3:1' [success]
2026-07-27T09:16:18.4526268Z   'test-DBItest.R:3:1' [success]
2026-07-27T09:16:18.4544143Z End test: DBItest[duckdb.dev]: Arrow: arrow_send_query_params
2026-07-27T09:16:18.4544747Z 
2026-07-27T09:16:18.4559838Z Start test: DBItest[duckdb.dev]: Arrow: arrow_fetch_arrow_formals
2026-07-27T09:16:18.4683270Z   'test-DBItest.R:3:1' [success]
2026-07-27T09:16:18.4778790Z   'test-DBItest.R:3:1' [success]
2026-07-27T09:16:18.4796580Z End test: DBItest[duckdb.dev]: Arrow: arrow_fetch_arrow_formals
2026-07-27T09:16:18.4797400Z 
2026-07-27T09:16:18.4811692Z Start test: DBItest[duckdb.dev]: Arrow: arrow_fetch_arrow_atomic
2026-07-27T09:16:18.4931484Z   'test-DBItest.R:3:1' [success]
2026-07-27T09:16:18.5047184Z   'test-DBItest.R:3:1' [success]
2026-07-27T09:16:18.5162363Z   'test-DBItest.R:3:1' [success]
2026-07-27T09:16:18.5274630Z   'test-DBItest.R:3:1' [success]
2026-07-27T09:16:18.5390958Z   'test-DBItest.R:3:1' [success]
2026-07-27T09:16:18.5507984Z   'test-DBItest.R:3:1' [success]
2026-07-27T09:16:18.5602571Z   'test-DBItest.R:3:1' [success]
2026-07-27T09:16:18.5619381Z End test: DBItest[duckdb.dev]: Arrow: arrow_fetch_arrow_atomic
2026-07-27T09:16:18.5620006Z 
2026-07-27T09:16:18.5634342Z Start test: DBItest[duckdb.dev]: Arrow: arrow_fetch_arrow_one_row
2026-07-27T09:16:18.5760862Z   'test-DBItest.R:3:1' [success]
2026-07-27T09:16:18.5926821Z   'test-DBItest.R:3:1' [success]
2026-07-27T09:16:18.6043203Z   'test-DBItest.R:3:1' [success]
2026-07-27T09:16:18.6155472Z   'test-DBItest.R:3:1' [success]
2026-07-27T09:16:18.6265713Z   'test-DBItest.R:3:1' [success]
2026-07-27T09:16:18.6374566Z   'test-DBItest.R:3:1' [success]
2026-07-27T09:16:18.6471123Z   'test-DBItest.R:3:1' [success]
2026-07-27T09:16:18.6488799Z End test: DBItest[duckdb.dev]: Arrow: arrow_fetch_arrow_one_row
2026-07-27T09:16:18.6489471Z 
2026-07-27T09:16:18.6503762Z Start test: DBItest[duckdb.dev]: Arrow: arrow_fetch_arrow_zero_rows
2026-07-27T09:16:18.6625591Z   'test-DBItest.R:3:1' [success]
2026-07-27T09:16:18.6745537Z   'test-DBItest.R:3:1' [success]
2026-07-27T09:16:18.6862597Z   'test-DBItest.R:3:1' [success]
2026-07-27T09:16:18.6977904Z   'test-DBItest.R:3:1' [success]
2026-07-27T09:16:18.7091057Z   'test-DBItest.R:3:1' [success]
2026-07-27T09:16:18.7193901Z   'test-DBItest.R:3:1' [success]
2026-07-27T09:16:18.7342238Z   'test-DBItest.R:3:1' [success]
2026-07-27T09:16:18.7360800Z End test: DBItest[duckdb.dev]: Arrow: arrow_fetch_arrow_zero_rows
2026-07-27T09:16:18.7361718Z 
2026-07-27T09:16:18.7376837Z Start test: DBItest[duckdb.dev]: Arrow: arrow_fetch_arrow_closed
2026-07-27T09:16:18.7550428Z   'test-DBItest.R:3:1' [success]
2026-07-27T09:16:18.7645366Z   'test-DBItest.R:3:1' [success]
2026-07-27T09:16:18.7663270Z End test: DBItest[duckdb.dev]: Arrow: arrow_fetch_arrow_closed
2026-07-27T09:16:18.7664101Z 
2026-07-27T09:16:18.7679235Z Start test: DBItest[duckdb.dev]: Arrow: arrow_fetch_arrow_multi_row_single_column
2026-07-27T09:16:18.7847987Z   'test-DBItest.R:3:1' [success]
2026-07-27T09:16:18.7963675Z   'test-DBItest.R:3:1' [success]
2026-07-27T09:16:18.8078608Z   'test-DBItest.R:3:1' [success]
2026-07-27T09:16:18.8194766Z   'test-DBItest.R:3:1' [success]
2026-07-27T09:16:18.8310669Z   'test-DBItest.R:3:1' [success]
2026-07-27T09:16:18.8425737Z   'test-DBItest.R:3:1' [success]
2026-07-27T09:16:18.8522957Z   'test-DBItest.R:3:1' [success]
2026-07-27T09:16:18.8540941Z End test: DBItest[duckdb.dev]: Arrow: arrow_fetch_arrow_multi_row_single_column
2026-07-27T09:16:18.8541563Z 
2026-07-27T09:16:18.8556729Z Start test: DBItest[duckdb.dev]: Arrow: arrow_fetch_arrow_multi_row_multi_column
2026-07-27T09:16:18.8724942Z   'test-DBItest.R:3:1' [success]
2026-07-27T09:16:18.8845484Z   'test-DBItest.R:3:1' [success]
2026-07-27T09:16:18.9012574Z   'test-DBItest.R:3:1' [success]
2026-07-27T09:16:18.9128438Z   'test-DBItest.R:3:1' [success]
2026-07-27T09:16:18.9240310Z   'test-DBItest.R:3:1' [success]
2026-07-27T09:16:18.9352829Z   'test-DBItest.R:3:1' [success]
2026-07-27T09:16:18.9448844Z   'test-DBItest.R:3:1' [success]
2026-07-27T09:16:18.9466956Z End test: DBItest[duckdb.dev]: Arrow: arrow_fetch_arrow_multi_row_multi_column
2026-07-27T09:16:18.9467799Z 
2026-07-27T09:16:18.9482479Z Start test: DBItest[duckdb.dev]: Arrow: arrow_fetch_arrow_record_batch_reader
2026-07-27T09:16:18.9701802Z   'test-DBItest.R:3:1' [success]
2026-07-27T09:16:18.9800028Z   'test-DBItest.R:3:1' [success]
2026-07-27T09:16:18.9818487Z End test: DBItest[duckdb.dev]: Arrow: arrow_fetch_arrow_record_batch_reader
2026-07-27T09:16:18.9818979Z 
2026-07-27T09:16:18.9834124Z Start test: DBItest[duckdb.dev]: Arrow: arrow_fetch_arrow_chunk_formals
2026-07-27T09:16:18.9955434Z   'test-DBItest.R:3:1' [success]
2026-07-27T09:16:19.0052101Z   'test-DBItest.R:3:1' [success]
2026-07-27T09:16:19.0070458Z End test: DBItest[duckdb.dev]: Arrow: arrow_fetch_arrow_chunk_formals
2026-07-27T09:16:19.0070961Z 
2026-07-27T09:16:19.0086036Z Start test: DBItest[duckdb.dev]: Arrow: arrow_fetch_arrow_chunk_atomic
2026-07-27T09:16:19.0206617Z   'test-DBItest.R:3:1' [success]
2026-07-27T09:16:19.0328689Z   'test-DBItest.R:3:1' [success]
2026-07-27T09:16:19.0498560Z   'test-DBItest.R:3:1' [success]
2026-07-27T09:16:19.0618545Z   'test-DBItest.R:3:1' [success]
2026-07-27T09:16:19.0736476Z   'test-DBItest.R:3:1' [success]
2026-07-27T09:16:19.0854985Z   'test-DBItest.R:3:1' [success]
2026-07-27T09:16:19.0954749Z   'test-DBItest.R:3:1' [success]
2026-07-27T09:16:19.0974082Z End test: DBItest[duckdb.dev]: Arrow: arrow_fetch_arrow_chunk_atomic
2026-07-27T09:16:19.0974561Z 
2026-07-27T09:16:19.0990207Z Start test: DBItest[duckdb.dev]: Arrow: arrow_fetch_arrow_chunk_one_row
2026-07-27T09:16:19.1125090Z   'test-DBItest.R:3:1' [success]
2026-07-27T09:16:19.1247080Z   'test-DBItest.R:3:1' [success]
2026-07-27T09:16:19.1366256Z   'test-DBItest.R:3:1' [success]
2026-07-27T09:16:19.1490847Z   'test-DBItest.R:3:1' [success]
2026-07-27T09:16:19.1613534Z   'test-DBItest.R:3:1' [success]
2026-07-27T09:16:19.1731474Z   'test-DBItest.R:3:1' [success]
2026-07-27T09:16:19.1837498Z   'test-DBItest.R:3:1' [success]
2026-07-27T09:16:19.1855888Z End test: DBItest[duckdb.dev]: Arrow: arrow_fetch_arrow_chunk_one_row
2026-07-27T09:16:19.1856350Z 
2026-07-27T09:16:19.1872157Z Start test: DBItest[duckdb.dev]: Arrow: arrow_fetch_arrow_chunk_zero_rows
2026-07-27T09:16:19.2050377Z   'test-DBItest.R:3:1' [success]
2026-07-27T09:16:19.2172676Z   'test-DBItest.R:3:1' [success]
2026-07-27T09:16:19.2288125Z   'test-DBItest.R:3:1' [success]
2026-07-27T09:16:19.2401343Z   'test-DBItest.R:3:1' [success]
2026-07-27T09:16:19.2515301Z   'test-DBItest.R:3:1' [success]
2026-07-27T09:16:19.2613366Z   'test-DBItest.R:3:1' [success]
2026-07-27T09:16:19.2709914Z   'test-DBItest.R:3:1' [success]
2026-07-27T09:16:19.2727851Z End test: DBItest[duckdb.dev]: Arrow: arrow_fetch_arrow_chunk_zero_rows
2026-07-27T09:16:19.2728456Z 
2026-07-27T09:16:19.2743265Z Start test: DBItest[duckdb.dev]: Arrow: arrow_fetch_arrow_chunk_closed
2026-07-27T09:16:19.2914801Z   'test-DBItest.R:3:1' [success]
2026-07-27T09:16:19.3012432Z   'test-DBItest.R:3:1' [success]
2026-07-27T09:16:19.3030110Z End test: DBItest[duckdb.dev]: Arrow: arrow_fetch_arrow_chunk_closed
2026-07-27T09:16:19.3030783Z 
2026-07-27T09:16:19.3045132Z Start test: DBItest[duckdb.dev]: Arrow: arrow_fetch_arrow_chunk_multi_row_single_column
2026-07-27T09:16:19.3213738Z   'test-DBItest.R:3:1' [success]
2026-07-27T09:16:19.3338188Z   'test-DBItest.R:3:1' [success]
2026-07-27T09:16:19.3508990Z   'test-DBItest.R:3:1' [success]
2026-07-27T09:16:19.3627030Z   'test-DBItest.R:3:1' [success]
2026-07-27T09:16:19.3742364Z   'test-DBItest.R:3:1' [success]
2026-07-27T09:16:19.3856346Z   'test-DBItest.R:3:1' [success]
2026-07-27T09:16:19.3953197Z   'test-DBItest.R:3:1' [success]
2026-07-27T09:16:19.3971222Z End test: DBItest[duckdb.dev]: Arrow: arrow_fetch_arrow_chunk_multi_row_single_column
2026-07-27T09:16:19.3971765Z 
2026-07-27T09:16:19.3987858Z Start test: DBItest[duckdb.dev]: Arrow: arrow_fetch_arrow_chunk_multi_row_multi_column
2026-07-27T09:16:19.4175094Z   'test-DBItest.R:3:1' [success]
2026-07-27T09:16:19.4290479Z   'test-DBItest.R:3:1' [success]
2026-07-27T09:16:19.4403446Z   'test-DBItest.R:3:1' [success]
2026-07-27T09:16:19.4517477Z   'test-DBItest.R:3:1' [success]
2026-07-27T09:16:19.4632071Z   'test-DBItest.R:3:1' [success]
2026-07-27T09:16:19.4747419Z   'test-DBItest.R:3:1' [success]
2026-07-27T09:16:19.4851085Z   'test-DBItest.R:3:1' [success]
2026-07-27T09:16:19.4869442Z End test: DBItest[duckdb.dev]: Arrow: arrow_fetch_arrow_chunk_multi_row_multi_column
2026-07-27T09:16:19.4870067Z 
2026-07-27T09:16:19.4885489Z Start test: DBItest[duckdb.dev]: Arrow: arrow_fetch_arrow_chunk_array
2026-07-27T09:16:19.5148802Z   'test-DBItest.R:3:1' [success]
2026-07-27T09:16:19.5252987Z   'test-DBItest.R:3:1' [success]
2026-07-27T09:16:19.5272250Z End test: DBItest[duckdb.dev]: Arrow: arrow_fetch_arrow_chunk_array
2026-07-27T09:16:19.5272781Z 
2026-07-27T09:16:19.5288357Z Start test: DBItest[duckdb.dev]: Arrow: arrow_get_query_arrow_formals
2026-07-27T09:16:19.5416630Z   'test-DBItest.R:3:1' [success]
2026-07-27T09:16:19.5513771Z   'test-DBItest.R:3:1' [success]
2026-07-27T09:16:19.5532756Z End test: DBItest[duckdb.dev]: Arrow: arrow_get_query_arrow_formals
2026-07-27T09:16:19.5533177Z 
2026-07-27T09:16:19.5548680Z Start test: DBItest[duckdb.dev]: Arrow: arrow_get_query_arrow_atomic
2026-07-27T09:16:19.5678045Z   'test-DBItest.R:3:1' [success]
2026-07-27T09:16:19.5799710Z   'test-DBItest.R:3:1' [success]
2026-07-27T09:16:19.5916994Z   'test-DBItest.R:3:1' [success]
2026-07-27T09:16:19.6039457Z   'test-DBItest.R:3:1' [success]
2026-07-27T09:16:19.6165708Z   'test-DBItest.R:3:1' [success]
2026-07-27T09:16:19.6298008Z   'test-DBItest.R:3:1' [success]
2026-07-27T09:16:19.6405453Z   'test-DBItest.R:3:1' [success]
2026-07-27T09:16:19.6425636Z End test: DBItest[duckdb.dev]: Arrow: arrow_get_query_arrow_atomic
2026-07-27T09:16:19.6426142Z 
2026-07-27T09:16:19.6443299Z Start test: DBItest[duckdb.dev]: Arrow: arrow_get_query_arrow_one_row
2026-07-27T09:16:19.6642821Z   'test-DBItest.R:3:1' [success]
2026-07-27T09:16:19.6778563Z   'test-DBItest.R:3:1' [success]
2026-07-27T09:16:19.6912147Z   'test-DBItest.R:3:1' [success]
2026-07-27T09:16:19.7040116Z   'test-DBItest.R:3:1' [success]
2026-07-27T09:16:19.7167667Z   'test-DBItest.R:3:1' [success]
2026-07-27T09:16:19.7289458Z   'test-DBItest.R:3:1' [success]
2026-07-27T09:16:19.7391067Z   'test-DBItest.R:3:1' [success]
2026-07-27T09:16:19.7411179Z End test: DBItest[duckdb.dev]: Arrow: arrow_get_query_arrow_one_row
2026-07-27T09:16:19.7412131Z 
2026-07-27T09:16:19.7427977Z Start test: DBItest[duckdb.dev]: Arrow: arrow_get_query_arrow_zero_rows
2026-07-27T09:16:19.7566344Z   'test-DBItest.R:3:1' [success]
2026-07-27T09:16:19.7694973Z   'test-DBItest.R:3:1' [success]
2026-07-27T09:16:19.7816596Z   'test-DBItest.R:3:1' [success]
2026-07-27T09:16:19.7938066Z   'test-DBItest.R:3:1' [success]
2026-07-27T09:16:19.8064315Z   'test-DBItest.R:3:1' [success]
2026-07-27T09:16:19.8238202Z   'test-DBItest.R:3:1' [success]
2026-07-27T09:16:19.8360999Z   'test-DBItest.R:3:1' [success]
2026-07-27T09:16:19.8458601Z   'test-DBItest.R:3:1' [success]
2026-07-27T09:16:19.8476963Z End test: DBItest[duckdb.dev]: Arrow: arrow_get_query_arrow_zero_rows
2026-07-27T09:16:19.8477697Z 
2026-07-27T09:16:19.8492834Z Start test: DBItest[duckdb.dev]: Arrow: arrow_get_query_arrow_closed_connection
2026-07-27T09:16:19.8934902Z   'test-DBItest.R:3:1' [success]
2026-07-27T09:16:19.9031899Z   'test-DBItest.R:3:1' [success]
2026-07-27T09:16:19.9051217Z End test: DBItest[duckdb.dev]: Arrow: arrow_get_query_arrow_closed_connection
2026-07-27T09:16:19.9051808Z 
2026-07-27T09:16:19.9066917Z Start test: DBItest[duckdb.dev]: Arrow: arrow_get_query_arrow_invalid_connection
2026-07-27T09:16:19.9515539Z   'test-DBItest.R:3:1' [success]
2026-07-27T09:16:19.9616028Z   'test-DBItest.R:3:1' [success]
2026-07-27T09:16:19.9636013Z End test: DBItest[duckdb.dev]: Arrow: arrow_get_query_arrow_invalid_connection
2026-07-27T09:16:19.9636671Z 
2026-07-27T09:16:19.9652201Z Start test: DBItest[duckdb.dev]: Arrow: arrow_get_query_arrow_syntax_error
2026-07-27T09:16:20.0013147Z   'test-DBItest.R:3:1' [success]
2026-07-27T09:16:20.0114554Z   'test-DBItest.R:3:1' [success]
2026-07-27T09:16:20.0133219Z End test: DBItest[duckdb.dev]: Arrow: arrow_get_query_arrow_syntax_error
2026-07-27T09:16:20.0133727Z 
2026-07-27T09:16:20.0148774Z Start test: DBItest[duckdb.dev]: Arrow: arrow_get_query_arrow_non_string
2026-07-27T09:16:20.0335241Z   'test-DBItest.R:3:1' [success]
2026-07-27T09:16:20.0523656Z   'test-DBItest.R:3:1' [success]
2026-07-27T09:16:20.0819425Z   'test-DBItest.R:3:1' [success]
2026-07-27T09:16:20.0919861Z   'test-DBItest.R:3:1' [success]
2026-07-27T09:16:20.0938517Z End test: DBItest[duckdb.dev]: Arrow: arrow_get_query_arrow_non_string
2026-07-27T09:16:20.0939017Z 
2026-07-27T09:16:20.0954561Z Start test: DBItest[duckdb.dev]: Arrow: arrow_get_query_arrow_record_batch_reader
2026-07-27T09:16:20.1181874Z   'test-DBItest.R:3:1' [success]
2026-07-27T09:16:20.1288516Z   'test-DBItest.R:3:1' [success]
2026-07-27T09:16:20.1309139Z End test: DBItest[duckdb.dev]: Arrow: arrow_get_query_arrow_record_batch_reader
2026-07-27T09:16:20.1309839Z 
2026-07-27T09:16:20.1325231Z Start test: DBItest[duckdb.dev]: Arrow: arrow_get_query_arrow_params
2026-07-27T09:16:20.1552421Z   'test-DBItest.R:3:1' [success]
2026-07-27T09:16:20.1656958Z   'test-DBItest.R:3:1' [success]
2026-07-27T09:16:20.1675290Z End test: DBItest[duckdb.dev]: Arrow: arrow_get_query_arrow_params
2026-07-27T09:16:20.1675761Z 
2026-07-27T09:16:20.1690646Z Start test: DBItest[duckdb.dev]: Arrow: arrow_read_table_arrow_formals
2026-07-27T09:16:20.1808430Z   'test-DBItest.R:3:1' [success]
2026-07-27T09:16:20.1904755Z   'test-DBItest.R:3:1' [success]
2026-07-27T09:16:20.1923239Z End test: DBItest[duckdb.dev]: Arrow: arrow_read_table_arrow_formals
2026-07-27T09:16:20.1923710Z 
2026-07-27T09:16:20.1939033Z Start test: DBItest[duckdb.dev]: Arrow: arrow_write_table_arrow_formals
2026-07-27T09:16:20.2057440Z   'test-DBItest.R:3:1' [success]
2026-07-27T09:16:20.2153843Z   'test-DBItest.R:3:1' [success]
2026-07-27T09:16:20.2172548Z End test: DBItest[duckdb.dev]: Arrow: arrow_write_table_arrow_formals
2026-07-27T09:16:20.2173011Z 
2026-07-27T09:16:20.2188299Z Start test: DBItest[duckdb.dev]: Arrow: arrow_write_table_arrow_closed_connection
2026-07-27T09:16:20.2530384Z   'test-DBItest.R:3:1' [success]
2026-07-27T09:16:20.2630523Z   'test-DBItest.R:3:1' [success]
2026-07-27T09:16:20.2650042Z End test: DBItest[duckdb.dev]: Arrow: arrow_write_table_arrow_closed_connection
2026-07-27T09:16:20.2651044Z 
2026-07-27T09:16:20.2666137Z Start test: DBItest[duckdb.dev]: Arrow: arrow_write_table_arrow_invalid_connection
2026-07-27T09:16:20.3111921Z   'test-DBItest.R:3:1' [success]
2026-07-27T09:16:20.3352172Z   'test-DBItest.R:3:1' [success]
2026-07-27T09:16:20.3370876Z End test: DBItest[duckdb.dev]: Arrow: arrow_write_table_arrow_invalid_connection
2026-07-27T09:16:20.3371872Z 
2026-07-27T09:16:20.3386674Z Start test: DBItest[duckdb.dev]: Arrow: arrow_write_table_arrow_value_subset
2026-07-27T09:16:20.3641727Z   'test-DBItest.R:3:1' [success]
2026-07-27T09:16:20.3757468Z   'test-DBItest.R:3:1' [success]
2026-07-27T09:16:20.3871378Z   'test-DBItest.R:3:1' [success]
2026-07-27T09:16:20.3983927Z   'test-DBItest.R:3:1' [success]
2026-07-27T09:16:20.4097505Z   'test-DBItest.R:3:1' [success]
2026-07-27T09:16:20.4218096Z   'test-DBItest.R:3:1' [success]
2026-07-27T09:16:20.4335872Z   'test-DBItest.R:3:1' [success]
2026-07-27T09:16:20.4434879Z   'test-DBItest.R:3:1' [success]
2026-07-27T09:16:20.4476940Z End test: DBItest[duckdb.dev]: Arrow: arrow_write_table_arrow_value_subset
2026-07-27T09:16:20.4477703Z 
2026-07-27T09:16:20.4493058Z Start test: DBItest[duckdb.dev]: Arrow: arrow_write_table_arrow_value_shuffle
2026-07-27T09:16:20.4759005Z   'test-DBItest.R:3:1' [success]
2026-07-27T09:16:20.4949602Z   'test-DBItest.R:3:1' [success]
2026-07-27T09:16:20.5073127Z   'test-DBItest.R:3:1' [success]
2026-07-27T09:16:20.5191912Z   'test-DBItest.R:3:1' [success]
2026-07-27T09:16:20.5306766Z   'test-DBItest.R:3:1' [success]
2026-07-27T09:16:20.5426737Z   'test-DBItest.R:3:1' [success]
2026-07-27T09:16:20.5544236Z   'test-DBItest.R:3:1' [success]
2026-07-27T09:16:20.5641128Z   'test-DBItest.R:3:1' [success]
2026-07-27T09:16:20.5682791Z End test: DBItest[duckdb.dev]: Arrow: arrow_write_table_arrow_value_shuffle
2026-07-27T09:16:20.5683352Z 
2026-07-27T09:16:20.5698861Z Start test: DBItest[duckdb.dev]: Arrow: arrow_write_table_arrow_value_shuffle_subset
2026-07-27T09:16:20.5963324Z   'test-DBItest.R:3:1' [success]
2026-07-27T09:16:20.6088501Z   'test-DBItest.R:3:1' [success]
2026-07-27T09:16:20.6205563Z   'test-DBItest.R:3:1' [success]
2026-07-27T09:16:20.6326929Z   'test-DBItest.R:3:1' [success]
2026-07-27T09:16:20.6506072Z   'test-DBItest.R:3:1' [success]
2026-07-27T09:16:20.6631739Z   'test-DBItest.R:3:1' [success]
2026-07-27T09:16:20.6751106Z   'test-DBItest.R:3:1' [success]
2026-07-27T09:16:20.6851008Z   'test-DBItest.R:3:1' [success]
2026-07-27T09:16:20.6891600Z End test: DBItest[duckdb.dev]: Arrow: arrow_write_table_arrow_value_shuffle_subset
2026-07-27T09:16:20.6892518Z 
2026-07-27T09:16:20.6906971Z Start test: DBItest[duckdb.dev]: Arrow: arrow_write_table_arrow_roundtrip_64_bit_numeric
2026-07-27T09:16:20.7011443Z   'test-DBItest.R:3:1' [skip]
2026-07-27T09:16:20.7029720Z End test: DBItest[duckdb.dev]: Arrow: arrow_write_table_arrow_roundtrip_64_bit_numeric
2026-07-27T09:16:20.7030528Z 
2026-07-27T09:16:20.7044468Z Start test: DBItest[duckdb.dev]: Arrow: arrow_write_table_arrow_roundtrip_64_bit_character
2026-07-27T09:16:20.7149079Z   'test-DBItest.R:3:1' [skip]
2026-07-27T09:16:20.7167048Z End test: DBItest[duckdb.dev]: Arrow: arrow_write_table_arrow_roundtrip_64_bit_character
2026-07-27T09:16:20.7167892Z 
2026-07-27T09:16:20.7183427Z Start test: DBItest[duckdb.dev]: Arrow: arrow_create_table_arrow_formals
2026-07-27T09:16:20.7308721Z   'test-DBItest.R:3:1' [success]
2026-07-27T09:16:20.7407913Z   'test-DBItest.R:3:1' [success]
2026-07-27T09:16:20.7427692Z End test: DBItest[duckdb.dev]: Arrow: arrow_create_table_arrow_formals
2026-07-27T09:16:20.7428190Z 
2026-07-27T09:16:20.7443749Z Start test: DBItest[duckdb.dev]: Arrow: arrow_create_table_arrow_return
2026-07-27T09:16:20.7614218Z   'test-DBItest.R:3:1' [success]
2026-07-27T09:16:20.7737697Z   'test-DBItest.R:3:1' [success]
2026-07-27T09:16:20.7836806Z   'test-DBItest.R:3:1' [success]
2026-07-27T09:16:20.7879263Z End test: DBItest[duckdb.dev]: Arrow: arrow_create_table_arrow_return
2026-07-27T09:16:20.7880197Z 
2026-07-27T09:16:20.7896059Z Start test: DBItest[duckdb.dev]: Arrow: arrow_create_table_arrow_overwrite
2026-07-27T09:16:20.8403604Z   'test-DBItest.R:3:1' [success]
2026-07-27T09:16:20.8528342Z   'test-DBItest.R:3:1' [success]
2026-07-27T09:16:20.8645486Z   'test-DBItest.R:3:1' [success]
2026-07-27T09:16:20.8761187Z   'test-DBItest.R:3:1' [success]
2026-07-27T09:16:20.8876523Z   'test-DBItest.R:3:1' [success]
2026-07-27T09:16:20.8992416Z   'test-DBItest.R:3:1' [success]
2026-07-27T09:16:20.9113622Z   'test-DBItest.R:3:1' [success]
2026-07-27T09:16:20.9233286Z   'test-DBItest.R:3:1' [success]
2026-07-27T09:16:20.9332573Z   'test-DBItest.R:3:1' [success]
2026-07-27T09:16:20.9374498Z End test: DBItest[duckdb.dev]: Arrow: arrow_create_table_arrow_overwrite
2026-07-27T09:16:20.9375067Z 
2026-07-27T09:16:20.9390380Z Start test: DBItest[duckdb.dev]: Arrow: arrow_create_table_arrow_closed_connection
2026-07-27T09:16:20.9929337Z   'test-DBItest.R:3:1' [success]
2026-07-27T09:16:21.0027047Z   'test-DBItest.R:3:1' [success]
2026-07-27T09:16:21.0045531Z End test: DBItest[duckdb.dev]: Arrow: arrow_create_table_arrow_closed_connection
2026-07-27T09:16:21.0046150Z 
2026-07-27T09:16:21.0060834Z Start test: DBItest[duckdb.dev]: Arrow: arrow_create_table_arrow_invalid_connection
2026-07-27T09:16:21.0528486Z   'test-DBItest.R:3:1' [success]
2026-07-27T09:16:21.0625269Z   'test-DBItest.R:3:1' [success]
2026-07-27T09:16:21.0644065Z End test: DBItest[duckdb.dev]: Arrow: arrow_create_table_arrow_invalid_connection
2026-07-27T09:16:21.0644618Z 
2026-07-27T09:16:21.0659981Z Start test: DBItest[duckdb.dev]: Arrow: arrow_create_table_arrow_name
2026-07-27T09:16:21.0819793Z   'test-DBItest.R:3:1' [success]
2026-07-27T09:16:21.0937579Z   'test-DBItest.R:3:1' [success]
2026-07-27T09:16:21.1052961Z   'test-DBItest.R:3:1' [success]
2026-07-27T09:16:21.1167181Z   'test-DBItest.R:3:1' [success]
2026-07-27T09:16:21.1287439Z   'test-DBItest.R:3:1' [success]
2026-07-27T09:16:21.1471551Z   'test-DBItest.R:3:1' [success]
2026-07-27T09:16:21.1588434Z   'test-DBItest.R:3:1' [success]
2026-07-27T09:16:21.1740480Z   'test-DBItest.R:3:1' [success]
2026-07-27T09:16:21.1853945Z   'test-DBItest.R:3:1' [success]
2026-07-27T09:16:21.1967229Z   'test-DBItest.R:3:1' [success]
2026-07-27T09:16:21.2079137Z   'test-DBItest.R:3:1' [success]
2026-07-27T09:16:21.2192255Z   'test-DBItest.R:3:1' [success]
2026-07-27T09:16:21.2309770Z   'test-DBItest.R:3:1' [success]
2026-07-27T09:16:21.2425056Z   'test-DBItest.R:3:1' [success]
2026-07-27T09:16:21.2574833Z   'test-DBItest.R:3:1' [success]
2026-07-27T09:16:21.2696542Z   'test-DBItest.R:3:1' [success]
2026-07-27T09:16:21.2879687Z   'test-DBItest.R:3:1' [success]
2026-07-27T09:16:21.2996615Z   'test-DBItest.R:3:1' [success]
2026-07-27T09:16:21.3112301Z   'test-DBItest.R:3:1' [success]
2026-07-27T09:16:21.3229693Z   'test-DBItest.R:3:1' [success]
2026-07-27T09:16:21.3342099Z   'test-DBItest.R:3:1' [success]
2026-07-27T09:16:21.3494838Z   'test-DBItest.R:3:1' [success]
2026-07-27T09:16:21.3513390Z End test: DBItest[duckdb.dev]: Arrow: arrow_create_table_arrow_name
2026-07-27T09:16:21.3513904Z 
2026-07-27T09:16:21.3529175Z Start test: DBItest[duckdb.dev]: Arrow: arrow_create_table_arrow_name_quoted
2026-07-27T09:16:21.3688268Z   'test-DBItest.R:3:1' [success]
2026-07-27T09:16:21.3805766Z   'test-DBItest.R:3:1' [success]
2026-07-27T09:16:21.3921787Z   'test-DBItest.R:3:1' [success]
2026-07-27T09:16:21.4034852Z   'test-DBItest.R:3:1' [success]
2026-07-27T09:16:21.4152895Z   'test-DBItest.R:3:1' [success]
2026-07-27T09:16:21.4337573Z   'test-DBItest.R:3:1' [success]
2026-07-27T09:16:21.4456644Z   'test-DBItest.R:3:1' [success]
2026-07-27T09:16:21.4616187Z   'test-DBItest.R:3:1' [success]
2026-07-27T09:16:21.4732396Z   'test-DBItest.R:3:1' [success]
2026-07-27T09:16:21.4846409Z   'test-DBItest.R:3:1' [success]
2026-07-27T09:16:21.4959991Z   'test-DBItest.R:3:1' [success]
2026-07-27T09:16:21.5071416Z   'test-DBItest.R:3:1' [success]
2026-07-27T09:16:21.5186834Z   'test-DBItest.R:3:1' [success]
2026-07-27T09:16:21.5302707Z   'test-DBItest.R:3:1' [success]
2026-07-27T09:16:21.5459422Z   'test-DBItest.R:3:1' [success]
2026-07-27T09:16:21.5576114Z   'test-DBItest.R:3:1' [success]
2026-07-27T09:16:21.5700866Z   'test-DBItest.R:3:1' [success]
2026-07-27T09:16:21.5884749Z   'test-DBItest.R:3:1' [success]
2026-07-27T09:16:21.6005198Z   'test-DBItest.R:3:1' [success]
2026-07-27T09:16:21.6123200Z   'test-DBItest.R:3:1' [success]
2026-07-27T09:16:21.6235323Z   'test-DBItest.R:3:1' [success]
2026-07-27T09:16:21.6387562Z   'test-DBItest.R:3:1' [success]
2026-07-27T09:16:21.6405484Z End test: DBItest[duckdb.dev]: Arrow: arrow_create_table_arrow_name_quoted
2026-07-27T09:16:21.6405997Z 
2026-07-27T09:16:21.6421362Z Start test: DBItest[duckdb.dev]: Arrow: arrow_create_table_arrow_value_df
2026-07-27T09:16:21.6589789Z   'test-DBItest.R:3:1' [success]
2026-07-27T09:16:21.6701343Z   'test-DBItest.R:3:1' [success]
2026-07-27T09:16:21.6820116Z   'test-DBItest.R:3:1' [success]
2026-07-27T09:16:21.6837188Z End test: DBItest[duckdb.dev]: Arrow: arrow_create_table_arrow_value_df
2026-07-27T09:16:21.6837892Z 
2026-07-27T09:16:21.6853180Z Start test: DBItest[duckdb.dev]: Arrow: arrow_create_table_arrow_value_array
2026-07-27T09:16:21.7020484Z   'test-DBItest.R:3:1' [success]
2026-07-27T09:16:21.7138908Z   'test-DBItest.R:3:1' [success]
2026-07-27T09:16:21.7325630Z   'test-DBItest.R:3:1' [success]
2026-07-27T09:16:21.7345741Z End test: DBItest[duckdb.dev]: Arrow: arrow_create_table_arrow_value_array
2026-07-27T09:16:21.7346504Z 
2026-07-27T09:16:21.7361817Z Start test: DBItest[duckdb.dev]: Arrow: arrow_create_table_arrow_value_stream
2026-07-27T09:16:21.7524190Z   'test-DBItest.R:3:1' [success]
2026-07-27T09:16:21.7663034Z   'test-DBItest.R:3:1' [success]
2026-07-27T09:16:21.7773753Z   'test-DBItest.R:3:1' [success]
2026-07-27T09:16:21.7889019Z   'test-DBItest.R:3:1' [success]
2026-07-27T09:16:21.7906829Z End test: DBItest[duckdb.dev]: Arrow: arrow_create_table_arrow_value_stream
2026-07-27T09:16:21.7907568Z 
2026-07-27T09:16:21.7922612Z Start test: DBItest[duckdb.dev]: Arrow: arrow_create_table_arrow_value_schema
2026-07-27T09:16:21.8091005Z   'test-DBItest.R:3:1' [success]
2026-07-27T09:16:21.8201400Z   'test-DBItest.R:3:1' [success]
2026-07-27T09:16:21.8312791Z   'test-DBItest.R:3:1' [success]
2026-07-27T09:16:21.8329803Z End test: DBItest[duckdb.dev]: Arrow: arrow_create_table_arrow_value_schema
2026-07-27T09:16:21.8330314Z 
2026-07-27T09:16:21.8345402Z Start test: DBItest[duckdb.dev]: Arrow: arrow_create_table_arrow_roundtrip_keywords
2026-07-27T09:16:21.8565845Z   'test-DBItest.R:3:1' [success]
2026-07-27T09:16:21.8680137Z   'test-DBItest.R:3:1' [success]
2026-07-27T09:16:21.8857558Z   'test-DBItest.R:3:1' [success]
2026-07-27T09:16:21.8973179Z   'test-DBItest.R:3:1' [success]
2026-07-27T09:16:21.9087724Z   'test-DBItest.R:3:1' [success]
2026-07-27T09:16:21.9205220Z   'test-DBItest.R:3:1' [success]
2026-07-27T09:16:21.9318320Z   'test-DBItest.R:3:1' [success]
2026-07-27T09:16:21.9573660Z   'test-DBItest.R:3:1' [success]
2026-07-27T09:16:21.9690028Z   'test-DBItest.R:3:1' [success]
2026-07-27T09:16:21.9802898Z   'test-DBItest.R:3:1' [success]
2026-07-27T09:16:21.9915841Z   'test-DBItest.R:3:1' [success]
2026-07-27T09:16:22.0025499Z   'test-DBItest.R:3:1' [success]
2026-07-27T09:16:22.0140102Z   'test-DBItest.R:3:1' [success]
2026-07-27T09:16:22.0314440Z   'test-DBItest.R:3:1' [success]
2026-07-27T09:16:22.0560870Z   'test-DBItest.R:3:1' [success]
2026-07-27T09:16:22.0673173Z   'test-DBItest.R:3:1' [success]
2026-07-27T09:16:22.0781440Z   'test-DBItest.R:3:1' [success]
2026-07-27T09:16:22.0889642Z   'test-DBItest.R:3:1' [success]
2026-07-27T09:16:22.1000873Z   'test-DBItest.R:3:1' [success]
2026-07-27T09:16:22.1116774Z   'test-DBItest.R:3:1' [success]
2026-07-27T09:16:22.1232767Z   'test-DBItest.R:3:1' [success]
2026-07-27T09:16:22.1355539Z   'test-DBItest.R:3:1' [success]
2026-07-27T09:16:22.1374454Z End test: DBItest[duckdb.dev]: Arrow: arrow_create_table_arrow_roundtrip_keywords
2026-07-27T09:16:22.1375051Z 
2026-07-27T09:16:22.1389693Z Start test: DBItest[duckdb.dev]: Arrow: arrow_create_table_arrow_roundtrip_quotes
2026-07-27T09:16:22.1647824Z   'test-DBItest.R:3:1' [success]
2026-07-27T09:16:22.1774171Z   'test-DBItest.R:3:1' [success]
2026-07-27T09:16:22.1953876Z   'test-DBItest.R:3:1' [success]
2026-07-27T09:16:22.2069668Z   'test-DBItest.R:3:1' [success]
2026-07-27T09:16:22.2180075Z   'test-DBItest.R:3:1' [success]
2026-07-27T09:16:22.2292271Z   'test-DBItest.R:3:1' [success]
2026-07-27T09:16:22.2404040Z   'test-DBItest.R:3:1' [success]
2026-07-27T09:16:22.2662796Z   'test-DBItest.R:3:1' [success]
2026-07-27T09:16:22.2779187Z   'test-DBItest.R:3:1' [success]
2026-07-27T09:16:22.2895713Z   'test-DBItest.R:3:1' [success]
2026-07-27T09:16:22.3009115Z   'test-DBItest.R:3:1' [success]
2026-07-27T09:16:22.3120933Z   'test-DBItest.R:3:1' [success]
2026-07-27T09:16:22.3243781Z   'test-DBItest.R:3:1' [success]
2026-07-27T09:16:22.3425033Z   'test-DBItest.R:3:1' [success]
2026-07-27T09:16:22.3686995Z   'test-DBItest.R:3:1' [success]
2026-07-27T09:16:22.3803906Z   'test-DBItest.R:3:1' [success]
2026-07-27T09:16:22.3918148Z   'test-DBItest.R:3:1' [success]
2026-07-27T09:16:22.4030814Z   'test-DBItest.R:3:1' [success]
2026-07-27T09:16:22.4143290Z   'test-DBItest.R:3:1' [success]
2026-07-27T09:16:22.4259202Z   'test-DBItest.R:3:1' [success]
2026-07-27T09:16:22.4374737Z   'test-DBItest.R:3:1' [success]
2026-07-27T09:16:22.4632258Z   'test-DBItest.R:3:1' [success]
2026-07-27T09:16:22.4756974Z   'test-DBItest.R:3:1' [success]
2026-07-27T09:16:22.4943415Z   'test-DBItest.R:3:1' [success]
2026-07-27T09:16:22.5061292Z   'test-DBItest.R:3:1' [success]
2026-07-27T09:16:22.5175240Z   'test-DBItest.R:3:1' [success]
2026-07-27T09:16:22.5288844Z   'test-DBItest.R:3:1' [success]
2026-07-27T09:16:22.5401752Z   'test-DBItest.R:3:1' [success]
2026-07-27T09:16:22.5659232Z   'test-DBItest.R:3:1' [success]
2026-07-27T09:16:22.5776330Z   'test-DBItest.R:3:1' [success]
2026-07-27T09:16:22.5891628Z   'test-DBItest.R:3:1' [success]
2026-07-27T09:16:22.6007825Z   'test-DBItest.R:3:1' [success]
2026-07-27T09:16:22.6121455Z   'test-DBItest.R:3:1' [success]
2026-07-27T09:16:22.6250825Z   'test-DBItest.R:3:1' [success]
2026-07-27T09:16:22.6436306Z   'test-DBItest.R:3:1' [success]
2026-07-27T09:16:22.6705621Z   'test-DBItest.R:3:1' [success]
2026-07-27T09:16:22.6830750Z   'test-DBItest.R:3:1' [success]
2026-07-27T09:16:22.6946329Z   'test-DBItest.R:3:1' [success]
2026-07-27T09:16:22.7060636Z   'test-DBItest.R:3:1' [success]
2026-07-27T09:16:22.7176890Z   'test-DBItest.R:3:1' [success]
2026-07-27T09:16:22.7298237Z   'test-DBItest.R:3:1' [success]
2026-07-27T09:16:22.7420829Z   'test-DBItest.R:3:1' [success]
2026-07-27T09:16:22.7692490Z   'test-DBItest.R:3:1' [success]
2026-07-27T09:16:22.7819003Z   'test-DBItest.R:3:1' [success]
2026-07-27T09:16:22.8008419Z   'test-DBItest.R:3:1' [success]
2026-07-27T09:16:22.8130883Z   'test-DBItest.R:3:1' [success]
2026-07-27T09:16:22.8249421Z   'test-DBItest.R:3:1' [success]
2026-07-27T09:16:22.8368150Z   'test-DBItest.R:3:1' [success]
2026-07-27T09:16:22.8484860Z   'test-DBItest.R:3:1' [success]
2026-07-27T09:16:22.8743931Z   'test-DBItest.R:3:1' [success]
2026-07-27T09:16:22.8862140Z   'test-DBItest.R:3:1' [success]
2026-07-27T09:16:22.8978538Z   'test-DBItest.R:3:1' [success]
2026-07-27T09:16:22.9097967Z   'test-DBItest.R:3:1' [success]
2026-07-27T09:16:22.9215316Z   'test-DBItest.R:3:1' [success]
2026-07-27T09:16:22.9341489Z   'test-DBItest.R:3:1' [success]
2026-07-27T09:16:22.9528847Z   'test-DBItest.R:3:1' [success]
2026-07-27T09:16:22.9794010Z   'test-DBItest.R:3:1' [success]
2026-07-27T09:16:22.9913915Z   'test-DBItest.R:3:1' [success]
2026-07-27T09:16:23.0031006Z   'test-DBItest.R:3:1' [success]
2026-07-27T09:16:23.0145402Z   'test-DBItest.R:3:1' [success]
2026-07-27T09:16:23.0259946Z   'test-DBItest.R:3:1' [success]
2026-07-27T09:16:23.0377126Z   'test-DBItest.R:3:1' [success]
2026-07-27T09:16:23.0499644Z   'test-DBItest.R:3:1' [success]
2026-07-27T09:16:23.0781398Z   'test-DBItest.R:3:1' [success]
2026-07-27T09:16:23.0905536Z   'test-DBItest.R:3:1' [success]
2026-07-27T09:16:23.1095461Z   'test-DBItest.R:3:1' [success]
2026-07-27T09:16:23.1225821Z   'test-DBItest.R:3:1' [success]
2026-07-27T09:16:23.1344685Z   'test-DBItest.R:3:1' [success]
2026-07-27T09:16:23.1459554Z   'test-DBItest.R:3:1' [success]
2026-07-27T09:16:23.1571738Z   'test-DBItest.R:3:1' [success]
2026-07-27T09:16:23.1830034Z   'test-DBItest.R:3:1' [success]
2026-07-27T09:16:23.1947614Z   'test-DBItest.R:3:1' [success]
2026-07-27T09:16:23.2062996Z   'test-DBItest.R:3:1' [success]
2026-07-27T09:16:23.2182448Z   'test-DBItest.R:3:1' [success]
2026-07-27T09:16:23.2300202Z   'test-DBItest.R:3:1' [success]
2026-07-27T09:16:23.2419214Z   'test-DBItest.R:3:1' [success]
2026-07-27T09:16:23.2602275Z   'test-DBItest.R:3:1' [success]
2026-07-27T09:16:23.2869069Z   'test-DBItest.R:3:1' [success]
2026-07-27T09:16:23.2992607Z   'test-DBItest.R:3:1' [success]
2026-07-27T09:16:23.3117017Z   'test-DBItest.R:3:1' [success]
2026-07-27T09:16:23.3238213Z   'test-DBItest.R:3:1' [success]
2026-07-27T09:16:23.3359270Z   'test-DBItest.R:3:1' [success]
2026-07-27T09:16:23.3480638Z   'test-DBItest.R:3:1' [success]
2026-07-27T09:16:23.3599630Z   'test-DBItest.R:3:1' [success]
2026-07-27T09:16:23.3722845Z   'test-DBItest.R:3:1' [success]
2026-07-27T09:16:23.3740949Z End test: DBItest[duckdb.dev]: Arrow: arrow_create_table_arrow_roundtrip_quotes
2026-07-27T09:16:23.3741709Z 
2026-07-27T09:16:23.3756825Z Start test: DBItest[duckdb.dev]: Arrow: arrow_append_table_arrow_formals
2026-07-27T09:16:23.3877424Z   'test-DBItest.R:3:1' [success]
2026-07-27T09:16:23.3978000Z   'test-DBItest.R:3:1' [success]
2026-07-27T09:16:23.3997237Z End test: DBItest[duckdb.dev]: Arrow: arrow_append_table_arrow_formals
2026-07-27T09:16:23.3998123Z 
2026-07-27T09:16:23.4014199Z Start test: DBItest[duckdb.dev]: Arrow: arrow_append_table_arrow_invalid_value
2026-07-27T09:16:23.4286671Z   'test-DBItest.R:3:1' [success]
2026-07-27T09:16:23.4411984Z   'test-DBItest.R:3:1' [success]
2026-07-27T09:16:23.4529368Z   'test-DBItest.R:3:1' [success]
2026-07-27T09:16:23.4643885Z   'test-DBItest.R:3:1' [success]
2026-07-27T09:16:23.4756972Z   'test-DBItest.R:3:1' [success]
2026-07-27T09:16:23.4871049Z   'test-DBItest.R:3:1' [success]
2026-07-27T09:16:23.4989263Z   'test-DBItest.R:3:1' [success]
2026-07-27T09:16:23.5104281Z   'test-DBItest.R:3:1' [success]
2026-07-27T09:16:23.5201752Z   'test-DBItest.R:3:1' [success]
2026-07-27T09:16:23.5241443Z End test: DBItest[duckdb.dev]: Arrow: arrow_append_table_arrow_invalid_value
2026-07-27T09:16:23.5242304Z 
2026-07-27T09:16:23.5257421Z Start test: DBItest[duckdb.dev]: Arrow: arrow_append_table_arrow_append_incompatible
2026-07-27T09:16:23.5554147Z   'test-DBItest.R:3:1' [success]
2026-07-27T09:16:23.5812951Z   'test-DBItest.R:3:1' [success]
2026-07-27T09:16:23.5933690Z   'test-DBItest.R:3:1' [success]
2026-07-27T09:16:23.6050885Z   'test-DBItest.R:3:1' [success]
2026-07-27T09:16:23.6164688Z   'test-DBItest.R:3:1' [success]
2026-07-27T09:16:23.6277869Z   'test-DBItest.R:3:1' [success]
2026-07-27T09:16:23.6394693Z   'test-DBItest.R:3:1' [success]
2026-07-27T09:16:23.6507765Z   'test-DBItest.R:3:1' [success]
2026-07-27T09:16:23.6602797Z   'test-DBItest.R:3:1' [success]
2026-07-27T09:16:23.6643405Z End test: DBItest[duckdb.dev]: Arrow: arrow_append_table_arrow_append_incompatible
2026-07-27T09:16:23.6644201Z 
2026-07-27T09:16:23.6658757Z Start test: DBItest[duckdb.dev]: Arrow: arrow_append_table_arrow_closed_connection
2026-07-27T09:16:23.7134961Z   'test-DBItest.R:3:1' [success]
2026-07-27T09:16:23.7239456Z   'test-DBItest.R:3:1' [success]
2026-07-27T09:16:23.7307552Z End test: DBItest[duckdb.dev]: Arrow: arrow_append_table_arrow_closed_connection
2026-07-27T09:16:23.7308477Z 
2026-07-27T09:16:23.7328853Z Start test: DBItest[duckdb.dev]: Arrow: arrow_append_table_arrow_invalid_connection
2026-07-27T09:16:23.7829436Z   'test-DBItest.R:3:1' [success]
2026-07-27T09:16:23.7923835Z   'test-DBItest.R:3:1' [success]
2026-07-27T09:16:23.7942852Z End test: DBItest[duckdb.dev]: Arrow: arrow_append_table_arrow_invalid_connection
2026-07-27T09:16:23.7943467Z 
2026-07-27T09:16:23.7958745Z Start test: DBItest[duckdb.dev]: Arrow: arrow_append_table_arrow_roundtrip_keywords
2026-07-27T09:16:23.8213120Z   'test-DBItest.R:3:1' [success]
2026-07-27T09:16:23.8332372Z   'test-DBItest.R:3:1' [success]
2026-07-27T09:16:23.8447518Z   'test-DBItest.R:3:1' [success]
2026-07-27T09:16:23.8562276Z   'test-DBItest.R:3:1' [success]
2026-07-27T09:16:23.8678334Z   'test-DBItest.R:3:1' [success]
2026-07-27T09:16:23.8796563Z   'test-DBItest.R:3:1' [success]
2026-07-27T09:16:23.8918392Z   'test-DBItest.R:3:1' [success]
2026-07-27T09:16:23.9263836Z   'test-DBItest.R:3:1' [success]
2026-07-27T09:16:23.9382102Z   'test-DBItest.R:3:1' [success]
2026-07-27T09:16:23.9495311Z   'test-DBItest.R:3:1' [success]
2026-07-27T09:16:23.9606740Z   'test-DBItest.R:3:1' [success]
2026-07-27T09:16:23.9719905Z   'test-DBItest.R:3:1' [success]
2026-07-27T09:16:23.9836282Z   'test-DBItest.R:3:1' [success]
2026-07-27T09:16:23.9951115Z   'test-DBItest.R:3:1' [success]
2026-07-27T09:16:24.0216401Z   'test-DBItest.R:3:1' [success]
2026-07-27T09:16:24.0336050Z   'test-DBItest.R:3:1' [success]
2026-07-27T09:16:24.0453329Z   'test-DBItest.R:3:1' [success]
2026-07-27T09:16:24.0637107Z   'test-DBItest.R:3:1' [success]
2026-07-27T09:16:24.0773272Z   'test-DBItest.R:3:1' [success]
2026-07-27T09:16:24.0893550Z   'test-DBItest.R:3:1' [success]
2026-07-27T09:16:24.1009180Z   'test-DBItest.R:3:1' [success]
2026-07-27T09:16:24.1126634Z   'test-DBItest.R:3:1' [success]
2026-07-27T09:16:24.1145300Z End test: DBItest[duckdb.dev]: Arrow: arrow_append_table_arrow_roundtrip_keywords
2026-07-27T09:16:24.1145802Z 
2026-07-27T09:16:24.1160903Z Start test: DBItest[duckdb.dev]: Arrow: arrow_append_table_arrow_roundtrip_quotes_table_names
2026-07-27T09:16:24.1400033Z   'test-DBItest.R:3:1' [success]
2026-07-27T09:16:24.1517741Z   'test-DBItest.R:3:1' [success]
2026-07-27T09:16:24.1631811Z   'test-DBItest.R:3:1' [success]
2026-07-27T09:16:24.1746100Z   'test-DBItest.R:3:1' [success]
2026-07-27T09:16:24.1858737Z   'test-DBItest.R:3:1' [success]
2026-07-27T09:16:24.1973957Z   'test-DBItest.R:3:1' [success]
2026-07-27T09:16:24.2157416Z   'test-DBItest.R:3:1' [success]
2026-07-27T09:16:24.2421062Z   'test-DBItest.R:3:1' [success]
2026-07-27T09:16:24.2539940Z   'test-DBItest.R:3:1' [success]
2026-07-27T09:16:24.2652620Z   'test-DBItest.R:3:1' [success]
2026-07-27T09:16:24.2763167Z   'test-DBItest.R:3:1' [success]
2026-07-27T09:16:24.2875490Z   'test-DBItest.R:3:1' [success]
2026-07-27T09:16:24.2989926Z   'test-DBItest.R:3:1' [success]
2026-07-27T09:16:24.3101059Z   'test-DBItest.R:3:1' [success]
2026-07-27T09:16:24.3343349Z   'test-DBItest.R:3:1' [success]
2026-07-27T09:16:24.3456961Z   'test-DBItest.R:3:1' [success]
2026-07-27T09:16:24.3575595Z   'test-DBItest.R:3:1' [success]
2026-07-27T09:16:24.3770421Z   'test-DBItest.R:3:1' [success]
2026-07-27T09:16:24.3892096Z   'test-DBItest.R:3:1' [success]
2026-07-27T09:16:24.4010079Z   'test-DBItest.R:3:1' [success]
2026-07-27T09:16:24.4122631Z   'test-DBItest.R:3:1' [success]
2026-07-27T09:16:24.4366091Z   'test-DBItest.R:3:1' [success]
2026-07-27T09:16:24.4482627Z   'test-DBItest.R:3:1' [success]
2026-07-27T09:16:24.4594492Z   'test-DBItest.R:3:1' [success]
2026-07-27T09:16:24.4706360Z   'test-DBItest.R:3:1' [success]
2026-07-27T09:16:24.4822117Z   'test-DBItest.R:3:1' [success]
2026-07-27T09:16:24.4938795Z   'test-DBItest.R:3:1' [success]
2026-07-27T09:16:24.5054479Z   'test-DBItest.R:3:1' [success]
2026-07-27T09:16:24.5389961Z   'test-DBItest.R:3:1' [success]
2026-07-27T09:16:24.5511014Z   'test-DBItest.R:3:1' [success]
2026-07-27T09:16:24.5625756Z   'test-DBItest.R:3:1' [success]
2026-07-27T09:16:24.5735203Z   'test-DBItest.R:3:1' [success]
2026-07-27T09:16:24.5844148Z   'test-DBItest.R:3:1' [success]
2026-07-27T09:16:24.5957907Z   'test-DBItest.R:3:1' [success]
2026-07-27T09:16:24.6068306Z   'test-DBItest.R:3:1' [success]
2026-07-27T09:16:24.6317099Z   'test-DBItest.R:3:1' [success]
2026-07-27T09:16:24.6435480Z   'test-DBItest.R:3:1' [success]
2026-07-27T09:16:24.6550624Z   'test-DBItest.R:3:1' [success]
2026-07-27T09:16:24.6671052Z   'test-DBItest.R:3:1' [success]
2026-07-27T09:16:24.6868770Z   'test-DBItest.R:3:1' [success]
2026-07-27T09:16:24.6988222Z   'test-DBItest.R:3:1' [success]
2026-07-27T09:16:24.7102536Z   'test-DBItest.R:3:1' [success]
2026-07-27T09:16:24.7340948Z   'test-DBItest.R:3:1' [success]
2026-07-27T09:16:24.7456910Z   'test-DBItest.R:3:1' [success]
2026-07-27T09:16:24.7571818Z   'test-DBItest.R:3:1' [success]
2026-07-27T09:16:24.7685203Z   'test-DBItest.R:3:1' [success]
2026-07-27T09:16:24.7798233Z   'test-DBItest.R:3:1' [success]
2026-07-27T09:16:24.7915558Z   'test-DBItest.R:3:1' [success]
2026-07-27T09:16:24.8028315Z   'test-DBItest.R:3:1' [success]
2026-07-27T09:16:24.8331405Z   'test-DBItest.R:3:1' [success]
2026-07-27T09:16:24.8479955Z   'test-DBItest.R:3:1' [success]
2026-07-27T09:16:24.8596073Z   'test-DBItest.R:3:1' [success]
2026-07-27T09:16:24.8710473Z   'test-DBItest.R:3:1' [success]
2026-07-27T09:16:24.8824564Z   'test-DBItest.R:3:1' [success]
2026-07-27T09:16:24.8942754Z   'test-DBItest.R:3:1' [success]
2026-07-27T09:16:24.9059133Z   'test-DBItest.R:3:1' [success]
2026-07-27T09:16:24.9310016Z   'test-DBItest.R:3:1' [success]
2026-07-27T09:16:24.9432054Z   'test-DBItest.R:3:1' [success]
2026-07-27T09:16:24.9551177Z   'test-DBItest.R:3:1' [success]
2026-07-27T09:16:24.9666616Z   'test-DBItest.R:3:1' [success]
2026-07-27T09:16:24.9789857Z   'test-DBItest.R:3:1' [success]
2026-07-27T09:16:24.9992797Z   'test-DBItest.R:3:1' [success]
2026-07-27T09:16:25.0112416Z   'test-DBItest.R:3:1' [success]
2026-07-27T09:16:25.0361136Z   'test-DBItest.R:3:1' [success]
2026-07-27T09:16:25.0482677Z   'test-DBItest.R:3:1' [success]
2026-07-27T09:16:25.0600317Z   'test-DBItest.R:3:1' [success]
2026-07-27T09:16:25.0715941Z   'test-DBItest.R:3:1' [success]
2026-07-27T09:16:25.0830941Z   'test-DBItest.R:3:1' [success]
2026-07-27T09:16:25.0950313Z   'test-DBItest.R:3:1' [success]
2026-07-27T09:16:25.1067223Z   'test-DBItest.R:3:1' [success]
2026-07-27T09:16:25.1319515Z   'test-DBItest.R:3:1' [success]
2026-07-27T09:16:25.1518144Z   'test-DBItest.R:3:1' [success]
2026-07-27T09:16:25.1656129Z   'test-DBItest.R:3:1' [success]
2026-07-27T09:16:25.1774689Z   'test-DBItest.R:3:1' [success]
2026-07-27T09:16:25.1888916Z   'test-DBItest.R:3:1' [success]
2026-07-27T09:16:25.2005316Z   'test-DBItest.R:3:1' [success]
2026-07-27T09:16:25.2119730Z   'test-DBItest.R:3:1' [success]
2026-07-27T09:16:25.2368811Z   'test-DBItest.R:3:1' [success]
2026-07-27T09:16:25.2484381Z   'test-DBItest.R:3:1' [success]
2026-07-27T09:16:25.2602165Z   'test-DBItest.R:3:1' [success]
2026-07-27T09:16:25.2718465Z   'test-DBItest.R:3:1' [success]
2026-07-27T09:16:25.2835703Z   'test-DBItest.R:3:1' [success]
2026-07-27T09:16:25.3021693Z   'test-DBItest.R:3:1' [success]
2026-07-27T09:16:25.3166439Z   'test-DBItest.R:3:1' [success]
2026-07-27T09:16:25.3421494Z   'test-DBItest.R:3:1' [success]
2026-07-27T09:16:25.3538230Z   'test-DBItest.R:3:1' [success]
2026-07-27T09:16:25.3651622Z   'test-DBItest.R:3:1' [success]
2026-07-27T09:16:25.3763043Z   'test-DBItest.R:3:1' [success]
2026-07-27T09:16:25.3878435Z   'test-DBItest.R:3:1' [success]
2026-07-27T09:16:25.3996393Z   'test-DBItest.R:3:1' [success]
2026-07-27T09:16:25.4116227Z   'test-DBItest.R:3:1' [success]
2026-07-27T09:16:25.4239643Z   'test-DBItest.R:3:1' [success]
2026-07-27T09:16:25.4258667Z End test: DBItest[duckdb.dev]: Arrow: arrow_append_table_arrow_roundtrip_quotes_table_names
2026-07-27T09:16:25.4259295Z 
2026-07-27T09:16:25.4274663Z Start test: DBItest[duckdb.dev]: Arrow: arrow_append_table_arrow_roundtrip_quotes_column_names
2026-07-27T09:16:25.4652686Z   'test-DBItest.R:3:1' [success]
2026-07-27T09:16:25.4795101Z   'test-DBItest.R:3:1' [success]
2026-07-27T09:16:25.4909936Z   'test-DBItest.R:3:1' [success]
2026-07-27T09:16:25.5019955Z   'test-DBItest.R:3:1' [success]
2026-07-27T09:16:25.5129029Z   'test-DBItest.R:3:1' [success]
2026-07-27T09:16:25.5243512Z   'test-DBItest.R:3:1' [success]
2026-07-27T09:16:25.5359265Z   'test-DBItest.R:3:1' [success]
2026-07-27T09:16:25.5479699Z   'test-DBItest.R:3:1' [success]
2026-07-27T09:16:25.5504773Z End test: DBItest[duckdb.dev]: Arrow: arrow_append_table_arrow_roundtrip_quotes_column_names
2026-07-27T09:16:25.5505761Z 
2026-07-27T09:16:25.5514329Z Start test: DBItest[duckdb.dev]: Arrow: arrow_append_table_arrow_roundtrip_integer
2026-07-27T09:16:25.5754800Z   'test-DBItest.R:3:1' [success]
2026-07-27T09:16:25.5872814Z   'test-DBItest.R:3:1' [success]
2026-07-27T09:16:25.5990309Z   'test-DBItest.R:3:1' [success]
2026-07-27T09:16:25.6180294Z   'test-DBItest.R:3:1' [success]
2026-07-27T09:16:25.6310488Z   'test-DBItest.R:3:1' [success]
2026-07-27T09:16:25.6427755Z   'test-DBItest.R:3:1' [success]
2026-07-27T09:16:25.6539426Z   'test-DBItest.R:3:1' [success]
2026-07-27T09:16:25.6785948Z   'test-DBItest.R:3:1' [success]
2026-07-27T09:16:25.6902401Z   'test-DBItest.R:3:1' [success]
2026-07-27T09:16:25.7015052Z   'test-DBItest.R:3:1' [success]
2026-07-27T09:16:25.7127526Z   'test-DBItest.R:3:1' [success]
2026-07-27T09:16:25.7242619Z   'test-DBItest.R:3:1' [success]
2026-07-27T09:16:25.7358736Z   'test-DBItest.R:3:1' [success]
2026-07-27T09:16:25.7472690Z   'test-DBItest.R:3:1' [success]
2026-07-27T09:16:25.7810019Z   'test-DBItest.R:3:1' [success]
2026-07-27T09:16:25.7933282Z   'test-DBItest.R:3:1' [success]
2026-07-27T09:16:25.8055392Z   'test-DBItest.R:3:1' [success]
2026-07-27T09:16:25.8174616Z   'test-DBItest.R:3:1' [success]
2026-07-27T09:16:25.8293221Z   'test-DBItest.R:3:1' [success]
2026-07-27T09:16:25.8413513Z   'test-DBItest.R:3:1' [success]
2026-07-27T09:16:25.8528461Z   'test-DBItest.R:3:1' [success]
2026-07-27T09:16:25.8647929Z   'test-DBItest.R:3:1' [success]
2026-07-27T09:16:25.8665962Z End test: DBItest[duckdb.dev]: Arrow: arrow_append_table_arrow_roundtrip_integer
2026-07-27T09:16:25.8666508Z 
2026-07-27T09:16:25.8683016Z Start test: DBItest[duckdb.dev]: Arrow: arrow_append_table_arrow_roundtrip_numeric
2026-07-27T09:16:25.8918867Z   'test-DBItest.R:3:1' [success]
2026-07-27T09:16:25.9035218Z   'test-DBItest.R:3:1' [success]
2026-07-27T09:16:25.9156833Z   'test-DBItest.R:3:1' [success]
2026-07-27T09:16:25.9356469Z   'test-DBItest.R:3:1' [success]
2026-07-27T09:16:25.9474145Z   'test-DBItest.R:3:1' [success]
2026-07-27T09:16:25.9590936Z   'test-DBItest.R:3:1' [success]
2026-07-27T09:16:25.9702590Z   'test-DBItest.R:3:1' [success]
2026-07-27T09:16:25.9947439Z   'test-DBItest.R:3:1' [success]
2026-07-27T09:16:26.0063256Z   'test-DBItest.R:3:1' [success]
2026-07-27T09:16:26.0177392Z   'test-DBItest.R:3:1' [success]
2026-07-27T09:16:26.0293496Z   'test-DBItest.R:3:1' [success]
2026-07-27T09:16:26.0406146Z   'test-DBItest.R:3:1' [success]
2026-07-27T09:16:26.0523817Z   'test-DBItest.R:3:1' [success]
2026-07-27T09:16:26.0643762Z   'test-DBItest.R:3:1' [success]
2026-07-27T09:16:26.0979789Z   'test-DBItest.R:3:1' [success]
2026-07-27T09:16:26.1101714Z   'test-DBItest.R:3:1' [success]
2026-07-27T09:16:26.1221920Z   'test-DBItest.R:3:1' [success]
2026-07-27T09:16:26.1339991Z   'test-DBItest.R:3:1' [success]
2026-07-27T09:16:26.1456815Z   'test-DBItest.R:3:1' [success]
2026-07-27T09:16:26.1577164Z   'test-DBItest.R:3:1' [success]
2026-07-27T09:16:26.1695383Z   'test-DBItest.R:3:1' [success]
2026-07-27T09:16:26.1819086Z   'test-DBItest.R:3:1' [success]
2026-07-27T09:16:26.1837345Z End test: DBItest[duckdb.dev]: Arrow: arrow_append_table_arrow_roundtrip_numeric
2026-07-27T09:16:26.1838110Z 
2026-07-27T09:16:26.1853604Z Start test: DBItest[duckdb.dev]: Arrow: arrow_append_table_arrow_roundtrip_logical
2026-07-27T09:16:26.2097658Z   'test-DBItest.R:3:1' [success]
2026-07-27T09:16:26.2223771Z   'test-DBItest.R:3:1' [success]
2026-07-27T09:16:26.2438460Z   'test-DBItest.R:3:1' [success]
2026-07-27T09:16:26.2562730Z   'test-DBItest.R:3:1' [success]
2026-07-27T09:16:26.2688747Z   'test-DBItest.R:3:1' [success]
2026-07-27T09:16:26.2813261Z   'test-DBItest.R:3:1' [success]
2026-07-27T09:16:26.2932412Z   'test-DBItest.R:3:1' [success]
2026-07-27T09:16:26.3192052Z   'test-DBItest.R:3:1' [success]
2026-07-27T09:16:26.3320258Z   'test-DBItest.R:3:1' [success]
2026-07-27T09:16:26.3447762Z   'test-DBItest.R:3:1' [success]
2026-07-27T09:16:26.3577706Z   'test-DBItest.R:3:1' [success]
2026-07-27T09:16:26.3703546Z   'test-DBItest.R:3:1' [success]
2026-07-27T09:16:26.3838518Z   'test-DBItest.R:3:1' [success]
2026-07-27T09:16:26.4057917Z   'test-DBItest.R:3:1' [success]
2026-07-27T09:16:26.4342090Z   'test-DBItest.R:3:1' [success]
2026-07-27T09:16:26.4474962Z   'test-DBItest.R:3:1' [success]
2026-07-27T09:16:26.4605412Z   'test-DBItest.R:3:1' [success]
2026-07-27T09:16:26.4735213Z   'test-DBItest.R:3:1' [success]
2026-07-27T09:16:26.4861670Z   'test-DBItest.R:3:1' [success]
2026-07-27T09:16:26.4992328Z   'test-DBItest.R:3:1' [success]
2026-07-27T09:16:26.5121983Z   'test-DBItest.R:3:1' [success]
2026-07-27T09:16:26.5262014Z   'test-DBItest.R:3:1' [success]
2026-07-27T09:16:26.5282477Z End test: DBItest[duckdb.dev]: Arrow: arrow_append_table_arrow_roundtrip_logical
2026-07-27T09:16:26.5283040Z 
2026-07-27T09:16:26.5299523Z Start test: DBItest[duckdb.dev]: Arrow: arrow_append_table_arrow_roundtrip_null
2026-07-27T09:16:26.5564653Z   'test-DBItest.R:3:1' [success]
2026-07-27T09:16:26.5779979Z   'test-DBItest.R:3:1' [success]
2026-07-27T09:16:26.5916521Z   'test-DBItest.R:3:1' [success]
2026-07-27T09:16:26.6041300Z   'test-DBItest.R:3:1' [success]
2026-07-27T09:16:26.6162008Z   'test-DBItest.R:3:1' [success]
2026-07-27T09:16:26.6286068Z   'test-DBItest.R:3:1' [success]
2026-07-27T09:16:26.6407890Z   'test-DBItest.R:3:1' [success]
2026-07-27T09:16:26.6673227Z   'test-DBItest.R:3:1' [success]
2026-07-27T09:16:26.6800312Z   'test-DBItest.R:3:1' [success]
2026-07-27T09:16:26.6928103Z   'test-DBItest.R:3:1' [success]
2026-07-27T09:16:26.7048485Z   'test-DBItest.R:3:1' [success]
2026-07-27T09:16:26.7173421Z   'test-DBItest.R:3:1' [success]
2026-07-27T09:16:26.7386659Z   'test-DBItest.R:3:1' [success]
2026-07-27T09:16:26.7515115Z   'test-DBItest.R:3:1' [success]
2026-07-27T09:16:26.7775630Z   'test-DBItest.R:3:1' [success]
2026-07-27T09:16:26.7896896Z   'test-DBItest.R:3:1' [success]
2026-07-27T09:16:26.8014257Z   'test-DBItest.R:3:1' [success]
2026-07-27T09:16:26.8131204Z   'test-DBItest.R:3:1' [success]
2026-07-27T09:16:26.8252492Z   'test-DBItest.R:3:1' [success]
2026-07-27T09:16:26.8380031Z   'test-DBItest.R:3:1' [success]
2026-07-27T09:16:26.8507459Z   'test-DBItest.R:3:1' [success]
2026-07-27T09:16:26.8635330Z   'test-DBItest.R:3:1' [success]
2026-07-27T09:16:26.8655374Z End test: DBItest[duckdb.dev]: Arrow: arrow_append_table_arrow_roundtrip_null
2026-07-27T09:16:26.8655930Z 
2026-07-27T09:16:26.8672629Z Start test: DBItest[duckdb.dev]: Arrow: arrow_append_table_arrow_roundtrip_64_bit_numeric
2026-07-27T09:16:26.8788433Z   'test-DBItest.R:3:1' [skip]
2026-07-27T09:16:26.8809004Z End test: DBItest[duckdb.dev]: Arrow: arrow_append_table_arrow_roundtrip_64_bit_numeric
2026-07-27T09:16:26.8809552Z 
2026-07-27T09:16:26.8826377Z Start test: DBItest[duckdb.dev]: Arrow: arrow_append_table_arrow_roundtrip_64_bit_character
2026-07-27T09:16:26.9113577Z   'test-DBItest.R:3:1' [skip]
2026-07-27T09:16:26.9135819Z End test: DBItest[duckdb.dev]: Arrow: arrow_append_table_arrow_roundtrip_64_bit_character
2026-07-27T09:16:26.9136379Z 
2026-07-27T09:16:26.9153217Z Start test: DBItest[duckdb.dev]: Arrow: arrow_append_table_arrow_roundtrip_character
2026-07-27T09:16:26.9416471Z   'test-DBItest.R:3:1' [success]
2026-07-27T09:16:26.9539505Z   'test-DBItest.R:3:1' [success]
2026-07-27T09:16:26.9662643Z   'test-DBItest.R:3:1' [success]
2026-07-27T09:16:26.9785245Z   'test-DBItest.R:3:1' [success]
2026-07-27T09:16:26.9908742Z   'test-DBItest.R:3:1' [success]
2026-07-27T09:16:27.0035546Z   'test-DBItest.R:3:1' [success]
2026-07-27T09:16:27.0159940Z   'test-DBItest.R:3:1' [success]
2026-07-27T09:16:27.0436366Z   'test-DBItest.R:3:1' [success]
2026-07-27T09:16:27.0563483Z   'test-DBItest.R:3:1' [success]
2026-07-27T09:16:27.0771615Z   'test-DBItest.R:3:1' [success]
2026-07-27T09:16:27.0919656Z   'test-DBItest.R:3:1' [success]
2026-07-27T09:16:27.1042950Z   'test-DBItest.R:3:1' [success]
2026-07-27T09:16:27.1164403Z   'test-DBItest.R:3:1' [success]
2026-07-27T09:16:27.1279666Z   'test-DBItest.R:3:1' [success]
2026-07-27T09:16:27.1542367Z   'test-DBItest.R:3:1' [success]
2026-07-27T09:16:27.1662499Z   'test-DBItest.R:3:1' [success]
2026-07-27T09:16:27.1781351Z   'test-DBItest.R:3:1' [success]
2026-07-27T09:16:27.1902220Z   'test-DBItest.R:3:1' [success]
2026-07-27T09:16:27.2021837Z   'test-DBItest.R:3:1' [success]
2026-07-27T09:16:27.2145569Z   'test-DBItest.R:3:1' [success]
2026-07-27T09:16:27.2346462Z   'test-DBItest.R:3:1' [success]
2026-07-27T09:16:27.2502805Z   'test-DBItest.R:3:1' [success]
2026-07-27T09:16:27.2523233Z End test: DBItest[duckdb.dev]: Arrow: arrow_append_table_arrow_roundtrip_character
2026-07-27T09:16:27.2523827Z 
2026-07-27T09:16:27.2540419Z Start test: DBItest[duckdb.dev]: Arrow: arrow_append_table_arrow_roundtrip_character_native
2026-07-27T09:16:27.2802350Z   'test-DBItest.R:3:1' [success]
2026-07-27T09:16:27.2929180Z   'test-DBItest.R:3:1' [success]
2026-07-27T09:16:27.3054218Z   'test-DBItest.R:3:1' [success]
2026-07-27T09:16:27.3177976Z   'test-DBItest.R:3:1' [success]
2026-07-27T09:16:27.3302284Z   'test-DBItest.R:3:1' [success]
2026-07-27T09:16:27.3430399Z   'test-DBItest.R:3:1' [success]
2026-07-27T09:16:27.3559683Z   'test-DBItest.R:3:1' [success]
2026-07-27T09:16:27.3827125Z   'test-DBItest.R:3:1' [success]
2026-07-27T09:16:27.3955526Z   'test-DBItest.R:3:1' [success]
2026-07-27T09:16:27.4178863Z   'test-DBItest.R:3:1' [success]
2026-07-27T09:16:27.4303595Z   'test-DBItest.R:3:1' [success]
2026-07-27T09:16:27.4426325Z   'test-DBItest.R:3:1' [success]
2026-07-27T09:16:27.4547559Z   'test-DBItest.R:3:1' [success]
2026-07-27T09:16:27.4665233Z   'test-DBItest.R:3:1' [success]
2026-07-27T09:16:27.4924120Z   'test-DBItest.R:3:1' [success]
2026-07-27T09:16:27.5045647Z   'test-DBItest.R:3:1' [success]
2026-07-27T09:16:27.5166535Z   'test-DBItest.R:3:1' [success]
2026-07-27T09:16:27.5317848Z   'test-DBItest.R:3:1' [success]
2026-07-27T09:16:27.5438368Z   'test-DBItest.R:3:1' [success]
2026-07-27T09:16:27.5561605Z   'test-DBItest.R:3:1' [success]
2026-07-27T09:16:27.5773575Z   'test-DBItest.R:3:1' [success]
2026-07-27T09:16:27.5902399Z   'test-DBItest.R:3:1' [success]
2026-07-27T09:16:27.5921290Z End test: DBItest[duckdb.dev]: Arrow: arrow_append_table_arrow_roundtrip_character_native
2026-07-27T09:16:27.5921852Z 
2026-07-27T09:16:27.5936337Z Start test: DBItest[duckdb.dev]: Arrow: arrow_append_table_arrow_roundtrip_character_empty
2026-07-27T09:16:27.6177480Z   'test-DBItest.R:3:1' [success]
2026-07-27T09:16:27.6296799Z   'test-DBItest.R:3:1' [success]
2026-07-27T09:16:27.6414672Z   'test-DBItest.R:3:1' [success]
2026-07-27T09:16:27.6533156Z   'test-DBItest.R:3:1' [success]
2026-07-27T09:16:27.6650616Z   'test-DBItest.R:3:1' [success]
2026-07-27T09:16:27.6771254Z   'test-DBItest.R:3:1' [success]
2026-07-27T09:16:27.6892964Z   'test-DBItest.R:3:1' [success]
2026-07-27T09:16:27.7148696Z   'test-DBItest.R:3:1' [success]
2026-07-27T09:16:27.7350417Z   'test-DBItest.R:3:1' [success]
2026-07-27T09:16:27.7505153Z   'test-DBItest.R:3:1' [success]
2026-07-27T09:16:27.7625942Z   'test-DBItest.R:3:1' [success]
2026-07-27T09:16:27.7743550Z   'test-DBItest.R:3:1' [success]
2026-07-27T09:16:27.7862207Z   'test-DBItest.R:3:1' [success]
2026-07-27T09:16:27.7978326Z   'test-DBItest.R:3:1' [success]
2026-07-27T09:16:27.8235359Z   'test-DBItest.R:3:1' [success]
2026-07-27T09:16:27.8355886Z   'test-DBItest.R:3:1' [success]
2026-07-27T09:16:27.8474658Z   'test-DBItest.R:3:1' [success]
2026-07-27T09:16:27.8590134Z   'test-DBItest.R:3:1' [success]
2026-07-27T09:16:27.8708507Z   'test-DBItest.R:3:1' [success]
2026-07-27T09:16:27.8910676Z   'test-DBItest.R:3:1' [success]
2026-07-27T09:16:27.9069526Z   'test-DBItest.R:3:1' [success]
2026-07-27T09:16:27.9198885Z   'test-DBItest.R:3:1' [success]
2026-07-27T09:16:27.9218843Z End test: DBItest[duckdb.dev]: Arrow: arrow_append_table_arrow_roundtrip_character_empty
2026-07-27T09:16:27.9219409Z 
2026-07-27T09:16:27.9235626Z Start test: DBItest[duckdb.dev]: Arrow: arrow_append_table_arrow_roundtrip_character_empty_after
2026-07-27T09:16:27.9480859Z   'test-DBItest.R:3:1' [success]
2026-07-27T09:16:27.9601610Z   'test-DBItest.R:3:1' [success]
2026-07-27T09:16:27.9720693Z   'test-DBItest.R:3:1' [success]
2026-07-27T09:16:27.9837646Z   'test-DBItest.R:3:1' [success]
2026-07-27T09:16:27.9955496Z   'test-DBItest.R:3:1' [success]
2026-07-27T09:16:28.0080307Z   'test-DBItest.R:3:1' [success]
2026-07-27T09:16:28.0199609Z   'test-DBItest.R:3:1' [success]
2026-07-27T09:16:28.0474184Z   'test-DBItest.R:3:1' [success]
2026-07-27T09:16:28.0705490Z   'test-DBItest.R:3:1' [success]
2026-07-27T09:16:28.0830122Z   'test-DBItest.R:3:1' [success]
2026-07-27T09:16:28.0951304Z   'test-DBItest.R:3:1' [success]
2026-07-27T09:16:28.1068492Z   'test-DBItest.R:3:1' [success]
2026-07-27T09:16:28.1189523Z   'test-DBItest.R:3:1' [success]
2026-07-27T09:16:28.1307876Z   'test-DBItest.R:3:1' [success]
2026-07-27T09:16:28.1567093Z   'test-DBItest.R:3:1' [success]
2026-07-27T09:16:28.1687322Z   'test-DBItest.R:3:1' [success]
2026-07-27T09:16:28.1809091Z   'test-DBItest.R:3:1' [success]
2026-07-27T09:16:28.1927469Z   'test-DBItest.R:3:1' [success]
2026-07-27T09:16:28.2054431Z   'test-DBItest.R:3:1' [success]
2026-07-27T09:16:28.2282274Z   'test-DBItest.R:3:1' [success]
2026-07-27T09:16:28.2406580Z   'test-DBItest.R:3:1' [success]
2026-07-27T09:16:28.2534077Z   'test-DBItest.R:3:1' [success]
2026-07-27T09:16:28.2553460Z End test: DBItest[duckdb.dev]: Arrow: arrow_append_table_arrow_roundtrip_character_empty_after
2026-07-27T09:16:28.2554076Z 
2026-07-27T09:16:28.2568875Z Start test: DBItest[duckdb.dev]: Arrow: arrow_append_table_arrow_roundtrip_factor
2026-07-27T09:16:28.2827958Z   'test-DBItest.R:3:1' [success]
2026-07-27T09:16:28.2948484Z   'test-DBItest.R:3:1' [success]
2026-07-27T09:16:28.3065669Z   'test-DBItest.R:3:1' [success]
2026-07-27T09:16:28.3180514Z   'test-DBItest.R:3:1' [success]
2026-07-27T09:16:28.3297613Z   'test-DBItest.R:3:1' [success]
2026-07-27T09:16:28.3426226Z   'test-DBItest.R:3:1' [success]
2026-07-27T09:16:28.3546000Z   'test-DBItest.R:3:1' [success]
2026-07-27T09:16:28.3917700Z   'test-DBItest.R:3:1' [success]
2026-07-27T09:16:28.4054098Z   'test-DBItest.R:3:1' [success]
2026-07-27T09:16:28.4177543Z   'test-DBItest.R:3:1' [success]
2026-07-27T09:16:28.4294488Z   'test-DBItest.R:3:1' [success]
2026-07-27T09:16:28.4410577Z   'test-DBItest.R:3:1' [success]
2026-07-27T09:16:28.4531131Z   'test-DBItest.R:3:1' [success]
2026-07-27T09:16:28.4649210Z   'test-DBItest.R:3:1' [success]
2026-07-27T09:16:28.4917007Z   'test-DBItest.R:3:1' [success]
2026-07-27T09:16:28.5041398Z   'test-DBItest.R:3:1' [success]
2026-07-27T09:16:28.5161180Z   'test-DBItest.R:3:1' [success]
2026-07-27T09:16:28.5284212Z   'test-DBItest.R:3:1' [success]
2026-07-27T09:16:28.5506420Z   'test-DBItest.R:3:1' [success]
2026-07-27T09:16:28.5635090Z   'test-DBItest.R:3:1' [success]
2026-07-27T09:16:28.5755125Z   'test-DBItest.R:3:1' [success]
2026-07-27T09:16:28.5876837Z   'test-DBItest.R:3:1' [success]
2026-07-27T09:16:28.5895814Z End test: DBItest[duckdb.dev]: Arrow: arrow_append_table_arrow_roundtrip_factor
2026-07-27T09:16:28.5896609Z 
2026-07-27T09:16:28.5912079Z Start test: DBItest[duckdb.dev]: Arrow: arrow_append_table_arrow_roundtrip_blob
2026-07-27T09:16:28.6173682Z   'test-DBItest.R:3:1' [success]
2026-07-27T09:16:28.6292517Z   'test-DBItest.R:3:1' [success]
2026-07-27T09:16:28.6409211Z   'test-DBItest.R:3:1' [success]
2026-07-27T09:16:28.6528313Z   'test-DBItest.R:3:1' [success]
2026-07-27T09:16:28.6656491Z   'test-DBItest.R:3:1' [success]
2026-07-27T09:16:28.6779149Z   'test-DBItest.R:3:1' [success]
2026-07-27T09:16:28.6982116Z   'test-DBItest.R:3:1' [success]
2026-07-27T09:16:28.7153795Z   'test-DBItest.R:3:1' [success]
2026-07-27T09:16:28.7275619Z   'test-DBItest.R:3:1' [success]
2026-07-27T09:16:28.7396793Z   'test-DBItest.R:3:1' [success]
2026-07-27T09:16:28.7664072Z   'test-DBItest.R:3:1' [success]
2026-07-27T09:16:28.7786899Z   'test-DBItest.R:3:1' [success]
2026-07-27T09:16:28.7906555Z   'test-DBItest.R:3:1' [success]
2026-07-27T09:16:28.8025451Z   'test-DBItest.R:3:1' [success]
2026-07-27T09:16:28.8152544Z   'test-DBItest.R:3:1' [success]
2026-07-27T09:16:28.8273766Z   'test-DBItest.R:3:1' [success]
2026-07-27T09:16:28.8402101Z   'test-DBItest.R:3:1' [success]
2026-07-27T09:16:28.8615201Z   'test-DBItest.R:3:1' [success]
2026-07-27T09:16:28.8762301Z   'test-DBItest.R:3:1' [success]
2026-07-27T09:16:28.8887003Z   'test-DBItest.R:3:1' [success]
2026-07-27T09:16:28.9222865Z   'test-DBItest.R:3:1' [success]
2026-07-27T09:16:28.9344882Z   'test-DBItest.R:3:1' [success]
2026-07-27T09:16:28.9548881Z   'test-DBItest.R:3:1' [success]
2026-07-27T09:16:28.9683571Z   'test-DBItest.R:3:1' [success]
2026-07-27T09:16:28.9802607Z   'test-DBItest.R:3:1' [success]
2026-07-27T09:16:28.9925951Z   'test-DBItest.R:3:1' [success]
2026-07-27T09:16:29.0053907Z   'test-DBItest.R:3:1' [success]
2026-07-27T09:16:29.0189577Z   'test-DBItest.R:3:1' [success]
2026-07-27T09:16:29.0425829Z   'test-DBItest.R:3:1' [success]
2026-07-27T09:16:29.0560412Z   'test-DBItest.R:3:1' [success]
2026-07-27T09:16:29.0686436Z   'test-DBItest.R:3:1' [success]
2026-07-27T09:16:29.0705675Z End test: DBItest[duckdb.dev]: Arrow: arrow_append_table_arrow_roundtrip_blob
2026-07-27T09:16:29.0706529Z 
2026-07-27T09:16:29.0722123Z Start test: DBItest[duckdb.dev]: Arrow: arrow_append_table_arrow_roundtrip_date
2026-07-27T09:16:29.0972667Z   'test-DBItest.R:3:1' [success]
2026-07-27T09:16:29.1077486Z   'test-DBItest.R:3:1' [success]
2026-07-27T09:16:29.1201274Z   'test-DBItest.R:3:1' [success]
2026-07-27T09:16:29.1323892Z   'test-DBItest.R:3:1' [success]
2026-07-27T09:16:29.1445789Z   'test-DBItest.R:3:1' [success]
2026-07-27T09:16:29.1567782Z   'test-DBItest.R:3:1' [success]
2026-07-27T09:16:29.1690946Z   'test-DBItest.R:3:1' [success]
2026-07-27T09:16:29.1824738Z   'test-DBItest.R:3:1' [success]
2026-07-27T09:16:29.2208028Z   'test-DBItest.R:3:1' [success]
2026-07-27T09:16:29.2316684Z   'test-DBItest.R:3:1' [success]
2026-07-27T09:16:29.2441482Z   'test-DBItest.R:3:1' [success]
2026-07-27T09:16:29.2562723Z   'test-DBItest.R:3:1' [success]
2026-07-27T09:16:29.2681655Z   'test-DBItest.R:3:1' [success]
2026-07-27T09:16:29.2799831Z   'test-DBItest.R:3:1' [success]
2026-07-27T09:16:29.2920392Z   'test-DBItest.R:3:1' [success]
2026-07-27T09:16:29.3037971Z   'test-DBItest.R:3:1' [success]
2026-07-27T09:16:29.3294457Z   'test-DBItest.R:3:1' [success]
2026-07-27T09:16:29.3397061Z   'test-DBItest.R:3:1' [success]
2026-07-27T09:16:29.3600364Z   'test-DBItest.R:3:1' [success]
2026-07-27T09:16:29.3739501Z   'test-DBItest.R:3:1' [success]
2026-07-27T09:16:29.3855574Z   'test-DBItest.R:3:1' [success]
2026-07-27T09:16:29.3968352Z   'test-DBItest.R:3:1' [success]
2026-07-27T09:16:29.4094200Z   'test-DBItest.R:3:1' [success]
2026-07-27T09:16:29.4210271Z   'test-DBItest.R:3:1' [success]
2026-07-27T09:16:29.4327435Z   'test-DBItest.R:3:1' [success]
2026-07-27T09:16:29.4344829Z End test: DBItest[duckdb.dev]: Arrow: arrow_append_table_arrow_roundtrip_date
2026-07-27T09:16:29.4345585Z 
2026-07-27T09:16:29.4360114Z Start test: DBItest[duckdb.dev]: Arrow: arrow_append_table_arrow_roundtrip_date_extended
2026-07-27T09:16:29.4595308Z   'test-DBItest.R:3:1' [success]
2026-07-27T09:16:29.4699613Z   'test-DBItest.R:3:1' [success]
2026-07-27T09:16:29.4818003Z   'test-DBItest.R:3:1' [success]
2026-07-27T09:16:29.4938708Z   'test-DBItest.R:3:1' [success]
2026-07-27T09:16:29.5154955Z   'test-DBItest.R:3:1' [success]
2026-07-27T09:16:29.5285461Z   'test-DBItest.R:3:1' [success]
2026-07-27T09:16:29.5405750Z   'test-DBItest.R:3:1' [success]
2026-07-27T09:16:29.5520404Z   'test-DBItest.R:3:1' [success]
2026-07-27T09:16:29.5767900Z   'test-DBItest.R:3:1' [success]
2026-07-27T09:16:29.5869822Z   'test-DBItest.R:3:1' [success]
2026-07-27T09:16:29.5986541Z   'test-DBItest.R:3:1' [success]
2026-07-27T09:16:29.6102069Z   'test-DBItest.R:3:1' [success]
2026-07-27T09:16:29.6219405Z   'test-DBItest.R:3:1' [success]
2026-07-27T09:16:29.6334681Z   'test-DBItest.R:3:1' [success]
2026-07-27T09:16:29.6457250Z   'test-DBItest.R:3:1' [success]
2026-07-27T09:16:29.6674986Z   'test-DBItest.R:3:1' [success]
2026-07-27T09:16:29.6937976Z   'test-DBItest.R:3:1' [success]
2026-07-27T09:16:29.7039538Z   'test-DBItest.R:3:1' [success]
2026-07-27T09:16:29.7155522Z   'test-DBItest.R:3:1' [success]
2026-07-27T09:16:29.7271911Z   'test-DBItest.R:3:1' [success]
2026-07-27T09:16:29.7388800Z   'test-DBItest.R:3:1' [success]
2026-07-27T09:16:29.7507722Z   'test-DBItest.R:3:1' [success]
2026-07-27T09:16:29.7629873Z   'test-DBItest.R:3:1' [success]
2026-07-27T09:16:29.7751137Z   'test-DBItest.R:3:1' [success]
2026-07-27T09:16:29.7873341Z   'test-DBItest.R:3:1' [success]
2026-07-27T09:16:29.7891372Z End test: DBItest[duckdb.dev]: Arrow: arrow_append_table_arrow_roundtrip_date_extended
2026-07-27T09:16:29.7891900Z 
2026-07-27T09:16:29.7907022Z Start test: DBItest[duckdb.dev]: Arrow: arrow_append_table_arrow_roundtrip_timestamp
2026-07-27T09:16:29.8282996Z   'test-DBItest.R:3:1' [success]
2026-07-27T09:16:29.8409925Z   'test-DBItest.R:3:1' [success]
2026-07-27T09:16:29.8527437Z   'test-DBItest.R:3:1' [success]
2026-07-27T09:16:29.8640066Z   'test-DBItest.R:3:1' [success]
2026-07-27T09:16:29.8752261Z   'test-DBItest.R:3:1' [success]
2026-07-27T09:16:29.8869802Z   'test-DBItest.R:3:1' [success]
2026-07-27T09:16:29.8983179Z   'test-DBItest.R:3:1' [success]
2026-07-27T09:16:29.9257245Z   'test-DBItest.R:3:1' [success]
2026-07-27T09:16:29.9374483Z   'test-DBItest.R:3:1' [success]
2026-07-27T09:16:29.9490202Z   'test-DBItest.R:3:1' [success]
2026-07-27T09:16:29.9678557Z   'test-DBItest.R:3:1' [success]
2026-07-27T09:16:29.9830398Z   'test-DBItest.R:3:1' [success]
2026-07-27T09:16:29.9949102Z   'test-DBItest.R:3:1' [success]
2026-07-27T09:16:30.0063772Z   'test-DBItest.R:3:1' [success]
2026-07-27T09:16:30.0339793Z   'test-DBItest.R:3:1' [success]
2026-07-27T09:16:30.0455581Z   'test-DBItest.R:3:1' [success]
2026-07-27T09:16:30.0569002Z   'test-DBItest.R:3:1' [success]
2026-07-27T09:16:30.0682043Z   'test-DBItest.R:3:1' [success]
2026-07-27T09:16:30.0795733Z   'test-DBItest.R:3:1' [success]
2026-07-27T09:16:30.0912501Z   'test-DBItest.R:3:1' [success]
2026-07-27T09:16:30.1029883Z   'test-DBItest.R:3:1' [success]
2026-07-27T09:16:30.1246933Z   'test-DBItest.R:3:1' [success]
2026-07-27T09:16:30.1270692Z End test: DBItest[duckdb.dev]: Arrow: arrow_append_table_arrow_roundtrip_timestamp
2026-07-27T09:16:30.1271206Z 
2026-07-27T09:16:30.1290970Z Start test: DBItest[duckdb.dev]: Arrow: arrow_append_table_arrow_name
2026-07-27T09:16:30.1527666Z   'test-DBItest.R:3:1' [success]
2026-07-27T09:16:30.1644793Z   'test-DBItest.R:3:1' [success]
2026-07-27T09:16:30.1757542Z   'test-DBItest.R:3:1' [success]
2026-07-27T09:16:30.1868655Z   'test-DBItest.R:3:1' [success]
2026-07-27T09:16:30.1979664Z   'test-DBItest.R:3:1' [success]
2026-07-27T09:16:30.2093792Z   'test-DBItest.R:3:1' [success]
2026-07-27T09:16:30.2206850Z   'test-DBItest.R:3:1' [success]
2026-07-27T09:16:30.2438009Z   'test-DBItest.R:3:1' [success]
2026-07-27T09:16:30.2556476Z   'test-DBItest.R:3:1' [success]
2026-07-27T09:16:30.2799949Z   'test-DBItest.R:3:1' [success]
2026-07-27T09:16:30.2942499Z   'test-DBItest.R:3:1' [success]
2026-07-27T09:16:30.3053954Z   'test-DBItest.R:3:1' [success]
2026-07-27T09:16:30.3167039Z   'test-DBItest.R:3:1' [success]
2026-07-27T09:16:30.3275262Z   'test-DBItest.R:3:1' [success]
2026-07-27T09:16:30.3492116Z   'test-DBItest.R:3:1' [success]
2026-07-27T09:16:30.3603542Z   'test-DBItest.R:3:1' [success]
2026-07-27T09:16:30.3714817Z   'test-DBItest.R:3:1' [success]
2026-07-27T09:16:30.3826361Z   'test-DBItest.R:3:1' [success]
2026-07-27T09:16:30.3939082Z   'test-DBItest.R:3:1' [success]
2026-07-27T09:16:30.4053004Z   'test-DBItest.R:3:1' [success]
2026-07-27T09:16:30.4242657Z   'test-DBItest.R:3:1' [success]
2026-07-27T09:16:30.4431535Z   'test-DBItest.R:3:1' [success]
2026-07-27T09:16:30.4449484Z End test: DBItest[duckdb.dev]: Arrow: arrow_append_table_arrow_name
2026-07-27T09:16:30.4449922Z 
2026-07-27T09:16:30.4465038Z Start test: DBItest[duckdb.dev]: Arrow: arrow_append_table_arrow_name_quoted
2026-07-27T09:16:30.4693693Z   'test-DBItest.R:3:1' [success]
2026-07-27T09:16:30.4806339Z   'test-DBItest.R:3:1' [success]
2026-07-27T09:16:30.4917517Z   'test-DBItest.R:3:1' [success]
2026-07-27T09:16:30.5031739Z   'test-DBItest.R:3:1' [success]
2026-07-27T09:16:30.5148364Z   'test-DBItest.R:3:1' [success]
2026-07-27T09:16:30.5271192Z   'test-DBItest.R:3:1' [success]
2026-07-27T09:16:30.5388208Z   'test-DBItest.R:3:1' [success]
2026-07-27T09:16:30.5619790Z   'test-DBItest.R:3:1' [success]
2026-07-27T09:16:30.5744888Z   'test-DBItest.R:3:1' [success]
2026-07-27T09:16:30.5975526Z   'test-DBItest.R:3:1' [success]
2026-07-27T09:16:30.6106965Z   'test-DBItest.R:3:1' [success]
2026-07-27T09:16:30.6225431Z   'test-DBItest.R:3:1' [success]
2026-07-27T09:16:30.6343197Z   'test-DBItest.R:3:1' [success]
2026-07-27T09:16:30.6455451Z   'test-DBItest.R:3:1' [success]
2026-07-27T09:16:30.6686916Z   'test-DBItest.R:3:1' [success]
2026-07-27T09:16:30.6802706Z   'test-DBItest.R:3:1' [success]
2026-07-27T09:16:30.6922071Z   'test-DBItest.R:3:1' [success]
2026-07-27T09:16:30.7039533Z   'test-DBItest.R:3:1' [success]
2026-07-27T09:16:30.7153492Z   'test-DBItest.R:3:1' [success]
2026-07-27T09:16:30.7276369Z   'test-DBItest.R:3:1' [success]
2026-07-27T09:16:30.7490009Z   'test-DBItest.R:3:1' [success]
2026-07-27T09:16:30.7664065Z   'test-DBItest.R:3:1' [success]
2026-07-27T09:16:30.7682280Z End test: DBItest[duckdb.dev]: Arrow: arrow_append_table_arrow_name_quoted
2026-07-27T09:16:30.7682880Z 
2026-07-27T09:16:30.7697596Z Start test: DBItest[duckdb.dev]: Arrow: arrow_append_table_arrow_value_df
2026-07-27T09:16:30.7923454Z   'test-DBItest.R:3:1' [success]
2026-07-27T09:16:30.8035309Z   'test-DBItest.R:3:1' [success]
2026-07-27T09:16:30.8146853Z   'test-DBItest.R:3:1' [success]
2026-07-27T09:16:30.8256643Z   'test-DBItest.R:3:1' [success]
2026-07-27T09:16:30.8366919Z   'test-DBItest.R:3:1' [success]
2026-07-27T09:16:30.8480600Z   'test-DBItest.R:3:1' [success]
2026-07-27T09:16:30.8593076Z   'test-DBItest.R:3:1' [success]
2026-07-27T09:16:30.8688085Z   'test-DBItest.R:3:1' [success]
2026-07-27T09:16:30.8727652Z End test: DBItest[duckdb.dev]: Arrow: arrow_append_table_arrow_value_df
2026-07-27T09:16:30.8742601Z 
2026-07-27T09:16:30.8743096Z Start test: DBItest[duckdb.dev]: Arrow: arrow_append_table_arrow_value_subset
2026-07-27T09:16:30.9062529Z   'test-DBItest.R:3:1' [success]
2026-07-27T09:16:30.9197692Z   'test-DBItest.R:3:1' [success]
2026-07-27T09:16:30.9310939Z   'test-DBItest.R:3:1' [success]
2026-07-27T09:16:30.9419770Z   'test-DBItest.R:3:1' [success]
2026-07-27T09:16:30.9527397Z   'test-DBItest.R:3:1' [success]
2026-07-27T09:16:30.9639719Z   'test-DBItest.R:3:1' [success]
2026-07-27T09:16:30.9750418Z   'test-DBItest.R:3:1' [success]
2026-07-27T09:16:30.9843426Z   'test-DBItest.R:3:1' [success]
2026-07-27T09:16:30.9882405Z End test: DBItest[duckdb.dev]: Arrow: arrow_append_table_arrow_value_subset
2026-07-27T09:16:30.9883142Z 
2026-07-27T09:16:30.9897266Z Start test: DBItest[duckdb.dev]: Arrow: arrow_append_table_arrow_value_shuffle
2026-07-27T09:16:31.0137605Z   'test-DBItest.R:3:1' [success]
2026-07-27T09:16:31.0252335Z   'test-DBItest.R:3:1' [success]
2026-07-27T09:16:31.0370908Z   'test-DBItest.R:3:1' [success]
2026-07-27T09:16:31.0584176Z   'test-DBItest.R:3:1' [success]
2026-07-27T09:16:31.0707586Z   'test-DBItest.R:3:1' [success]
2026-07-27T09:16:31.0823289Z   'test-DBItest.R:3:1' [success]
2026-07-27T09:16:31.0933235Z   'test-DBItest.R:3:1' [success]
2026-07-27T09:16:31.1025660Z   'test-DBItest.R:3:1' [success]
2026-07-27T09:16:31.1064746Z End test: DBItest[duckdb.dev]: Arrow: arrow_append_table_arrow_value_shuffle
2026-07-27T09:16:31.1065291Z 
2026-07-27T09:16:31.1081288Z Start test: DBItest[duckdb.dev]: Arrow: arrow_append_table_arrow_value_shuffle_subset
2026-07-27T09:16:31.1315198Z   'test-DBItest.R:3:1' [success]
2026-07-27T09:16:31.1427061Z   'test-DBItest.R:3:1' [success]
2026-07-27T09:16:31.1538976Z   'test-DBItest.R:3:1' [success]
2026-07-27T09:16:31.1650012Z   'test-DBItest.R:3:1' [success]
2026-07-27T09:16:31.1760711Z   'test-DBItest.R:3:1' [success]
2026-07-27T09:16:31.1943791Z   'test-DBItest.R:3:1' [success]
2026-07-27T09:16:31.2099143Z   'test-DBItest.R:3:1' [success]
2026-07-27T09:16:31.2198951Z   'test-DBItest.R:3:1' [success]
2026-07-27T09:16:31.2249089Z End test: DBItest[duckdb.dev]: Arrow: arrow_append_table_arrow_value_shuffle_subset
2026-07-27T09:16:31.2249725Z 
2026-07-27T09:16:31.2265975Z Start test: DBItest[duckdb.dev]: Arrow: skipped tests
2026-07-27T09:16:31.2374788Z   'test-DBItest.R:3:1' [skip]
2026-07-27T09:16:31.2392089Z End test: DBItest[duckdb.dev]: Arrow: skipped tests
2026-07-27T09:16:31.2392457Z 
2026-07-27T09:16:31.4537921Z Start test: DBItest[duckdb.dev]: Full compliance: compliance
2026-07-27T09:16:31.4659013Z   'test-DBItest.R:3:1' [success]
2026-07-27T09:16:31.4761507Z   'test-DBItest.R:3:1' [success]
2026-07-27T09:16:31.4874116Z   'test-DBItest.R:3:1' [success]
2026-07-27T09:16:31.4984237Z   'test-DBItest.R:3:1' [success]
2026-07-27T09:16:31.5083706Z   'test-DBItest.R:3:1' [success]
2026-07-27T09:16:31.5196485Z   'test-DBItest.R:3:1' [success]
2026-07-27T09:16:31.5308893Z   'test-DBItest.R:3:1' [success]
2026-07-27T09:16:31.5421951Z   'test-DBItest.R:3:1' [success]
2026-07-27T09:16:31.5537358Z   'test-DBItest.R:3:1' [success]
2026-07-27T09:16:31.5650379Z   'test-DBItest.R:3:1' [success]
2026-07-27T09:16:31.5771558Z   'test-DBItest.R:3:1' [success]
2026-07-27T09:16:31.5937589Z   'test-DBItest.R:3:1' [success]
2026-07-27T09:16:31.6059569Z   'test-DBItest.R:3:1' [success]
2026-07-27T09:16:31.6176106Z   'test-DBItest.R:3:1' [success]
2026-07-27T09:16:31.6290585Z   'test-DBItest.R:3:1' [success]
2026-07-27T09:16:31.6403995Z   'test-DBItest.R:3:1' [success]
2026-07-27T09:16:31.6517189Z   'test-DBItest.R:3:1' [success]
2026-07-27T09:16:31.6632119Z   'test-DBItest.R:3:1' [success]
2026-07-27T09:16:31.6751939Z   'test-DBItest.R:3:1' [success]
2026-07-27T09:16:31.6872690Z   'test-DBItest.R:3:1' [success]
2026-07-27T09:16:31.6976799Z   'test-DBItest.R:3:1' [success]
2026-07-27T09:16:31.7094865Z   'test-DBItest.R:3:1' [success]
2026-07-27T09:16:31.7219831Z   'test-DBItest.R:3:1' [success]
2026-07-27T09:16:31.7380925Z   'test-DBItest.R:3:1' [success]
2026-07-27T09:16:31.7495002Z   'test-DBItest.R:3:1' [success]
2026-07-27T09:16:31.7606927Z   'test-DBItest.R:3:1' [success]
2026-07-27T09:16:31.7718504Z   'test-DBItest.R:3:1' [success]
2026-07-27T09:16:31.7832119Z   'test-DBItest.R:3:1' [success]
2026-07-27T09:16:31.7943350Z   'test-DBItest.R:3:1' [success]
2026-07-27T09:16:31.8054703Z   'test-DBItest.R:3:1' [success]
2026-07-27T09:16:31.8150367Z   'test-DBItest.R:3:1' [success]
2026-07-27T09:16:31.8167094Z End test: DBItest[duckdb.dev]: Full compliance: compliance
2026-07-27T09:16:31.8168225Z 
2026-07-27T09:16:31.8182380Z Start test: DBItest[duckdb.dev]: Full compliance: ellipsis
2026-07-27T09:16:31.8312493Z   'test-DBItest.R:3:1' [success]
2026-07-27T09:16:31.8408825Z   'test-DBItest.R:3:1' [success]
2026-07-27T09:16:31.8523883Z   'test-DBItest.R:3:1' [success]
2026-07-27T09:16:31.8679734Z   'test-DBItest.R:3:1' [success]
2026-07-27T09:16:31.8781669Z   'test-DBItest.R:3:1' [success]
2026-07-27T09:16:31.8897943Z   'test-DBItest.R:3:1' [success]
2026-07-27T09:16:31.8995726Z   'test-DBItest.R:3:1' [success]
2026-07-27T09:16:31.9091851Z   'test-DBItest.R:3:1' [success]
2026-07-27T09:16:31.9204630Z   'test-DBItest.R:3:1' [success]
2026-07-27T09:16:31.9303134Z   'test-DBItest.R:3:1' [success]
2026-07-27T09:16:31.9401140Z   'test-DBItest.R:3:1' [success]
2026-07-27T09:16:31.9520528Z   'test-DBItest.R:3:1' [success]
2026-07-27T09:16:31.9621581Z   'test-DBItest.R:3:1' [success]
2026-07-27T09:16:31.9721133Z   'test-DBItest.R:3:1' [success]
2026-07-27T09:16:31.9832953Z   'test-DBItest.R:3:1' [success]
2026-07-27T09:16:31.9938720Z   'test-DBItest.R:3:1' [success]
2026-07-27T09:16:32.0095539Z   'test-DBItest.R:3:1' [success]
2026-07-27T09:16:32.0209519Z   'test-DBItest.R:3:1' [success]
2026-07-27T09:16:32.0308524Z   'test-DBItest.R:3:1' [success]
2026-07-27T09:16:32.0402328Z   'test-DBItest.R:3:1' [success]
2026-07-27T09:16:32.0512803Z   'test-DBItest.R:3:1' [success]
2026-07-27T09:16:32.0610521Z   'test-DBItest.R:3:1' [success]
2026-07-27T09:16:32.0705324Z   'test-DBItest.R:3:1' [success]
2026-07-27T09:16:32.0814262Z   'test-DBItest.R:3:1' [success]
2026-07-27T09:16:32.0911354Z   'test-DBItest.R:3:1' [success]
2026-07-27T09:16:32.1008769Z   'test-DBItest.R:3:1' [success]
2026-07-27T09:16:32.1119580Z   'test-DBItest.R:3:1' [success]
2026-07-27T09:16:32.1222726Z   'test-DBItest.R:3:1' [success]
2026-07-27T09:16:32.1327610Z   'test-DBItest.R:3:1' [success]
2026-07-27T09:16:32.1491403Z   'test-DBItest.R:3:1' [success]
2026-07-27T09:16:32.1590459Z   'test-DBItest.R:3:1' [success]
2026-07-27T09:16:32.1687781Z   'test-DBItest.R:3:1' [success]
2026-07-27T09:16:32.1798980Z   'test-DBItest.R:3:1' [success]
2026-07-27T09:16:32.1896985Z   'test-DBItest.R:3:1' [success]
2026-07-27T09:16:32.1994230Z   'test-DBItest.R:3:1' [success]
2026-07-27T09:16:32.2106199Z   'test-DBItest.R:3:1' [success]
2026-07-27T09:16:32.2205448Z   'test-DBItest.R:3:1' [success]
2026-07-27T09:16:32.2303851Z   'test-DBItest.R:3:1' [success]
2026-07-27T09:16:32.2416951Z   'test-DBItest.R:3:1' [success]
2026-07-27T09:16:32.2514520Z   'test-DBItest.R:3:1' [success]
2026-07-27T09:16:32.2619179Z   'test-DBItest.R:3:1' [success]
2026-07-27T09:16:32.2785399Z   'test-DBItest.R:3:1' [success]
2026-07-27T09:16:32.2884884Z   'test-DBItest.R:3:1' [success]
2026-07-27T09:16:32.2983084Z   'test-DBItest.R:3:1' [success]
2026-07-27T09:16:32.3092932Z   'test-DBItest.R:3:1' [success]
2026-07-27T09:16:32.3189808Z   'test-DBItest.R:3:1' [success]
2026-07-27T09:16:32.3286168Z   'test-DBItest.R:3:1' [success]
2026-07-27T09:16:32.3396183Z   'test-DBItest.R:3:1' [success]
2026-07-27T09:16:32.3493914Z   'test-DBItest.R:3:1' [success]
2026-07-27T09:16:32.3591038Z   'test-DBItest.R:3:1' [success]
2026-07-27T09:16:32.3703812Z   'test-DBItest.R:3:1' [success]
2026-07-27T09:16:32.3802324Z   'test-DBItest.R:3:1' [success]
2026-07-27T09:16:32.3901727Z   'test-DBItest.R:3:1' [success]
2026-07-27T09:16:32.4020798Z   'test-DBItest.R:3:1' [success]
2026-07-27T09:16:32.4173090Z   'test-DBItest.R:3:1' [success]
2026-07-27T09:16:32.4272105Z   'test-DBItest.R:3:1' [success]
2026-07-27T09:16:32.4385540Z   'test-DBItest.R:3:1' [success]
2026-07-27T09:16:32.4482790Z   'test-DBItest.R:3:1' [success]
2026-07-27T09:16:32.4579371Z   'test-DBItest.R:3:1' [success]
2026-07-27T09:16:32.4691462Z   'test-DBItest.R:3:1' [success]
2026-07-27T09:16:32.4790571Z   'test-DBItest.R:3:1' [success]
2026-07-27T09:16:32.4889509Z   'test-DBItest.R:3:1' [success]
2026-07-27T09:16:32.5001767Z   'test-DBItest.R:3:1' [success]
2026-07-27T09:16:32.5100421Z   'test-DBItest.R:3:1' [success]
2026-07-27T09:16:32.5198352Z   'test-DBItest.R:3:1' [success]
2026-07-27T09:16:32.5317449Z   'test-DBItest.R:3:1' [success]
2026-07-27T09:16:32.5467660Z   'test-DBItest.R:3:1' [success]
2026-07-27T09:16:32.5568007Z   'test-DBItest.R:3:1' [success]
2026-07-27T09:16:32.5680300Z   'test-DBItest.R:3:1' [success]
2026-07-27T09:16:32.5775430Z   'test-DBItest.R:3:1' [success]
2026-07-27T09:16:32.5871193Z   'test-DBItest.R:3:1' [success]
2026-07-27T09:16:32.5981999Z   'test-DBItest.R:3:1' [success]
2026-07-27T09:16:32.6078085Z   'test-DBItest.R:3:1' [success]
2026-07-27T09:16:32.6174106Z   'test-DBItest.R:3:1' [success]
2026-07-27T09:16:32.6285077Z   'test-DBItest.R:3:1' [success]
2026-07-27T09:16:32.6385250Z   'test-DBItest.R:3:1' [success]
2026-07-27T09:16:32.6481890Z   'test-DBItest.R:3:1' [success]
2026-07-27T09:16:32.6592438Z   'test-DBItest.R:3:1' [success]
2026-07-27T09:16:32.6696000Z   'test-DBItest.R:3:1' [success]
2026-07-27T09:16:32.6841645Z   'test-DBItest.R:3:1' [success]
2026-07-27T09:16:32.6958077Z   'test-DBItest.R:3:1' [success]
2026-07-27T09:16:32.7054693Z   'test-DBItest.R:3:1' [success]
2026-07-27T09:16:32.7149736Z   'test-DBItest.R:3:1' [success]
2026-07-27T09:16:32.7257698Z   'test-DBItest.R:3:1' [success]
2026-07-27T09:16:32.7353849Z   'test-DBItest.R:3:1' [success]
2026-07-27T09:16:32.7449508Z   'test-DBItest.R:3:1' [success]
2026-07-27T09:16:32.7557998Z   'test-DBItest.R:3:1' [success]
2026-07-27T09:16:32.7656181Z   'test-DBItest.R:3:1' [success]
2026-07-27T09:16:32.7752791Z   'test-DBItest.R:3:1' [success]
2026-07-27T09:16:32.7860933Z   'test-DBItest.R:3:1' [success]
2026-07-27T09:16:32.7962156Z   'test-DBItest.R:3:1' [success]
2026-07-27T09:16:32.8113009Z   'test-DBItest.R:3:1' [success]
2026-07-27T09:16:32.8223844Z   'test-DBItest.R:3:1' [success]
2026-07-27T09:16:32.8322374Z   'test-DBItest.R:3:1' [success]
2026-07-27T09:16:32.8416130Z   'test-DBItest.R:3:1' [success]
2026-07-27T09:16:32.8523301Z   'test-DBItest.R:3:1' [success]
2026-07-27T09:16:32.8619791Z   'test-DBItest.R:3:1' [success]
2026-07-27T09:16:32.8715619Z   'test-DBItest.R:3:1' [success]
2026-07-27T09:16:32.8824845Z   'test-DBItest.R:3:1' [success]
2026-07-27T09:16:32.8921430Z   'test-DBItest.R:3:1' [success]
2026-07-27T09:16:32.9018714Z   'test-DBItest.R:3:1' [success]
2026-07-27T09:16:32.9127812Z   'test-DBItest.R:3:1' [success]
2026-07-27T09:16:32.9226899Z   'test-DBItest.R:3:1' [success]
2026-07-27T09:16:32.9328435Z   'test-DBItest.R:3:1' [success]
2026-07-27T09:16:32.9486266Z   'test-DBItest.R:3:1' [success]
2026-07-27T09:16:32.9584532Z   'test-DBItest.R:3:1' [success]
2026-07-27T09:16:32.9681167Z   'test-DBItest.R:3:1' [success]
2026-07-27T09:16:32.9792335Z   'test-DBItest.R:3:1' [success]
2026-07-27T09:16:32.9891405Z   'test-DBItest.R:3:1' [success]
2026-07-27T09:16:32.9988640Z   'test-DBItest.R:3:1' [success]
2026-07-27T09:16:33.0100591Z   'test-DBItest.R:3:1' [success]
2026-07-27T09:16:33.0198505Z   'test-DBItest.R:3:1' [success]
2026-07-27T09:16:33.0297772Z   'test-DBItest.R:3:1' [success]
2026-07-27T09:16:33.0416397Z   'test-DBItest.R:3:1' [success]
2026-07-27T09:16:33.0533590Z   'test-DBItest.R:3:1' [success]
2026-07-27T09:16:33.0647984Z   'test-DBItest.R:3:1' [success]
2026-07-27T09:16:33.0814431Z   'test-DBItest.R:3:1' [success]
2026-07-27T09:16:33.0912615Z   'test-DBItest.R:3:1' [success]
2026-07-27T09:16:33.1009623Z   'test-DBItest.R:3:1' [success]
2026-07-27T09:16:33.1119741Z   'test-DBItest.R:3:1' [success]
2026-07-27T09:16:33.1216671Z   'test-DBItest.R:3:1' [success]
2026-07-27T09:16:33.1311995Z   'test-DBItest.R:3:1' [success]
2026-07-27T09:16:33.1422564Z   'test-DBItest.R:3:1' [success]
2026-07-27T09:16:33.1519097Z   'test-DBItest.R:3:1' [success]
2026-07-27T09:16:33.1614663Z   'test-DBItest.R:3:1' [success]
2026-07-27T09:16:33.1728362Z   'test-DBItest.R:3:1' [success]
2026-07-27T09:16:33.1824813Z   'test-DBItest.R:3:1' [success]
2026-07-27T09:16:33.1921639Z   'test-DBItest.R:3:1' [success]
2026-07-27T09:16:33.2085007Z   'test-DBItest.R:3:1' [success]
2026-07-27T09:16:33.2184282Z   'test-DBItest.R:3:1' [success]
2026-07-27T09:16:33.2282935Z   'test-DBItest.R:3:1' [success]
2026-07-27T09:16:33.2392148Z   'test-DBItest.R:3:1' [success]
2026-07-27T09:16:33.2487047Z   'test-DBItest.R:3:1' [success]
2026-07-27T09:16:33.2583362Z   'test-DBItest.R:3:1' [success]
2026-07-27T09:16:33.2693148Z   'test-DBItest.R:3:1' [success]
2026-07-27T09:16:33.2784624Z   'test-DBItest.R:3:1' [success]
2026-07-27T09:16:33.2801026Z End test: DBItest[duckdb.dev]: Full compliance: ellipsis
2026-07-27T09:16:33.2801434Z 
2026-07-27T09:16:33.2819247Z Start test: DBItest[duckdb.dev]: Full compliance: skipped tests
2026-07-27T09:16:33.2917240Z   'test-DBItest.R:3:1' [skip]
2026-07-27T09:16:33.2933812Z End test: DBItest[duckdb.dev]: Full compliance: skipped tests
2026-07-27T09:16:33.2934204Z 
2026-07-27T09:16:33.4678893Z Start test: only quotes where needed
2026-07-27T09:16:33.5073224Z   'test-dbQuoteIdentifier__duckdb_connection.R:4:3' [success]
2026-07-27T09:16:33.5111630Z End test: only quotes where needed
2026-07-27T09:16:33.5111951Z 
2026-07-27T09:16:33.5127164Z Start test: preserves expected DBI behaviour
2026-07-27T09:16:33.5513724Z   'test-dbQuoteIdentifier__duckdb_connection.R:13:3' [success]
2026-07-27T09:16:33.5629786Z   'test-dbQuoteIdentifier__duckdb_connection.R:14:3' [success]
2026-07-27T09:16:33.5746324Z   'test-dbQuoteIdentifier__duckdb_connection.R:15:3' [success]
2026-07-27T09:16:33.5864651Z   'test-dbQuoteIdentifier__duckdb_connection.R:17:3' [success]
2026-07-27T09:16:33.5983800Z   'test-dbQuoteIdentifier__duckdb_connection.R:21:3' [success]
2026-07-27T09:16:33.6025710Z End test: preserves expected DBI behaviour
2026-07-27T09:16:33.6026059Z 
2026-07-27T09:16:33.6075034Z Start test: dbSendQueryArrow() returns a duckdb_result_arrow
2026-07-27T09:16:33.6485826Z   'test-dbSendQueryArrow.R:11:3' [success]
2026-07-27T09:16:33.6609333Z   'test-dbSendQueryArrow.R:12:3' [success]
2026-07-27T09:16:33.6726502Z   'test-dbSendQueryArrow.R:13:3' [success]
2026-07-27T09:16:33.6748366Z End test: dbSendQueryArrow() returns a duckdb_result_arrow
2026-07-27T09:16:33.6748819Z 
2026-07-27T09:16:33.6764318Z Start test: dbColumnInfo() works before fetching
2026-07-27T09:16:33.7266122Z   'test-dbSendQueryArrow.R:24:3' [success]
2026-07-27T09:16:33.7381236Z   'test-dbSendQueryArrow.R:25:3' [success]
2026-07-27T09:16:33.7400241Z End test: dbColumnInfo() works before fetching
2026-07-27T09:16:33.7400615Z 
2026-07-27T09:16:33.7415446Z Start test: dbHasCompleted() reports not-yet-completed before any fetch
2026-07-27T09:16:33.7835120Z   'test-dbSendQueryArrow.R:36:3' [success]
2026-07-27T09:16:33.7853193Z End test: dbHasCompleted() reports not-yet-completed before any fetch
2026-07-27T09:16:33.7853630Z 
2026-07-27T09:16:33.7867702Z Start test: dbClearResult() invalidates and rejects further use
2026-07-27T09:16:33.8272525Z   'test-dbSendQueryArrow.R:44:3' [success]
2026-07-27T09:16:33.8383415Z   'test-dbSendQueryArrow.R:47:3' [success]
2026-07-27T09:16:33.8517968Z   'test-dbSendQueryArrow.R:48:3' [success]
2026-07-27T09:16:33.8651353Z   'test-dbSendQueryArrow.R:49:3' [success]
2026-07-27T09:16:33.8786805Z   'test-dbSendQueryArrow.R:50:3' [success]
2026-07-27T09:16:33.8805560Z End test: dbClearResult() invalidates and rejects further use
2026-07-27T09:16:33.8806079Z 
2026-07-27T09:16:33.8820782Z Start test: dbSendQueryArrow() does not materialize a large streaming query
2026-07-27T09:16:33.9219581Z   'test-dbSendQueryArrow.R:62:3' [success]
2026-07-27T09:16:33.9338412Z   'test-dbSendQueryArrow.R:63:3' [success]
2026-07-27T09:16:33.9359455Z End test: dbSendQueryArrow() does not materialize a large streaming query
2026-07-27T09:16:33.9359965Z 
2026-07-27T09:16:33.9405342Z Start test: dbWriteTable can write tables with keyword column names
2026-07-27T09:16:33.9659704Z   'test-dbwritetable.R:2:3' [skip]
2026-07-27T09:16:33.9679069Z End test: dbWriteTable can write tables with keyword column names
2026-07-27T09:16:33.9679554Z 
2026-07-27T09:16:33.9723293Z Start test: Install DuckDB extension
2026-07-27T09:16:33.9824381Z   'test-duckdb-extensions.R:2:3' [skip]
2026-07-27T09:16:33.9842672Z End test: Install DuckDB extension
2026-07-27T09:16:33.9843059Z 
2026-07-27T09:16:33.9887017Z Start test: rapi_error functions accept additional parameters
2026-07-27T09:16:34.0177691Z   'test-error-handling.R:7:3' [success]
2026-07-27T09:16:34.0464545Z   'test-error-handling.R:12:3' [success]
2026-07-27T09:16:34.0761824Z   'test-error-handling.R:15:3' [success]
2026-07-27T09:16:34.1147788Z   'test-error-handling.R:18:3' [success]
2026-07-27T09:16:34.1164362Z End test: rapi_error functions accept additional parameters
2026-07-27T09:16:34.1164784Z 
2026-07-27T09:16:34.1220484Z Start test: EXPLAIN gives reasonable output
2026-07-27T09:16:34.1711092Z   'test-explain.R:7:3' [success]
2026-07-27T09:16:34.1747733Z End test: EXPLAIN gives reasonable output
2026-07-27T09:16:34.1748101Z 
2026-07-27T09:16:34.1762609Z Start test: EXPLAIN shows logical, optimized and physical plan
2026-07-27T09:16:34.2280459Z   'test-explain.R:14:3' [success]
2026-07-27T09:16:34.2316897Z End test: EXPLAIN shows logical, optimized and physical plan
2026-07-27T09:16:34.2317520Z 
2026-07-27T09:16:34.2331324Z Start test: EXPLAIN ANALYZE outputs query tree
2026-07-27T09:16:34.2719954Z   'test-explain.R:23:3' [success]
2026-07-27T09:16:34.2830197Z   'test-explain.R:24:3' [success]
2026-07-27T09:16:34.2939193Z   'test-explain.R:25:3' [success]
2026-07-27T09:16:34.2976624Z End test: EXPLAIN ANALYZE outputs query tree
2026-07-27T09:16:34.2977506Z 
2026-07-27T09:16:34.2991219Z Start test: zero length input is smoothly skipped
2026-07-27T09:16:34.3492809Z   'test-explain.R:30:3' [success]
2026-07-27T09:16:34.3532945Z End test: zero length input is smoothly skipped
2026-07-27T09:16:34.3533290Z 
2026-07-27T09:16:34.3547701Z Start test: wrong type of input forwards handling to the next method
2026-07-27T09:16:34.4155225Z   'test-explain.R:38:3' [success]
2026-07-27T09:16:34.4192095Z End test: wrong type of input forwards handling to the next method
2026-07-27T09:16:34.4192530Z 
2026-07-27T09:16:34.4238475Z Start test: duckdb extensions are stored in the resolved extension directory
2026-07-27T09:16:34.4742735Z   'test-extension_path.R:10:3' [success]
2026-07-27T09:16:34.4852485Z   'test-extension_path.R:11:3' [success]
2026-07-27T09:16:34.4960758Z   'test-extension_path.R:12:3' [success]
2026-07-27T09:16:34.5068255Z   'test-extension_path.R:17:3' [success]
2026-07-27T09:16:34.5085817Z End test: duckdb extensions are stored in the resolved extension directory
2026-07-27T09:16:34.5086585Z 
2026-07-27T09:16:34.5141298Z Start test: extensions_supported() is FALSE on Linux unless the stdlib is libstdc++
2026-07-27T09:16:34.5258971Z   'test-extensions-libcxx.R:12:3' [success]
2026-07-27T09:16:34.5370569Z   'test-extensions-libcxx.R:19:3' [success]
2026-07-27T09:16:34.5389129Z End test: extensions_supported() is FALSE on Linux unless the stdlib is libstdc++
2026-07-27T09:16:34.5389828Z 
2026-07-27T09:16:34.5403641Z Start test: extensions_supported() is TRUE for libstdc++ and for non-Linux
2026-07-27T09:16:34.5596293Z   'test-extensions-libcxx.R:28:3' [success]
2026-07-27T09:16:34.5713518Z   'test-extensions-libcxx.R:36:3' [success]
2026-07-27T09:16:34.5825778Z   'test-extensions-libcxx.R:42:3' [success]
2026-07-27T09:16:34.5843673Z End test: extensions_supported() is TRUE for libstdc++ and for non-Linux
2026-07-27T09:16:34.5844345Z 
2026-07-27T09:16:34.5857560Z Start test: compiled_cxx_stdlib() reports a known standard library
2026-07-27T09:16:34.5967160Z   'test-extensions-libcxx.R:48:3' [success]
2026-07-27T09:16:34.5982330Z End test: compiled_cxx_stdlib() reports a known standard library
2026-07-27T09:16:34.5982885Z 
2026-07-27T09:16:34.5996367Z Start test: resolve_allow_extensions(NULL) on an affected build disables + announces
2026-07-27T09:16:34.6108533Z   'test-extensions-libcxx.R:61:3' [success]
2026-07-27T09:16:34.6214500Z   'test-extensions-libcxx.R:62:3' [success]
2026-07-27T09:16:34.6323416Z   'test-extensions-libcxx.R:63:3' [success]
2026-07-27T09:16:34.6341130Z End test: resolve_allow_extensions(NULL) on an affected build disables + announces
2026-07-27T09:16:34.6342101Z 
2026-07-27T09:16:34.6356048Z Start test: resolve_allow_extensions(NULL) on a healthy build enables + stays quiet
2026-07-27T09:16:34.6473295Z   'test-extensions-libcxx.R:72:3' [success]
2026-07-27T09:16:34.6584458Z   'test-extensions-libcxx.R:73:3' [success]
2026-07-27T09:16:34.6695993Z   'test-extensions-libcxx.R:74:3' [success]
2026-07-27T09:16:34.6721181Z End test: resolve_allow_extensions(NULL) on a healthy build enables + stays quiet
2026-07-27T09:16:34.6721818Z 
2026-07-27T09:16:34.6736232Z Start test: an explicit allow_extensions argument wins and is silent
2026-07-27T09:16:34.6860817Z   'test-extensions-libcxx.R:84:3' [success]
2026-07-27T09:16:34.7023472Z   'test-extensions-libcxx.R:85:3' [success]
2026-07-27T09:16:34.7134319Z   'test-extensions-libcxx.R:86:3' [success]
2026-07-27T09:16:34.7243321Z   'test-extensions-libcxx.R:89:3' [success]
2026-07-27T09:16:34.7349431Z   'test-extensions-libcxx.R:90:3' [success]
2026-07-27T09:16:34.7456806Z   'test-extensions-libcxx.R:91:3' [success]
2026-07-27T09:16:34.7474206Z End test: an explicit allow_extensions argument wins and is silent
2026-07-27T09:16:34.7474780Z 
2026-07-27T09:16:34.7488738Z Start test: the duckdb.allow_extensions option is honored (and silent)
2026-07-27T09:16:34.7602508Z   'test-extensions-libcxx.R:100:3' [success]
2026-07-27T09:16:34.7709553Z   'test-extensions-libcxx.R:101:3' [success]
2026-07-27T09:16:34.7818007Z   'test-extensions-libcxx.R:102:3' [success]
2026-07-27T09:16:34.7928028Z   'test-extensions-libcxx.R:106:3' [success]
2026-07-27T09:16:34.8035035Z   'test-extensions-libcxx.R:107:3' [success]
2026-07-27T09:16:34.8147010Z   'test-extensions-libcxx.R:108:3' [success]
2026-07-27T09:16:34.8165728Z End test: the duckdb.allow_extensions option is honored (and silent)
2026-07-27T09:16:34.8166370Z 
2026-07-27T09:16:34.8181734Z Start test: a malformed duckdb.allow_extensions option warns and is reset
2026-07-27T09:16:34.8379790Z   'test-extensions-libcxx.R:116:3' [success]
2026-07-27T09:16:34.8493250Z   'test-extensions-libcxx.R:118:3' [success]
2026-07-27T09:16:34.8603376Z   'test-extensions-libcxx.R:119:3' [success]
2026-07-27T09:16:34.8711946Z   'test-extensions-libcxx.R:120:3' [success]
2026-07-27T09:16:34.8729919Z End test: a malformed duckdb.allow_extensions option warns and is reset
2026-07-27T09:16:34.8730558Z 
2026-07-27T09:16:34.8744233Z Start test: DUCKDB_R_ALLOW_EXTENSIONS enables or disables per as.logical()
2026-07-27T09:16:34.8860147Z   'test-extensions-libcxx.R:131:5' [success]
2026-07-27T09:16:34.8967386Z   'test-extensions-libcxx.R:132:5' [success]
2026-07-27T09:16:34.9074961Z   'test-extensions-libcxx.R:133:5' [success]
2026-07-27T09:16:34.9183908Z   'test-extensions-libcxx.R:139:5' [success]
2026-07-27T09:16:34.9294658Z   'test-extensions-libcxx.R:140:5' [success]
2026-07-27T09:16:34.9402940Z   'test-extensions-libcxx.R:147:7' [success]
2026-07-27T09:16:34.9517621Z   'test-extensions-libcxx.R:147:7' [success]
2026-07-27T09:16:34.9684007Z   'test-extensions-libcxx.R:147:7' [success]
2026-07-27T09:16:34.9701718Z End test: DUCKDB_R_ALLOW_EXTENSIONS enables or disables per as.logical()
2026-07-27T09:16:34.9702359Z 
2026-07-27T09:16:34.9716244Z Start test: an unparseable DUCKDB_R_ALLOW_EXTENSIONS is treated as completely unset
2026-07-27T09:16:34.9833106Z   'test-extensions-libcxx.R:161:5' [success]
2026-07-27T09:16:34.9943964Z   'test-extensions-libcxx.R:162:5' [success]
2026-07-27T09:16:35.0052783Z   'test-extensions-libcxx.R:163:5' [success]
2026-07-27T09:16:35.0162337Z   'test-extensions-libcxx.R:171:7' [success]
2026-07-27T09:16:35.0269419Z   'test-extensions-libcxx.R:172:7' [success]
2026-07-27T09:16:35.0376993Z   'test-extensions-libcxx.R:173:7' [success]
2026-07-27T09:16:35.0486364Z   'test-extensions-libcxx.R:171:7' [success]
2026-07-27T09:16:35.0603170Z   'test-extensions-libcxx.R:172:7' [success]
2026-07-27T09:16:35.0719957Z   'test-extensions-libcxx.R:173:7' [success]
2026-07-27T09:16:35.0835056Z   'test-extensions-libcxx.R:171:7' [success]
2026-07-27T09:16:35.0959790Z   'test-extensions-libcxx.R:172:7' [success]
2026-07-27T09:16:35.1137589Z   'test-extensions-libcxx.R:173:7' [success]
2026-07-27T09:16:35.1260795Z   'test-extensions-libcxx.R:171:7' [success]
2026-07-27T09:16:35.1377496Z   'test-extensions-libcxx.R:172:7' [success]
2026-07-27T09:16:35.1498711Z   'test-extensions-libcxx.R:173:7' [success]
2026-07-27T09:16:35.1520127Z End test: an unparseable DUCKDB_R_ALLOW_EXTENSIONS is treated as completely unset
2026-07-27T09:16:35.1520755Z 
2026-07-27T09:16:35.1536418Z Start test: duckdb() announces on the auto path when extensions are disabled
2026-07-27T09:16:35.1869385Z   'test-extensions-libcxx.R:198:3' [success]
2026-07-27T09:16:35.2053308Z End test: duckdb() announces on the auto path when extensions are disabled
2026-07-27T09:16:35.2053768Z 
2026-07-27T09:16:35.2067176Z Start test: duckdb(allow_extensions = FALSE) is silent
2026-07-27T09:16:35.2324499Z   'test-extensions-libcxx.R:214:3' [success]
2026-07-27T09:16:35.2479406Z End test: duckdb(allow_extensions = FALSE) is silent
2026-07-27T09:16:35.2479795Z 
2026-07-27T09:16:35.2493488Z Start test: an option or env override silences the duckdb() advisory
2026-07-27T09:16:35.2736489Z   'test-extensions-libcxx.R:232:7' [success]
2026-07-27T09:16:35.3126041Z   'test-extensions-libcxx.R:245:9' [success]
2026-07-27T09:16:35.3294509Z End test: an option or env override silences the duckdb() advisory
2026-07-27T09:16:35.3295013Z 
2026-07-27T09:16:35.3310478Z Start test: duckdb() still announces when DUCKDB_R_ALLOW_EXTENSIONS is unparseable
2026-07-27T09:16:35.3622070Z   'test-extensions-libcxx.R:265:3' [success]
2026-07-27T09:16:35.3793858Z End test: duckdb() still announces when DUCKDB_R_ALLOW_EXTENSIONS is unparseable
2026-07-27T09:16:35.3794496Z 
2026-07-27T09:16:35.3809957Z Start test: extensions message wording is stable
2026-07-27T09:16:35.4073022Z   'test-extensions-libcxx.R:278:3' [success]
2026-07-27T09:16:35.4275075Z   'test-extensions-libcxx.R:281:3' [success]
2026-07-27T09:16:35.4555525Z   'test-extensions-libcxx.R:287:3' [success]
2026-07-27T09:16:35.4573819Z End test: extensions message wording is stable
2026-07-27T09:16:35.4574180Z 
2026-07-27T09:16:35.4588950Z Start test: duckdb() exposes the experimental allow_extensions slot
2026-07-27T09:16:35.4860996Z   'test-extensions-libcxx.R:296:3' [success]
2026-07-27T09:16:35.5043788Z End test: duckdb() exposes the experimental allow_extensions slot
2026-07-27T09:16:35.5044372Z 
2026-07-27T09:16:35.5059534Z Start test: allow_extensions is plumbed to the engine's INSTALL/LOAD guard
2026-07-27T09:16:35.5575315Z   'test-extensions-libcxx.R:310:3' [success]
2026-07-27T09:16:35.6202016Z   'test-extensions-libcxx.R:317:3' [success]
2026-07-27T09:16:35.6266693Z End test: allow_extensions is plumbed to the engine's INSTALL/LOAD guard
2026-07-27T09:16:35.6267931Z 
2026-07-27T09:16:35.6316032Z Start test: factors can be round tripped
2026-07-27T09:16:35.6418000Z   'test-factor.R:2:3' [skip]
2026-07-27T09:16:35.6434165Z End test: factors can be round tripped
2026-07-27T09:16:35.6434570Z 
2026-07-27T09:16:35.6448610Z Start test: iris can be round-tripped
2026-07-27T09:16:35.6543115Z   'test-factor.R:24:3' [skip]
2026-07-27T09:16:35.6558926Z End test: iris can be round-tripped
2026-07-27T09:16:35.6559309Z 
2026-07-27T09:16:35.6573067Z Start test: non-utf things can be read
2026-07-27T09:16:35.6669342Z   'test-factor.R:38:3' [skip]
2026-07-27T09:16:35.6685688Z End test: non-utf things can be read
2026-07-27T09:16:35.6686133Z 
2026-07-27T09:16:35.6700740Z Start test: single value factors round trip correctly, issue 2627
2026-07-27T09:16:35.6796546Z   'test-factor.R:66:3' [skip]
2026-07-27T09:16:35.6812734Z End test: single value factors round trip correctly, issue 2627
2026-07-27T09:16:35.6813358Z 
2026-07-27T09:16:35.6826970Z Start test: huge-cardinality factors do not cause strange crashes, issue 3639
2026-07-27T09:16:35.7999948Z   'test-factor.R:78:1' [skip]
2026-07-27T09:16:35.8017093Z End test: huge-cardinality factors do not cause strange crashes, issue 3639
2026-07-27T09:16:35.8017935Z 
2026-07-27T09:16:35.8076659Z Start test: duckdb_fetch_arrow() test table over vector size
2026-07-27T09:16:35.8754732Z   'test-fetch_arrow.R:15:3' [success]
2026-07-27T09:16:35.8774118Z End test: duckdb_fetch_arrow() test table over vector size
2026-07-27T09:16:35.8774671Z 
2026-07-27T09:16:35.8789527Z Start test: duckdb_fetch_arrow() empty table
2026-07-27T09:16:35.9546546Z   'test-fetch_arrow.R:28:3' [success]
2026-07-27T09:16:35.9579628Z End test: duckdb_fetch_arrow() empty table
2026-07-27T09:16:35.9580059Z 
2026-07-27T09:16:35.9594032Z Start test: duckdb_fetch_arrow() table with only nulls
2026-07-27T09:16:36.0052360Z   'test-fetch_arrow.R:42:3' [success]
2026-07-27T09:16:36.0070120Z End test: duckdb_fetch_arrow() table with only nulls
2026-07-27T09:16:36.0070606Z 
2026-07-27T09:16:36.0085426Z Start test: duckdb_fetch_arrow() table with prepared statement
2026-07-27T09:16:37.8366449Z   'test-fetch_arrow.R:58:3' [success]
2026-07-27T09:16:37.8385587Z End test: duckdb_fetch_arrow() table with prepared statement
2026-07-27T09:16:37.8386163Z 
2026-07-27T09:16:37.8400813Z Start test: duckdb_fetch_arrow() record_batch_reader 
2026-07-27T09:16:37.8927398Z   'test-fetch_arrow.R:72:3' [success]
2026-07-27T09:16:37.9055974Z   'test-fetch_arrow.R:75:3' [success]
2026-07-27T09:16:37.9179752Z   'test-fetch_arrow.R:78:3' [success]
2026-07-27T09:16:37.9288995Z   'test-fetch_arrow.R:81:3' [success]
2026-07-27T09:16:37.9307305Z End test: duckdb_fetch_arrow() record_batch_reader 
2026-07-27T09:16:37.9308283Z 
2026-07-27T09:16:37.9322688Z Start test: duckdb_fetch_arrow() record_batch_reader multiple vectors per chunk
2026-07-27T09:16:37.9762357Z   'test-fetch_arrow.R:91:3' [success]
2026-07-27T09:16:37.9888884Z   'test-fetch_arrow.R:94:3' [success]
2026-07-27T09:16:38.0015203Z   'test-fetch_arrow.R:97:3' [success]
2026-07-27T09:16:38.0033706Z End test: duckdb_fetch_arrow() record_batch_reader multiple vectors per chunk
2026-07-27T09:16:38.0034561Z 
2026-07-27T09:16:38.0048612Z Start test: record_batch_reader and table error
2026-07-27T09:16:38.0508234Z   'test-fetch_arrow.R:107:3' [success]
2026-07-27T09:16:38.0728452Z   'test-fetch_arrow.R:108:3' [success]
2026-07-27T09:16:38.0747353Z End test: record_batch_reader and table error
2026-07-27T09:16:38.0747855Z 
2026-07-27T09:16:38.0762886Z Start test: duckdb_fetch_arrow() record_batch_reader defaultparamenter
2026-07-27T09:16:38.1208336Z   'test-fetch_arrow.R:119:3' [success]
2026-07-27T09:16:38.1227935Z End test: duckdb_fetch_arrow() record_batch_reader defaultparamenter
2026-07-27T09:16:38.1228743Z 
2026-07-27T09:16:38.1243849Z Start test: duckdb_fetch_arrow() record_batch_reader Read Table
2026-07-27T09:16:38.1688242Z   'test-fetch_arrow.R:132:3' [success]
2026-07-27T09:16:38.1705242Z End test: duckdb_fetch_arrow() record_batch_reader Read Table
2026-07-27T09:16:38.1705857Z 
2026-07-27T09:16:38.1720735Z Start test: fetching from a consumed query result errors instead of crashing
2026-07-27T09:16:38.2127141Z   'test-fetch_arrow.R:140:3' [success]
2026-07-27T09:16:38.2367648Z   'test-fetch_arrow.R:144:3' [success]
2026-07-27T09:16:38.2606100Z   'test-fetch_arrow.R:145:3' [success]
2026-07-27T09:16:38.2743194Z   'test-fetch_arrow.R:147:3' [success]
2026-07-27T09:16:38.2784877Z End test: fetching from a consumed query result errors instead of crashing
2026-07-27T09:16:38.2785434Z 
2026-07-27T09:16:38.2831981Z Start test: dbFetch() can fetch RETURNING statements (#3875)
2026-07-27T09:16:38.3354723Z   'test-fetch.R:6:3' [success]
2026-07-27T09:16:38.3476389Z   'test-fetch.R:7:3' [success]
2026-07-27T09:16:38.3513158Z End test: dbFetch() can fetch RETURNING statements (#3875)
2026-07-27T09:16:38.3513637Z 
2026-07-27T09:16:38.3558562Z Start test: local_con() creates and cleans up connection
2026-07-27T09:16:38.3935670Z   'test-fixtures.R:5:5' [success]
2026-07-27T09:16:38.4053884Z   'test-fixtures.R:6:5' [success]
2026-07-27T09:16:38.4200224Z   'test-fixtures.R:10:5' [success]
2026-07-27T09:16:38.4363890Z   'test-fixtures.R:20:3' [success]
2026-07-27T09:16:38.4383540Z End test: local_con() creates and cleans up connection
2026-07-27T09:16:38.4398431Z 
2026-07-27T09:16:38.4398832Z Start test: local_con() accepts duckdb() arguments
2026-07-27T09:16:38.4788802Z   'test-fixtures.R:26:3' [success]
2026-07-27T09:16:38.4905833Z   'test-fixtures.R:27:3' [success]
2026-07-27T09:16:38.4945737Z End test: local_con() accepts duckdb() arguments
2026-07-27T09:16:38.4946251Z 
2026-07-27T09:16:38.4996036Z Start test: geometry columns can be read as blob (default)
2026-07-27T09:16:38.5588632Z   'test-geometry.R:11:3' [success]
2026-07-27T09:16:38.5713571Z   'test-geometry.R:12:3' [success]
2026-07-27T09:16:38.5835652Z   'test-geometry.R:13:3' [success]
2026-07-27T09:16:38.5958128Z   'test-geometry.R:14:3' [success]
2026-07-27T09:16:38.6074094Z   'test-geometry.R:15:3' [success]
2026-07-27T09:16:38.6195856Z   'test-geometry.R:16:3' [success]
2026-07-27T09:16:38.6311657Z   'test-geometry.R:20:3' [success]
2026-07-27T09:16:38.6425962Z   'test-geometry.R:21:3' [success]
2026-07-27T09:16:38.6476990Z End test: geometry columns can be read as blob (default)
2026-07-27T09:16:38.6477661Z 
2026-07-27T09:16:38.6492871Z Start test: geometry columns can be read inline
2026-07-27T09:16:38.6920419Z   'test-geometry.R:29:3' [success]
2026-07-27T09:16:38.7045752Z   'test-geometry.R:30:3' [success]
2026-07-27T09:16:38.7086482Z End test: geometry columns can be read inline
2026-07-27T09:16:38.7086978Z 
2026-07-27T09:16:38.7103054Z Start test: geometry = 'blob' returns raw vectors
2026-07-27T09:16:38.7588020Z   'test-geometry.R:40:3' [success]
2026-07-27T09:16:38.7701605Z   'test-geometry.R:41:3' [success]
2026-07-27T09:16:38.7749268Z End test: geometry = 'blob' returns raw vectors
2026-07-27T09:16:38.7749782Z 
2026-07-27T09:16:38.7764743Z Start test: geometry = 'wk' returns wk_wkb objects
2026-07-27T09:16:38.8478115Z   'test-geometry.R:56:3' [success]
2026-07-27T09:16:38.8577060Z   'test-geometry.R:57:3' [success]
2026-07-27T09:16:38.8701242Z   'test-geometry.R:58:3' [success]
2026-07-27T09:16:38.8822217Z   'test-geometry.R:62:3' [success]
2026-07-27T09:16:38.8939203Z   'test-geometry.R:63:3' [success]
2026-07-27T09:16:38.9056946Z   'test-geometry.R:64:3' [success]
2026-07-27T09:16:39.1128135Z   'test-geometry.R:65:3' [success]
2026-07-27T09:16:39.1255120Z   'test-geometry.R:68:3' [success]
2026-07-27T09:16:39.1297365Z End test: geometry = 'wk' returns wk_wkb objects
2026-07-27T09:16:39.1297871Z 
2026-07-27T09:16:39.1312962Z Start test: geometry = 'wk' works end-to-end with sf
2026-07-27T09:16:39.7169997Z   'test-geometry.R:87:3' [success]
2026-07-27T09:16:39.7295413Z   'test-geometry.R:88:3' [success]
2026-07-27T09:16:39.7418489Z   'test-geometry.R:92:3' [success]
2026-07-27T09:16:39.7536478Z   'test-geometry.R:93:3' [success]
2026-07-27T09:16:39.7657645Z   'test-geometry.R:94:3' [success]
2026-07-27T09:16:39.7805418Z   'test-geometry.R:95:3' [success]
2026-07-27T09:16:39.7965799Z   'test-geometry.R:98:3' [success]
2026-07-27T09:16:39.8010243Z End test: geometry = 'wk' works end-to-end with sf
2026-07-27T09:16:39.8010743Z 
2026-07-27T09:16:39.8028658Z Start test: invalid geometry option is rejected
2026-07-27T09:16:39.8474499Z   'test-geometry.R:102:3' [success]
2026-07-27T09:16:39.8497226Z End test: invalid geometry option is rejected
2026-07-27T09:16:39.8497890Z 
2026-07-27T09:16:39.8554601Z Start test: we can roundtrip an integer64 via driver
2026-07-27T09:16:39.9041836Z   'test-integer64.R:10:3' [success]
2026-07-27T09:16:39.9082614Z End test: we can roundtrip an integer64 via driver
2026-07-27T09:16:39.9100798Z 
2026-07-27T09:16:39.9101154Z Start test: we can roundtrip an integer64 via dbConnect
2026-07-27T09:16:39.9719132Z   'test-integer64.R:21:3' [success]
2026-07-27T09:16:39.9755798Z End test: we can roundtrip an integer64 via dbConnect
2026-07-27T09:16:39.9756160Z 
2026-07-27T09:16:39.9800993Z Start test: we can retrieve an interval
2026-07-27T09:16:40.0218460Z   'test-interval.R:9:3' [success]
2026-07-27T09:16:40.0352861Z   'test-interval.R:12:3' [success]
2026-07-27T09:16:40.0488392Z   'test-interval.R:15:3' [success]
2026-07-27T09:16:40.0682497Z   'test-interval.R:18:3' [success]
2026-07-27T09:16:40.0821557Z   'test-interval.R:21:3' [success]
2026-07-27T09:16:40.0888886Z End test: we can retrieve an interval
2026-07-27T09:16:40.0889186Z 
2026-07-27T09:16:40.0967326Z Start test: one-level lists can be read
2026-07-27T09:16:40.1452948Z   'test-list.R:5:3' [success]
2026-07-27T09:16:40.1616016Z   'test-list.R:8:3' [success]
2026-07-27T09:16:40.1758164Z   'test-list.R:11:3' [success]
2026-07-27T09:16:40.1905015Z   'test-list.R:14:3' [success]
2026-07-27T09:16:40.2071969Z   'test-list.R:17:3' [success]
2026-07-27T09:16:40.2242153Z   'test-list.R:20:3' [success]
2026-07-27T09:16:40.2414126Z   'test-list.R:23:3' [success]
2026-07-27T09:16:40.2564427Z   'test-list.R:26:3' [success]
2026-07-27T09:16:40.2678508Z End test: one-level lists can be read
2026-07-27T09:16:40.2678863Z 
2026-07-27T09:16:40.2694379Z Start test: rel_filter() handles LIST logical type
2026-07-27T09:16:40.3194981Z   'test-list.R:41:3' [success]
2026-07-27T09:16:40.3240640Z End test: rel_filter() handles LIST logical type
2026-07-27T09:16:40.3241012Z 
2026-07-27T09:16:40.3322453Z Start test: maps can be read
2026-07-27T09:16:40.3756966Z   'test-map.R:10:3' [success]
2026-07-27T09:16:40.3960192Z   'test-map.R:20:3' [success]
2026-07-27T09:16:40.4148782Z   'test-map.R:32:3' [success]
2026-07-27T09:16:40.4204007Z End test: maps can be read
2026-07-27T09:16:40.4204272Z 
2026-07-27T09:16:40.4220443Z Start test: maps can be written with dbAppendTable (#200)
2026-07-27T09:16:40.4751577Z   'test-map.R:52:3' [success]
2026-07-27T09:16:40.4878213Z   'test-map.R:53:3' [success]
2026-07-27T09:16:40.4920297Z End test: maps can be written with dbAppendTable (#200)
2026-07-27T09:16:40.4920678Z 
2026-07-27T09:16:40.4935923Z Start test: maps can be round-tripped via dbAppendTable (#200)
2026-07-27T09:16:40.5500823Z   'test-map.R:71:3' [success]
2026-07-27T09:16:40.5622099Z   'test-map.R:72:3' [success]
2026-07-27T09:16:40.5737309Z   'test-map.R:74:5' [success]
2026-07-27T09:16:40.5853692Z   'test-map.R:74:5' [success]
2026-07-27T09:16:40.5902207Z End test: maps can be round-tripped via dbAppendTable (#200)
2026-07-27T09:16:40.5902622Z 
2026-07-27T09:16:40.5917712Z Start test: maps with NULL values can be written (#200)
2026-07-27T09:16:40.6437442Z   'test-map.R:94:3' [success]
2026-07-27T09:16:40.6557047Z   'test-map.R:95:3' [success]
2026-07-27T09:16:40.6741971Z   'test-map.R:99:3' [success]
2026-07-27T09:16:40.6785488Z End test: maps with NULL values can be written (#200)
2026-07-27T09:16:40.6786028Z 
2026-07-27T09:16:40.6802225Z Start test: maps with non-character keys/values can be written (#200)
2026-07-27T09:16:40.7350663Z   'test-map.R:113:3' [success]
2026-07-27T09:16:40.7391398Z End test: maps with non-character keys/values can be written (#200)
2026-07-27T09:16:40.7391893Z 
2026-07-27T09:16:40.7407752Z Start test: maps can be written with dbWriteTable and field.types (#200)
2026-07-27T09:16:40.9200795Z   'test-map.R:128:3' [success]
2026-07-27T09:16:40.9346581Z   'test-map.R:131:3' [success]
2026-07-27T09:16:40.9396948Z End test: maps can be written with dbWriteTable and field.types (#200)
2026-07-27T09:16:40.9397635Z 
2026-07-27T09:16:40.9413101Z Start test: non-map columns alongside map columns still work (#200)
2026-07-27T09:16:40.9952835Z   'test-map.R:154:3' [success]
2026-07-27T09:16:41.0069972Z   'test-map.R:155:3' [success]
2026-07-27T09:16:41.0187708Z   'test-map.R:156:3' [success]
2026-07-27T09:16:41.0306534Z   'test-map.R:160:3' [success]
2026-07-27T09:16:41.0349701Z End test: non-map columns alongside map columns still work (#200)
2026-07-27T09:16:41.0350313Z 
2026-07-27T09:16:41.0364802Z Start test: structs give the same results via Arrow
2026-07-27T09:16:41.0838568Z   'test-map.R:179:3' [success]
2026-07-27T09:16:41.1145703Z   'test-map.R:190:3' [success]
2026-07-27T09:16:41.1384723Z   'test-map.R:203:3' [success]
2026-07-27T09:16:41.1426475Z End test: structs give the same results via Arrow
2026-07-27T09:16:41.1442711Z 
2026-07-27T09:16:41.1443054Z Start test: empty maps can be read
2026-07-27T09:16:41.1874702Z   'test-map.R:218:3' [success]
2026-07-27T09:16:41.2054704Z   'test-map.R:228:3' [success]
2026-07-27T09:16:41.2092750Z End test: empty maps can be read
2026-07-27T09:16:41.2093169Z 
2026-07-27T09:16:41.2108123Z Start test: NULL maps can be read
2026-07-27T09:16:41.2522047Z   'test-map.R:243:3' [success]
2026-07-27T09:16:41.2727957Z   'test-map.R:249:3' [success]
2026-07-27T09:16:41.2775790Z End test: NULL maps can be read
2026-07-27T09:16:41.2776087Z 
2026-07-27T09:16:41.2792038Z Start test: maps with NULL values can be read
2026-07-27T09:16:41.3213707Z   'test-map.R:264:3' [success]
2026-07-27T09:16:41.3254207Z End test: maps with NULL values can be read
2026-07-27T09:16:41.3254581Z 
2026-07-27T09:16:41.3270570Z Start test: maps preserve key insertion order
2026-07-27T09:16:41.3689995Z   'test-map.R:277:3' [success]
2026-07-27T09:16:41.3730808Z End test: maps preserve key insertion order
2026-07-27T09:16:41.3731216Z 
2026-07-27T09:16:41.3746763Z Start test: maps with various key and value types can be read
2026-07-27T09:16:41.4165271Z   'test-map.R:289:3' [success]
2026-07-27T09:16:41.4300310Z   'test-map.R:295:3' [success]
2026-07-27T09:16:41.4434116Z   'test-map.R:301:3' [success]
2026-07-27T09:16:41.4567622Z   'test-map.R:307:3' [success]
2026-07-27T09:16:41.4664169Z   'test-map.R:308:3' [success]
2026-07-27T09:16:41.4760123Z   'test-map.R:309:3' [success]
2026-07-27T09:16:41.4801148Z End test: maps with various key and value types can be read
2026-07-27T09:16:41.4801897Z 
2026-07-27T09:16:41.4815880Z Start test: BIGINT values in maps respect the bigint connection option
2026-07-27T09:16:41.5290659Z   'test-map.R:317:3' [success]
2026-07-27T09:16:41.5700238Z   'test-map.R:325:3' [success]
2026-07-27T09:16:41.5756401Z End test: BIGINT values in maps respect the bigint connection option
2026-07-27T09:16:41.5757107Z 
2026-07-27T09:16:41.5771779Z Start test: maps with nested value types can be read
2026-07-27T09:16:41.6182372Z   'test-map.R:340:3' [success]
2026-07-27T09:16:41.6318742Z   'test-map.R:349:3' [success]
2026-07-27T09:16:41.6454596Z   'test-map.R:358:3' [success]
2026-07-27T09:16:41.6503934Z End test: maps with nested value types can be read
2026-07-27T09:16:41.6518957Z 
2026-07-27T09:16:41.6519278Z Start test: maps nested inside structs can be read
2026-07-27T09:16:41.6933485Z   'test-map.R:373:3' [success]
2026-07-27T09:16:41.6971289Z End test: maps nested inside structs can be read
2026-07-27T09:16:41.6971686Z 
2026-07-27T09:16:41.6989186Z Start test: maps nested inside lists can be read
2026-07-27T09:16:41.7403015Z   'test-map.R:390:3' [success]
2026-07-27T09:16:41.7441421Z End test: maps nested inside lists can be read
2026-07-27T09:16:41.7441766Z 
2026-07-27T09:16:41.7459306Z Start test: map column type is reported by DESCRIBE
2026-07-27T09:16:41.7888199Z   'test-map.R:401:3' [success]
2026-07-27T09:16:41.8004781Z   'test-map.R:402:3' [success]
2026-07-27T09:16:41.8043737Z End test: map column type is reported by DESCRIBE
2026-07-27T09:16:41.8044157Z 
2026-07-27T09:16:41.8059757Z Start test: duplicate map keys are rejected by DuckDB
2026-07-27T09:16:41.8856339Z   'test-map.R:407:3' [success]
2026-07-27T09:16:41.8875686Z End test: duplicate map keys are rejected by DuckDB
2026-07-27T09:16:41.8876065Z 
2026-07-27T09:16:41.8980253Z Start test: dbConnect(map = "list_of") returns vctrs::list_of for MAP columns
2026-07-27T09:16:41.9374634Z   'test-map.R:421:3' [success]
2026-07-27T09:16:41.9495465Z   'test-map.R:422:3' [success]
2026-07-27T09:16:41.9611448Z   'test-map.R:426:3' [success]
2026-07-27T09:16:41.9650758Z End test: dbConnect(map = "list_of") returns vctrs::list_of for MAP columns
2026-07-27T09:16:41.9651329Z 
2026-07-27T09:16:41.9665946Z Start test: dbConnect(map = "list_of") preserves NULL and empty MAP cells
2026-07-27T09:16:42.0106664Z   'test-map.R:443:3' [success]
2026-07-27T09:16:42.0227643Z   'test-map.R:444:3' [success]
2026-07-27T09:16:42.0343695Z   'test-map.R:448:3' [success]
2026-07-27T09:16:42.0459703Z   'test-map.R:449:3' [success]
2026-07-27T09:16:42.0507692Z End test: dbConnect(map = "list_of") preserves NULL and empty MAP cells
2026-07-27T09:16:42.0508244Z 
2026-07-27T09:16:42.0523459Z Start test: dbConnect default `map` keeps MAP columns as plain data.frame lists
2026-07-27T09:16:42.0949367Z   'test-map.R:458:3' [success]
2026-07-27T09:16:42.1053774Z   'test-map.R:459:3' [success]
2026-07-27T09:16:42.1095749Z End test: dbConnect default `map` keeps MAP columns as plain data.frame lists
2026-07-27T09:16:42.1096291Z 
2026-07-27T09:16:42.1111704Z Start test: dbConnect(map = "list_of") works with nested key/value types
2026-07-27T09:16:42.1502993Z   'test-map.R:471:3' [success]
2026-07-27T09:16:42.1602469Z   'test-map.R:473:3' [success]
2026-07-27T09:16:42.1702186Z   'test-map.R:474:3' [success]
2026-07-27T09:16:42.1746399Z End test: dbConnect(map = "list_of") works with nested key/value types
2026-07-27T09:16:42.1747000Z 
2026-07-27T09:16:42.1761882Z Start test: dbConnect(map = ...) rejects unknown values
2026-07-27T09:16:42.2158726Z   'test-map.R:478:3' [success]
2026-07-27T09:16:42.2177065Z End test: dbConnect(map = ...) rejects unknown values
2026-07-27T09:16:42.2177907Z 
2026-07-27T09:16:42.2192683Z Start test: dbDataType reports MAP for vctrs::list_of with key/value ptype
2026-07-27T09:16:42.2618749Z   'test-map.R:492:3' [success]
2026-07-27T09:16:42.2839383Z   'test-map.R:498:3' [success]
2026-07-27T09:16:42.2891321Z End test: dbDataType reports MAP for vctrs::list_of with key/value ptype
2026-07-27T09:16:42.2892131Z 
2026-07-27T09:16:42.2906881Z Start test: dbDataType ignores vctrs::list_of without key/value ptype
2026-07-27T09:16:42.3321127Z   'test-map.R:507:3' [success]
2026-07-27T09:16:42.3444293Z   'test-map.R:513:3' [success]
2026-07-27T09:16:42.3486461Z End test: dbDataType ignores vctrs::list_of without key/value ptype
2026-07-27T09:16:42.3487024Z 
2026-07-27T09:16:42.3502777Z Start test: dbCreateTable on a list_of column creates a MAP column
2026-07-27T09:16:42.3961547Z   'test-map.R:528:3' [success]
2026-07-27T09:16:42.4011915Z End test: dbCreateTable on a list_of column creates a MAP column
2026-07-27T09:16:42.4012393Z 
2026-07-27T09:16:42.4027853Z Start test: dbWriteTable on a list_of column creates and populates a MAP column
2026-07-27T09:16:42.5833075Z   'test-map.R:550:3' [success]
2026-07-27T09:16:42.5972582Z   'test-map.R:555:3' [success]
2026-07-27T09:16:42.6093450Z   'test-map.R:556:3' [success]
2026-07-27T09:16:42.6207921Z   'test-map.R:560:3' [success]
2026-07-27T09:16:42.6328079Z   'test-map.R:561:3' [success]
2026-07-27T09:16:42.6380560Z End test: dbWriteTable on a list_of column creates and populates a MAP column
2026-07-27T09:16:42.6381097Z 
2026-07-27T09:16:42.6396238Z Start test: `map = "list_of"` round-trips a MAP column through dbWriteTable (#200)
2026-07-27T09:16:42.6836193Z   'test-map.R:579:3' [success]
2026-07-27T09:16:42.8416463Z   'test-map.R:582:3' [success]
2026-07-27T09:16:42.8540327Z   'test-map.R:588:3' [success]
2026-07-27T09:16:42.8654920Z   'test-map.R:589:3' [success]
2026-07-27T09:16:42.8771951Z   'test-map.R:594:7' [success]
2026-07-27T09:16:42.8883379Z   'test-map.R:592:7' [success]
2026-07-27T09:16:42.9000730Z   'test-map.R:594:7' [success]
2026-07-27T09:16:42.9061015Z End test: `map = "list_of"` round-trips a MAP column through dbWriteTable (#200)
2026-07-27T09:16:42.9076305Z 
2026-07-27T09:16:42.9076918Z Start test: `map = "list_of"` scans named-list cells as MAP entries
2026-07-27T09:16:42.9606671Z   'test-map.R:612:3' [success]
2026-07-27T09:16:42.9723857Z   'test-map.R:613:3' [success]
2026-07-27T09:16:42.9836025Z   'test-map.R:617:3' [success]
2026-07-27T09:16:42.9952375Z   'test-map.R:618:3' [success]
2026-07-27T09:16:42.9993324Z End test: `map = "list_of"` scans named-list cells as MAP entries
2026-07-27T09:16:42.9993843Z 
2026-07-27T09:16:43.0009081Z Start test: `map = "list_of"` scan ignores unnamed list columns
2026-07-27T09:16:43.0441698Z   'test-map.R:633:3' [success]
2026-07-27T09:16:43.0481303Z End test: `map = "list_of"` scan ignores unnamed list columns
2026-07-27T09:16:43.0481862Z 
2026-07-27T09:16:43.0498294Z Start test: `map = "list_of"` scan does not promote partly-unnamed lists
2026-07-27T09:16:43.0981233Z   'test-map.R:647:3' [success]
2026-07-27T09:16:43.1022532Z End test: `map = "list_of"` scan does not promote partly-unnamed lists
2026-07-27T09:16:43.1023062Z 
2026-07-27T09:16:43.1038024Z Start test: `map = "list_of"` scan keeps data.frame(key, value) cells working
2026-07-27T09:16:43.1561038Z   'test-map.R:661:3' [success]
2026-07-27T09:16:43.1599555Z End test: `map = "list_of"` scan keeps data.frame(key, value) cells working
2026-07-27T09:16:43.1600100Z 
2026-07-27T09:16:43.1615429Z Start test: default `map` does not interpret named lists as MAP entries
2026-07-27T09:16:43.2033290Z   'test-map.R:676:3' [success]
2026-07-27T09:16:43.2072968Z End test: default `map` does not interpret named lists as MAP entries
2026-07-27T09:16:43.2073685Z 
2026-07-27T09:16:43.2088395Z Start test: dbAppendTable can write to a MAP column (issue #200)
2026-07-27T09:16:43.2620270Z   'test-map.R:696:3' [success]
2026-07-27T09:16:43.2739127Z   'test-map.R:697:3' [success]
2026-07-27T09:16:43.2781075Z End test: dbAppendTable can write to a MAP column (issue #200)
2026-07-27T09:16:43.2781605Z 
2026-07-27T09:16:43.2796499Z Start test: dbWriteTable of a MAP-shaped data frame creates STRUCT[], not MAP
2026-07-27T09:16:43.4605133Z   'test-map.R:711:3' [success]
2026-07-27T09:16:43.4652611Z End test: dbWriteTable of a MAP-shaped data frame creates STRUCT[], not MAP
2026-07-27T09:16:43.4653467Z 
2026-07-27T09:16:43.4667118Z Start test: dbCreateTable of a MAP-shaped data frame creates VARCHAR, not MAP
2026-07-27T09:16:43.5086562Z   'test-map.R:724:3' [success]
2026-07-27T09:16:43.5123453Z End test: dbCreateTable of a MAP-shaped data frame creates VARCHAR, not MAP
2026-07-27T09:16:43.5124028Z 
2026-07-27T09:16:43.5138283Z Start test: duckdb_register exposes list-of-data.frame as STRUCT[], not MAP
2026-07-27T09:16:43.5547698Z   'test-map.R:734:3' [success]
2026-07-27T09:16:43.5588878Z End test: duckdb_register exposes list-of-data.frame as STRUCT[], not MAP
2026-07-27T09:16:43.5589519Z 
2026-07-27T09:16:43.5604368Z Start test: duckdb_register exposes list of named atomic vectors as plain list
2026-07-27T09:16:43.6069961Z   'test-map.R:749:3' [success]
2026-07-27T09:16:43.6107975Z End test: duckdb_register exposes list of named atomic vectors as plain list
2026-07-27T09:16:43.6108518Z 
2026-07-27T09:16:43.6123106Z Start test: dbDataType reports STRING for MAP-shaped R values
2026-07-27T09:16:43.6512716Z   'test-map.R:755:3' [success]
2026-07-27T09:16:43.6625356Z   'test-map.R:759:3' [success]
2026-07-27T09:16:43.6665408Z End test: dbDataType reports STRING for MAP-shaped R values
2026-07-27T09:16:43.6665924Z 
2026-07-27T09:16:43.6681167Z Start test: casting STRUCT(key, value)[] to MAP is unsupported (issue #200)
2026-07-27T09:16:43.7456245Z   'test-map.R:767:3' [success]
2026-07-27T09:16:43.7475838Z End test: casting STRUCT(key, value)[] to MAP is unsupported (issue #200)
2026-07-27T09:16:43.7476497Z 
2026-07-27T09:16:43.7491911Z Start test: map_from_entries() is a working SQL-side workaround (issue #200)
2026-07-27T09:16:43.8041690Z   'test-map.R:790:3' [success]
2026-07-27T09:16:43.8198493Z   'test-map.R:794:3' [success]
2026-07-27T09:16:43.8241757Z End test: map_from_entries() is a working SQL-side workaround (issue #200)
2026-07-27T09:16:43.8242430Z 
2026-07-27T09:16:43.8257808Z Start test: read-then-write round-trip via duckdb_register preserves values
2026-07-27T09:16:43.8737449Z   'test-map.R:816:3' [success]
2026-07-27T09:16:43.8861876Z   'test-map.R:817:3' [success]
2026-07-27T09:16:43.8984406Z   'test-map.R:818:3' [success]
2026-07-27T09:16:43.9107706Z   'test-map.R:819:3' [success]
2026-07-27T09:16:43.9145526Z End test: read-then-write round-trip via duckdb_register preserves values
2026-07-27T09:16:43.9146390Z 
2026-07-27T09:16:43.9201637Z Start test: empty statement gives an error
2026-07-27T09:16:43.9853871Z   'test-multi_statement.R:6:3' [success]
2026-07-27T09:16:43.9891351Z End test: empty statement gives an error
2026-07-27T09:16:43.9891855Z 
2026-07-27T09:16:43.9908094Z Start test: multiple statements can be used in one call
2026-07-27T09:16:44.0346692Z   'test-multi_statement.R:17:3' [success]
2026-07-27T09:16:44.0616329Z   'test-multi_statement.R:18:3' [success]
2026-07-27T09:16:44.0676419Z End test: multiple statements can be used in one call
2026-07-27T09:16:44.0677145Z 
2026-07-27T09:16:44.0693482Z Start test: statements can be splitted apart correctly
2026-07-27T09:16:44.1324290Z   'test-multi_statement.R:23:3' [success]
2026-07-27T09:16:44.1365860Z End test: statements can be splitted apart correctly
2026-07-27T09:16:44.1366308Z 
2026-07-27T09:16:44.1382128Z Start test: export/import database works
2026-07-27T09:16:44.1491408Z   'test-multi_statement.R:38:3' [skip]
2026-07-27T09:16:44.1510785Z End test: export/import database works
2026-07-27T09:16:44.1511190Z 
2026-07-27T09:16:44.1561824Z Start test: test null bytes in strings
2026-07-27T09:16:44.2136908Z   'test-null_byte.R:3:3' [success]
2026-07-27T09:16:44.2156918Z End test: test null bytes in strings
2026-07-27T09:16:44.2157423Z 
2026-07-27T09:16:44.2202881Z Start test: as.numeric treats values as doubles
2026-07-27T09:16:44.2926572Z   'test-numeric.R:10:3' [success]
2026-07-27T09:16:44.2968158Z End test: as.numeric treats values as doubles
2026-07-27T09:16:44.2968444Z 
2026-07-27T09:16:44.3017428Z Start test: parquet reader works on the notorious userdata1 file
2026-07-27T09:16:44.3567790Z   'test-parquet.R:4:3' [success]
2026-07-27T09:16:44.3606107Z End test: parquet reader works on the notorious userdata1 file
2026-07-27T09:16:44.3606611Z 
2026-07-27T09:16:44.3623134Z Start test: parquet reader works with the binary as string flag
2026-07-27T09:16:44.4792101Z   'test-parquet.R:11:3' [success]
2026-07-27T09:16:44.4836754Z End test: parquet reader works with the binary as string flag
2026-07-27T09:16:44.4837862Z 
2026-07-27T09:16:44.4853976Z Start test: parquet reader handles TIME WITH TIME ZONE columns (#1807)
2026-07-27T09:16:44.5299289Z   'test-parquet.R:28:3' [success]
2026-07-27T09:16:44.5424141Z   'test-parquet.R:29:3' [success]
2026-07-27T09:16:44.5467444Z End test: parquet reader handles TIME WITH TIME ZONE columns (#1807)
2026-07-27T09:16:44.5468085Z 
2026-07-27T09:16:44.5483506Z Start test: duckdb_write_parquet() works as expected
2026-07-27T09:16:44.5936065Z   'test-parquet.R:46:3' [success]
2026-07-27T09:16:44.6093927Z   'test-parquet.R:57:3' [success]
2026-07-27T09:16:44.6141397Z End test: duckdb_write_parquet() works as expected
2026-07-27T09:16:44.6141922Z 
2026-07-27T09:16:44.6157928Z Start test: duckdb rel_to_parquet() throws error with no file name
2026-07-27T09:16:44.6611805Z   'test-parquet.R:65:3' [failure]
2026-07-27T09:16:44.6663577Z End test: duckdb rel_to_parquet() throws error with no file name
2026-07-27T09:16:44.6664190Z 
2026-07-27T09:16:44.6679726Z Start test: duckdb rel_to_parquet() allows multiple files (#1015)
2026-07-27T09:16:44.7126164Z   'test-parquet.R:82:3' [success]
2026-07-27T09:16:44.7172181Z End test: duckdb rel_to_parquet() allows multiple files (#1015)
2026-07-27T09:16:44.7172779Z 
2026-07-27T09:16:44.7219628Z Start test: progress display
2026-07-27T09:16:44.7341620Z   'test-progress_display.R:7:5' [success]
2026-07-27T09:16:44.7631849Z   'test-progress_display.R:11:3' [success]
2026-07-27T09:16:44.7735446Z   'test-progress_display.R:11:3' [success]
2026-07-27T09:16:44.7906596Z   'test-progress_display.R:17:3' [success]
2026-07-27T09:16:44.8011699Z   'test-progress_display.R:17:3' [success]
2026-07-27T09:16:44.8115254Z   'test-progress_display.R:25:3' [success]
2026-07-27T09:16:44.8235839Z   'test-progress_display.R:28:3' [success]
2026-07-27T09:16:44.8350116Z   'test-progress_display.R:31:3' [success]
2026-07-27T09:16:44.8468363Z   'test-progress_display.R:35:3' [success]
2026-07-27T09:16:44.8485924Z End test: progress display
2026-07-27T09:16:44.8486278Z 
2026-07-27T09:16:44.8541571Z Start test: duckdb_read_csv() works as expected
2026-07-27T09:16:44.8645993Z   'test-read.R:2:3' [skip]
2026-07-27T09:16:44.8663769Z End test: duckdb_read_csv() works as expected
2026-07-27T09:16:44.8664157Z 
2026-07-27T09:16:44.8678521Z Start test: duckdb_read_csv
2026-07-27T09:16:44.8776379Z   'test-read.R:147:3' [skip]
2026-07-27T09:16:44.8793022Z End test: duckdb_read_csv
2026-07-27T09:16:44.8793382Z 
2026-07-27T09:16:44.8839698Z Start test: read_only flag and shutdown works as expected
2026-07-27T09:16:44.8941704Z   'test-readonly.R:2:3' [skip]
2026-07-27T09:16:44.8959204Z End test: read_only flag and shutdown works as expected
2026-07-27T09:16:44.8959759Z 
2026-07-27T09:16:44.8974284Z Start test: read_only flag does not throw error when rel_sql is called
2026-07-27T09:16:45.0065173Z   'test-readonly.R:66:3' [success]
2026-07-27T09:16:45.0108011Z End test: read_only flag does not throw error when rel_sql is called
2026-07-27T09:16:45.0108572Z 
2026-07-27T09:16:45.0124010Z Start test: read_only flag still throws error when table is attempted to be created
2026-07-27T09:16:45.1286327Z   'test-readonly.R:80:3' [success]
2026-07-27T09:16:45.1334360Z End test: read_only flag still throws error when table is attempted to be created
2026-07-27T09:16:45.1335054Z 
2026-07-27T09:16:45.1412540Z Start test: duckdb_register_arrow() works
2026-07-27T09:16:45.1512775Z   'test-register_arrow.R:8:3' [skip]
2026-07-27T09:16:45.1529714Z End test: duckdb_register_arrow() works
2026-07-27T09:16:45.1530172Z 
2026-07-27T09:16:45.1545125Z Start test: duckdb_register_arrow() works with record_batch_readers
2026-07-27T09:16:45.1642573Z   'test-register_arrow.R:29:3' [skip]
2026-07-27T09:16:45.1659439Z End test: duckdb_register_arrow() works with record_batch_readers
2026-07-27T09:16:45.1660084Z 
2026-07-27T09:16:45.1673861Z Start test: duckdb_register_arrow() works with scanner
2026-07-27T09:16:45.1773462Z   'test-register_arrow.R:48:3' [skip]
2026-07-27T09:16:45.1790917Z End test: duckdb_register_arrow() works with scanner
2026-07-27T09:16:45.1791789Z 
2026-07-27T09:16:45.1805998Z Start test: duckdb_register_arrow() works with datasets
2026-07-27T09:16:45.2445030Z   'test-register_arrow.R:75:3' [success]
2026-07-27T09:16:45.2608312Z   'test-register_arrow.R:79:3' [success]
2026-07-27T09:16:45.2653648Z End test: duckdb_register_arrow() works with datasets
2026-07-27T09:16:45.2654049Z 
2026-07-27T09:16:45.2669029Z Start test: duckdb_register_arrow() works with datasets and async arrow scanner
2026-07-27T09:16:45.3127596Z   'test-register_arrow.R:92:3' [success]
2026-07-27T09:16:45.3286573Z   'test-register_arrow.R:96:3' [success]
2026-07-27T09:16:45.3328382Z End test: duckdb_register_arrow() works with datasets and async arrow scanner
2026-07-27T09:16:45.3328894Z 
2026-07-27T09:16:45.3343497Z Start test: duckdb_register_arrow() performs projection pushdown
2026-07-27T09:16:45.3835061Z   'test-register_arrow.R:110:3' [success]
2026-07-27T09:16:45.4098067Z   'test-register_arrow.R:114:3' [success]
2026-07-27T09:16:45.4156197Z End test: duckdb_register_arrow() performs projection pushdown
2026-07-27T09:16:45.4156599Z 
2026-07-27T09:16:45.4171972Z Start test: duckdb_register_arrow() performs selection pushdown
2026-07-27T09:16:45.4751061Z   'test-register_arrow.R:127:3' [success]
2026-07-27T09:16:45.4945078Z   'test-register_arrow.R:131:3' [success]
2026-07-27T09:16:45.4986747Z End test: duckdb_register_arrow() performs selection pushdown
2026-07-27T09:16:45.4987413Z 
2026-07-27T09:16:45.5002175Z Start test: duckdb_register_arrow() performs selection pushdown numeric types
2026-07-27T09:16:45.5542729Z   'test-register_arrow.R:178:5' [success]
2026-07-27T09:16:45.5722433Z   'test-register_arrow.R:178:5' [success]
2026-07-27T09:16:45.5894732Z   'test-register_arrow.R:178:5' [success]
2026-07-27T09:16:45.6063057Z   'test-register_arrow.R:178:5' [success]
2026-07-27T09:16:45.6238290Z   'test-register_arrow.R:178:5' [success]
2026-07-27T09:16:45.6393182Z   'test-register_arrow.R:178:5' [success]
2026-07-27T09:16:45.6614863Z   'test-register_arrow.R:178:5' [success]
2026-07-27T09:16:45.6819302Z   'test-register_arrow.R:178:5' [success]
2026-07-27T09:16:45.7047367Z   'test-register_arrow.R:178:5' [success]
2026-07-27T09:16:45.7206996Z   'test-register_arrow.R:178:5' [success]
2026-07-27T09:16:45.7878683Z   'test-register_arrow.R:178:5' [success]
2026-07-27T09:16:45.8056215Z   'test-register_arrow.R:178:5' [success]
2026-07-27T09:16:45.8229711Z   'test-register_arrow.R:178:5' [success]
2026-07-27T09:16:45.8404950Z   'test-register_arrow.R:178:5' [success]
2026-07-27T09:16:45.8641868Z   'test-register_arrow.R:178:5' [success]
2026-07-27T09:16:45.8803101Z   'test-register_arrow.R:178:5' [success]
2026-07-27T09:16:45.8952711Z   'test-register_arrow.R:178:5' [success]
2026-07-27T09:16:45.9149762Z   'test-register_arrow.R:178:5' [success]
2026-07-27T09:16:45.9373060Z   'test-register_arrow.R:178:5' [success]
2026-07-27T09:16:45.9531970Z   'test-register_arrow.R:178:5' [success]
2026-07-27T09:16:46.0067711Z   'test-register_arrow.R:178:5' [success]
2026-07-27T09:16:46.0240757Z   'test-register_arrow.R:178:5' [success]
2026-07-27T09:16:46.0406001Z   'test-register_arrow.R:178:5' [success]
2026-07-27T09:16:46.0575908Z   'test-register_arrow.R:178:5' [success]
2026-07-27T09:16:46.0816757Z   'test-register_arrow.R:178:5' [success]
2026-07-27T09:16:46.0976582Z   'test-register_arrow.R:178:5' [success]
2026-07-27T09:16:46.1137471Z   'test-register_arrow.R:178:5' [success]
2026-07-27T09:16:46.1341263Z   'test-register_arrow.R:178:5' [success]
2026-07-27T09:16:46.1569942Z   'test-register_arrow.R:178:5' [success]
2026-07-27T09:16:46.1732095Z   'test-register_arrow.R:178:5' [success]
2026-07-27T09:16:46.2275906Z   'test-register_arrow.R:178:5' [success]
2026-07-27T09:16:46.2458806Z   'test-register_arrow.R:178:5' [success]
2026-07-27T09:16:46.2641808Z   'test-register_arrow.R:178:5' [success]
2026-07-27T09:16:46.2885601Z   'test-register_arrow.R:178:5' [success]
2026-07-27T09:16:46.3068698Z   'test-register_arrow.R:178:5' [success]
2026-07-27T09:16:46.3228356Z   'test-register_arrow.R:178:5' [success]
2026-07-27T09:16:46.3383575Z   'test-register_arrow.R:178:5' [success]
2026-07-27T09:16:46.3596354Z   'test-register_arrow.R:178:5' [success]
2026-07-27T09:16:46.3832409Z   'test-register_arrow.R:178:5' [success]
2026-07-27T09:16:46.3999419Z   'test-register_arrow.R:178:5' [success]
2026-07-27T09:16:46.4548724Z   'test-register_arrow.R:178:5' [success]
2026-07-27T09:16:46.4737679Z   'test-register_arrow.R:178:5' [success]
2026-07-27T09:16:46.4982932Z   'test-register_arrow.R:178:5' [success]
2026-07-27T09:16:46.5169501Z   'test-register_arrow.R:178:5' [success]
2026-07-27T09:16:46.5355731Z   'test-register_arrow.R:178:5' [success]
2026-07-27T09:16:46.5517942Z   'test-register_arrow.R:178:5' [success]
2026-07-27T09:16:46.5692284Z   'test-register_arrow.R:178:5' [success]
2026-07-27T09:16:46.5906660Z   'test-register_arrow.R:178:5' [success]
2026-07-27T09:16:46.6144517Z   'test-register_arrow.R:178:5' [success]
2026-07-27T09:16:46.6307147Z   'test-register_arrow.R:178:5' [success]
2026-07-27T09:16:46.6834546Z   'test-register_arrow.R:178:5' [success]
2026-07-27T09:16:46.7020087Z   'test-register_arrow.R:178:5' [success]
2026-07-27T09:16:46.7622007Z   'test-register_arrow.R:178:5' [success]
2026-07-27T09:16:46.7806658Z   'test-register_arrow.R:178:5' [success]
2026-07-27T09:16:46.7989756Z   'test-register_arrow.R:178:5' [success]
2026-07-27T09:16:46.8146314Z   'test-register_arrow.R:178:5' [success]
2026-07-27T09:16:46.8316694Z   'test-register_arrow.R:178:5' [success]
2026-07-27T09:16:46.8530577Z   'test-register_arrow.R:178:5' [success]
2026-07-27T09:16:46.8768309Z   'test-register_arrow.R:178:5' [success]
2026-07-27T09:16:46.8931965Z   'test-register_arrow.R:178:5' [success]
2026-07-27T09:16:46.9479575Z   'test-register_arrow.R:178:5' [success]
2026-07-27T09:16:46.9739736Z   'test-register_arrow.R:178:5' [success]
2026-07-27T09:16:46.9928690Z   'test-register_arrow.R:178:5' [success]
2026-07-27T09:16:47.0121683Z   'test-register_arrow.R:178:5' [success]
2026-07-27T09:16:47.0311937Z   'test-register_arrow.R:178:5' [success]
2026-07-27T09:16:47.0469277Z   'test-register_arrow.R:178:5' [success]
2026-07-27T09:16:47.0633369Z   'test-register_arrow.R:178:5' [success]
2026-07-27T09:16:47.0843968Z   'test-register_arrow.R:178:5' [success]
2026-07-27T09:16:47.1065490Z   'test-register_arrow.R:178:5' [success]
2026-07-27T09:16:47.1232943Z   'test-register_arrow.R:178:5' [success]
2026-07-27T09:16:47.1774817Z   'test-register_arrow.R:178:5' [success]
2026-07-27T09:16:47.2042424Z   'test-register_arrow.R:178:5' [success]
2026-07-27T09:16:47.2233900Z   'test-register_arrow.R:178:5' [success]
2026-07-27T09:16:47.2428723Z   'test-register_arrow.R:178:5' [success]
2026-07-27T09:16:47.2618611Z   'test-register_arrow.R:178:5' [success]
2026-07-27T09:16:47.2787938Z   'test-register_arrow.R:178:5' [success]
2026-07-27T09:16:47.2956090Z   'test-register_arrow.R:178:5' [success]
2026-07-27T09:16:47.3171867Z   'test-register_arrow.R:178:5' [success]
2026-07-27T09:16:47.3412337Z   'test-register_arrow.R:178:5' [success]
2026-07-27T09:16:47.3582878Z   'test-register_arrow.R:178:5' [success]
2026-07-27T09:16:47.4155624Z   'test-register_arrow.R:178:5' [success]
2026-07-27T09:16:47.4441433Z   'test-register_arrow.R:178:5' [success]
2026-07-27T09:16:47.4642057Z   'test-register_arrow.R:178:5' [success]
2026-07-27T09:16:47.4842270Z   'test-register_arrow.R:178:5' [success]
2026-07-27T09:16:47.5034143Z   'test-register_arrow.R:178:5' [success]
2026-07-27T09:16:47.5205307Z   'test-register_arrow.R:178:5' [success]
2026-07-27T09:16:47.5379537Z   'test-register_arrow.R:178:5' [success]
2026-07-27T09:16:47.5632327Z   'test-register_arrow.R:178:5' [success]
2026-07-27T09:16:47.5864908Z   'test-register_arrow.R:178:5' [success]
2026-07-27T09:16:47.6028843Z   'test-register_arrow.R:178:5' [success]
2026-07-27T09:16:47.6644406Z   'test-register_arrow.R:178:5' [success]
2026-07-27T09:16:47.6834792Z   'test-register_arrow.R:178:5' [success]
2026-07-27T09:16:47.7020800Z   'test-register_arrow.R:178:5' [success]
2026-07-27T09:16:47.7208546Z   'test-register_arrow.R:178:5' [success]
2026-07-27T09:16:47.7394312Z   'test-register_arrow.R:178:5' [success]
2026-07-27T09:16:47.7561727Z   'test-register_arrow.R:178:5' [success]
2026-07-27T09:16:47.7729738Z   'test-register_arrow.R:178:5' [success]
2026-07-27T09:16:47.7941506Z   'test-register_arrow.R:178:5' [success]
2026-07-27T09:16:47.8169807Z   'test-register_arrow.R:178:5' [success]
2026-07-27T09:16:47.8335340Z   'test-register_arrow.R:178:5' [success]
2026-07-27T09:16:47.8957978Z   'test-register_arrow.R:178:5' [success]
2026-07-27T09:16:47.9149444Z   'test-register_arrow.R:178:5' [success]
2026-07-27T09:16:47.9336748Z   'test-register_arrow.R:178:5' [success]
2026-07-27T09:16:47.9522160Z   'test-register_arrow.R:178:5' [success]
2026-07-27T09:16:47.9712050Z   'test-register_arrow.R:178:5' [success]
2026-07-27T09:16:47.9878075Z   'test-register_arrow.R:178:5' [success]
2026-07-27T09:16:48.0042037Z   'test-register_arrow.R:178:5' [success]
2026-07-27T09:16:48.0243118Z   'test-register_arrow.R:178:5' [success]
2026-07-27T09:16:48.0473387Z   'test-register_arrow.R:178:5' [success]
2026-07-27T09:16:48.0638811Z   'test-register_arrow.R:178:5' [success]
2026-07-27T09:16:48.0693577Z End test: duckdb_register_arrow() performs selection pushdown numeric types
2026-07-27T09:16:48.0694069Z 
2026-07-27T09:16:48.0710694Z Start test: duckdb_register_arrow() performs selection pushdown decimal types
2026-07-27T09:16:48.1295668Z   'test-register_arrow.R:185:5' [success]
2026-07-27T09:16:48.1462972Z   'test-register_arrow.R:185:5' [success]
2026-07-27T09:16:48.1631280Z   'test-register_arrow.R:185:5' [success]
2026-07-27T09:16:48.1802771Z   'test-register_arrow.R:185:5' [success]
2026-07-27T09:16:48.1975401Z   'test-register_arrow.R:185:5' [success]
2026-07-27T09:16:48.2143512Z   'test-register_arrow.R:185:5' [success]
2026-07-27T09:16:48.2308698Z   'test-register_arrow.R:185:5' [success]
2026-07-27T09:16:48.2471854Z   'test-register_arrow.R:185:5' [success]
2026-07-27T09:16:48.2638584Z   'test-register_arrow.R:185:5' [success]
2026-07-27T09:16:48.2808693Z   'test-register_arrow.R:185:5' [success]
2026-07-27T09:16:48.3421841Z   'test-register_arrow.R:185:5' [success]
2026-07-27T09:16:48.3598306Z   'test-register_arrow.R:185:5' [success]
2026-07-27T09:16:48.3763010Z   'test-register_arrow.R:185:5' [success]
2026-07-27T09:16:48.3923236Z   'test-register_arrow.R:185:5' [success]
2026-07-27T09:16:48.4081186Z   'test-register_arrow.R:185:5' [success]
2026-07-27T09:16:48.4244687Z   'test-register_arrow.R:185:5' [success]
2026-07-27T09:16:48.4408965Z   'test-register_arrow.R:185:5' [success]
2026-07-27T09:16:48.4580369Z   'test-register_arrow.R:185:5' [success]
2026-07-27T09:16:48.4754540Z   'test-register_arrow.R:185:5' [success]
2026-07-27T09:16:48.4930159Z   'test-register_arrow.R:185:5' [success]
2026-07-27T09:16:48.5476177Z   'test-register_arrow.R:185:5' [success]
2026-07-27T09:16:48.5730833Z   'test-register_arrow.R:185:5' [success]
2026-07-27T09:16:48.5920121Z   'test-register_arrow.R:185:5' [success]
2026-07-27T09:16:48.6098709Z   'test-register_arrow.R:185:5' [success]
2026-07-27T09:16:48.6270005Z   'test-register_arrow.R:185:5' [success]
2026-07-27T09:16:48.6433589Z   'test-register_arrow.R:185:5' [success]
2026-07-27T09:16:48.6603263Z   'test-register_arrow.R:185:5' [success]
2026-07-27T09:16:48.6774195Z   'test-register_arrow.R:185:5' [success]
2026-07-27T09:16:48.6942754Z   'test-register_arrow.R:185:5' [success]
2026-07-27T09:16:48.7114411Z   'test-register_arrow.R:185:5' [success]
2026-07-27T09:16:48.7660612Z   'test-register_arrow.R:185:5' [success]
2026-07-27T09:16:48.7847148Z   'test-register_arrow.R:185:5' [success]
2026-07-27T09:16:48.8112011Z   'test-register_arrow.R:185:5' [success]
2026-07-27T09:16:48.8298093Z   'test-register_arrow.R:185:5' [success]
2026-07-27T09:16:48.8480427Z   'test-register_arrow.R:185:5' [success]
2026-07-27T09:16:48.8638653Z   'test-register_arrow.R:185:5' [success]
2026-07-27T09:16:48.8804366Z   'test-register_arrow.R:185:5' [success]
2026-07-27T09:16:48.9020075Z   'test-register_arrow.R:185:5' [success]
2026-07-27T09:16:48.9258923Z   'test-register_arrow.R:185:5' [success]
2026-07-27T09:16:48.9426055Z   'test-register_arrow.R:185:5' [success]
2026-07-27T09:16:48.9479853Z End test: duckdb_register_arrow() performs selection pushdown decimal types
2026-07-27T09:16:48.9480418Z 
2026-07-27T09:16:48.9495541Z Start test: duckdb_register_arrow() performs selection pushdown varchar type
2026-07-27T09:16:49.0015497Z   'test-register_arrow.R:198:3' [success]
2026-07-27T09:16:49.0272596Z   'test-register_arrow.R:200:3' [success]
2026-07-27T09:16:49.0474527Z   'test-register_arrow.R:202:3' [success]
2026-07-27T09:16:49.0667780Z   'test-register_arrow.R:204:3' [success]
2026-07-27T09:16:49.0856541Z   'test-register_arrow.R:206:3' [success]
2026-07-27T09:16:49.1025063Z   'test-register_arrow.R:209:3' [success]
2026-07-27T09:16:49.1201270Z   'test-register_arrow.R:211:3' [success]
2026-07-27T09:16:49.1423652Z   'test-register_arrow.R:214:3' [success]
2026-07-27T09:16:49.1662158Z   'test-register_arrow.R:215:3' [success]
2026-07-27T09:16:49.1832642Z   'test-register_arrow.R:217:3' [success]
2026-07-27T09:16:49.1883278Z End test: duckdb_register_arrow() performs selection pushdown varchar type
2026-07-27T09:16:49.1883738Z 
2026-07-27T09:16:49.1899211Z Start test: duckdb_register_arrow() performs selection pushdown bool type
2026-07-27T09:16:49.2433123Z   'test-register_arrow.R:231:3' [success]
2026-07-27T09:16:49.2693407Z   'test-register_arrow.R:234:3' [success]
2026-07-27T09:16:49.2862434Z   'test-register_arrow.R:236:3' [success]
2026-07-27T09:16:49.3071785Z   'test-register_arrow.R:239:3' [success]
2026-07-27T09:16:49.3238403Z   'test-register_arrow.R:241:3' [success]
2026-07-27T09:16:49.3291564Z End test: duckdb_register_arrow() performs selection pushdown bool type
2026-07-27T09:16:49.3292011Z 
2026-07-27T09:16:49.3306994Z Start test: duckdb_register_arrow() performs selection pushdown time type
2026-07-27T09:16:49.3777767Z   'test-register_arrow.R:256:3' [success]
2026-07-27T09:16:49.3940349Z   'test-register_arrow.R:258:3' [success]
2026-07-27T09:16:49.4106280Z   'test-register_arrow.R:260:3' [success]
2026-07-27T09:16:49.4269625Z   'test-register_arrow.R:262:3' [success]
2026-07-27T09:16:49.4430911Z   'test-register_arrow.R:264:3' [success]
2026-07-27T09:16:49.4588809Z   'test-register_arrow.R:267:3' [success]
2026-07-27T09:16:49.4821057Z   'test-register_arrow.R:269:3' [success]
2026-07-27T09:16:49.4996694Z   'test-register_arrow.R:272:3' [success]
2026-07-27T09:16:49.5160274Z   'test-register_arrow.R:273:3' [success]
2026-07-27T09:16:49.5328269Z   'test-register_arrow.R:274:3' [success]
2026-07-27T09:16:49.5494928Z   'test-register_arrow.R:276:3' [success]
2026-07-27T09:16:49.5546872Z End test: duckdb_register_arrow() performs selection pushdown time type
2026-07-27T09:16:49.5547570Z 
2026-07-27T09:16:49.5563235Z Start test: duckdb_register_arrow() performs selection pushdown timestamp type
2026-07-27T09:16:49.6096869Z   'test-register_arrow.R:290:3' [success]
2026-07-27T09:16:49.6287463Z   'test-register_arrow.R:292:3' [success]
2026-07-27T09:16:49.6482837Z   'test-register_arrow.R:294:3' [success]
2026-07-27T09:16:49.6668377Z   'test-register_arrow.R:296:3' [success]
2026-07-27T09:16:49.6852757Z   'test-register_arrow.R:298:3' [success]
2026-07-27T09:16:49.7093852Z   'test-register_arrow.R:301:3' [success]
2026-07-27T09:16:49.7267054Z   'test-register_arrow.R:303:3' [success]
2026-07-27T09:16:49.7472268Z   'test-register_arrow.R:306:3' [success]
2026-07-27T09:16:49.7704350Z   'test-register_arrow.R:307:3' [success]
2026-07-27T09:16:49.7876600Z   'test-register_arrow.R:309:3' [success]
2026-07-27T09:16:49.7929095Z End test: duckdb_register_arrow() performs selection pushdown timestamp type
2026-07-27T09:16:49.7929565Z 
2026-07-27T09:16:49.7945342Z Start test: duckdb_register_arrow() performs selection pushdown timestamptz type
2026-07-27T09:16:49.8468631Z   'test-register_arrow.R:323:3' [success]
2026-07-27T09:16:49.8658568Z   'test-register_arrow.R:325:3' [success]
2026-07-27T09:16:49.8852170Z   'test-register_arrow.R:327:3' [success]
2026-07-27T09:16:49.9040420Z   'test-register_arrow.R:329:3' [success]
2026-07-27T09:16:49.9232271Z   'test-register_arrow.R:331:3' [success]
2026-07-27T09:16:49.9480611Z   'test-register_arrow.R:334:3' [success]
2026-07-27T09:16:49.9644253Z   'test-register_arrow.R:336:3' [success]
2026-07-27T09:16:49.9851915Z   'test-register_arrow.R:339:3' [success]
2026-07-27T09:16:50.0080218Z   'test-register_arrow.R:340:3' [success]
2026-07-27T09:16:50.0250891Z   'test-register_arrow.R:342:3' [success]
2026-07-27T09:16:50.0305015Z End test: duckdb_register_arrow() performs selection pushdown timestamptz type
2026-07-27T09:16:50.0305535Z 
2026-07-27T09:16:50.0321043Z Start test: duckdb_register_arrow() performs selection pushdown date type
2026-07-27T09:16:50.0844089Z   'test-register_arrow.R:356:3' [success]
2026-07-27T09:16:50.1027566Z   'test-register_arrow.R:358:3' [success]
2026-07-27T09:16:50.1210040Z   'test-register_arrow.R:360:3' [success]
2026-07-27T09:16:50.1393015Z   'test-register_arrow.R:362:3' [success]
2026-07-27T09:16:50.1669636Z   'test-register_arrow.R:364:3' [success]
2026-07-27T09:16:50.1834275Z   'test-register_arrow.R:367:3' [success]
2026-07-27T09:16:50.1995765Z   'test-register_arrow.R:369:3' [success]
2026-07-27T09:16:50.2213626Z   'test-register_arrow.R:372:3' [success]
2026-07-27T09:16:50.2458428Z   'test-register_arrow.R:373:3' [success]
2026-07-27T09:16:50.2633479Z   'test-register_arrow.R:375:3' [success]
2026-07-27T09:16:50.2687602Z End test: duckdb_register_arrow() performs selection pushdown date type
2026-07-27T09:16:50.2688148Z 
2026-07-27T09:16:50.2703454Z Start test: duckdb_register_arrow() under many threads
2026-07-27T09:16:50.3209769Z   'test-register_arrow.R:387:3' [success]
2026-07-27T09:16:50.3370621Z   'test-register_arrow.R:388:3' [success]
2026-07-27T09:16:50.3535091Z   'test-register_arrow.R:389:3' [success]
2026-07-27T09:16:50.3588150Z End test: duckdb_register_arrow() under many threads
2026-07-27T09:16:50.3588551Z 
2026-07-27T09:16:50.3603642Z Start test: we can unregister in finalizers yay
2026-07-27T09:16:50.6453229Z   'test-register_arrow.R:415:3' [success]
2026-07-27T09:16:50.6557980Z End test: we can unregister in finalizers yay
2026-07-27T09:16:50.6558476Z 
2026-07-27T09:16:50.6573058Z Start test: we can list registered arrow tables
2026-07-27T09:16:50.6994879Z   'test-register_arrow.R:423:3' [success]
2026-07-27T09:16:50.7117608Z   'test-register_arrow.R:428:3' [success]
2026-07-27T09:16:50.7234110Z   'test-register_arrow.R:431:3' [success]
2026-07-27T09:16:50.7359067Z   'test-register_arrow.R:434:3' [success]
2026-07-27T09:16:50.7403464Z End test: we can list registered arrow tables
2026-07-27T09:16:50.7403833Z 
2026-07-27T09:16:50.7419751Z Start test: registered tables must be unique
2026-07-27T09:16:50.7878927Z   'test-register_arrow.R:443:3' [success]
2026-07-27T09:16:50.8134898Z   'test-register_arrow.R:446:3' [success]
2026-07-27T09:16:50.8181313Z End test: registered tables must be unique
2026-07-27T09:16:50.8181751Z 
2026-07-27T09:16:50.8200244Z Start test: duckdb can read arrow timestamps
2026-07-27T09:16:50.8683593Z   'test-register_arrow.R:465:7' [success]
2026-07-27T09:16:50.8828884Z   'test-register_arrow.R:472:5' [success]
2026-07-27T09:16:50.9086442Z   'test-register_arrow.R:476:5' [success]
2026-07-27T09:16:50.9198531Z   'test-register_arrow.R:477:5' [success]
2026-07-27T09:16:50.9315803Z   'test-register_arrow.R:478:5' [success]
2026-07-27T09:16:50.9434120Z   'test-register_arrow.R:479:5' [success]
2026-07-27T09:16:50.9550728Z   'test-register_arrow.R:480:5' [success]
2026-07-27T09:16:50.9668331Z   'test-register_arrow.R:481:5' [success]
2026-07-27T09:16:50.9832668Z   'test-register_arrow.R:465:7' [success]
2026-07-27T09:16:50.9951973Z   'test-register_arrow.R:472:5' [success]
2026-07-27T09:16:51.0141512Z   'test-register_arrow.R:476:5' [success]
2026-07-27T09:16:51.0266545Z   'test-register_arrow.R:477:5' [success]
2026-07-27T09:16:51.0386359Z   'test-register_arrow.R:478:5' [success]
2026-07-27T09:16:51.0503784Z   'test-register_arrow.R:479:5' [success]
2026-07-27T09:16:51.0619317Z   'test-register_arrow.R:480:5' [success]
2026-07-27T09:16:51.0796003Z   'test-register_arrow.R:481:5' [success]
2026-07-27T09:16:51.0954844Z   'test-register_arrow.R:465:7' [success]
2026-07-27T09:16:51.1072034Z   'test-register_arrow.R:472:5' [success]
2026-07-27T09:16:51.1254898Z   'test-register_arrow.R:476:5' [success]
2026-07-27T09:16:51.1370373Z   'test-register_arrow.R:477:5' [success]
2026-07-27T09:16:51.1486379Z   'test-register_arrow.R:478:5' [success]
2026-07-27T09:16:51.1602614Z   'test-register_arrow.R:479:5' [success]
2026-07-27T09:16:51.1717603Z   'test-register_arrow.R:480:5' [success]
2026-07-27T09:16:51.1839429Z   'test-register_arrow.R:481:5' [success]
2026-07-27T09:16:51.2062237Z   'test-register_arrow.R:461:7' [success]
2026-07-27T09:16:51.2184778Z   'test-register_arrow.R:472:5' [success]
2026-07-27T09:16:51.2371116Z   'test-register_arrow.R:476:5' [success]
2026-07-27T09:16:51.2546517Z   'test-register_arrow.R:477:5' [success]
2026-07-27T09:16:51.2665015Z   'test-register_arrow.R:478:5' [success]
2026-07-27T09:16:51.2782842Z   'test-register_arrow.R:479:5' [success]
2026-07-27T09:16:51.2900716Z   'test-register_arrow.R:480:5' [success]
2026-07-27T09:16:51.3016798Z   'test-register_arrow.R:481:5' [success]
2026-07-27T09:16:51.3075516Z End test: duckdb can read arrow timestamps
2026-07-27T09:16:51.3075875Z 
2026-07-27T09:16:51.3091627Z Start test: duckdb can read arrow timestamptz
2026-07-27T09:16:51.3198426Z   'test-register_arrow.R:488:3' [skip]
2026-07-27T09:16:51.3216714Z End test: duckdb can read arrow timestamptz
2026-07-27T09:16:51.3217142Z 
2026-07-27T09:16:51.3233308Z Start test: OR and IN predicates are pushed down to registered Arrow tables
2026-07-27T09:16:51.3816772Z   'test-register_arrow.R:532:3' [error]
2026-07-27T09:16:51.3836826Z End test: OR and IN predicates are pushed down to registered Arrow tables
2026-07-27T09:16:51.3837638Z 
2026-07-27T09:16:51.3853172Z Start test: long IN lists on registered Arrow tables degrade gracefully
2026-07-27T09:16:51.4457982Z   'test-register_arrow.R:564:3' [error]
2026-07-27T09:16:51.4478906Z End test: long IN lists on registered Arrow tables degrade gracefully
2026-07-27T09:16:51.4479480Z 
2026-07-27T09:16:51.4523185Z Start test: we can register a data frame on a read only connection
2026-07-27T09:16:51.5512285Z   'test-register_readonly.R:9:3' [success]
2026-07-27T09:16:51.5548693Z End test: we can register a data frame on a read only connection
2026-07-27T09:16:51.5549156Z 
2026-07-27T09:16:51.5724803Z Start test: duckdb_register() works
2026-07-27T09:16:51.6168913Z   'test-register.R:8:3' [success]
2026-07-27T09:16:51.6334424Z   'test-register.R:14:3' [success]
2026-07-27T09:16:51.6498407Z   'test-register.R:20:3' [success]
2026-07-27T09:16:51.6752878Z   'test-register.R:23:3' [success]
2026-07-27T09:16:51.6909974Z   'test-register.R:28:3' [success]
2026-07-27T09:16:51.7043646Z   'test-register.R:35:3' [success]
2026-07-27T09:16:51.7097015Z End test: duckdb_register() works
2026-07-27T09:16:51.7097634Z 
2026-07-27T09:16:51.7113821Z Start test: various error cases for duckdb_register()
2026-07-27T09:16:51.7219554Z   'test-register.R:40:3' [skip]
2026-07-27T09:16:51.7237682Z End test: various error cases for duckdb_register()
2026-07-27T09:16:51.7238368Z 
2026-07-27T09:16:51.7253252Z Start test: uppercase data frames are queryable
2026-07-27T09:16:51.7706951Z   'test-register.R:66:3' [success]
2026-07-27T09:16:51.7756753Z End test: uppercase data frames are queryable
2026-07-27T09:16:51.7757444Z 
2026-07-27T09:16:51.7772950Z Start test: experimental string handling works
2026-07-27T09:16:51.8245360Z   'test-register.R:76:3' [success]
2026-07-27T09:16:51.8393410Z   'test-register.R:77:3' [success]
2026-07-27T09:16:51.8510730Z End test: experimental string handling works
2026-07-27T09:16:51.8511144Z 
2026-07-27T09:16:51.8525977Z Start test: can register list of NULL values
2026-07-27T09:16:51.8944621Z   'test-register.R:86:3' [success]
2026-07-27T09:16:51.9065944Z   'test-register.R:87:3' [success]
2026-07-27T09:16:51.9207595Z   'test-register.R:89:3' [success]
2026-07-27T09:16:51.9252182Z End test: can register list of NULL values
2026-07-27T09:16:51.9252648Z 
2026-07-27T09:16:51.9751037Z Start test: relational anti_join(join_by(a)) order-preserving
2026-07-27T09:16:52.0232163Z   'test-rel_api.R:74:3' [success]
2026-07-27T09:16:52.0273673Z End test: relational anti_join(join_by(a)) order-preserving
2026-07-27T09:16:52.0274194Z 
2026-07-27T09:16:52.0288420Z Start test: relational anti_join(join_by(a)) order-enforcing
2026-07-27T09:16:52.0779305Z   'test-rel_api.R:115:3' [success]
2026-07-27T09:16:52.0821541Z End test: relational anti_join(join_by(a)) order-enforcing
2026-07-27T09:16:52.0822050Z 
2026-07-27T09:16:52.0836847Z Start test: relational arrange() order-preserving
2026-07-27T09:16:52.1245129Z   'test-rel_api.R:134:3' [success]
2026-07-27T09:16:52.1285788Z End test: relational arrange() order-preserving
2026-07-27T09:16:52.1286267Z 
2026-07-27T09:16:52.1301849Z Start test: relational arrange(a) order-preserving
2026-07-27T09:16:52.1880628Z   'test-rel_api.R:200:3' [success]
2026-07-27T09:16:52.1921646Z End test: relational arrange(a) order-preserving
2026-07-27T09:16:52.1922160Z 
2026-07-27T09:16:52.1936772Z Start test: relational arrange(g) order-preserving
2026-07-27T09:16:52.2554812Z   'test-rel_api.R:266:3' [success]
2026-07-27T09:16:52.2594625Z End test: relational arrange(g) order-preserving
2026-07-27T09:16:52.2595102Z 
2026-07-27T09:16:52.2609613Z Start test: relational arrange(g, a) order-preserving
2026-07-27T09:16:52.3118376Z   'test-rel_api.R:335:3' [success]
2026-07-27T09:16:52.3178847Z End test: relational arrange(g, a) order-preserving
2026-07-27T09:16:52.3179316Z 
2026-07-27T09:16:52.3193712Z Start test: relational arrange(a, g) order-preserving
2026-07-27T09:16:52.3720711Z   'test-rel_api.R:404:3' [success]
2026-07-27T09:16:52.3766361Z End test: relational arrange(a, g) order-preserving
2026-07-27T09:16:52.3766817Z 
2026-07-27T09:16:52.3782037Z Start test: relational arrange() order-enforcing
2026-07-27T09:16:52.4306772Z   'test-rel_api.R:430:3' [success]
2026-07-27T09:16:52.4355597Z End test: relational arrange() order-enforcing
2026-07-27T09:16:52.4356453Z 
2026-07-27T09:16:52.4371883Z Start test: relational arrange(a) order-enforcing
2026-07-27T09:16:52.4888286Z   'test-rel_api.R:454:3' [success]
2026-07-27T09:16:52.4931211Z End test: relational arrange(a) order-enforcing
2026-07-27T09:16:52.4931688Z 
2026-07-27T09:16:52.4946556Z Start test: relational arrange(g) order-enforcing
2026-07-27T09:16:52.5471024Z   'test-rel_api.R:478:3' [success]
2026-07-27T09:16:52.5519940Z End test: relational arrange(g) order-enforcing
2026-07-27T09:16:52.5520416Z 
2026-07-27T09:16:52.5535511Z Start test: relational arrange(g, a) order-enforcing
2026-07-27T09:16:52.6094222Z   'test-rel_api.R:502:3' [success]
2026-07-27T09:16:52.6139218Z End test: relational arrange(g, a) order-enforcing
2026-07-27T09:16:52.6139676Z 
2026-07-27T09:16:52.6154867Z Start test: relational arrange(a, g) order-enforcing
2026-07-27T09:16:52.6677810Z   'test-rel_api.R:526:3' [success]
2026-07-27T09:16:52.6728040Z End test: relational arrange(a, g) order-enforcing
2026-07-27T09:16:52.6728557Z 
2026-07-27T09:16:52.6744142Z Start test: relational count() order-preserving
2026-07-27T09:16:52.7186958Z   'test-rel_api.R:558:3' [success]
2026-07-27T09:16:52.7231173Z End test: relational count() order-preserving
2026-07-27T09:16:52.7231653Z 
2026-07-27T09:16:52.7305054Z Start test: relational count(a) order-preserving
2026-07-27T09:16:52.7756281Z   'test-rel_api.R:605:3' [success]
2026-07-27T09:16:52.7807909Z End test: relational count(a) order-preserving
2026-07-27T09:16:52.7808342Z 
2026-07-27T09:16:52.7822482Z Start test: relational count(b) order-preserving
2026-07-27T09:16:52.8279015Z   'test-rel_api.R:652:3' [success]
2026-07-27T09:16:52.8320759Z End test: relational count(b) order-preserving
2026-07-27T09:16:52.8321255Z 
2026-07-27T09:16:52.8335926Z Start test: relational count(g) order-preserving
2026-07-27T09:16:52.8799780Z   'test-rel_api.R:699:3' [success]
2026-07-27T09:16:52.8847741Z End test: relational count(g) order-preserving
2026-07-27T09:16:52.8848269Z 
2026-07-27T09:16:52.8862854Z Start test: relational count(g, a) order-preserving
2026-07-27T09:16:52.9353507Z   'test-rel_api.R:756:3' [success]
2026-07-27T09:16:52.9393992Z End test: relational count(g, a) order-preserving
2026-07-27T09:16:52.9394531Z 
2026-07-27T09:16:52.9409142Z Start test: relational count(b, g) order-preserving
2026-07-27T09:16:52.9888490Z   'test-rel_api.R:813:3' [success]
2026-07-27T09:16:52.9940293Z End test: relational count(b, g) order-preserving
2026-07-27T09:16:52.9940843Z 
2026-07-27T09:16:52.9957052Z Start test: relational count() order-enforcing
2026-07-27T09:16:53.0431022Z   'test-rel_api.R:847:3' [success]
2026-07-27T09:16:53.0474164Z End test: relational count() order-enforcing
2026-07-27T09:16:53.0474621Z 
2026-07-27T09:16:53.0490718Z Start test: relational count(a) order-enforcing
2026-07-27T09:16:53.0999030Z   'test-rel_api.R:896:3' [success]
2026-07-27T09:16:53.1053308Z End test: relational count(a) order-enforcing
2026-07-27T09:16:53.1053719Z 
2026-07-27T09:16:53.1070027Z Start test: relational count(b) order-enforcing
2026-07-27T09:16:53.1580512Z   'test-rel_api.R:945:3' [success]
2026-07-27T09:16:53.1624248Z End test: relational count(b) order-enforcing
2026-07-27T09:16:53.1624731Z 
2026-07-27T09:16:53.1640097Z Start test: relational count(g) order-enforcing
2026-07-27T09:16:53.2198730Z   'test-rel_api.R:994:3' [success]
2026-07-27T09:16:53.2255485Z End test: relational count(g) order-enforcing
2026-07-27T09:16:53.2255957Z 
2026-07-27T09:16:53.2270668Z Start test: relational count(g, a) order-enforcing
2026-07-27T09:16:53.2848612Z   'test-rel_api.R:1056:3' [success]
2026-07-27T09:16:53.2891531Z End test: relational count(g, a) order-enforcing
2026-07-27T09:16:53.2891970Z 
2026-07-27T09:16:53.2907111Z Start test: relational count(b, g) order-enforcing
2026-07-27T09:16:53.3482673Z   'test-rel_api.R:1118:3' [success]
2026-07-27T09:16:53.3539605Z End test: relational count(b, g) order-enforcing
2026-07-27T09:16:53.3540028Z 
2026-07-27T09:16:53.3556473Z Start test: relational distinct() order-preserving
2026-07-27T09:16:53.4102003Z   'test-rel_api.R:1242:3' [success]
2026-07-27T09:16:53.4146810Z End test: relational distinct() order-preserving
2026-07-27T09:16:53.4147532Z 
2026-07-27T09:16:53.4162618Z Start test: relational distinct(a) order-preserving
2026-07-27T09:16:53.4685169Z   'test-rel_api.R:1334:3' [success]
2026-07-27T09:16:53.4740705Z End test: relational distinct(a) order-preserving
2026-07-27T09:16:53.4741171Z 
2026-07-27T09:16:53.4757661Z Start test: relational distinct(a, b) order-preserving
2026-07-27T09:16:53.5304439Z   'test-rel_api.R:1441:3' [success]
2026-07-27T09:16:53.5350754Z End test: relational distinct(a, b) order-preserving
2026-07-27T09:16:53.5351185Z 
2026-07-27T09:16:53.5366434Z Start test: relational distinct(b, b) order-preserving
2026-07-27T09:16:53.5898446Z   'test-rel_api.R:1533:3' [success]
2026-07-27T09:16:53.5949783Z End test: relational distinct(b, b) order-preserving
2026-07-27T09:16:53.5950243Z 
2026-07-27T09:16:53.5966062Z Start test: relational distinct(g) order-preserving
2026-07-27T09:16:53.6497065Z   'test-rel_api.R:1625:3' [success]
2026-07-27T09:16:53.6542323Z End test: relational distinct(g) order-preserving
2026-07-27T09:16:53.6542794Z 
2026-07-27T09:16:53.6558069Z Start test: relational union_all(data.frame(a = 1L, b = 3, g = 2L)) %>% distinct(g) order-preserving
2026-07-27T09:16:53.7336395Z   'test-rel_api.R:1811:3' [success]
2026-07-27T09:16:53.7393577Z End test: relational union_all(data.frame(a = 1L, b = 3, g = 2L)) %>% distinct(g) order-preserving
2026-07-27T09:16:53.7394099Z 
2026-07-27T09:16:53.7409475Z Start test: relational union_all(data.frame(a = 1L, b = 4, g = 2L)) %>% distinct(g) order-preserving
2026-07-27T09:16:53.8106411Z   'test-rel_api.R:1997:3' [success]
2026-07-27T09:16:53.8150171Z End test: relational union_all(data.frame(a = 1L, b = 4, g = 2L)) %>% distinct(g) order-preserving
2026-07-27T09:16:53.8150911Z 
2026-07-27T09:16:53.8165761Z Start test: relational union_all(data.frame(a = 1L, b = 5, g = 2L)) %>% distinct(g) order-preserving
2026-07-27T09:16:53.9015240Z   'test-rel_api.R:2183:3' [success]
2026-07-27T09:16:53.9110233Z End test: relational union_all(data.frame(a = 1L, b = 5, g = 2L)) %>% distinct(g) order-preserving
2026-07-27T09:16:53.9111050Z 
2026-07-27T09:16:53.9132808Z Start test: relational union_all(data.frame(a = 1L, b = 6, g = 2L)) %>% distinct(g) order-preserving
2026-07-27T09:16:53.9851720Z   'test-rel_api.R:2369:3' [success]
2026-07-27T09:16:53.9900312Z End test: relational union_all(data.frame(a = 1L, b = 6, g = 2L)) %>% distinct(g) order-preserving
2026-07-27T09:16:53.9900844Z 
2026-07-27T09:16:53.9916191Z Start test: relational union_all(data.frame(a = 1L, b = 7, g = 2L)) %>% distinct(g) order-preserving
2026-07-27T09:16:54.0631657Z   'test-rel_api.R:2555:3' [success]
2026-07-27T09:16:54.0679383Z End test: relational union_all(data.frame(a = 1L, b = 7, g = 2L)) %>% distinct(g) order-preserving
2026-07-27T09:16:54.0679978Z 
2026-07-27T09:16:54.0695341Z Start test: relational distinct(g, .keep_all = TRUE) order-preserving
2026-07-27T09:16:54.1237558Z   'test-rel_api.R:2667:3' [success]
2026-07-27T09:16:54.1294124Z End test: relational distinct(g, .keep_all = TRUE) order-preserving
2026-07-27T09:16:54.1294545Z 
2026-07-27T09:16:54.1310661Z Start test: relational distinct() order-enforcing
2026-07-27T09:16:54.1847660Z   'test-rel_api.R:2693:3' [success]
2026-07-27T09:16:54.1891708Z End test: relational distinct() order-enforcing
2026-07-27T09:16:54.1892076Z 
2026-07-27T09:16:54.1906902Z Start test: relational distinct(a) order-enforcing
2026-07-27T09:16:54.2423798Z   'test-rel_api.R:2725:3' [success]
2026-07-27T09:16:54.2482377Z End test: relational distinct(a) order-enforcing
2026-07-27T09:16:54.2482768Z 
2026-07-27T09:16:54.2498049Z Start test: relational distinct(a, b) order-enforcing
2026-07-27T09:16:54.2970556Z   'test-rel_api.R:2762:3' [success]
2026-07-27T09:16:54.3009909Z End test: relational distinct(a, b) order-enforcing
2026-07-27T09:16:54.3010309Z 
2026-07-27T09:16:54.3025426Z Start test: relational distinct(b, b) order-enforcing
2026-07-27T09:16:54.3457532Z   'test-rel_api.R:2794:3' [success]
2026-07-27T09:16:54.3503458Z End test: relational distinct(b, b) order-enforcing
2026-07-27T09:16:54.3503819Z 
2026-07-27T09:16:54.3519073Z Start test: relational distinct(g) order-enforcing
2026-07-27T09:16:54.3966930Z   'test-rel_api.R:2826:3' [success]
2026-07-27T09:16:54.4007681Z End test: relational distinct(g) order-enforcing
2026-07-27T09:16:54.4008007Z 
2026-07-27T09:16:54.4022967Z Start test: relational union_all(data.frame(a = 1L, b = 3, g = 2L)) %>% distinct(g) order-enforcing
2026-07-27T09:16:54.4479674Z   'test-rel_api.R:2864:3' [success]
2026-07-27T09:16:54.4531324Z End test: relational union_all(data.frame(a = 1L, b = 3, g = 2L)) %>% distinct(g) order-enforcing
2026-07-27T09:16:54.4546438Z 
2026-07-27T09:16:54.4546977Z Start test: relational union_all(data.frame(a = 1L, b = 4, g = 2L)) %>% distinct(g) order-enforcing
2026-07-27T09:16:54.5018578Z   'test-rel_api.R:2902:3' [success]
2026-07-27T09:16:54.5061118Z End test: relational union_all(data.frame(a = 1L, b = 4, g = 2L)) %>% distinct(g) order-enforcing
2026-07-27T09:16:54.5061604Z 
2026-07-27T09:16:54.5076399Z Start test: relational union_all(data.frame(a = 1L, b = 5, g = 2L)) %>% distinct(g) order-enforcing
2026-07-27T09:16:54.5546590Z   'test-rel_api.R:2940:3' [success]
2026-07-27T09:16:54.5600077Z End test: relational union_all(data.frame(a = 1L, b = 5, g = 2L)) %>% distinct(g) order-enforcing
2026-07-27T09:16:54.5600885Z 
2026-07-27T09:16:54.5616141Z Start test: relational union_all(data.frame(a = 1L, b = 6, g = 2L)) %>% distinct(g) order-enforcing
2026-07-27T09:16:54.6106838Z   'test-rel_api.R:2978:3' [success]
2026-07-27T09:16:54.6155851Z End test: relational union_all(data.frame(a = 1L, b = 6, g = 2L)) %>% distinct(g) order-enforcing
2026-07-27T09:16:54.6156677Z 
2026-07-27T09:16:54.6172195Z Start test: relational union_all(data.frame(a = 1L, b = 7, g = 2L)) %>% distinct(g) order-enforcing
2026-07-27T09:16:54.6715183Z   'test-rel_api.R:3016:3' [success]
2026-07-27T09:16:54.6776247Z End test: relational union_all(data.frame(a = 1L, b = 7, g = 2L)) %>% distinct(g) order-enforcing
2026-07-27T09:16:54.6776780Z 
2026-07-27T09:16:54.6791322Z Start test: relational distinct(g, .keep_all = TRUE) order-enforcing
2026-07-27T09:16:54.7432103Z   'test-rel_api.R:3133:3' [success]
2026-07-27T09:16:54.7476035Z End test: relational distinct(g, .keep_all = TRUE) order-enforcing
2026-07-27T09:16:54.7476518Z 
2026-07-27T09:16:54.7491544Z Start test: relational filter(a == 1) order-preserving
2026-07-27T09:16:54.8004930Z   'test-rel_api.R:3208:3' [success]
2026-07-27T09:16:54.8057128Z End test: relational filter(a == 1) order-preserving
2026-07-27T09:16:54.8057768Z 
2026-07-27T09:16:54.8073658Z Start test: relational filter(a %in% 2:3, g == 2) order-preserving
2026-07-27T09:16:54.8750553Z   'test-rel_api.R:3297:3' [success]
2026-07-27T09:16:54.8794029Z End test: relational filter(a %in% 2:3, g == 2) order-preserving
2026-07-27T09:16:54.8794450Z 
2026-07-27T09:16:54.8809585Z Start test: relational filter(a %in% 2:3 & g == 2) order-preserving
2026-07-27T09:16:54.9477681Z   'test-rel_api.R:3392:3' [success]
2026-07-27T09:16:54.9525079Z End test: relational filter(a %in% 2:3 & g == 2) order-preserving
2026-07-27T09:16:54.9525473Z 
2026-07-27T09:16:54.9540449Z Start test: relational filter(a != 2 | g != 2) order-preserving
2026-07-27T09:16:55.0115307Z   'test-rel_api.R:3473:3' [success]
2026-07-27T09:16:55.0160501Z End test: relational filter(a != 2 | g != 2) order-preserving
2026-07-27T09:16:55.0160904Z 
2026-07-27T09:16:55.0175953Z Start test: relational filter(a == 1) order-enforcing
2026-07-27T09:16:55.0743970Z   'test-rel_api.R:3504:3' [success]
2026-07-27T09:16:55.0795552Z End test: relational filter(a == 1) order-enforcing
2026-07-27T09:16:55.0795906Z 
2026-07-27T09:16:55.0812016Z Start test: relational filter(a %in% 2:3, g == 2) order-enforcing
2026-07-27T09:16:55.1557733Z   'test-rel_api.R:3549:3' [success]
2026-07-27T09:16:55.1603751Z End test: relational filter(a %in% 2:3, g == 2) order-enforcing
2026-07-27T09:16:55.1604260Z 
2026-07-27T09:16:55.1619803Z Start test: relational filter(a %in% 2:3 & g == 2) order-enforcing
2026-07-27T09:16:55.2430314Z   'test-rel_api.R:3600:3' [success]
2026-07-27T09:16:55.2489706Z End test: relational filter(a %in% 2:3 & g == 2) order-enforcing
2026-07-27T09:16:55.2490136Z 
2026-07-27T09:16:55.2504660Z Start test: relational filter(a != 2 | g != 2) order-enforcing
2026-07-27T09:16:55.3140192Z   'test-rel_api.R:3637:3' [success]
2026-07-27T09:16:55.3185882Z End test: relational filter(a != 2 | g != 2) order-enforcing
2026-07-27T09:16:55.3186261Z 
2026-07-27T09:16:55.3201500Z Start test: relational full_join(join_by(a)) order-preserving
2026-07-27T09:16:55.3759126Z   'test-rel_api.R:3777:3' [success]
2026-07-27T09:16:55.3814277Z End test: relational full_join(join_by(a)) order-preserving
2026-07-27T09:16:55.3814681Z 
2026-07-27T09:16:55.3831111Z Start test: relational full_join(join_by(a)) order-enforcing
2026-07-27T09:16:55.4396751Z   'test-rel_api.R:3875:3' [success]
2026-07-27T09:16:55.4440672Z End test: relational full_join(join_by(a)) order-enforcing
2026-07-27T09:16:55.4441082Z 
2026-07-27T09:16:55.4456131Z Start test: relational inner_join(join_by(a)) order-preserving
2026-07-27T09:16:55.4994113Z   'test-rel_api.R:4015:3' [success]
2026-07-27T09:16:55.5046373Z End test: relational inner_join(join_by(a)) order-preserving
2026-07-27T09:16:55.5047087Z 
2026-07-27T09:16:55.5063196Z Start test: relational inner_join(join_by(a)) order-enforcing
2026-07-27T09:16:55.5635230Z   'test-rel_api.R:4113:3' [success]
2026-07-27T09:16:55.5678014Z End test: relational inner_join(join_by(a)) order-enforcing
2026-07-27T09:16:55.5678412Z 
2026-07-27T09:16:55.5693411Z Start test: relational intersect() order-preserving
2026-07-27T09:16:55.6288561Z   'test-rel_api.R:4277:3' [success]
2026-07-27T09:16:55.6341489Z End test: relational intersect() order-preserving
2026-07-27T09:16:55.6341904Z 
2026-07-27T09:16:55.6357916Z Start test: relational intersect() order-enforcing
2026-07-27T09:16:55.6915380Z   'test-rel_api.R:4304:3' [success]
2026-07-27T09:16:55.6956416Z End test: relational intersect() order-enforcing
2026-07-27T09:16:55.6956792Z 
2026-07-27T09:16:55.6972144Z Start test: relational left_join(join_by(a)) order-preserving
2026-07-27T09:16:55.7491021Z   'test-rel_api.R:4444:3' [success]
2026-07-27T09:16:55.7547599Z End test: relational left_join(join_by(a)) order-preserving
2026-07-27T09:16:55.7548057Z 
2026-07-27T09:16:55.7563066Z Start test: relational left_join(join_by(a)) order-enforcing
2026-07-27T09:16:55.8117636Z   'test-rel_api.R:4542:3' [success]
2026-07-27T09:16:55.8160741Z End test: relational left_join(join_by(a)) order-enforcing
2026-07-27T09:16:55.8161144Z 
2026-07-27T09:16:55.8176358Z Start test: relational mutate() order-preserving
2026-07-27T09:16:55.8583256Z   'test-rel_api.R:4561:3' [success]
2026-07-27T09:16:55.8630644Z End test: relational mutate() order-preserving
2026-07-27T09:16:55.8631397Z 
2026-07-27T09:16:55.8646251Z Start test: relational mutate(a + 1) order-preserving
2026-07-27T09:16:55.9107718Z   'test-rel_api.R:4604:3' [success]
2026-07-27T09:16:55.9150451Z End test: relational mutate(a + 1) order-preserving
2026-07-27T09:16:55.9150965Z 
2026-07-27T09:16:55.9165563Z Start test: relational mutate(a + 1, .by = g) order-preserving
2026-07-27T09:16:55.9676124Z   'test-rel_api.R:4712:3' [success]
2026-07-27T09:16:55.9723499Z End test: relational mutate(a + 1, .by = g) order-preserving
2026-07-27T09:16:55.9723961Z 
2026-07-27T09:16:55.9739065Z Start test: relational mutate(c = a + 1) order-preserving
2026-07-27T09:16:56.0198312Z   'test-rel_api.R:4761:3' [success]
2026-07-27T09:16:56.0238846Z End test: relational mutate(c = a + 1) order-preserving
2026-07-27T09:16:56.0239332Z 
2026-07-27T09:16:56.0253978Z Start test: relational mutate(`if` = a + 1) order-preserving
2026-07-27T09:16:56.0705438Z   'test-rel_api.R:4809:3' [success]
2026-07-27T09:16:56.0749163Z End test: relational mutate(`if` = a + 1) order-preserving
2026-07-27T09:16:56.0749688Z 
2026-07-27T09:16:56.0764653Z Start test: relational mutate(sum(a, na.rm = TRUE)) order-preserving
2026-07-27T09:16:56.1233404Z   'test-rel_api.R:4858:3' [success]
2026-07-27T09:16:56.1274231Z End test: relational mutate(sum(a, na.rm = TRUE)) order-preserving
2026-07-27T09:16:56.1274695Z 
2026-07-27T09:16:56.1288885Z Start test: relational mutate(sum(a, na.rm = TRUE), .by = g) order-preserving
2026-07-27T09:16:56.1746479Z   'test-rel_api.R:4966:3' [success]
2026-07-27T09:16:56.1803697Z End test: relational mutate(sum(a, na.rm = TRUE), .by = g) order-preserving
2026-07-27T09:16:56.1804156Z 
2026-07-27T09:16:56.1819472Z Start test: relational mutate(mean(a, na.rm = TRUE)) order-preserving
2026-07-27T09:16:56.2231282Z   'test-rel_api.R:5015:3' [success]
2026-07-27T09:16:56.2271955Z End test: relational mutate(mean(a, na.rm = TRUE)) order-preserving
2026-07-27T09:16:56.2272464Z 
2026-07-27T09:16:56.2286672Z Start test: relational mutate(mean(a, na.rm = TRUE), .by = g) order-preserving
2026-07-27T09:16:56.2760648Z   'test-rel_api.R:5123:3' [success]
2026-07-27T09:16:56.2811692Z End test: relational mutate(mean(a, na.rm = TRUE), .by = g) order-preserving
2026-07-27T09:16:56.2812179Z 
2026-07-27T09:16:56.2826696Z Start test: relational mutate(sd(a, na.rm = TRUE)) order-preserving
2026-07-27T09:16:56.3244614Z   'test-rel_api.R:5172:3' [success]
2026-07-27T09:16:56.3288419Z End test: relational mutate(sd(a, na.rm = TRUE)) order-preserving
2026-07-27T09:16:56.3289179Z 
2026-07-27T09:16:56.3303812Z Start test: relational mutate(sd(a, na.rm = TRUE), .by = g) order-preserving
2026-07-27T09:16:56.3770061Z   'test-rel_api.R:5280:3' [success]
2026-07-27T09:16:56.3820951Z End test: relational mutate(sd(a, na.rm = TRUE), .by = g) order-preserving
2026-07-27T09:16:56.3821432Z 
2026-07-27T09:16:56.3836263Z Start test: relational mutate(lag(a)) order-preserving
2026-07-27T09:16:56.4299332Z   'test-rel_api.R:5329:3' [success]
2026-07-27T09:16:56.4340163Z End test: relational mutate(lag(a)) order-preserving
2026-07-27T09:16:56.4340661Z 
2026-07-27T09:16:56.4355482Z Start test: relational mutate(lag(a), .by = g) order-preserving
2026-07-27T09:16:56.4872654Z   'test-rel_api.R:5437:3' [success]
2026-07-27T09:16:56.4921912Z End test: relational mutate(lag(a), .by = g) order-preserving
2026-07-27T09:16:56.4922393Z 
2026-07-27T09:16:56.4937708Z Start test: relational mutate(lead(a)) order-preserving
2026-07-27T09:16:56.5453498Z   'test-rel_api.R:5486:3' [success]
2026-07-27T09:16:56.5494131Z End test: relational mutate(lead(a)) order-preserving
2026-07-27T09:16:56.5494627Z 
2026-07-27T09:16:56.5509237Z Start test: relational mutate(lead(a), .by = g) order-preserving
2026-07-27T09:16:56.6034348Z   'test-rel_api.R:5594:3' [success]
2026-07-27T09:16:56.6089404Z End test: relational mutate(lead(a), .by = g) order-preserving
2026-07-27T09:16:56.6089894Z 
2026-07-27T09:16:56.6104621Z Start test: relational mutate(lag(a, 2)) order-preserving
2026-07-27T09:16:56.6559466Z   'test-rel_api.R:5643:3' [success]
2026-07-27T09:16:56.6601304Z End test: relational mutate(lag(a, 2)) order-preserving
2026-07-27T09:16:56.6601719Z 
2026-07-27T09:16:56.6616454Z Start test: relational mutate(lag(a, 2), .by = g) order-preserving
2026-07-27T09:16:56.7130903Z   'test-rel_api.R:5751:3' [success]
2026-07-27T09:16:56.7181011Z End test: relational mutate(lag(a, 2), .by = g) order-preserving
2026-07-27T09:16:56.7181492Z 
2026-07-27T09:16:56.7195837Z Start test: relational mutate(lead(a, 2)) order-preserving
2026-07-27T09:16:56.7652372Z   'test-rel_api.R:5800:3' [success]
2026-07-27T09:16:56.7693261Z End test: relational mutate(lead(a, 2)) order-preserving
2026-07-27T09:16:56.7693699Z 
2026-07-27T09:16:56.7708004Z Start test: relational mutate(lead(a, 2), .by = g) order-preserving
2026-07-27T09:16:56.8229452Z   'test-rel_api.R:5908:3' [success]
2026-07-27T09:16:56.8276911Z End test: relational mutate(lead(a, 2), .by = g) order-preserving
2026-07-27T09:16:56.8277636Z 
2026-07-27T09:16:56.8292105Z Start test: relational mutate(lag(a, 4)) order-preserving
2026-07-27T09:16:56.8744528Z   'test-rel_api.R:5957:3' [success]
2026-07-27T09:16:56.8784618Z End test: relational mutate(lag(a, 4)) order-preserving
2026-07-27T09:16:56.8785134Z 
2026-07-27T09:16:56.8800151Z Start test: relational mutate(lag(a, 4), .by = g) order-preserving
2026-07-27T09:16:56.9322702Z   'test-rel_api.R:6065:3' [success]
2026-07-27T09:16:56.9370520Z End test: relational mutate(lag(a, 4), .by = g) order-preserving
2026-07-27T09:16:56.9371036Z 
2026-07-27T09:16:56.9385301Z Start test: relational mutate(lead(a, 4)) order-preserving
2026-07-27T09:16:56.9892384Z   'test-rel_api.R:6114:3' [success]
2026-07-27T09:16:56.9932415Z End test: relational mutate(lead(a, 4)) order-preserving
2026-07-27T09:16:56.9932931Z 
2026-07-27T09:16:56.9946908Z Start test: relational mutate(lead(a, 4), .by = g) order-preserving
2026-07-27T09:16:57.0462688Z   'test-rel_api.R:6222:3' [success]
2026-07-27T09:16:57.0519166Z End test: relational mutate(lead(a, 4), .by = g) order-preserving
2026-07-27T09:16:57.0519647Z 
2026-07-27T09:16:57.0534393Z Start test: relational mutate(lag(a, default = 0)) order-preserving
2026-07-27T09:16:57.1036048Z   'test-rel_api.R:6271:3' [success]
2026-07-27T09:16:57.1079366Z End test: relational mutate(lag(a, default = 0)) order-preserving
2026-07-27T09:16:57.1079854Z 
2026-07-27T09:16:57.1095804Z Start test: relational mutate(lag(a, default = 0), .by = g) order-preserving
2026-07-27T09:16:57.1663227Z   'test-rel_api.R:6379:3' [success]
2026-07-27T09:16:57.1714028Z End test: relational mutate(lag(a, default = 0), .by = g) order-preserving
2026-07-27T09:16:57.1714581Z 
2026-07-27T09:16:57.1729510Z Start test: relational mutate(lead(a, default = 1000)) order-preserving
2026-07-27T09:16:57.2235473Z   'test-rel_api.R:6428:3' [success]
2026-07-27T09:16:57.2279828Z End test: relational mutate(lead(a, default = 1000)) order-preserving
2026-07-27T09:16:57.2280620Z 
2026-07-27T09:16:57.2296104Z Start test: relational mutate(lead(a, default = 1000), .by = g) order-preserving
2026-07-27T09:16:57.2878941Z   'test-rel_api.R:6536:3' [success]
2026-07-27T09:16:57.2930022Z End test: relational mutate(lead(a, default = 1000), .by = g) order-preserving
2026-07-27T09:16:57.2930616Z 
2026-07-27T09:16:57.2945931Z Start test: relational mutate(min(a, na.rm = TRUE)) order-preserving
2026-07-27T09:16:57.3380928Z   'test-rel_api.R:6585:3' [success]
2026-07-27T09:16:57.3424599Z End test: relational mutate(min(a, na.rm = TRUE)) order-preserving
2026-07-27T09:16:57.3425162Z 
2026-07-27T09:16:57.3440527Z Start test: relational mutate(min(a, na.rm = TRUE), .by = g) order-preserving
2026-07-27T09:16:57.3911479Z   'test-rel_api.R:6693:3' [success]
2026-07-27T09:16:57.3959761Z End test: relational mutate(min(a, na.rm = TRUE), .by = g) order-preserving
2026-07-27T09:16:57.3960318Z 
2026-07-27T09:16:57.3974811Z Start test: relational mutate(max(a, na.rm = TRUE)) order-preserving
2026-07-27T09:16:57.4472888Z   'test-rel_api.R:6742:3' [success]
2026-07-27T09:16:57.4515972Z End test: relational mutate(max(a, na.rm = TRUE)) order-preserving
2026-07-27T09:16:57.4516560Z 
2026-07-27T09:16:57.4531614Z Start test: relational mutate(max(a, na.rm = TRUE), .by = g) order-preserving
2026-07-27T09:16:57.4998979Z   'test-rel_api.R:6850:3' [success]
2026-07-27T09:16:57.5056027Z End test: relational mutate(max(a, na.rm = TRUE), .by = g) order-preserving
2026-07-27T09:16:57.5056589Z 
2026-07-27T09:16:57.5071672Z Start test: relational mutate(a / b) order-preserving
2026-07-27T09:16:57.5524755Z   'test-rel_api.R:6905:3' [success]
2026-07-27T09:16:57.5575650Z End test: relational mutate(a / b) order-preserving
2026-07-27T09:16:57.5576057Z 
2026-07-27T09:16:57.5592191Z Start test: relational mutate(d = 0, e = 1 / d, f = 0 / d, g = -1 / d) order-preserving
2026-07-27T09:16:57.6239346Z   'test-rel_api.R:7066:3' [success]
2026-07-27T09:16:57.6287071Z End test: relational mutate(d = 0, e = 1 / d, f = 0 / d, g = -1 / d) order-preserving
2026-07-27T09:16:57.6301842Z 
2026-07-27T09:16:57.6303160Z Start test: relational mutate(c = 0, d = -1, e = log(c), f = suppressWarnings(log(d))) order-preserving
2026-07-27T09:16:57.6871094Z   'test-rel_api.R:7224:3' [success]
2026-07-27T09:16:57.6916025Z End test: relational mutate(c = 0, d = -1, e = log(c), f = suppressWarnings(log(d))) order-preserving
2026-07-27T09:16:57.6916561Z 
2026-07-27T09:16:57.6932289Z Start test: relational mutate(c = 0, d = -1, e = log10(c), f = suppressWarnings(log10(d))) order-preserving
2026-07-27T09:16:57.7513893Z   'test-rel_api.R:7390:3' [success]
2026-07-27T09:16:57.7562692Z End test: relational mutate(c = 0, d = -1, e = log10(c), f = suppressWarnings(log10(d))) order-preserving
2026-07-27T09:16:57.7563359Z 
2026-07-27T09:16:57.7578928Z Start test: relational mutate(c = 10, d = log(c)) order-preserving
2026-07-27T09:16:57.8065091Z   'test-rel_api.R:7478:3' [success]
2026-07-27T09:16:57.8108345Z End test: relational mutate(c = 10, d = log(c)) order-preserving
2026-07-27T09:16:57.8108806Z 
2026-07-27T09:16:57.8124307Z Start test: relational mutate(c = 10, d = log10(c)) order-preserving
2026-07-27T09:16:57.8680862Z   'test-rel_api.R:7564:3' [success]
2026-07-27T09:16:57.8738850Z End test: relational mutate(c = 10, d = log10(c)) order-preserving
2026-07-27T09:16:57.8739288Z 
2026-07-27T09:16:57.8754845Z Start test: relational mutate(c = NA_character_, d = grepl('.', c)) order-preserving
2026-07-27T09:16:57.8853955Z   'test-rel_api.R:7572:3' [skip]
2026-07-27T09:16:57.8871816Z End test: relational mutate(c = NA_character_, d = grepl('.', c)) order-preserving
2026-07-27T09:16:57.8872737Z 
2026-07-27T09:16:57.8887656Z Start test: relational mutate(c = 'abbc', d = gsub('(b|c)', 'z' , c)) order-preserving
2026-07-27T09:16:57.8985026Z   'test-rel_api.R:7659:3' [skip]
2026-07-27T09:16:57.9002877Z End test: relational mutate(c = 'abbc', d = gsub('(b|c)', 'z' , c)) order-preserving
2026-07-27T09:16:57.9003387Z 
2026-07-27T09:16:57.9018725Z Start test: relational mutate(c = 'abbc', d = sub('(b|c)', 'z' , c)) order-preserving
2026-07-27T09:16:57.9120350Z   'test-rel_api.R:7749:3' [skip]
2026-07-27T09:16:57.9139186Z End test: relational mutate(c = 'abbc', d = sub('(b|c)', 'z' , c)) order-preserving
2026-07-27T09:16:57.9139683Z 
2026-07-27T09:16:57.9156086Z Start test: relational mutate(c = NA_character_, d = gsub('.', '-' , c)) order-preserving
2026-07-27T09:16:57.9256448Z   'test-rel_api.R:7839:3' [skip]
2026-07-27T09:16:57.9273704Z End test: relational mutate(c = NA_character_, d = gsub('.', '-' , c)) order-preserving
2026-07-27T09:16:57.9274247Z 
2026-07-27T09:16:57.9289487Z Start test: relational mutate(c = NA_character_, d = sub('.', '-' , c)) order-preserving
2026-07-27T09:16:57.9386650Z   'test-rel_api.R:7929:3' [skip]
2026-07-27T09:16:57.9403944Z End test: relational mutate(c = NA_character_, d = sub('.', '-' , c)) order-preserving
2026-07-27T09:16:57.9404470Z 
2026-07-27T09:16:57.9419973Z Start test: relational mutate(d = a %in% NA_real_) order-preserving
2026-07-27T09:16:57.9865048Z   'test-rel_api.R:8055:3' [success]
2026-07-27T09:16:57.9916172Z End test: relational mutate(d = a %in% NA_real_) order-preserving
2026-07-27T09:16:57.9916659Z 
2026-07-27T09:16:57.9932834Z Start test: relational mutate(d = a %in% NULL) order-preserving
2026-07-27T09:16:58.0402805Z   'test-rel_api.R:8098:3' [success]
2026-07-27T09:16:58.0444741Z End test: relational mutate(d = a %in% NULL) order-preserving
2026-07-27T09:16:58.0445165Z 
2026-07-27T09:16:58.0461125Z Start test: relational mutate(d = a %in% integer()) order-preserving
2026-07-27T09:16:58.0918715Z   'test-rel_api.R:8141:3' [success]
2026-07-27T09:16:58.0965169Z End test: relational mutate(d = a %in% integer()) order-preserving
2026-07-27T09:16:58.0965612Z 
2026-07-27T09:16:58.0981226Z Start test: relational mutate(d = NA_real_, e = is.na(d)) order-preserving
2026-07-27T09:16:58.1521892Z   'test-rel_api.R:8216:3' [success]
2026-07-27T09:16:58.1562915Z End test: relational mutate(d = NA_real_, e = is.na(d)) order-preserving
2026-07-27T09:16:58.1563393Z 
2026-07-27T09:16:58.1578282Z Start test: relational mutate(d = row_number()) order-preserving
2026-07-27T09:16:58.1987624Z   'test-rel_api.R:8271:3' [success]
2026-07-27T09:16:58.2039988Z End test: relational mutate(d = row_number()) order-preserving
2026-07-27T09:16:58.2055752Z 
2026-07-27T09:16:58.2056365Z Start test: relational mutate(d = row_number(), .by = g) order-preserving
2026-07-27T09:16:58.2550080Z   'test-rel_api.R:8379:3' [success]
2026-07-27T09:16:58.2597776Z End test: relational mutate(d = row_number(), .by = g) order-preserving
2026-07-27T09:16:58.2598285Z 
2026-07-27T09:16:58.2614370Z Start test: relational mutate(c = .data$b) order-preserving
2026-07-27T09:16:58.3044692Z   'test-rel_api.R:8427:3' [success]
2026-07-27T09:16:58.3100217Z End test: relational mutate(c = .data$b) order-preserving
2026-07-27T09:16:58.3100632Z 
2026-07-27T09:16:58.3116528Z Start test: relational mutate(d = NA) order-preserving
2026-07-27T09:16:58.3568150Z   'test-rel_api.R:8471:3' [success]
2026-07-27T09:16:58.3614546Z End test: relational mutate(d = NA) order-preserving
2026-07-27T09:16:58.3614924Z 
2026-07-27T09:16:58.3630824Z Start test: relational mutate(d = NA_integer_) order-preserving
2026-07-27T09:16:58.4110239Z   'test-rel_api.R:8514:3' [success]
2026-07-27T09:16:58.4160047Z End test: relational mutate(d = NA_integer_) order-preserving
2026-07-27T09:16:58.4160424Z 
2026-07-27T09:16:58.4175746Z Start test: relational mutate(d = NA_real_) order-preserving
2026-07-27T09:16:58.4702111Z   'test-rel_api.R:8557:3' [success]
2026-07-27T09:16:58.4746216Z End test: relational mutate(d = NA_real_) order-preserving
2026-07-27T09:16:58.4746891Z 
2026-07-27T09:16:58.4762405Z Start test: relational mutate(d = NA_character_) order-preserving
2026-07-27T09:16:58.5240360Z   'test-rel_api.R:8600:3' [success]
2026-07-27T09:16:58.5292305Z End test: relational mutate(d = NA_character_) order-preserving
2026-07-27T09:16:58.5292747Z 
2026-07-27T09:16:58.5308904Z Start test: relational mutate(d = if_else(a > 1, "ok", NA)) order-preserving
2026-07-27T09:16:58.5975707Z   'test-rel_api.R:8656:3' [success]
2026-07-27T09:16:58.6022661Z End test: relational mutate(d = if_else(a > 1, "ok", NA)) order-preserving
2026-07-27T09:16:58.6023152Z 
2026-07-27T09:16:58.6038296Z Start test: relational mutate() order-enforcing
2026-07-27T09:16:58.6549326Z   'test-rel_api.R:8685:3' [success]
2026-07-27T09:16:58.6610235Z End test: relational mutate() order-enforcing
2026-07-27T09:16:58.6610593Z 
2026-07-27T09:16:58.6625079Z Start test: relational mutate(a + 1) order-enforcing
2026-07-27T09:16:58.7225341Z   'test-rel_api.R:8733:3' [success]
2026-07-27T09:16:58.7267616Z End test: relational mutate(a + 1) order-enforcing
2026-07-27T09:16:58.7267962Z 
2026-07-27T09:16:58.7282641Z Start test: relational mutate(a + 1, .by = g) order-enforcing
2026-07-27T09:16:58.7872906Z   'test-rel_api.R:8787:3' [success]
2026-07-27T09:16:58.7920074Z End test: relational mutate(a + 1, .by = g) order-enforcing
2026-07-27T09:16:58.7920472Z 
2026-07-27T09:16:58.7934922Z Start test: relational mutate(c = a + 1) order-enforcing
2026-07-27T09:16:58.8511978Z   'test-rel_api.R:8841:3' [success]
2026-07-27T09:16:58.8553610Z End test: relational mutate(c = a + 1) order-enforcing
2026-07-27T09:16:58.8554119Z 
2026-07-27T09:16:58.8568635Z Start test: relational mutate(`if` = a + 1) order-enforcing
2026-07-27T09:16:58.9154846Z   'test-rel_api.R:8894:3' [success]
2026-07-27T09:16:58.9203515Z End test: relational mutate(`if` = a + 1) order-enforcing
2026-07-27T09:16:58.9203881Z 
2026-07-27T09:16:58.9219064Z Start test: relational mutate(sum(a, na.rm = TRUE)) order-enforcing
2026-07-27T09:16:58.9764258Z   'test-rel_api.R:8948:3' [success]
2026-07-27T09:16:58.9804839Z End test: relational mutate(sum(a, na.rm = TRUE)) order-enforcing
2026-07-27T09:16:58.9805240Z 
2026-07-27T09:16:58.9821839Z Start test: relational mutate(sum(a, na.rm = TRUE), .by = g) order-enforcing
2026-07-27T09:16:59.0360596Z   'test-rel_api.R:9002:3' [success]
2026-07-27T09:16:59.0407917Z End test: relational mutate(sum(a, na.rm = TRUE), .by = g) order-enforcing
2026-07-27T09:16:59.0408388Z 
2026-07-27T09:16:59.0423414Z Start test: relational mutate(mean(a, na.rm = TRUE)) order-enforcing
2026-07-27T09:16:59.1006682Z   'test-rel_api.R:9056:3' [success]
2026-07-27T09:16:59.1047799Z End test: relational mutate(mean(a, na.rm = TRUE)) order-enforcing
2026-07-27T09:16:59.1048236Z 
2026-07-27T09:16:59.1062917Z Start test: relational mutate(mean(a, na.rm = TRUE), .by = g) order-enforcing
2026-07-27T09:16:59.1587565Z   'test-rel_api.R:9110:3' [success]
2026-07-27T09:16:59.1645764Z End test: relational mutate(mean(a, na.rm = TRUE), .by = g) order-enforcing
2026-07-27T09:16:59.1646286Z 
2026-07-27T09:16:59.1661183Z Start test: relational mutate(sd(a, na.rm = TRUE)) order-enforcing
2026-07-27T09:16:59.2200603Z   'test-rel_api.R:9164:3' [success]
2026-07-27T09:16:59.2241988Z End test: relational mutate(sd(a, na.rm = TRUE)) order-enforcing
2026-07-27T09:16:59.2242429Z 
2026-07-27T09:16:59.2257077Z Start test: relational mutate(sd(a, na.rm = TRUE), .by = g) order-enforcing
2026-07-27T09:16:59.2800933Z   'test-rel_api.R:9218:3' [success]
2026-07-27T09:16:59.2851607Z End test: relational mutate(sd(a, na.rm = TRUE), .by = g) order-enforcing
2026-07-27T09:16:59.2852204Z 
2026-07-27T09:16:59.2868337Z Start test: relational mutate(lag(a)) order-enforcing
2026-07-27T09:16:59.3501653Z   'test-rel_api.R:9272:3' [success]
2026-07-27T09:16:59.3541745Z End test: relational mutate(lag(a)) order-enforcing
2026-07-27T09:16:59.3542123Z 
2026-07-27T09:16:59.3557467Z Start test: relational mutate(lag(a), .by = g) order-enforcing
2026-07-27T09:16:59.4154546Z   'test-rel_api.R:9326:3' [success]
2026-07-27T09:16:59.4207174Z End test: relational mutate(lag(a), .by = g) order-enforcing
2026-07-27T09:16:59.4207835Z 
2026-07-27T09:16:59.4222929Z Start test: relational mutate(lead(a)) order-enforcing
2026-07-27T09:16:59.4798478Z   'test-rel_api.R:9380:3' [success]
2026-07-27T09:16:59.4839753Z End test: relational mutate(lead(a)) order-enforcing
2026-07-27T09:16:59.4840488Z 
2026-07-27T09:16:59.4855904Z Start test: relational mutate(lead(a), .by = g) order-enforcing
2026-07-27T09:16:59.5455470Z   'test-rel_api.R:9434:3' [success]
2026-07-27T09:16:59.5502566Z End test: relational mutate(lead(a), .by = g) order-enforcing
2026-07-27T09:16:59.5502973Z 
2026-07-27T09:16:59.5518037Z Start test: relational mutate(lag(a, 2)) order-enforcing
2026-07-27T09:16:59.6158445Z   'test-rel_api.R:9488:3' [success]
2026-07-27T09:16:59.6199303Z End test: relational mutate(lag(a, 2)) order-enforcing
2026-07-27T09:16:59.6199678Z 
2026-07-27T09:16:59.6213609Z Start test: relational mutate(lag(a, 2), .by = g) order-enforcing
2026-07-27T09:16:59.6798568Z   'test-rel_api.R:9542:3' [success]
2026-07-27T09:16:59.6855591Z End test: relational mutate(lag(a, 2), .by = g) order-enforcing
2026-07-27T09:16:59.6856055Z 
2026-07-27T09:16:59.6870331Z Start test: relational mutate(lead(a, 2)) order-enforcing
2026-07-27T09:16:59.7526625Z   'test-rel_api.R:9596:3' [success]
2026-07-27T09:16:59.7568463Z End test: relational mutate(lead(a, 2)) order-enforcing
2026-07-27T09:16:59.7568808Z 
2026-07-27T09:16:59.7584481Z Start test: relational mutate(lead(a, 2), .by = g) order-enforcing
2026-07-27T09:16:59.8179597Z   'test-rel_api.R:9650:3' [success]
2026-07-27T09:16:59.8228275Z End test: relational mutate(lead(a, 2), .by = g) order-enforcing
2026-07-27T09:16:59.8228709Z 
2026-07-27T09:16:59.8242946Z Start test: relational mutate(lag(a, 4)) order-enforcing
2026-07-27T09:16:59.8815672Z   'test-rel_api.R:9704:3' [success]
2026-07-27T09:16:59.8857118Z End test: relational mutate(lag(a, 4)) order-enforcing
2026-07-27T09:16:59.8857776Z 
2026-07-27T09:16:59.8872353Z Start test: relational mutate(lag(a, 4), .by = g) order-enforcing
2026-07-27T09:16:59.9473230Z   'test-rel_api.R:9758:3' [success]
2026-07-27T09:16:59.9521120Z End test: relational mutate(lag(a, 4), .by = g) order-enforcing
2026-07-27T09:16:59.9521503Z 
2026-07-27T09:16:59.9535893Z Start test: relational mutate(lead(a, 4)) order-enforcing
2026-07-27T09:17:00.0118812Z   'test-rel_api.R:9812:3' [success]
2026-07-27T09:17:00.0161730Z End test: relational mutate(lead(a, 4)) order-enforcing
2026-07-27T09:17:00.0162155Z 
2026-07-27T09:17:00.0177710Z Start test: relational mutate(lead(a, 4), .by = g) order-enforcing
2026-07-27T09:17:00.0785918Z   'test-rel_api.R:9866:3' [success]
2026-07-27T09:17:00.0833930Z End test: relational mutate(lead(a, 4), .by = g) order-enforcing
2026-07-27T09:17:00.0834351Z 
2026-07-27T09:17:00.0849095Z Start test: relational mutate(lag(a, default = 0)) order-enforcing
2026-07-27T09:17:00.1533589Z   'test-rel_api.R:9920:3' [success]
2026-07-27T09:17:00.1573657Z End test: relational mutate(lag(a, default = 0)) order-enforcing
2026-07-27T09:17:00.1574082Z 
2026-07-27T09:17:00.1588522Z Start test: relational mutate(lag(a, default = 0), .by = g) order-enforcing
2026-07-27T09:17:00.2223421Z   'test-rel_api.R:9974:3' [success]
2026-07-27T09:17:00.2280801Z End test: relational mutate(lag(a, default = 0), .by = g) order-enforcing
2026-07-27T09:17:00.2281260Z 
2026-07-27T09:17:00.2295297Z Start test: relational mutate(lead(a, default = 1000)) order-enforcing
2026-07-27T09:17:00.2936779Z   'test-rel_api.R:10028:3' [success]
2026-07-27T09:17:00.2981045Z End test: relational mutate(lead(a, default = 1000)) order-enforcing
2026-07-27T09:17:00.2981489Z 
2026-07-27T09:17:00.2997540Z Start test: relational mutate(lead(a, default = 1000), .by = g) order-enforcing
2026-07-27T09:17:00.3620082Z   'test-rel_api.R:10082:3' [success]
2026-07-27T09:17:00.3671163Z End test: relational mutate(lead(a, default = 1000), .by = g) order-enforcing
2026-07-27T09:17:00.3672333Z 
2026-07-27T09:17:00.3686725Z Start test: relational mutate(min(a, na.rm = TRUE)) order-enforcing
2026-07-27T09:17:00.4238601Z   'test-rel_api.R:10136:3' [success]
2026-07-27T09:17:00.4282859Z End test: relational mutate(min(a, na.rm = TRUE)) order-enforcing
2026-07-27T09:17:00.4283285Z 
2026-07-27T09:17:00.4298993Z Start test: relational mutate(min(a, na.rm = TRUE), .by = g) order-enforcing
2026-07-27T09:17:00.4856733Z   'test-rel_api.R:10190:3' [success]
2026-07-27T09:17:00.4907674Z End test: relational mutate(min(a, na.rm = TRUE), .by = g) order-enforcing
2026-07-27T09:17:00.4908185Z 
2026-07-27T09:17:00.4922727Z Start test: relational mutate(max(a, na.rm = TRUE)) order-enforcing
2026-07-27T09:17:00.5469645Z   'test-rel_api.R:10244:3' [success]
2026-07-27T09:17:00.5510902Z End test: relational mutate(max(a, na.rm = TRUE)) order-enforcing
2026-07-27T09:17:00.5511337Z 
2026-07-27T09:17:00.5525367Z Start test: relational mutate(max(a, na.rm = TRUE), .by = g) order-enforcing
2026-07-27T09:17:00.6071311Z   'test-rel_api.R:10298:3' [success]
2026-07-27T09:17:00.6120483Z End test: relational mutate(max(a, na.rm = TRUE), .by = g) order-enforcing
2026-07-27T09:17:00.6120991Z 
2026-07-27T09:17:00.6201690Z Start test: relational mutate(a / b) order-enforcing
2026-07-27T09:17:00.6761568Z   'test-rel_api.R:10358:3' [success]
2026-07-27T09:17:00.6802001Z End test: relational mutate(a / b) order-enforcing
2026-07-27T09:17:00.6802386Z 
2026-07-27T09:17:00.6816738Z Start test: relational mutate(d = 0, e = 1 / d, f = 0 / d, g = -1 / d) order-enforcing
2026-07-27T09:17:00.7627645Z   'test-rel_api.R:10524:3' [success]
2026-07-27T09:17:00.7678981Z End test: relational mutate(d = 0, e = 1 / d, f = 0 / d, g = -1 / d) order-enforcing
2026-07-27T09:17:00.7679490Z 
2026-07-27T09:17:00.7693865Z Start test: relational mutate(c = 0, d = -1, e = log(c), f = suppressWarnings(log(d))) order-enforcing
2026-07-27T09:17:00.8459919Z   'test-rel_api.R:10687:3' [success]
2026-07-27T09:17:00.8499385Z End test: relational mutate(c = 0, d = -1, e = log(c), f = suppressWarnings(log(d))) order-enforcing
2026-07-27T09:17:00.8499968Z 
2026-07-27T09:17:00.8513972Z Start test: relational mutate(c = 0, d = -1, e = log10(c), f = suppressWarnings(log10(d))) order-enforcing
2026-07-27T09:17:00.9262406Z   'test-rel_api.R:10858:3' [success]
2026-07-27T09:17:00.9308905Z End test: relational mutate(c = 0, d = -1, e = log10(c), f = suppressWarnings(log10(d))) order-enforcing
2026-07-27T09:17:00.9309502Z 
2026-07-27T09:17:00.9323485Z Start test: relational mutate(c = 10, d = log(c)) order-enforcing
2026-07-27T09:17:00.9955398Z   'test-rel_api.R:10951:3' [success]
2026-07-27T09:17:00.9995415Z End test: relational mutate(c = 10, d = log(c)) order-enforcing
2026-07-27T09:17:00.9995833Z 
2026-07-27T09:17:01.0010650Z Start test: relational mutate(c = 10, d = log10(c)) order-enforcing
2026-07-27T09:17:01.0630262Z   'test-rel_api.R:11042:3' [success]
2026-07-27T09:17:01.0676841Z End test: relational mutate(c = 10, d = log10(c)) order-enforcing
2026-07-27T09:17:01.0677598Z 
2026-07-27T09:17:01.0692516Z Start test: relational mutate(c = NA_character_, d = grepl('.', c)) order-enforcing
2026-07-27T09:17:01.0792438Z   'test-rel_api.R:11050:3' [skip]
2026-07-27T09:17:01.0810266Z End test: relational mutate(c = NA_character_, d = grepl('.', c)) order-enforcing
2026-07-27T09:17:01.0810769Z 
2026-07-27T09:17:01.0827005Z Start test: relational mutate(c = 'abbc', d = gsub('(b|c)', 'z' , c)) order-enforcing
2026-07-27T09:17:01.0989731Z   'test-rel_api.R:11142:3' [skip]
2026-07-27T09:17:01.1007601Z End test: relational mutate(c = 'abbc', d = gsub('(b|c)', 'z' , c)) order-enforcing
2026-07-27T09:17:01.1008188Z 
2026-07-27T09:17:01.1022726Z Start test: relational mutate(c = 'abbc', d = sub('(b|c)', 'z' , c)) order-enforcing
2026-07-27T09:17:01.1120779Z   'test-rel_api.R:11237:3' [skip]
2026-07-27T09:17:01.1138769Z End test: relational mutate(c = 'abbc', d = sub('(b|c)', 'z' , c)) order-enforcing
2026-07-27T09:17:01.1139240Z 
2026-07-27T09:17:01.1154030Z Start test: relational mutate(c = NA_character_, d = gsub('.', '-' , c)) order-enforcing
2026-07-27T09:17:01.1253284Z   'test-rel_api.R:11332:3' [skip]
2026-07-27T09:17:01.1272360Z End test: relational mutate(c = NA_character_, d = gsub('.', '-' , c)) order-enforcing
2026-07-27T09:17:01.1272861Z 
2026-07-27T09:17:01.1288339Z Start test: relational mutate(c = NA_character_, d = sub('.', '-' , c)) order-enforcing
2026-07-27T09:17:01.1388423Z   'test-rel_api.R:11427:3' [skip]
2026-07-27T09:17:01.1406859Z End test: relational mutate(c = NA_character_, d = sub('.', '-' , c)) order-enforcing
2026-07-27T09:17:01.1407568Z 
2026-07-27T09:17:01.1423799Z Start test: relational mutate(d = a %in% NA_real_) order-enforcing
2026-07-27T09:17:01.1990314Z   'test-rel_api.R:11563:3' [success]
2026-07-27T09:17:01.2047068Z End test: relational mutate(d = a %in% NA_real_) order-enforcing
2026-07-27T09:17:01.2047740Z 
2026-07-27T09:17:01.2062958Z Start test: relational mutate(d = a %in% NULL) order-enforcing
2026-07-27T09:17:01.2663519Z   'test-rel_api.R:11611:3' [success]
2026-07-27T09:17:01.2707947Z End test: relational mutate(d = a %in% NULL) order-enforcing
2026-07-27T09:17:01.2708357Z 
2026-07-27T09:17:01.2724412Z Start test: relational mutate(d = a %in% integer()) order-enforcing
2026-07-27T09:17:01.3363134Z   'test-rel_api.R:11659:3' [success]
2026-07-27T09:17:01.3415512Z End test: relational mutate(d = a %in% integer()) order-enforcing
2026-07-27T09:17:01.3416069Z 
2026-07-27T09:17:01.3431219Z Start test: relational mutate(d = NA_real_, e = is.na(d)) order-enforcing
2026-07-27T09:17:01.4072192Z   'test-rel_api.R:11739:3' [success]
2026-07-27T09:17:01.4114280Z End test: relational mutate(d = NA_real_, e = is.na(d)) order-enforcing
2026-07-27T09:17:01.4114784Z 
2026-07-27T09:17:01.4129579Z Start test: relational mutate(d = row_number()) order-enforcing
2026-07-27T09:17:01.4666627Z   'test-rel_api.R:11799:3' [success]
2026-07-27T09:17:01.4715795Z End test: relational mutate(d = row_number()) order-enforcing
2026-07-27T09:17:01.4716298Z 
2026-07-27T09:17:01.4731334Z Start test: relational mutate(d = row_number(), .by = g) order-enforcing
2026-07-27T09:17:01.5344381Z   'test-rel_api.R:11853:3' [success]
2026-07-27T09:17:01.5385270Z End test: relational mutate(d = row_number(), .by = g) order-enforcing
2026-07-27T09:17:01.5385757Z 
2026-07-27T09:17:01.5399860Z Start test: relational mutate(c = .data$b) order-enforcing
2026-07-27T09:17:01.5936413Z   'test-rel_api.R:11906:3' [success]
2026-07-27T09:17:01.5993304Z End test: relational mutate(c = .data$b) order-enforcing
2026-07-27T09:17:01.5993721Z 
2026-07-27T09:17:01.6008822Z Start test: relational mutate(d = NA) order-enforcing
2026-07-27T09:17:01.6580062Z   'test-rel_api.R:11955:3' [success]
2026-07-27T09:17:01.6625562Z End test: relational mutate(d = NA) order-enforcing
2026-07-27T09:17:01.6626012Z 
2026-07-27T09:17:01.6642392Z Start test: relational mutate(d = NA_integer_) order-enforcing
2026-07-27T09:17:01.7241852Z   'test-rel_api.R:12003:3' [success]
2026-07-27T09:17:01.7293670Z End test: relational mutate(d = NA_integer_) order-enforcing
2026-07-27T09:17:01.7294196Z 
2026-07-27T09:17:01.7309440Z Start test: relational mutate(d = NA_real_) order-enforcing
2026-07-27T09:17:01.7983721Z   'test-rel_api.R:12051:3' [success]
2026-07-27T09:17:01.8027516Z End test: relational mutate(d = NA_real_) order-enforcing
2026-07-27T09:17:01.8027988Z 
2026-07-27T09:17:01.8044080Z Start test: relational mutate(d = NA_character_) order-enforcing
2026-07-27T09:17:01.8682959Z   'test-rel_api.R:12099:3' [success]
2026-07-27T09:17:01.8732167Z End test: relational mutate(d = NA_character_) order-enforcing
2026-07-27T09:17:01.8732606Z 
2026-07-27T09:17:01.8747818Z Start test: relational mutate(d = if_else(a > 1, "ok", NA)) order-enforcing
2026-07-27T09:17:01.9439246Z   'test-rel_api.R:12160:3' [success]
2026-07-27T09:17:01.9480865Z End test: relational mutate(d = if_else(a > 1, "ok", NA)) order-enforcing
2026-07-27T09:17:01.9481294Z 
2026-07-27T09:17:01.9495867Z Start test: relational relocate(g) order-preserving
2026-07-27T09:17:01.9898523Z   'test-rel_api.R:12205:3' [success]
2026-07-27T09:17:02.0199718Z End test: relational relocate(g) order-preserving
2026-07-27T09:17:02.0200142Z 
2026-07-27T09:17:02.0220669Z Start test: relational relocate(a) order-preserving
2026-07-27T09:17:02.0641456Z   'test-rel_api.R:12243:3' [success]
2026-07-27T09:17:02.0683762Z End test: relational relocate(a) order-preserving
2026-07-27T09:17:02.0684430Z 
2026-07-27T09:17:02.0699726Z Start test: relational relocate(g, .before = b) order-preserving
2026-07-27T09:17:02.1123227Z   'test-rel_api.R:12281:3' [success]
2026-07-27T09:17:02.1217104Z End test: relational relocate(g, .before = b) order-preserving
2026-07-27T09:17:02.1217836Z 
2026-07-27T09:17:02.1233263Z Start test: relational relocate(a:b, .after = g) order-preserving
2026-07-27T09:17:02.1661115Z   'test-rel_api.R:12319:3' [success]
2026-07-27T09:17:02.1703655Z End test: relational relocate(a:b, .after = g) order-preserving
2026-07-27T09:17:02.1704056Z 
2026-07-27T09:17:02.1719211Z Start test: relational relocate(g) order-enforcing
2026-07-27T09:17:02.2283313Z   'test-rel_api.R:12364:3' [success]
2026-07-27T09:17:02.2336851Z End test: relational relocate(g) order-enforcing
2026-07-27T09:17:02.2337516Z 
2026-07-27T09:17:02.2352250Z Start test: relational relocate(a) order-enforcing
2026-07-27T09:17:02.2917558Z   'test-rel_api.R:12407:3' [success]
2026-07-27T09:17:02.2961729Z End test: relational relocate(a) order-enforcing
2026-07-27T09:17:02.2962236Z 
2026-07-27T09:17:02.2977946Z Start test: relational relocate(g, .before = b) order-enforcing
2026-07-27T09:17:02.3502896Z   'test-rel_api.R:12450:3' [success]
2026-07-27T09:17:02.3561464Z End test: relational relocate(g, .before = b) order-enforcing
2026-07-27T09:17:02.3561913Z 
2026-07-27T09:17:02.3577838Z Start test: relational relocate(a:b, .after = g) order-enforcing
2026-07-27T09:17:02.4109973Z   'test-rel_api.R:12493:3' [success]
2026-07-27T09:17:02.4153322Z End test: relational relocate(a:b, .after = g) order-enforcing
2026-07-27T09:17:02.4153786Z 
2026-07-27T09:17:02.4171198Z Start test: relational rename() order-preserving
2026-07-27T09:17:02.4611295Z   'test-rel_api.R:12533:3' [success]
2026-07-27T09:17:02.4660391Z End test: relational rename() order-preserving
2026-07-27T09:17:02.4660879Z 
2026-07-27T09:17:02.4679087Z Start test: relational rename(c = a) order-preserving
2026-07-27T09:17:02.5174087Z   'test-rel_api.R:12571:3' [success]
2026-07-27T09:17:02.5215697Z End test: relational rename(c = a) order-preserving
2026-07-27T09:17:02.5216186Z 
2026-07-27T09:17:02.5231003Z Start test: relational rename() order-enforcing
2026-07-27T09:17:02.5737973Z   'test-rel_api.R:12616:3' [success]
2026-07-27T09:17:02.5796635Z End test: relational rename() order-enforcing
2026-07-27T09:17:02.5797084Z 
2026-07-27T09:17:02.5813705Z Start test: relational rename(c = a) order-enforcing
2026-07-27T09:17:02.6353349Z   'test-rel_api.R:12659:3' [success]
2026-07-27T09:17:02.6400102Z End test: relational rename(c = a) order-enforcing
2026-07-27T09:17:02.6400602Z 
2026-07-27T09:17:02.6417909Z Start test: relational right_join(join_by(a)) order-preserving
2026-07-27T09:17:02.6987140Z   'test-rel_api.R:12798:3' [success]
2026-07-27T09:17:02.7039002Z End test: relational right_join(join_by(a)) order-preserving
2026-07-27T09:17:02.7039560Z 
2026-07-27T09:17:02.7054827Z Start test: relational right_join(join_by(a)) order-enforcing
2026-07-27T09:17:02.7602315Z   'test-rel_api.R:12895:3' [success]
2026-07-27T09:17:02.7646060Z End test: relational right_join(join_by(a)) order-enforcing
2026-07-27T09:17:02.7646572Z 
2026-07-27T09:17:02.7662903Z Start test: relational select(a) order-preserving
2026-07-27T09:17:02.8072793Z   'test-rel_api.R:12925:3' [success]
2026-07-27T09:17:02.8121867Z End test: relational select(a) order-preserving
2026-07-27T09:17:02.8122366Z 
2026-07-27T09:17:02.8137409Z Start test: relational select(-g) order-preserving
2026-07-27T09:17:02.8551446Z   'test-rel_api.R:12958:3' [success]
2026-07-27T09:17:02.8593481Z End test: relational select(-g) order-preserving
2026-07-27T09:17:02.8594203Z 
2026-07-27T09:17:02.8609415Z Start test: relational select(everything()) order-preserving
2026-07-27T09:17:02.9021679Z   'test-rel_api.R:12996:3' [success]
2026-07-27T09:17:02.9062910Z End test: relational select(everything()) order-preserving
2026-07-27T09:17:02.9063444Z 
2026-07-27T09:17:02.9078413Z Start test: relational select(a) order-enforcing
2026-07-27T09:17:02.9625575Z   'test-rel_api.R:13028:3' [success]
2026-07-27T09:17:02.9667769Z End test: relational select(a) order-enforcing
2026-07-27T09:17:02.9668249Z 
2026-07-27T09:17:02.9682739Z Start test: relational select(-g) order-enforcing
2026-07-27T09:17:03.0162437Z   'test-rel_api.R:13063:3' [success]
2026-07-27T09:17:03.0203584Z End test: relational select(-g) order-enforcing
2026-07-27T09:17:03.0204099Z 
2026-07-27T09:17:03.0219164Z Start test: relational select(everything()) order-enforcing
2026-07-27T09:17:03.0745781Z   'test-rel_api.R:13106:3' [success]
2026-07-27T09:17:03.0788790Z End test: relational select(everything()) order-enforcing
2026-07-27T09:17:03.0789294Z 
2026-07-27T09:17:03.0806167Z Start test: relational semi_join(join_by(a)) order-preserving
2026-07-27T09:17:03.1297704Z   'test-rel_api.R:13184:3' [success]
2026-07-27T09:17:03.1341098Z End test: relational semi_join(join_by(a)) order-preserving
2026-07-27T09:17:03.1341602Z 
2026-07-27T09:17:03.1356820Z Start test: relational semi_join(join_by(a)) order-enforcing
2026-07-27T09:17:03.1873659Z   'test-rel_api.R:13225:3' [success]
2026-07-27T09:17:03.1914285Z End test: relational semi_join(join_by(a)) order-enforcing
2026-07-27T09:17:03.1914807Z 
2026-07-27T09:17:03.1929573Z Start test: relational setdiff() order-preserving
2026-07-27T09:17:03.2483084Z   'test-rel_api.R:13389:3' [success]
2026-07-27T09:17:03.2532728Z End test: relational setdiff() order-preserving
2026-07-27T09:17:03.2533243Z 
2026-07-27T09:17:03.2548090Z Start test: relational setdiff() order-enforcing
2026-07-27T09:17:03.3040216Z   'test-rel_api.R:13416:3' [success]
2026-07-27T09:17:03.3079930Z End test: relational setdiff() order-enforcing
2026-07-27T09:17:03.3080439Z 
2026-07-27T09:17:03.3095558Z Start test: relational slice_head(n = 2) order-preserving
2026-07-27T09:17:03.3491889Z   'test-rel_api.R:13437:3' [success]
2026-07-27T09:17:03.3540407Z End test: relational slice_head(n = 2) order-preserving
2026-07-27T09:17:03.3540833Z 
2026-07-27T09:17:03.3555990Z Start test: relational slice_head(n = 2) order-enforcing
2026-07-27T09:17:03.4134907Z   'test-rel_api.R:13463:3' [success]
2026-07-27T09:17:03.4175597Z End test: relational slice_head(n = 2) order-enforcing
2026-07-27T09:17:03.4176388Z 
2026-07-27T09:17:03.4190435Z Start test: relational summarise(c = mean(a)) order-preserving
2026-07-27T09:17:03.4610650Z   'test-rel_api.R:13502:3' [success]
2026-07-27T09:17:03.4665463Z End test: relational summarise(c = mean(a)) order-preserving
2026-07-27T09:17:03.4665939Z 
2026-07-27T09:17:03.4681091Z Start test: relational summarise(c = mean(a), .by = b) order-preserving
2026-07-27T09:17:03.5192466Z   'test-rel_api.R:13592:3' [success]
2026-07-27T09:17:03.5239632Z End test: relational summarise(c = mean(a), .by = b) order-preserving
2026-07-27T09:17:03.5240120Z 
2026-07-27T09:17:03.5256586Z Start test: relational summarise(c = mean(a), .by = g) order-preserving
2026-07-27T09:17:03.5773942Z   'test-rel_api.R:13682:3' [success]
2026-07-27T09:17:03.5832265Z End test: relational summarise(c = mean(a), .by = g) order-preserving
2026-07-27T09:17:03.5832809Z 
2026-07-27T09:17:03.5848271Z Start test: relational summarise(c = 1) order-preserving
2026-07-27T09:17:03.6330310Z   'test-rel_api.R:13713:3' [success]
2026-07-27T09:17:03.6376053Z End test: relational summarise(c = 1) order-preserving
2026-07-27T09:17:03.6376514Z 
2026-07-27T09:17:03.6392144Z Start test: relational summarise(c = 1, .by = g) order-preserving
2026-07-27T09:17:03.6945989Z   'test-rel_api.R:13797:3' [success]
2026-07-27T09:17:03.7003428Z End test: relational summarise(c = 1, .by = g) order-preserving
2026-07-27T09:17:03.7004188Z 
2026-07-27T09:17:03.7020050Z Start test: relational summarise(n = n(), n = n() + 1L, .by = g) order-preserving
2026-07-27T09:17:03.7619245Z   'test-rel_api.R:13882:3' [success]
2026-07-27T09:17:03.7666086Z End test: relational summarise(n = n(), n = n() + 1L, .by = g) order-preserving
2026-07-27T09:17:03.7666599Z 
2026-07-27T09:17:03.7682332Z Start test: relational summarise(n = n(), n = n() + 1L) order-preserving
2026-07-27T09:17:03.8176334Z   'test-rel_api.R:13914:3' [success]
2026-07-27T09:17:03.8230194Z End test: relational summarise(n = n(), n = n() + 1L) order-preserving
2026-07-27T09:17:03.8230719Z 
2026-07-27T09:17:03.8245424Z Start test: relational summarise(c = mean(a)) order-enforcing
2026-07-27T09:17:03.8830656Z   'test-rel_api.R:13955:3' [success]
2026-07-27T09:17:03.8877429Z End test: relational summarise(c = mean(a)) order-enforcing
2026-07-27T09:17:03.8877900Z 
2026-07-27T09:17:03.8893907Z Start test: relational summarise(c = mean(a), .by = b) order-enforcing
2026-07-27T09:17:03.9428463Z   'test-rel_api.R:13992:3' [success]
2026-07-27T09:17:03.9491809Z End test: relational summarise(c = mean(a), .by = b) order-enforcing
2026-07-27T09:17:03.9492458Z 
2026-07-27T09:17:03.9507765Z Start test: relational summarise(c = mean(a), .by = g) order-enforcing
2026-07-27T09:17:04.0030178Z   'test-rel_api.R:14029:3' [success]
2026-07-27T09:17:04.0074218Z End test: relational summarise(c = mean(a), .by = g) order-enforcing
2026-07-27T09:17:04.0074795Z 
2026-07-27T09:17:04.0091191Z Start test: relational summarise(c = 1) order-enforcing
2026-07-27T09:17:04.0597694Z   'test-rel_api.R:14062:3' [success]
2026-07-27T09:17:04.0650831Z End test: relational summarise(c = 1) order-enforcing
2026-07-27T09:17:04.0651350Z 
2026-07-27T09:17:04.0667024Z Start test: relational summarise(c = 1, .by = g) order-enforcing
2026-07-27T09:17:04.1212230Z   'test-rel_api.R:14093:3' [success]
2026-07-27T09:17:04.1254811Z End test: relational summarise(c = 1, .by = g) order-enforcing
2026-07-27T09:17:04.1255299Z 
2026-07-27T09:17:04.1270875Z Start test: relational summarise(n = n(), n = n() + 1L, .by = g) order-enforcing
2026-07-27T09:17:04.1832105Z   'test-rel_api.R:14125:3' [success]
2026-07-27T09:17:04.1886156Z End test: relational summarise(n = n(), n = n() + 1L, .by = g) order-enforcing
2026-07-27T09:17:04.1886769Z 
2026-07-27T09:17:04.1902846Z Start test: relational summarise(n = n(), n = n() + 1L) order-enforcing
2026-07-27T09:17:04.2433554Z   'test-rel_api.R:14159:3' [success]
2026-07-27T09:17:04.2478534Z End test: relational summarise(n = n(), n = n() + 1L) order-enforcing
2026-07-27T09:17:04.2494501Z 
2026-07-27T09:17:04.2495487Z Start test: relational symdiff() order-preserving
2026-07-27T09:17:04.3246740Z   'test-rel_api.R:14402:3' [success]
2026-07-27T09:17:04.3300470Z End test: relational symdiff() order-preserving
2026-07-27T09:17:04.3300917Z 
2026-07-27T09:17:04.3383821Z Start test: relational symdiff() order-enforcing
2026-07-27T09:17:04.3905889Z   'test-rel_api.R:14429:3' [success]
2026-07-27T09:17:04.3947162Z End test: relational symdiff() order-enforcing
2026-07-27T09:17:04.3947871Z 
2026-07-27T09:17:04.3962943Z Start test: relational tally() order-preserving
2026-07-27T09:17:04.4393007Z   'test-rel_api.R:14463:3' [success]
2026-07-27T09:17:04.4450961Z End test: relational tally() order-preserving
2026-07-27T09:17:04.4451400Z 
2026-07-27T09:17:04.4466882Z Start test: relational tally() order-enforcing
2026-07-27T09:17:04.4946071Z   'test-rel_api.R:14499:3' [success]
2026-07-27T09:17:04.4988383Z End test: relational tally() order-enforcing
2026-07-27T09:17:04.4988894Z 
2026-07-27T09:17:04.5003868Z Start test: relational transmute(c = a + 1) order-preserving
2026-07-27T09:17:04.5456336Z   'test-rel_api.R:14529:3' [success]
2026-07-27T09:17:04.5509414Z End test: relational transmute(c = a + 1) order-preserving
2026-07-27T09:17:04.5509897Z 
2026-07-27T09:17:04.5525280Z Start test: relational transmute(row = a) order-preserving
2026-07-27T09:17:04.5965669Z   'test-rel_api.R:14557:3' [success]
2026-07-27T09:17:04.6012626Z End test: relational transmute(row = a) order-preserving
2026-07-27T09:17:04.6029790Z 
2026-07-27T09:17:04.6030315Z Start test: relational transmute(c = a + 1) order-enforcing
2026-07-27T09:17:04.6575119Z   'test-rel_api.R:14589:3' [success]
2026-07-27T09:17:04.6628228Z End test: relational transmute(c = a + 1) order-enforcing
2026-07-27T09:17:04.6628775Z 
2026-07-27T09:17:04.6644381Z Start test: relational transmute(row = a) order-enforcing
2026-07-27T09:17:04.7143752Z   'test-rel_api.R:14619:3' [success]
2026-07-27T09:17:04.7189925Z End test: relational transmute(row = a) order-enforcing
2026-07-27T09:17:04.7190430Z 
2026-07-27T09:17:04.7209385Z Start test: relational union() order-preserving
2026-07-27T09:17:04.7913324Z   'test-rel_api.R:14802:3' [success]
2026-07-27T09:17:04.7965026Z End test: relational union() order-preserving
2026-07-27T09:17:04.7965495Z 
2026-07-27T09:17:04.7981130Z Start test: relational union() order-enforcing
2026-07-27T09:17:04.8587830Z   'test-rel_api.R:14831:3' [success]
2026-07-27T09:17:04.8629143Z End test: relational union() order-enforcing
2026-07-27T09:17:04.8629652Z 
2026-07-27T09:17:04.8643977Z Start test: relational union_all() order-preserving
2026-07-27T09:17:04.9219035Z   'test-rel_api.R:14929:3' [success]
2026-07-27T09:17:04.9278265Z End test: relational union_all() order-preserving
2026-07-27T09:17:04.9278819Z 
2026-07-27T09:17:04.9294169Z Start test: relational union_all() order-enforcing
2026-07-27T09:17:04.9792823Z   'test-rel_api.R:14956:3' [success]
2026-07-27T09:17:04.9835357Z End test: relational union_all() order-enforcing
2026-07-27T09:17:04.9835876Z 
2026-07-27T09:17:05.0262967Z Start test: we can create a relation from a df
2026-07-27T09:17:05.0371267Z   'test-relational.R:8:3' [success]
2026-07-27T09:17:05.0466186Z   'test-relational.R:9:3' [success]
2026-07-27T09:17:05.0484254Z End test: we can create a relation from a df
2026-07-27T09:17:05.0484804Z 
2026-07-27T09:17:05.0499713Z Start test: we don't add optional quotes to columns
2026-07-27T09:17:05.0632498Z   'test-relational.R:17:3' [success]
2026-07-27T09:17:05.0648922Z End test: we don't add optional quotes to columns
2026-07-27T09:17:05.0649514Z 
2026-07-27T09:17:05.0664069Z Start test: we won't crash when creating a relation from odd things
2026-07-27T09:17:05.0809034Z   'test-relational.R:24:3' [success]
2026-07-27T09:17:05.0974313Z   'test-relational.R:25:3' [success]
2026-07-27T09:17:05.1168649Z   'test-relational.R:27:3' [success]
2026-07-27T09:17:05.1187402Z End test: we won't crash when creating a relation from odd things
2026-07-27T09:17:05.1188168Z 
2026-07-27T09:17:05.1203357Z Start test: we can round-trip a data frame
2026-07-27T09:17:05.1350831Z   'test-relational.R:31:3' [success]
2026-07-27T09:17:05.1367567Z End test: we can round-trip a data frame
2026-07-27T09:17:05.1368031Z 
2026-07-27T09:17:05.1383702Z Start test: we can recognize if a df is materialized
2026-07-27T09:17:05.1630214Z   'test-relational.R:39:3' [success]
2026-07-27T09:17:05.1873961Z   'test-relational.R:40:3' [success]
2026-07-27T09:17:05.1995838Z   'test-relational.R:44:3' [success]
2026-07-27T09:17:05.2133046Z   'test-relational.R:46:3' [success]
2026-07-27T09:17:05.2251871Z   'test-relational.R:47:3' [success]
2026-07-27T09:17:05.2269735Z End test: we can recognize if a df is materialized
2026-07-27T09:17:05.2270296Z 
2026-07-27T09:17:05.2285167Z Start test: we can create various expressions and don't crash
2026-07-27T09:17:05.2555762Z   'test-relational.R:52:3' [success]
2026-07-27T09:17:05.2802231Z   'test-relational.R:57:3' [success]
2026-07-27T09:17:05.2964979Z   'test-relational.R:59:3' [success]
2026-07-27T09:17:05.3127976Z   'test-relational.R:60:3' [success]
2026-07-27T09:17:05.3556390Z   'test-relational.R:68:3' [success]
2026-07-27T09:17:05.3772537Z   'test-relational.R:69:3' [success]
2026-07-27T09:17:05.3938885Z   'test-relational.R:74:3' [success]
2026-07-27T09:17:05.4106461Z   'test-relational.R:76:3' [success]
2026-07-27T09:17:05.4274145Z   'test-relational.R:77:3' [success]
2026-07-27T09:17:05.4465977Z   'test-relational.R:79:3' [success]
2026-07-27T09:17:05.4484693Z End test: we can create various expressions and don't crash
2026-07-27T09:17:05.4485094Z 
2026-07-27T09:17:05.4500121Z Start test: we can create comparison expressions with appropriate operators
2026-07-27T09:17:05.4835896Z   'test-relational.R:85:3' [success]
2026-07-27T09:17:05.5177023Z   'test-relational.R:88:3' [success]
2026-07-27T09:17:05.5519464Z   'test-relational.R:91:3' [success]
2026-07-27T09:17:05.5870980Z   'test-relational.R:94:3' [success]
2026-07-27T09:17:05.6213423Z   'test-relational.R:97:3' [success]
2026-07-27T09:17:05.6621833Z   'test-relational.R:100:3' [success]
2026-07-27T09:17:05.6731412Z   'test-relational.R:103:3' [success]
2026-07-27T09:17:05.6748224Z End test: we can create comparison expressions with appropriate operators
2026-07-27T09:17:05.6748687Z 
2026-07-27T09:17:05.6763909Z Start test: we cannot create comparison expressions with inappropriate operators
2026-07-27T09:17:05.7214725Z   'test-relational.R:110:3' [success]
2026-07-27T09:17:05.7648388Z   'test-relational.R:113:3' [success]
2026-07-27T09:17:05.8067976Z   'test-relational.R:116:3' [success]
2026-07-27T09:17:05.8147307Z End test: we cannot create comparison expressions with inappropriate operators
2026-07-27T09:17:05.8148033Z 
2026-07-27T09:17:05.8168430Z Start test: we can create operator expressions
2026-07-27T09:17:05.8523506Z   'test-relational.R:126:3' [success]
2026-07-27T09:17:05.8884654Z   'test-relational.R:131:3' [success]
2026-07-27T09:17:05.9327562Z   'test-relational.R:136:3' [success]
2026-07-27T09:17:05.9344377Z End test: we can create operator expressions
2026-07-27T09:17:05.9344866Z 
2026-07-27T09:17:05.9360563Z Start test: we can use operator expressions in relations
2026-07-27T09:17:05.9593249Z   'test-relational.R:155:3' [success]
2026-07-27T09:17:05.9705578Z   'test-relational.R:156:3' [success]
2026-07-27T09:17:05.9981806Z   'test-relational.R:164:3' [success]
2026-07-27T09:17:06.0178087Z   'test-relational.R:165:3' [success]
2026-07-27T09:17:06.0196940Z End test: we can use operator expressions in relations
2026-07-27T09:17:06.0197648Z 
2026-07-27T09:17:06.0212652Z Start test: expr_operator validates ... parameter
2026-07-27T09:17:06.0355164Z   'test-relational.R:169:3' [success]
2026-07-27T09:17:06.0374897Z End test: expr_operator validates ... parameter
2026-07-27T09:17:06.0375346Z 
2026-07-27T09:17:06.0390930Z Start test: we can cast R strings to DuckDB strings
2026-07-27T09:17:07.9228790Z   'test-relational.R:189:3' [success]
2026-07-27T09:17:07.9731163Z   'test-relational.R:195:3' [success]
2026-07-27T09:17:07.9950001Z   'test-relational.R:201:3' [success]
2026-07-27T09:17:08.0442577Z   'test-relational.R:207:5' [success]
2026-07-27T09:17:08.0976362Z   'test-relational.R:207:5' [success]
2026-07-27T09:17:08.1447903Z   'test-relational.R:207:5' [success]
2026-07-27T09:17:08.2080829Z   'test-relational.R:207:5' [success]
2026-07-27T09:17:08.2564278Z   'test-relational.R:207:5' [success]
2026-07-27T09:17:08.3069477Z   'test-relational.R:207:5' [success]
2026-07-27T09:17:08.3576111Z   'test-relational.R:207:5' [success]
2026-07-27T09:17:08.4098253Z   'test-relational.R:207:5' [success]
2026-07-27T09:17:08.4634599Z   'test-relational.R:207:5' [success]
2026-07-27T09:17:08.5138141Z   'test-relational.R:207:5' [success]
2026-07-27T09:17:08.5630039Z   'test-relational.R:218:5' [success]
2026-07-27T09:17:08.6139029Z   'test-relational.R:218:5' [success]
2026-07-27T09:17:08.6677501Z   'test-relational.R:218:5' [success]
2026-07-27T09:17:08.7368427Z   'test-relational.R:218:5' [success]
2026-07-27T09:17:08.7848842Z   'test-relational.R:218:5' [success]
2026-07-27T09:17:08.8341540Z   'test-relational.R:218:5' [success]
2026-07-27T09:17:08.8839502Z   'test-relational.R:218:5' [success]
2026-07-27T09:17:08.9400751Z   'test-relational.R:218:5' [success]
2026-07-27T09:17:08.9937291Z   'test-relational.R:218:5' [success]
2026-07-27T09:17:09.0465905Z   'test-relational.R:218:5' [success]
2026-07-27T09:17:09.0484517Z End test: we can cast R strings to DuckDB strings
2026-07-27T09:17:09.0485264Z 
2026-07-27T09:17:09.0501363Z Start test: the altrep-conversion for relations works
2026-07-27T09:17:09.0630172Z   'test-relational.R:235:3' [success]
2026-07-27T09:17:09.0748314Z   'test-relational.R:237:3' [success]
2026-07-27T09:17:09.0863910Z   'test-relational.R:238:3' [success]
2026-07-27T09:17:09.1125893Z   'test-relational.R:239:3' [success]
2026-07-27T09:17:09.1248506Z   'test-relational.R:240:3' [success]
2026-07-27T09:17:09.1373212Z   'test-relational.R:242:3' [success]
2026-07-27T09:17:09.1538462Z   'test-relational.R:244:3' [success]
2026-07-27T09:17:09.1673795Z   'test-relational.R:248:3' [success]
2026-07-27T09:17:09.1799150Z   'test-relational.R:249:3' [success]
2026-07-27T09:17:09.1819239Z End test: the altrep-conversion for relations works
2026-07-27T09:17:09.1819603Z 
2026-07-27T09:17:09.1835605Z Start test: ALTREP row names are materialized as integer sequence
2026-07-27T09:17:09.1973328Z   'test-relational.R:258:3' [success]
2026-07-27T09:17:09.1992220Z End test: ALTREP row names are materialized as integer sequence
2026-07-27T09:17:09.1992615Z 
2026-07-27T09:17:09.2008625Z Start test: ALTREP row names remain ALTREP after duplication
2026-07-27T09:17:09.2141845Z   'test-relational.R:270:3' [success]
2026-07-27T09:17:09.2269340Z   'test-relational.R:278:3' [success]
2026-07-27T09:17:09.2388738Z   'test-relational.R:281:3' [success]
2026-07-27T09:17:09.2406102Z End test: ALTREP row names remain ALTREP after duplication
2026-07-27T09:17:09.2406511Z 
2026-07-27T09:17:09.2422371Z Start test: Duplicated ALTREP row names stay ALTREP after a value-changing edit
2026-07-27T09:17:09.2754606Z   'test-relational.R:294:3' [success]
2026-07-27T09:17:09.2873942Z   'test-relational.R:296:3' [success]
2026-07-27T09:17:09.2989896Z   'test-relational.R:297:3' [success]
2026-07-27T09:17:09.3007998Z End test: Duplicated ALTREP row names stay ALTREP after a value-changing edit
2026-07-27T09:17:09.3008633Z 
2026-07-27T09:17:09.3025105Z Start test: ALTREP row names survive repeated duplications
2026-07-27T09:17:09.3160875Z   'test-relational.R:314:3' [success]
2026-07-27T09:17:09.3287110Z   'test-relational.R:317:3' [success]
2026-07-27T09:17:09.3403551Z   'test-relational.R:319:3' [success]
2026-07-27T09:17:09.3517533Z   'test-relational.R:320:3' [success]
2026-07-27T09:17:09.3535034Z End test: ALTREP row names survive repeated duplications
2026-07-27T09:17:09.3535435Z 
2026-07-27T09:17:09.3551203Z Start test: ALTREP row names of larger relations remain ALTREP after duplication
2026-07-27T09:17:09.3686053Z   'test-relational.R:333:3' [success]
2026-07-27T09:17:09.3805518Z   'test-relational.R:335:3' [success]
2026-07-27T09:17:09.3824008Z End test: ALTREP row names of larger relations remain ALTREP after duplication
2026-07-27T09:17:09.3824489Z 
2026-07-27T09:17:09.3840944Z Start test: the altrep-conversion for relations work for weirdo types for strict = FALSE
2026-07-27T09:17:09.3979098Z   'test-relational.R:346:3' [success]
2026-07-27T09:17:09.4237551Z   'test-relational.R:347:3' [success]
2026-07-27T09:17:09.4256149Z End test: the altrep-conversion for relations work for weirdo types for strict = FALSE
2026-07-27T09:17:09.4256691Z 
2026-07-27T09:17:09.4272019Z Start test: we can get the relation object back from an altrep df
2026-07-27T09:17:09.4397451Z   'test-relational.R:355:3' [success]
2026-07-27T09:17:09.4415095Z End test: we can get the relation object back from an altrep df
2026-07-27T09:17:09.4415528Z 
2026-07-27T09:17:09.4430626Z Start test: rel_order() sorts NAs last
2026-07-27T09:17:09.4557704Z   'test-relational.R:365:3' [success]
2026-07-27T09:17:09.4730920Z   'test-relational.R:368:3' [success]
2026-07-27T09:17:09.4750259Z End test: rel_order() sorts NAs last
2026-07-27T09:17:09.4750542Z 
2026-07-27T09:17:09.4767267Z Start test: Inner join returns all inner relations
2026-07-27T09:17:09.4938201Z   'test-relational.R:380:3' [success]
2026-07-27T09:17:09.4956933Z End test: Inner join returns all inner relations
2026-07-27T09:17:09.4957303Z 
2026-07-27T09:17:09.4972887Z Start test: Left join returns all left relations
2026-07-27T09:17:09.5139569Z   'test-relational.R:392:3' [success]
2026-07-27T09:17:09.5156980Z End test: Left join returns all left relations
2026-07-27T09:17:09.5157433Z 
2026-07-27T09:17:09.5172537Z Start test: Right join returns all right relations
2026-07-27T09:17:09.5348300Z   'test-relational.R:404:3' [success]
2026-07-27T09:17:09.5365775Z End test: Right join returns all right relations
2026-07-27T09:17:09.5366505Z 
2026-07-27T09:17:09.5381761Z Start test: Full join returns all outer relations
2026-07-27T09:17:09.5558260Z   'test-relational.R:424:3' [success]
2026-07-27T09:17:09.5576823Z End test: Full join returns all outer relations
2026-07-27T09:17:09.5577151Z 
2026-07-27T09:17:09.5593765Z Start test: cross join works
2026-07-27T09:17:09.5822877Z   'test-relational.R:440:3' [success]
2026-07-27T09:17:09.5840658Z End test: cross join works
2026-07-27T09:17:09.5841134Z 
2026-07-27T09:17:09.5965117Z Start test: semi join works
2026-07-27T09:17:09.6143608Z   'test-relational.R:452:3' [success]
2026-07-27T09:17:09.6165697Z End test: semi join works
2026-07-27T09:17:09.6165951Z 
2026-07-27T09:17:09.6181977Z Start test: anti join works
2026-07-27T09:17:09.6340336Z   'test-relational.R:465:3' [success]
2026-07-27T09:17:09.6359199Z End test: anti join works
2026-07-27T09:17:09.6359442Z 
2026-07-27T09:17:09.6375439Z Start test: Union all does not immediately materialize
2026-07-27T09:17:09.6518291Z   'test-relational.R:473:3' [success]
2026-07-27T09:17:09.6663757Z   'test-relational.R:475:3' [success]
2026-07-27T09:17:09.6683482Z End test: Union all does not immediately materialize
2026-07-27T09:17:09.6683841Z 
2026-07-27T09:17:09.6699221Z Start test: Union all has the correct values
2026-07-27T09:17:09.6837324Z   'test-relational.R:484:3' [success]
2026-07-27T09:17:09.7069335Z   'test-relational.R:486:3' [success]
2026-07-27T09:17:09.7193486Z   'test-relational.R:488:3' [success]
2026-07-27T09:17:09.7211273Z End test: Union all has the correct values
2026-07-27T09:17:09.7211580Z 
2026-07-27T09:17:09.7226620Z Start test: Union all keeps duplicates
2026-07-27T09:17:09.7477640Z   'test-relational.R:498:3' [success]
2026-07-27T09:17:09.7602171Z   'test-relational.R:500:3' [success]
2026-07-27T09:17:09.7620774Z End test: Union all keeps duplicates
2026-07-27T09:17:09.7621085Z 
2026-07-27T09:17:09.7636811Z Start test: Inner join returns all inner relations
2026-07-27T09:17:09.7938687Z   'test-relational.R:512:3' [success]
2026-07-27T09:17:09.7957520Z End test: Inner join returns all inner relations
2026-07-27T09:17:09.7958103Z 
2026-07-27T09:17:09.7974743Z Start test: ASOF join works
2026-07-27T09:17:09.8184784Z   'test-relational.R:525:3' [success]
2026-07-27T09:17:09.8203339Z End test: ASOF join works
2026-07-27T09:17:09.8203619Z 
2026-07-27T09:17:09.8219384Z Start test: LEFT ASOF join works
2026-07-27T09:17:09.8427598Z   'test-relational.R:538:3' [success]
2026-07-27T09:17:09.8446094Z End test: LEFT ASOF join works
2026-07-27T09:17:09.8446393Z 
2026-07-27T09:17:09.8462357Z Start test: Positional cross join works
2026-07-27T09:17:09.8621459Z   'test-relational.R:547:3' [success]
2026-07-27T09:17:09.8640163Z End test: Positional cross join works
2026-07-27T09:17:09.8640483Z 
2026-07-27T09:17:09.8655840Z Start test: regular positional join works
2026-07-27T09:17:09.8821600Z   'test-relational.R:558:3' [success]
2026-07-27T09:17:09.8841495Z End test: regular positional join works
2026-07-27T09:17:09.8841856Z 
2026-07-27T09:17:09.8857303Z Start test: Invalid asof join condition throws error
2026-07-27T09:17:09.9062250Z   'test-relational.R:566:3' [success]
2026-07-27T09:17:09.9080931Z End test: Invalid asof join condition throws error
2026-07-27T09:17:09.9081288Z 
2026-07-27T09:17:09.9096956Z Start test: multiple inequality conditions for asof join throws error
2026-07-27T09:17:09.9301066Z   'test-relational.R:576:3' [success]
2026-07-27T09:17:09.9320844Z End test: multiple inequality conditions for asof join throws error
2026-07-27T09:17:09.9321282Z 
2026-07-27T09:17:09.9337095Z Start test: Inequality joins work
2026-07-27T09:17:09.9716056Z   'test-relational.R:590:3' [success]
2026-07-27T09:17:09.9735281Z End test: Inequality joins work
2026-07-27T09:17:09.9735626Z 
2026-07-27T09:17:09.9751928Z Start test: Inequality join works to perform between operation
2026-07-27T09:17:10.0034045Z   'test-relational.R:611:3' [success]
2026-07-27T09:17:10.0052333Z End test: Inequality join works to perform between operation
2026-07-27T09:17:10.0053046Z 
2026-07-27T09:17:10.0069911Z Start test: we can union the same relation to itself
2026-07-27T09:17:10.0212847Z   'test-relational.R:621:3' [success]
2026-07-27T09:17:10.0232960Z End test: we can union the same relation to itself
2026-07-27T09:17:10.0233326Z 
2026-07-27T09:17:10.0249386Z Start test: we throw an error when attempting to union all relations that are not compatible
2026-07-27T09:17:10.0448134Z   'test-relational.R:628:3' [success]
2026-07-27T09:17:10.0465898Z End test: we throw an error when attempting to union all relations that are not compatible
2026-07-27T09:17:10.0466463Z 
2026-07-27T09:17:10.0481093Z Start test: A union with different column types casts to the richer type
2026-07-27T09:17:10.0622873Z   'test-relational.R:637:3' [success]
2026-07-27T09:17:10.0743233Z   'test-relational.R:638:3' [success]
2026-07-27T09:17:10.0868613Z   'test-relational.R:639:3' [success]
2026-07-27T09:17:10.0886704Z End test: A union with different column types casts to the richer type
2026-07-27T09:17:10.0901867Z 
2026-07-27T09:17:10.0902202Z Start test: Set Intersect returns set intersection
2026-07-27T09:17:10.1041801Z   'test-relational.R:648:3' [success]
2026-07-27T09:17:10.1190183Z   'test-relational.R:651:3' [success]
2026-07-27T09:17:10.1208647Z End test: Set Intersect returns set intersection
2026-07-27T09:17:10.1209184Z 
2026-07-27T09:17:10.1224364Z Start test: Set intersect casts columns to the richer type
2026-07-27T09:17:10.1477117Z   'test-relational.R:659:3' [success]
2026-07-27T09:17:10.1598934Z   'test-relational.R:660:3' [success]
2026-07-27T09:17:10.1746157Z   'test-relational.R:666:3' [success]
2026-07-27T09:17:10.1764559Z End test: Set intersect casts columns to the richer type
2026-07-27T09:17:10.1764945Z 
2026-07-27T09:17:10.1780609Z Start test: Set Diff returns the set difference
2026-07-27T09:17:10.1920266Z   'test-relational.R:674:3' [success]
2026-07-27T09:17:10.2069735Z   'test-relational.R:677:3' [success]
2026-07-27T09:17:10.2087476Z End test: Set Diff returns the set difference
2026-07-27T09:17:10.2087916Z 
2026-07-27T09:17:10.2103072Z Start test: Symmetric difference returns the symmetric difference
2026-07-27T09:17:10.2246881Z   'test-relational.R:686:3' [success]
2026-07-27T09:17:10.2489060Z   'test-relational.R:689:3' [success]
2026-07-27T09:17:10.2508506Z End test: Symmetric difference returns the symmetric difference
2026-07-27T09:17:10.2508908Z 
2026-07-27T09:17:10.2526085Z Start test: rel aggregate with no groups but a sum over a column, sums the column
2026-07-27T09:17:10.2674277Z   'test-relational.R:698:3' [success]
2026-07-27T09:17:10.2693866Z End test: rel aggregate with no groups but a sum over a column, sums the column
2026-07-27T09:17:10.2694343Z 
2026-07-27T09:17:10.2711070Z Start test: rel aggregate with groups and aggregate function works
2026-07-27T09:17:10.2917860Z   'test-relational.R:708:3' [success]
2026-07-27T09:17:10.2936536Z End test: rel aggregate with groups and aggregate function works
2026-07-27T09:17:10.2937050Z 
2026-07-27T09:17:10.2952823Z Start test: Window sum expression function test works
2026-07-27T09:17:10.3274290Z   'test-relational.R:721:3' [success]
2026-07-27T09:17:10.3293544Z End test: Window sum expression function test works
2026-07-27T09:17:10.3293929Z 
2026-07-27T09:17:10.3309910Z Start test: Window count function works
2026-07-27T09:17:10.3464440Z   'test-relational.R:733:3' [success]
2026-07-27T09:17:10.3482544Z End test: Window count function works
2026-07-27T09:17:10.3482889Z 
2026-07-27T09:17:10.3498696Z Start test: Window avg function works
2026-07-27T09:17:10.3687958Z   'test-relational.R:746:3' [success]
2026-07-27T09:17:10.3707069Z End test: Window avg function works
2026-07-27T09:17:10.3707633Z 
2026-07-27T09:17:10.3723355Z Start test: Window sum with Partition, order, and window boundaries works
2026-07-27T09:17:10.4023342Z   'test-relational.R:767:3' [success]
2026-07-27T09:17:10.4043247Z End test: Window sum with Partition, order, and window boundaries works
2026-07-27T09:17:10.4044074Z 
2026-07-27T09:17:10.4059559Z Start test: Window boundaries boundaries are CaSe INsenSItive
2026-07-27T09:17:10.4340103Z   'test-relational.R:788:3' [success]
2026-07-27T09:17:10.4359122Z End test: Window boundaries boundaries are CaSe INsenSItive
2026-07-27T09:17:10.4359522Z 
2026-07-27T09:17:10.4375154Z Start test: Window avg with a filter expression and partition works
2026-07-27T09:17:10.4697943Z   'test-relational.R:807:3' [success]
2026-07-27T09:17:10.4716788Z End test: Window avg with a filter expression and partition works
2026-07-27T09:17:10.4717458Z 
2026-07-27T09:17:10.4733499Z Start test: Window lag function works as expected
2026-07-27T09:17:10.5020199Z   'test-relational.R:820:3' [success]
2026-07-27T09:17:10.5039080Z End test: Window lag function works as expected
2026-07-27T09:17:10.5039463Z 
2026-07-27T09:17:10.5055498Z Start test: function name for window is case insensitive
2026-07-27T09:17:10.5328631Z   'test-relational.R:834:3' [success]
2026-07-27T09:17:10.5346902Z End test: function name for window is case insensitive
2026-07-27T09:17:10.5347505Z 
2026-07-27T09:17:10.5363014Z Start test: Window lead function works as expected
2026-07-27T09:17:10.5763211Z   'test-relational.R:847:3' [success]
2026-07-27T09:17:10.5781240Z End test: Window lead function works as expected
2026-07-27T09:17:10.5781610Z 
2026-07-27T09:17:10.5796738Z Start test: Window function with string aggregate works
2026-07-27T09:17:10.6020755Z   'test-relational.R:861:3' [success]
2026-07-27T09:17:10.6038448Z End test: Window function with string aggregate works
2026-07-27T09:17:10.6038926Z 
2026-07-27T09:17:10.6054804Z Start test: You can perform window functions on row_number
2026-07-27T09:17:10.6273992Z   'test-relational.R:874:3' [success]
2026-07-27T09:17:10.6292632Z End test: You can perform window functions on row_number
2026-07-27T09:17:10.6293212Z 
2026-07-27T09:17:10.6307816Z Start test: You can perform the window function min_rank
2026-07-27T09:17:10.6488180Z   'test-relational.R:889:3' [success]
2026-07-27T09:17:10.6506257Z End test: You can perform the window function min_rank
2026-07-27T09:17:10.6506812Z 
2026-07-27T09:17:10.6521563Z Start test: You can perform the window function dense_rank
2026-07-27T09:17:10.6701477Z   'test-relational.R:901:3' [success]
2026-07-27T09:17:10.6726355Z End test: You can perform the window function dense_rank
2026-07-27T09:17:10.6727043Z 
2026-07-27T09:17:10.6736424Z Start test: You can perform the window function cume_dist
2026-07-27T09:17:10.6941371Z   'test-relational.R:914:3' [success]
2026-07-27T09:17:10.6959934Z End test: You can perform the window function cume_dist
2026-07-27T09:17:10.6960398Z 
2026-07-27T09:17:10.6975285Z Start test: You can perform the window function percent rank
2026-07-27T09:17:10.7179456Z   'test-relational.R:927:3' [success]
2026-07-27T09:17:10.7198380Z End test: You can perform the window function percent rank
2026-07-27T09:17:10.7198930Z 
2026-07-27T09:17:10.7214211Z Start test: R semantics for adding NaNs is respected
2026-07-27T09:17:10.7511727Z   'test-relational.R:940:3' [success]
2026-07-27T09:17:10.7537117Z End test: R semantics for adding NaNs is respected
2026-07-27T09:17:10.7537908Z 
2026-07-27T09:17:10.7554631Z Start test: R semantics for arithmetics sum function are respected
2026-07-27T09:17:10.7696578Z   'test-relational.R:948:3' [success]
2026-07-27T09:17:10.7713792Z End test: R semantics for arithmetics sum function are respected
2026-07-27T09:17:10.7714382Z 
2026-07-27T09:17:10.7728488Z Start test: anti joins for eq_na_matches works
2026-07-27T09:17:10.7887716Z   'test-relational.R:958:3' [success]
2026-07-27T09:17:10.7904775Z End test: anti joins for eq_na_matches works
2026-07-27T09:17:10.7905277Z 
2026-07-27T09:17:10.7920195Z Start test: semi joins for eq_na_matches works
2026-07-27T09:17:10.8084903Z   'test-relational.R:968:3' [success]
2026-07-27T09:17:10.8103582Z End test: semi joins for eq_na_matches works
2026-07-27T09:17:10.8104093Z 
2026-07-27T09:17:10.8120326Z Start test: rel_project does not automatically quote upper-case column names
2026-07-27T09:17:10.8256146Z   'test-relational.R:978:3' [success]
2026-07-27T09:17:10.8273805Z End test: rel_project does not automatically quote upper-case column names
2026-07-27T09:17:10.8274386Z 
2026-07-27T09:17:10.8288967Z Start test: rel_tostring()
2026-07-27T09:17:10.8495593Z   'test-relational.R:990:3' [success]
2026-07-27T09:17:10.8701062Z   'test-relational.R:994:3' [success]
2026-07-27T09:17:10.8719090Z End test: rel_tostring()
2026-07-27T09:17:10.8734084Z 
2026-07-27T09:17:10.8734458Z Start test: rel_explain()
2026-07-27T09:17:10.9081413Z   'test-relational.R:1009:3' [success]
2026-07-27T09:17:10.9327721Z   'test-relational.R:1013:3' [success]
2026-07-27T09:17:10.9561097Z   'test-relational.R:1017:3' [success]
2026-07-27T09:17:10.9800640Z   'test-relational.R:1021:3' [success]
2026-07-27T09:17:11.0035163Z   'test-relational.R:1025:3' [success]
2026-07-27T09:17:11.0280352Z   'test-relational.R:1029:3' [success]
2026-07-27T09:17:11.0298874Z End test: rel_explain()
2026-07-27T09:17:11.0299258Z 
2026-07-27T09:17:11.0314344Z Start test: rel_to_sql works for row_number
2026-07-27T09:17:11.0462204Z   'test-relational.R:1048:3' [success]
2026-07-27T09:17:11.0479557Z End test: rel_to_sql works for row_number
2026-07-27T09:17:11.0479975Z 
2026-07-27T09:17:11.0601357Z Start test: rel_from_table_function works
2026-07-27T09:17:11.0756612Z   'test-relational.R:1054:3' [success]
2026-07-27T09:17:11.0775283Z End test: rel_from_table_function works
2026-07-27T09:17:11.0775745Z 
2026-07-27T09:17:11.0790342Z Start test: we don't crash with evaluation errors
2026-07-27T09:17:11.1042347Z   'test-relational.R:1085:3' [success]
2026-07-27T09:17:11.1061166Z End test: we don't crash with evaluation errors
2026-07-27T09:17:11.1061711Z 
2026-07-27T09:17:11.1077383Z Start test: we don't crash with evaluation errors
2026-07-27T09:17:11.1343253Z   'test-relational.R:1116:3' [success]
2026-07-27T09:17:11.1362809Z End test: we don't crash with evaluation errors
2026-07-27T09:17:11.1363336Z 
2026-07-27T09:17:11.1378151Z Start test: Handle zero-length lists (#186)
2026-07-27T09:17:11.1641899Z   'test-relational.R:1122:3' [success]
2026-07-27T09:17:11.1659997Z End test: Handle zero-length lists (#186)
2026-07-27T09:17:11.1660904Z 
2026-07-27T09:17:11.1675158Z Start test: prudence
2026-07-27T09:17:11.2039558Z   'test-relational.R:1150:3' [success]
2026-07-27T09:17:11.2440400Z   'test-relational.R:1155:3' [success]
2026-07-27T09:17:11.2560314Z   'test-relational.R:1160:3' [success]
2026-07-27T09:17:11.2841952Z   'test-relational.R:1163:3' [success]
2026-07-27T09:17:11.2970355Z   'test-relational.R:1168:3' [success]
2026-07-27T09:17:11.3265442Z   'test-relational.R:1171:3' [success]
2026-07-27T09:17:11.3383766Z   'test-relational.R:1176:3' [success]
2026-07-27T09:17:11.3680599Z   'test-relational.R:1179:3' [success]
2026-07-27T09:17:11.4089493Z   'test-relational.R:1184:3' [success]
2026-07-27T09:17:11.4105193Z End test: prudence
2026-07-27T09:17:11.4105512Z 
2026-07-27T09:17:11.4120226Z Start test: rel_to_view()
2026-07-27T09:17:11.4262178Z   'test-relational.R:1194:3' [success]
2026-07-27T09:17:11.4372685Z   'test-relational.R:1195:3' [success]
2026-07-27T09:17:11.4391334Z End test: rel_to_view()
2026-07-27T09:17:11.4391708Z 
2026-07-27T09:17:11.4407486Z Start test: logical
2026-07-27T09:17:11.4543326Z   'test-relational.R:1201:3' [success]
2026-07-27T09:17:11.4675286Z   'test-relational.R:1207:3' [success]
2026-07-27T09:17:11.4849846Z   'test-relational.R:1209:3' [success]
2026-07-27T09:17:11.4868390Z End test: logical
2026-07-27T09:17:11.4868699Z 
2026-07-27T09:17:11.4884406Z Start test: integer
2026-07-27T09:17:11.5016361Z   'test-relational.R:1215:3' [success]
2026-07-27T09:17:11.5147018Z   'test-relational.R:1221:3' [success]
2026-07-27T09:17:11.5449248Z   'test-relational.R:1223:3' [success]
2026-07-27T09:17:11.5467559Z End test: integer
2026-07-27T09:17:11.5467882Z 
2026-07-27T09:17:11.5483055Z Start test: numeric
2026-07-27T09:17:11.5610414Z   'test-relational.R:1229:3' [success]
2026-07-27T09:17:11.5738377Z   'test-relational.R:1235:3' [success]
2026-07-27T09:17:11.5909605Z   'test-relational.R:1237:3' [success]
2026-07-27T09:17:11.5927101Z End test: numeric
2026-07-27T09:17:11.5927585Z 
2026-07-27T09:17:11.5943243Z Start test: list
2026-07-27T09:17:11.6077401Z   'test-relational.R:1246:3' [success]
2026-07-27T09:17:11.6208136Z   'test-relational.R:1250:3' [success]
2026-07-27T09:17:11.6379698Z   'test-relational.R:1252:3' [success]
2026-07-27T09:17:11.6397777Z End test: list
2026-07-27T09:17:11.6398070Z 
2026-07-27T09:17:11.6413977Z Start test: Date
2026-07-27T09:17:11.6560765Z   'test-relational.R:1258:3' [success]
2026-07-27T09:17:11.6710023Z   'test-relational.R:1264:3' [success]
2026-07-27T09:17:11.7026519Z   'test-relational.R:1266:3' [success]
2026-07-27T09:17:11.7043836Z End test: Date
2026-07-27T09:17:11.7044140Z 
2026-07-27T09:17:11.7058900Z Start test: difftime
2026-07-27T09:17:11.7191974Z   'test-relational.R:1272:3' [success]
2026-07-27T09:17:11.7337005Z   'test-relational.R:1278:3' [success]
2026-07-27T09:17:11.7521648Z   'test-relational.R:1280:3' [success]
2026-07-27T09:17:11.7541220Z End test: difftime
2026-07-27T09:17:11.7541542Z 
2026-07-27T09:17:11.7557516Z Start test: factor
2026-07-27T09:17:11.7700302Z   'test-relational.R:1286:3' [success]
2026-07-27T09:17:11.7848746Z   'test-relational.R:1290:3' [success]
2026-07-27T09:17:11.8020228Z   'test-relational.R:1292:3' [success]
2026-07-27T09:17:11.8038315Z End test: factor
2026-07-27T09:17:11.8038613Z 
2026-07-27T09:17:11.8053999Z Start test: data.frame
2026-07-27T09:17:11.8200937Z   'test-relational.R:1301:3' [success]
2026-07-27T09:17:11.8475828Z   'test-relational.R:1305:3' [success]
2026-07-27T09:17:11.8649254Z   'test-relational.R:1307:3' [success]
2026-07-27T09:17:11.8667604Z End test: data.frame
2026-07-27T09:17:11.8668001Z 
2026-07-27T09:17:11.8683017Z Start test: POSIXct
2026-07-27T09:17:11.8817682Z   'test-relational.R:1313:3' [success]
2026-07-27T09:17:11.8964434Z   'test-relational.R:1317:3' [success]
2026-07-27T09:17:11.9136626Z   'test-relational.R:1319:3' [success]
2026-07-27T09:17:11.9269134Z   'test-relational.R:1323:3' [success]
2026-07-27T09:17:11.9452754Z   'test-relational.R:1325:3' [success]
2026-07-27T09:17:11.9590512Z   'test-relational.R:1331:3' [success]
2026-07-27T09:17:12.2430552Z   'test-relational.R:1333:3' [success]
2026-07-27T09:17:12.2450635Z End test: POSIXct
2026-07-27T09:17:12.2450976Z 
2026-07-27T09:17:12.2466964Z Start test: rel_order() supports descending order
2026-07-27T09:17:12.2655543Z   'test-relational.R:1341:3' [success]
2026-07-27T09:17:12.2674305Z End test: rel_order() supports descending order
2026-07-27T09:17:12.2674694Z 
2026-07-27T09:17:12.2690807Z Start test: rel_order() supports nulls_first
2026-07-27T09:17:12.2873089Z   'test-relational.R:1349:3' [success]
2026-07-27T09:17:12.2892291Z End test: rel_order() supports nulls_first
2026-07-27T09:17:12.2892769Z 
2026-07-27T09:17:12.2907414Z Start test: rel_order() nulls_first error checking works
2026-07-27T09:17:12.3060099Z   'test-relational.R:1355:3' [success]
2026-07-27T09:17:12.3078339Z End test: rel_order() nulls_first error checking works
2026-07-27T09:17:12.3078887Z 
2026-07-27T09:17:12.3093822Z Start test: expr_window() supports descending order_bys
2026-07-27T09:17:12.3332775Z   'test-relational.R:1371:3' [success]
2026-07-27T09:17:12.3350675Z End test: expr_window() supports descending order_bys
2026-07-27T09:17:12.3351242Z 
2026-07-27T09:17:12.3365660Z Start test: expr_window() supports nulls_first in order_bys
2026-07-27T09:17:12.3593836Z   'test-relational.R:1388:3' [success]
2026-07-27T09:17:12.3612847Z End test: expr_window() supports nulls_first in order_bys
2026-07-27T09:17:12.3613624Z 
2026-07-27T09:17:12.3628227Z Start test: expr_window() ascending/nulls_first error checking works
2026-07-27T09:17:12.3776746Z   'test-relational.R:1393:3' [success]
2026-07-27T09:17:12.3917914Z   'test-relational.R:1400:3' [success]
2026-07-27T09:17:12.3937553Z End test: expr_window() ascending/nulls_first error checking works
2026-07-27T09:17:12.3938100Z 
2026-07-27T09:17:12.3953044Z Start test: rel_from_sql() works with registered tables
2026-07-27T09:17:12.5886624Z   'test-relational.R:1413:3' [success]
2026-07-27T09:17:12.6010759Z   'test-relational.R:1415:3' [success]
2026-07-27T09:17:12.6127183Z   'test-relational.R:1416:3' [success]
2026-07-27T09:17:12.6188088Z End test: rel_from_sql() works with registered tables
2026-07-27T09:17:12.6188585Z 
2026-07-27T09:17:12.6203269Z Start test: rel_from_sql() surfaces parser errors
2026-07-27T09:17:12.6664367Z   'test-relational.R:1421:3' [success]
2026-07-27T09:17:12.6707428Z End test: rel_from_sql() surfaces parser errors
2026-07-27T09:17:12.6707954Z 
2026-07-27T09:17:12.6723018Z Start test: rel_from_sql() scans data frames from the caller env by default
2026-07-27T09:17:12.7115049Z   'test-relational.R:1429:3' [success]
2026-07-27T09:17:12.7218688Z   'test-relational.R:1430:3' [success]
2026-07-27T09:17:12.7267682Z End test: rel_from_sql() scans data frames from the caller env by default
2026-07-27T09:17:12.7268177Z 
2026-07-27T09:17:12.7283651Z Start test: rel_from_sql() honours an explicit env argument
2026-07-27T09:17:12.7661864Z   'test-relational.R:1440:3' [success]
2026-07-27T09:17:12.7761425Z   'test-relational.R:1441:3' [success]
2026-07-27T09:17:12.7803575Z End test: rel_from_sql() honours an explicit env argument
2026-07-27T09:17:12.7803958Z 
2026-07-27T09:17:12.7820127Z Start test: rel_from_sql() does not scan with environment_scan = FALSE
2026-07-27T09:17:12.9247122Z   'test-relational.R:1448:3' [success]
2026-07-27T09:17:12.9291945Z End test: rel_from_sql() does not scan with environment_scan = FALSE
2026-07-27T09:17:12.9292404Z 
2026-07-27T09:17:12.9307212Z Start test: rel_from_sql() rejects non-environment env
2026-07-27T09:17:12.9785555Z   'test-relational.R:1453:3' [success]
2026-07-27T09:17:12.9841068Z End test: rel_from_sql() rejects non-environment env
2026-07-27T09:17:12.9841446Z 
2026-07-27T09:17:12.9856273Z Start test: rel_from_sql() falls back to the database catalog
2026-07-27T09:17:13.1668538Z   'test-relational.R:1465:3' [success]
2026-07-27T09:17:13.1723273Z End test: rel_from_sql() falls back to the database catalog
2026-07-27T09:17:13.1723677Z 
2026-07-27T09:17:13.1740029Z Start test: rel_from_sql() relations can be materialized after the env is gone
2026-07-27T09:17:13.6664689Z   'test-relational.R:1482:3' [success]
2026-07-27T09:17:13.6778149Z End test: rel_from_sql() relations can be materialized after the env is gone
2026-07-27T09:17:13.6778674Z 
2026-07-27T09:17:13.6793327Z Start test: rel_from_sql() relations can be used in further relational ops
2026-07-27T09:17:13.7268682Z   'test-relational.R:1495:3' [success]
2026-07-27T09:17:13.7313073Z End test: rel_from_sql() relations can be used in further relational ops
2026-07-27T09:17:13.7313526Z 
2026-07-27T09:17:13.7399535Z Start test: r_base::min and r_base::max merge partial states under parallel aggregation
2026-07-27T09:17:13.8024696Z   'test-rfuns-minmax.R:16:3' [success]
2026-07-27T09:17:13.8146828Z   'test-rfuns-minmax.R:17:3' [success]
2026-07-27T09:17:13.8641200Z   'test-rfuns-minmax.R:26:3' [success]
2026-07-27T09:17:13.8762488Z   'test-rfuns-minmax.R:27:3' [success]
2026-07-27T09:17:13.8838097Z End test: r_base::min and r_base::max merge partial states under parallel aggregation
2026-07-27T09:17:13.8838659Z 
2026-07-27T09:17:13.8853770Z Start test: r_base::min and r_base::max propagate NA poisoning across partial states
2026-07-27T09:17:13.9437962Z   'test-rfuns-minmax.R:49:3' [success]
2026-07-27T09:17:13.9560261Z   'test-rfuns-minmax.R:50:3' [success]
2026-07-27T09:17:13.9607947Z End test: r_base::min and r_base::max propagate NA poisoning across partial states
2026-07-27T09:17:13.9608762Z 
2026-07-27T09:17:13.9625288Z Start test: r_base::min and r_base::max merge partial states in window frames
2026-07-27T09:17:14.0235584Z   'test-rfuns-minmax.R:76:3' [success]
2026-07-27T09:17:14.0282846Z End test: r_base::min and r_base::max merge partial states in window frames
2026-07-27T09:17:14.0283319Z 
2026-07-27T09:17:14.0333847Z Start test: mixed-type overloads of r_base functions work
2026-07-27T09:17:14.0794129Z   'test-rfuns-mixed-types.R:20:3' [success]
2026-07-27T09:17:14.0991213Z   'test-rfuns-mixed-types.R:21:3' [success]
2026-07-27T09:17:14.1106445Z   'test-rfuns-mixed-types.R:22:3' [success]
2026-07-27T09:17:14.1224797Z   'test-rfuns-mixed-types.R:23:3' [success]
2026-07-27T09:17:14.1343547Z   'test-rfuns-mixed-types.R:24:3' [success]
2026-07-27T09:17:14.1402946Z End test: mixed-type overloads of r_base functions work
2026-07-27T09:17:14.1403344Z 
2026-07-27T09:17:14.1450946Z Start test: na.rm argument of r_base aggregates is honored in SQL queries
2026-07-27T09:17:14.1881775Z   'test-rfuns-narm.R:16:3' [success]
2026-07-27T09:17:14.2002291Z   'test-rfuns-narm.R:17:3' [success]
2026-07-27T09:17:14.2119467Z   'test-rfuns-narm.R:18:3' [success]
2026-07-27T09:17:14.2237700Z   'test-rfuns-narm.R:19:3' [success]
2026-07-27T09:17:14.2360240Z   'test-rfuns-narm.R:20:3' [success]
2026-07-27T09:17:14.2483095Z   'test-rfuns-narm.R:21:3' [success]
2026-07-27T09:17:14.2541149Z End test: na.rm argument of r_base aggregates is honored in SQL queries
2026-07-27T09:17:14.2541611Z 
2026-07-27T09:17:14.2558283Z Start test: na.rm argument of r_base aggregates must be a constant
2026-07-27T09:17:14.3140988Z   'test-rfuns-narm.R:31:3' [success]
2026-07-27T09:17:14.3496460Z   'test-rfuns-narm.R:35:3' [success]
2026-07-27T09:17:14.3556360Z End test: na.rm argument of r_base aggregates must be a constant
2026-07-27T09:17:14.3556791Z 
2026-07-27T09:17:14.3608804Z Start test: r_base::sum merges partial states under parallel aggregation
2026-07-27T09:17:14.4360101Z   'test-rfuns-sum.R:16:3' [success]
2026-07-27T09:17:14.4480691Z   'test-rfuns-sum.R:17:3' [success]
2026-07-27T09:17:14.4608245Z   'test-rfuns-sum.R:18:3' [success]
2026-07-27T09:17:14.5148358Z   'test-rfuns-sum.R:27:3' [success]
2026-07-27T09:17:14.5205752Z End test: r_base::sum merges partial states under parallel aggregation
2026-07-27T09:17:14.5206229Z 
2026-07-27T09:17:14.5222950Z Start test: r_base::sum propagates NA poisoning across partial states
2026-07-27T09:17:14.5811698Z   'test-rfuns-sum.R:49:3' [success]
2026-07-27T09:17:14.5859910Z End test: r_base::sum propagates NA poisoning across partial states
2026-07-27T09:17:14.5860576Z 
2026-07-27T09:17:14.5874859Z Start test: r_base::sum merges partial states in window frames
2026-07-27T09:17:14.6405586Z   'test-rfuns-sum.R:73:3' [success]
2026-07-27T09:17:14.6449739Z End test: r_base::sum merges partial states in window frames
2026-07-27T09:17:14.6450159Z 
2026-07-27T09:17:14.6495511Z Start test: can load rfuns extension and run functions
2026-07-27T09:17:14.8922034Z   'test-rfuns.R:5:3' [success]
2026-07-27T09:17:14.9124839Z   'test-rfuns.R:9:3' [success]
2026-07-27T09:17:14.9184237Z End test: can load rfuns extension and run functions
2026-07-27T09:17:14.9184609Z 
2026-07-27T09:17:14.9230502Z Start test: Data frame scan is off by default
2026-07-27T09:17:15.0745770Z   'test-scan.R:5:3' [success]
2026-07-27T09:17:15.0799757Z End test: Data frame scan is off by default
2026-07-27T09:17:15.0800169Z 
2026-07-27T09:17:15.0815134Z Start test: Can scan data frames as tables with dbGetQuery()
2026-07-27T09:17:15.1226468Z   'test-scan.R:12:3' [success]
2026-07-27T09:17:15.2466723Z   'test-scan.R:13:3' [success]
2026-07-27T09:17:15.2520648Z End test: Can scan data frames as tables with dbGetQuery()
2026-07-27T09:17:15.2521044Z 
2026-07-27T09:17:15.2535869Z Start test: Can scan data frames as tables with dbSendQuery()
2026-07-27T09:17:15.2942903Z   'test-scan.R:22:3' [success]
2026-07-27T09:17:15.2986776Z End test: Can scan data frames as tables with dbSendQuery()
2026-07-27T09:17:15.2987769Z 
2026-07-27T09:17:15.3002000Z Start test: Data frame scan fetches from the correct environment
2026-07-27T09:17:15.3409057Z   'test-scan.R:35:3' [success]
2026-07-27T09:17:15.3539487Z   'test-scan.R:36:3' [success]
2026-07-27T09:17:15.3589218Z End test: Data frame scan fetches from the correct environment
2026-07-27T09:17:15.3589645Z 
2026-07-27T09:17:15.3603998Z Start test: Function hides data frame
2026-07-27T09:17:15.5179945Z   'test-scan.R:49:3' [success]
2026-07-27T09:17:15.5312516Z   'test-scan.R:50:3' [success]
2026-07-27T09:17:15.5375048Z End test: Function hides data frame
2026-07-27T09:17:15.5375388Z 
2026-07-27T09:17:15.5390130Z Start test: Database tables take precedence
2026-07-27T09:17:15.7184293Z   'test-scan.R:60:3' [success]
2026-07-27T09:17:15.7239363Z End test: Database tables take precedence
2026-07-27T09:17:15.7239702Z 
2026-07-27T09:17:15.7254377Z Start test: Data frames scan survives garbage collection
2026-07-27T09:17:16.2053759Z   'test-scan.R:73:3' [success]
2026-07-27T09:17:16.2162475Z End test: Data frames scan survives garbage collection
2026-07-27T09:17:16.2162845Z 
2026-07-27T09:17:16.2207633Z Start test: disconnect releases database file
2026-07-27T09:17:16.2309750Z   'test-shutdown.R:2:3' [skip]
2026-07-27T09:17:16.2327416Z End test: disconnect releases database file
2026-07-27T09:17:16.2327865Z 
2026-07-27T09:17:16.2371944Z Start test: long-running queries can be cancelled
2026-07-27T09:17:17.1401976Z   'test-signal.R:29:3' [success]
2026-07-27T09:17:17.3640051Z   'test-signal.R:31:3' [success]
2026-07-27T09:17:17.4039310Z   'test-signal.R:34:3' [success]
2026-07-27T09:17:17.4204956Z   'test-signal.R:35:3' [success]
2026-07-27T09:17:17.4362892Z   'test-signal.R:36:3' [success]
2026-07-27T09:17:17.4808508Z   'test-signal.R:38:3' [success]
2026-07-27T09:17:17.5416674Z   'test-signal.R:45:3' [success]
2026-07-27T09:17:17.5440930Z End test: long-running queries can be cancelled
2026-07-27T09:17:17.5441276Z 
2026-07-27T09:17:17.5526138Z Start test: sql_query() executes SELECT statements correctly
2026-07-27T09:17:17.5728182Z   'test-sql.R:5:3' [success]
2026-07-27T09:17:17.5978253Z   'test-sql.R:6:3' [success]
2026-07-27T09:17:17.6119070Z   'test-sql.R:7:3' [success]
2026-07-27T09:17:17.6274795Z   'test-sql.R:8:3' [success]
2026-07-27T09:17:17.6298215Z End test: sql_query() executes SELECT statements correctly
2026-07-27T09:17:17.6298696Z 
2026-07-27T09:17:17.6317385Z Start test: sql_query() works with multiple rows and columns
2026-07-27T09:17:17.6465431Z   'test-sql.R:13:3' [success]
2026-07-27T09:17:17.6598675Z   'test-sql.R:14:3' [success]
2026-07-27T09:17:17.6728195Z   'test-sql.R:15:3' [success]
2026-07-27T09:17:17.6855713Z   'test-sql.R:16:3' [success]
2026-07-27T09:17:17.6973527Z   'test-sql.R:17:3' [success]
2026-07-27T09:17:17.6991626Z End test: sql_query() works with multiple rows and columns
2026-07-27T09:17:17.6991997Z 
2026-07-27T09:17:17.7008237Z Start test: sql_query() can access data frames as tables
2026-07-27T09:17:17.7209868Z   'test-sql.R:25:3' [success]
2026-07-27T09:17:17.7341209Z   'test-sql.R:26:3' [success]
2026-07-27T09:17:17.7473465Z   'test-sql.R:27:3' [success]
2026-07-27T09:17:17.7600254Z   'test-sql.R:28:3' [success]
2026-07-27T09:17:17.7619623Z End test: sql_query() can access data frames as tables
2026-07-27T09:17:17.7619993Z 
2026-07-27T09:17:17.7635364Z Start test: sql_query() works with custom connection
2026-07-27T09:17:17.8144792Z   'test-sql.R:34:3' [success]
2026-07-27T09:17:17.8189098Z End test: sql_query() works with custom connection
2026-07-27T09:17:17.8189463Z 
2026-07-27T09:17:17.8203948Z Start test: sql_query() validates connection
2026-07-27T09:17:17.8795962Z   'test-sql.R:42:3' [success]
2026-07-27T09:17:17.8813828Z End test: sql_query() validates connection
2026-07-27T09:17:17.8814226Z 
2026-07-27T09:17:17.8829651Z Start test: sql_exec() executes DDL statements correctly
2026-07-27T09:17:17.8978603Z   'test-sql.R:51:3' [success]
2026-07-27T09:17:17.9014073Z End test: sql_exec() executes DDL statements correctly
2026-07-27T09:17:17.9014765Z 
2026-07-27T09:17:17.9029582Z Start test: sql_exec() executes INSERT statements correctly
2026-07-27T09:17:17.9190239Z   'test-sql.R:65:3' [success]
2026-07-27T09:17:17.9327637Z   'test-sql.R:69:3' [success]
2026-07-27T09:17:17.9361659Z End test: sql_exec() executes INSERT statements correctly
2026-07-27T09:17:17.9362059Z 
2026-07-27T09:17:17.9376380Z Start test: sql_exec() executes UPDATE statements correctly
2026-07-27T09:17:17.9553139Z   'test-sql.R:84:3' [success]
2026-07-27T09:17:17.9693587Z   'test-sql.R:88:3' [success]
2026-07-27T09:17:17.9725936Z End test: sql_exec() executes UPDATE statements correctly
2026-07-27T09:17:17.9726297Z 
2026-07-27T09:17:17.9741224Z Start test: sql_exec() executes DELETE statements correctly
2026-07-27T09:17:17.9912051Z   'test-sql.R:103:3' [success]
2026-07-27T09:17:18.0043817Z   'test-sql.R:107:3' [success]
2026-07-27T09:17:18.0079577Z End test: sql_exec() executes DELETE statements correctly
2026-07-27T09:17:18.0079969Z 
2026-07-27T09:17:18.0095468Z Start test: sql_exec() works with custom connection
2026-07-27T09:17:18.0564174Z   'test-sql.R:117:3' [success]
2026-07-27T09:17:18.1734711Z   'test-sql.R:128:3' [success]
2026-07-27T09:17:18.1786242Z End test: sql_exec() works with custom connection
2026-07-27T09:17:18.1786572Z 
2026-07-27T09:17:18.1801488Z Start test: sql_exec() validates connection
2026-07-27T09:17:18.2377081Z   'test-sql.R:137:3' [success]
2026-07-27T09:17:18.2392830Z End test: sql_exec() validates connection
2026-07-27T09:17:18.2393312Z 
2026-07-27T09:17:18.2407570Z Start test: default_conn() returns a valid connection
2026-07-27T09:17:18.2506027Z   'test-sql.R:142:3' [success]
2026-07-27T09:17:18.2617756Z   'test-sql.R:143:3' [success]
2026-07-27T09:17:18.2634833Z End test: default_conn() returns a valid connection
2026-07-27T09:17:18.2635223Z 
2026-07-27T09:17:18.2651727Z Start test: default_conn() returns the same connection on multiple calls
2026-07-27T09:17:18.2773503Z   'test-sql.R:149:3' [success]
2026-07-27T09:17:18.2792345Z End test: default_conn() returns the same connection on multiple calls
2026-07-27T09:17:18.2792801Z 
2026-07-27T09:17:18.2808282Z Start test: default_conn() connection has expected properties
2026-07-27T09:17:18.2956395Z   'test-sql.R:157:3' [success]
2026-07-27T09:17:18.3095287Z   'test-sql.R:162:3' [success]
2026-07-27T09:17:18.3114263Z End test: default_conn() connection has expected properties
2026-07-27T09:17:18.3114734Z 
2026-07-27T09:17:18.3131324Z Start test: default_conn() connection uses correct timezone and array settings
2026-07-27T09:17:18.3252223Z   'test-sql.R:171:3' [success]
2026-07-27T09:17:18.3433415Z   'test-sql.R:172:3' [success]
2026-07-27T09:17:18.3546789Z   'test-sql.R:179:5' [success]
2026-07-27T09:17:18.3564390Z End test: default_conn() connection uses correct timezone and array settings
2026-07-27T09:17:18.3564843Z 
2026-07-27T09:17:18.3579656Z Start test: functions work together in realistic scenarios
2026-07-27T09:17:18.3738149Z   'test-sql.R:196:3' [success]
2026-07-27T09:17:18.3927097Z   'test-sql.R:200:3' [success]
2026-07-27T09:17:18.4041667Z   'test-sql.R:201:3' [success]
2026-07-27T09:17:18.4177084Z   'test-sql.R:205:3' [success]
2026-07-27T09:17:18.4207891Z End test: functions work together in realistic scenarios
2026-07-27T09:17:18.4208329Z 
2026-07-27T09:17:18.4223227Z Start test: error handling works correctly
2026-07-27T09:17:18.4929029Z   'test-sql.R:213:3' [failure]
2026-07-27T09:17:18.5132563Z   'test-sql.R:217:3' [success]
2026-07-27T09:17:18.5150529Z End test: error handling works correctly
2026-07-27T09:17:18.5150948Z 
2026-07-27T09:17:18.5204304Z Start test: a secret created in R is visible to the DuckDB CLI
2026-07-27T09:17:18.5330538Z   'test-storage-cli-e2e.R:88:3' [skip]
2026-07-27T09:17:18.5348377Z End test: a secret created in R is visible to the DuckDB CLI
2026-07-27T09:17:18.5348768Z 
2026-07-27T09:17:18.5363100Z Start test: a secret created by the DuckDB CLI is visible to R
2026-07-27T09:17:18.5484909Z   'test-storage-cli-e2e.R:112:3' [skip]
2026-07-27T09:17:18.5502868Z End test: a secret created by the DuckDB CLI is visible to R
2026-07-27T09:17:18.5503244Z 
2026-07-27T09:17:18.5553044Z Start test: a non-interactive connect announces the storage location, unless chosen
2026-07-27T09:17:18.5878857Z   'test-storage-e2e.R:19:3' [success]
2026-07-27T09:17:18.6297183Z   'test-storage-e2e.R:24:3' [success]
2026-07-27T09:17:18.6470920Z End test: a non-interactive connect announces the storage location, unless chosen
2026-07-27T09:17:18.6471751Z 
2026-07-27T09:17:18.6486502Z Start test: an interactive yes announces creation; a no announces the tempdir
2026-07-27T09:17:18.6803650Z   'test-storage-e2e.R:41:3' [success]
2026-07-27T09:17:18.7085104Z   'test-storage-e2e.R:43:3' [success]
2026-07-27T09:17:18.7402997Z   'test-storage-e2e.R:53:3' [success]
2026-07-27T09:17:18.7583026Z End test: an interactive yes announces creation; a no announces the tempdir
2026-07-27T09:17:18.7583567Z 
2026-07-27T09:17:18.7597856Z Start test: a persistent secret is written under the configured home
2026-07-27T09:17:18.8015637Z   'test-storage-e2e.R:72:3' [success]
2026-07-27T09:17:18.8131152Z   'test-storage-e2e.R:73:3' [success]
2026-07-27T09:17:18.8184523Z End test: a persistent secret is written under the configured home
2026-07-27T09:17:18.8185206Z 
2026-07-27T09:17:18.8270563Z Start test: the httpfs extension installs and loads under the configured home
2026-07-27T09:17:19.3260219Z   'test-storage-e2e.R:99:9' [skip]
2026-07-27T09:17:19.3283493Z End test: the httpfs extension installs and loads under the configured home
2026-07-27T09:17:19.3283954Z 
2026-07-27T09:17:19.3349541Z Start test: resolve_storage_home honors argument, then option, then env
2026-07-27T09:17:19.3476074Z   'test-storage-home.R:5:3' [success]
2026-07-27T09:17:19.3606221Z   'test-storage-home.R:13:3' [success]
2026-07-27T09:17:19.3724236Z   'test-storage-home.R:19:3' [success]
2026-07-27T09:17:19.3742977Z End test: resolve_storage_home honors argument, then option, then env
2026-07-27T09:17:19.3743417Z 
2026-07-27T09:17:19.3759756Z Start test: resolve_storage_home uses an existing ~/.duckdb
2026-07-27T09:17:19.3887707Z   'test-storage-home.R:30:3' [success]
2026-07-27T09:17:19.3908268Z End test: resolve_storage_home uses an existing ~/.duckdb
2026-07-27T09:17:19.3908688Z 
2026-07-27T09:17:19.3925116Z Start test: resolve_storage_home falls back to a session tempdir non-interactively
2026-07-27T09:17:19.4057472Z   'test-storage-home.R:43:3' [success]
2026-07-27T09:17:19.4079558Z End test: resolve_storage_home falls back to a session tempdir non-interactively
2026-07-27T09:17:19.4080061Z 
2026-07-27T09:17:19.4096046Z Start test: an interactive yes creates and uses ~/.duckdb
2026-07-27T09:17:19.4258193Z   'test-storage-home.R:59:3' [success]
2026-07-27T09:17:19.4380979Z   'test-storage-home.R:60:3' [success]
2026-07-27T09:17:19.4500083Z   'test-storage-home.R:61:3' [success]
2026-07-27T09:17:19.4523110Z End test: an interactive yes creates and uses ~/.duckdb
2026-07-27T09:17:19.4523508Z 
2026-07-27T09:17:19.4540293Z Start test: an interactive no uses tempdir and is not re-asked this session
2026-07-27T09:17:19.4767749Z   'test-storage-home.R:78:3' [success]
2026-07-27T09:17:19.4882787Z   'test-storage-home.R:80:3' [success]
2026-07-27T09:17:19.5000380Z   'test-storage-home.R:81:3' [success]
2026-07-27T09:17:19.5117533Z   'test-storage-home.R:82:3' [success]
2026-07-27T09:17:19.5138285Z End test: an interactive no uses tempdir and is not re-asked this session
2026-07-27T09:17:19.5138790Z 
2026-07-27T09:17:19.5154654Z Start test: describe_storage_home is read-only: no prompt, no creation
2026-07-27T09:17:19.5283380Z   'test-storage-home.R:94:3' [success]
2026-07-27T09:17:19.5409522Z   'test-storage-home.R:98:3' [success]
2026-07-27T09:17:19.5431669Z End test: describe_storage_home is read-only: no prompt, no creation
2026-07-27T09:17:19.5432090Z 
2026-07-27T09:17:19.5447617Z Start test: resolve_storage_home rejects a malformed home argument
2026-07-27T09:17:19.5600119Z   'test-storage-home.R:102:3' [success]
2026-07-27T09:17:19.5754744Z   'test-storage-home.R:103:3' [success]
2026-07-27T09:17:19.5905229Z   'test-storage-home.R:104:3' [success]
2026-07-27T09:17:19.5924152Z End test: resolve_storage_home rejects a malformed home argument
2026-07-27T09:17:19.5924814Z 
2026-07-27T09:17:19.5941607Z Start test: shared_home = TRUE opts into ~/.duckdb, creating it, without prompting
2026-07-27T09:17:19.6077941Z   'test-storage-home.R:116:3' [success]
2026-07-27T09:17:19.6203867Z   'test-storage-home.R:117:3' [success]
2026-07-27T09:17:19.6295373Z End test: shared_home = TRUE opts into ~/.duckdb, creating it, without prompting
2026-07-27T09:17:19.6295898Z 
2026-07-27T09:17:19.6311954Z Start test: shared_home = FALSE forces tempdir even when ~/.duckdb exists
2026-07-27T09:17:19.6441789Z   'test-storage-home.R:129:3' [success]
2026-07-27T09:17:19.6463172Z End test: shared_home = FALSE forces tempdir even when ~/.duckdb exists
2026-07-27T09:17:19.6463598Z 
2026-07-27T09:17:19.6478985Z Start test: duckdb() rejects home combined with shared_home, and bad shared_home
2026-07-27T09:17:19.6632247Z   'test-storage-home.R:136:3' [success]
2026-07-27T09:17:19.6783476Z   'test-storage-home.R:137:3' [success]
2026-07-27T09:17:19.6932486Z   'test-storage-home.R:138:3' [success]
2026-07-27T09:17:19.7080914Z   'test-storage-home.R:139:3' [success]
2026-07-27T09:17:19.7100412Z End test: duckdb() rejects home combined with shared_home, and bad shared_home
2026-07-27T09:17:19.7100931Z 
2026-07-27T09:17:19.7117580Z Start test: a cancelled prompt (NA) aborts with the storage-location message
2026-07-27T09:17:19.7278211Z   'test-storage-home.R:153:3' [success]
2026-07-27T09:17:19.7406821Z   'test-storage-home.R:154:3' [success]
2026-07-27T09:17:19.7429438Z End test: a cancelled prompt (NA) aborts with the storage-location message
2026-07-27T09:17:19.7429913Z 
2026-07-27T09:17:19.7446427Z Start test: an explicit no proceeds with a tempdir, no error
2026-07-27T09:17:19.7586995Z   'test-storage-home.R:167:3' [success]
2026-07-27T09:17:19.7715128Z   'test-storage-home.R:168:3' [success]
2026-07-27T09:17:19.7736678Z End test: an explicit no proceeds with a tempdir, no error
2026-07-27T09:17:19.7737085Z 
2026-07-27T09:17:19.7753302Z Start test: resolve_temp_directory redirects in-memory only, honors override
2026-07-27T09:17:19.7884274Z   'test-storage-home.R:173:3' [success]
2026-07-27T09:17:19.8073827Z   'test-storage-home.R:177:3' [success]
2026-07-27T09:17:19.8196311Z   'test-storage-home.R:183:3' [success]
2026-07-27T09:17:19.8318223Z   'test-storage-home.R:187:3' [success]
2026-07-27T09:17:19.8339447Z End test: resolve_temp_directory redirects in-memory only, honors override
2026-07-27T09:17:19.8340051Z 
2026-07-27T09:17:19.8355354Z Start test: storage-location message: tempdir wording
2026-07-27T09:17:19.8512237Z   'test-storage-home.R:197:3' [success]
2026-07-27T09:17:19.8531028Z End test: storage-location message: tempdir wording
2026-07-27T09:17:19.8531445Z 
2026-07-27T09:17:19.8547094Z Start test: storage-location message: ~/.duckdb wording mentions shared_home = FALSE
2026-07-27T09:17:19.8702294Z   'test-storage-home.R:207:3' [success]
2026-07-27T09:17:19.8721246Z End test: storage-location message: ~/.duckdb wording mentions shared_home = FALSE
2026-07-27T09:17:19.8721711Z 
2026-07-27T09:17:19.8736696Z Start test: non-interactive reminder is bounded by a count, interactive by time
2026-07-27T09:17:19.8886133Z   'test-storage-home.R:219:3' [success]
2026-07-27T09:17:19.8995834Z   'test-storage-home.R:220:3' [success]
2026-07-27T09:17:19.9160650Z   'test-storage-home.R:226:3' [success]
2026-07-27T09:17:19.9269854Z   'test-storage-home.R:227:3' [success]
2026-07-27T09:17:19.9290308Z End test: non-interactive reminder is bounded by a count, interactive by time
2026-07-27T09:17:19.9290753Z 
2026-07-27T09:17:19.9306067Z Start test: inform_once_every throttles within the interval (mocked clock)
2026-07-27T09:17:19.9321352Z x
2026-07-27T09:17:19.9434339Z   'test-storage-home.R:233:3' [success]
2026-07-27T09:17:19.9622647Z   'test-storage-home.R:234:3' [success]
2026-07-27T09:17:19.9635255Z x
2026-07-27T09:17:19.9751194Z   'test-storage-home.R:236:3' [success]
2026-07-27T09:17:19.9771370Z End test: inform_once_every throttles within the interval (mocked clock)
2026-07-27T09:17:19.9771772Z 
2026-07-27T09:17:19.9787141Z Start test: inform_up_to emits up to max times, notes the last, then goes silent
2026-07-27T09:17:19.9940643Z   'test-storage-home.R:241:3' [success]
2026-07-27T09:17:20.0096705Z   'test-storage-home.R:242:3' [success]
2026-07-27T09:17:20.0208554Z   'test-storage-home.R:243:3' [success]
2026-07-27T09:17:20.0228030Z End test: inform_up_to emits up to max times, notes the last, then goes silent
2026-07-27T09:17:20.0228849Z 
2026-07-27T09:17:20.0244216Z Start test: storage message wording is stable
2026-07-27T09:17:20.0763447Z   'test-storage-home.R:253:3' [success]
2026-07-27T09:17:20.0782032Z End test: storage message wording is stable
2026-07-27T09:17:20.0782452Z 
2026-07-27T09:17:20.0798644Z Start test: a cancelled prompt aborts with a stable error
2026-07-27T09:17:20.1069920Z   'test-storage-home.R:274:3' [success]
2026-07-27T09:17:20.1091211Z End test: a cancelled prompt aborts with a stable error
2026-07-27T09:17:20.1091587Z 
2026-07-27T09:17:20.1144613Z Start test: mark/read of the session choice flag round-trips
2026-07-27T09:17:20.1329830Z   'test-storage-message-once.R:6:3' [success]
2026-07-27T09:17:20.1448985Z   'test-storage-message-once.R:8:3' [success]
2026-07-27T09:17:20.1467530Z End test: mark/read of the session choice flag round-trips
2026-07-27T09:17:20.1468005Z 
2026-07-27T09:17:20.1483146Z Start test: an explicit shared_home choice silences a later bare duckdb()
2026-07-27T09:17:20.1768175Z   'test-storage-message-once.R:23:3' [success]
2026-07-27T09:17:20.2198529Z   'test-storage-message-once.R:29:3' [success]
2026-07-27T09:17:20.2382458Z End test: an explicit shared_home choice silences a later bare duckdb()
2026-07-27T09:17:20.2382947Z 
2026-07-27T09:17:20.2397532Z Start test: reusing a cached on-disk driver does not record a storage choice
2026-07-27T09:17:20.2467062Z duckdb keeps downloaded extensions and secrets in a temporary directory:
2026-07-27T09:17:20.2467985Z i /tmp/Rtmp5ird8J/duckdb
2026-07-27T09:17:20.2468383Z This is removed when the R session ends.
2026-07-27T09:17:20.2468857Z * Extensions are re-downloaded each session.
2026-07-27T09:17:20.2469260Z * Secrets are lost.
2026-07-27T09:17:20.2469903Z i Run duckdb(shared_home = TRUE) (or create ~/.duckdb) to keep them (suitable for most users).
2026-07-27T09:17:20.2470878Z i Run duckdb(shared_home = FALSE) to accept the temporary directory (and silence this message).
2026-07-27T09:17:20.2471963Z i See ?duckdb_storage for details and alternatives.
2026-07-27T09:17:20.2747450Z   'test-storage-message-once.R:52:3' [success]
2026-07-27T09:17:20.2869433Z   'test-storage-message-once.R:53:3' [success]
2026-07-27T09:17:20.3364086Z   'test-storage-message-once.R:59:3' [success]
2026-07-27T09:17:20.3546641Z End test: reusing a cached on-disk driver does not record a storage choice
2026-07-27T09:17:20.3547658Z 
2026-07-27T09:17:20.3562377Z Start test: without a prior choice, a bare duckdb() still announces
2026-07-27T09:17:20.3889242Z   'test-storage-message-once.R:79:3' [success]
2026-07-27T09:17:20.4083517Z End test: without a prior choice, a bare duckdb() still announces
2026-07-27T09:17:20.4083975Z 
2026-07-27T09:17:20.4131823Z Start test: default_user_directory routes through the R_user_dir seam
2026-07-27T09:17:20.4260364Z   'test-storage-seams.R:6:3' [success]
2026-07-27T09:17:20.4279900Z End test: default_user_directory routes through the R_user_dir seam
2026-07-27T09:17:20.4280480Z 
2026-07-27T09:17:20.4295514Z Start test: check_dots_empty0 rejects non-empty dots
2026-07-27T09:17:20.4487706Z   'test-storage-seams.R:14:3' [success]
2026-07-27T09:17:20.4775667Z   'test-storage-seams.R:15:3' [success]
2026-07-27T09:17:20.4794565Z End test: check_dots_empty0 rejects non-empty dots
2026-07-27T09:17:20.4795128Z 
2026-07-27T09:17:20.4841292Z Start test: the secret store follows the home option
2026-07-27T09:17:20.4966740Z   'test-storage-secret.R:6:3' [success]
2026-07-27T09:17:20.4985879Z End test: the secret store follows the home option
2026-07-27T09:17:20.4986420Z 
2026-07-27T09:17:20.5001243Z Start test: the secret store follows the DUCKDB_R_HOME environment variable
2026-07-27T09:17:20.5123273Z   'test-storage-secret.R:15:3' [success]
2026-07-27T09:17:20.5142701Z End test: the secret store follows the DUCKDB_R_HOME environment variable
2026-07-27T09:17:20.5143488Z 
2026-07-27T09:17:20.5158112Z Start test: the secret store defaults under the session tempdir
2026-07-27T09:17:20.5286937Z   'test-storage-secret.R:28:3' [success]
2026-07-27T09:17:20.5307296Z End test: the secret store defaults under the session tempdir
2026-07-27T09:17:20.5308003Z 
2026-07-27T09:17:20.5353623Z Start test: duckdb_home_directory follows HOME on non-Windows
2026-07-27T09:17:20.5483269Z   'test-storage-shared-home.R:10:3' [success]
2026-07-27T09:17:20.5503545Z End test: duckdb_home_directory follows HOME on non-Windows
2026-07-27T09:17:20.5504127Z 
2026-07-27T09:17:20.5519304Z Start test: duckdb_home_directory follows USERPROFILE on Windows
2026-07-27T09:17:20.5644959Z   'test-storage-shared-home.R:20:3' [success]
2026-07-27T09:17:20.5665493Z End test: duckdb_home_directory follows USERPROFILE on Windows
2026-07-27T09:17:20.5666049Z 
2026-07-27T09:17:20.5680907Z Start test: duckdb_home_directory falls back to path.expand when the env var is unset
2026-07-27T09:17:20.5809566Z   'test-storage-shared-home.R:27:3' [success]
2026-07-27T09:17:20.5830461Z End test: duckdb_home_directory falls back to path.expand when the env var is unset
2026-07-27T09:17:20.5831032Z 
2026-07-27T09:17:20.5845423Z Start test: duckdb_shared_home appends .duckdb to the home directory
2026-07-27T09:17:20.5974481Z   'test-storage-shared-home.R:32:3' [success]
2026-07-27T09:17:20.5994848Z End test: duckdb_shared_home appends .duckdb to the home directory
2026-07-27T09:17:20.5995370Z 
2026-07-27T09:17:20.6010715Z Start test: duckdb_shared_home does not use the Windows Documents folder
2026-07-27T09:17:20.6208306Z   'test-storage-shared-home.R:40:3' [success]
2026-07-27T09:17:20.6228066Z End test: duckdb_shared_home does not use the Windows Documents folder
2026-07-27T09:17:20.6228852Z 
2026-07-27T09:17:20.6276660Z Start test: duckdb_storage_status reports the per-session default
2026-07-27T09:17:20.6390811Z   'test-storage-status.R:15:3' [success]
2026-07-27T09:17:20.6509722Z   'test-storage-status.R:16:3' [success]
2026-07-27T09:17:20.6628677Z   'test-storage-status.R:17:3' [success]
2026-07-27T09:17:20.6748642Z   'test-storage-status.R:18:3' [success]
2026-07-27T09:17:20.6868384Z   'test-storage-status.R:19:3' [success]
2026-07-27T09:17:20.6887759Z End test: duckdb_storage_status reports the per-session default
2026-07-27T09:17:20.6888507Z 
2026-07-27T09:17:20.6903261Z Start test: duckdb_storage_status reports an option override
2026-07-27T09:17:20.7027133Z   'test-storage-status.R:29:3' [success]
2026-07-27T09:17:20.7148698Z   'test-storage-status.R:30:3' [success]
2026-07-27T09:17:20.7167955Z End test: duckdb_storage_status reports an option override
2026-07-27T09:17:20.7168654Z 
2026-07-27T09:17:20.7183402Z Start test: duckdb_storage_status reports an existing ~/.duckdb
2026-07-27T09:17:20.7317852Z   'test-storage-status.R:41:3' [success]
2026-07-27T09:17:20.7443767Z   'test-storage-status.R:42:3' [success]
2026-07-27T09:17:20.7464854Z End test: duckdb_storage_status reports an existing ~/.duckdb
2026-07-27T09:17:20.7465446Z 
2026-07-27T09:17:20.7481285Z Start test: duckdb_storage_status returns a visible frame with no side effects
2026-07-27T09:17:20.7621468Z   'test-storage-status.R:52:3' [success]
2026-07-27T09:17:20.7801276Z   'test-storage-status.R:53:3' [success]
2026-07-27T09:17:20.7822923Z End test: duckdb_storage_status returns a visible frame with no side effects
2026-07-27T09:17:20.7823585Z 
2026-07-27T09:17:20.7839006Z Start test: duckdb_storage_status prints a readable summary
2026-07-27T09:17:20.8032525Z   'test-storage-status.R:62:3' [success]
2026-07-27T09:17:20.8053938Z End test: duckdb_storage_status prints a readable summary
2026-07-27T09:17:20.8054662Z 
2026-07-27T09:17:20.8116074Z Start test: structs can be read
2026-07-27T09:17:20.8182297Z duckdb is storing downloaded extensions and secrets under ~/.duckdb:
2026-07-27T09:17:20.8183193Z i /home/runner/.duckdb
2026-07-27T09:17:20.8183936Z This persists across sessions and is shared with the DuckDB CLI and other clients.
2026-07-27T09:17:20.8185243Z i Run duckdb(shared_home = FALSE) to use a temporary directory instead.
2026-07-27T09:17:20.8186038Z i See ?duckdb_storage for details and alternatives.
2026-07-27T09:17:20.8544246Z   'test-struct.R:7:3' [success]
2026-07-27T09:17:20.8682748Z   'test-struct.R:12:3' [success]
2026-07-27T09:17:20.8826805Z   'test-struct.R:18:3' [success]
2026-07-27T09:17:20.8973100Z   'test-struct.R:24:3' [success]
2026-07-27T09:17:20.9124172Z   'test-struct.R:33:3' [success]
2026-07-27T09:17:20.9279682Z   'test-struct.R:41:3' [success]
2026-07-27T09:17:20.9331863Z End test: structs can be read
2026-07-27T09:17:20.9332264Z 
2026-07-27T09:17:20.9347722Z Start test: structs give the same results via Arrow
2026-07-27T09:17:20.9429686Z duckdb is storing downloaded extensions and secrets under ~/.duckdb:
2026-07-27T09:17:20.9430364Z i /home/runner/.duckdb
2026-07-27T09:17:20.9430981Z This persists across sessions and is shared with the DuckDB CLI and other clients.
2026-07-27T09:17:20.9431826Z i Run duckdb(shared_home = FALSE) to use a temporary directory instead.
2026-07-27T09:17:20.9432450Z i See ?duckdb_storage for details and alternatives.
2026-07-27T09:17:20.9843685Z   'test-struct.R:59:3' [success]
2026-07-27T09:17:21.0215832Z   'test-struct.R:64:3' [success]
2026-07-27T09:17:21.0395224Z   'test-struct.R:70:3' [success]
2026-07-27T09:17:21.0580573Z   'test-struct.R:76:3' [success]
2026-07-27T09:17:21.0767764Z   'test-struct.R:85:3' [success]
2026-07-27T09:17:21.0971200Z   'test-struct.R:97:3' [success]
2026-07-27T09:17:21.1080589Z End test: structs give the same results via Arrow
2026-07-27T09:17:21.1081037Z 
2026-07-27T09:17:21.1096190Z Start test: nested lists of atomic values can be written
2026-07-27T09:17:21.1205512Z   'test-struct.R:111:3' [skip]
2026-07-27T09:17:21.1224585Z End test: nested lists of atomic values can be written
2026-07-27T09:17:21.1225143Z 
2026-07-27T09:17:21.1240536Z Start test: nested and packed columns work in full
2026-07-27T09:17:21.1350785Z   'test-struct.R:130:3' [skip]
2026-07-27T09:17:21.1371495Z End test: nested and packed columns work in full
2026-07-27T09:17:21.1372015Z 
2026-07-27T09:17:21.1389077Z Start test: packed columns work with ALTREP
2026-07-27T09:17:21.1454505Z duckdb is storing downloaded extensions and secrets under ~/.duckdb:
2026-07-27T09:17:21.1455237Z i /home/runner/.duckdb
2026-07-27T09:17:21.1455853Z This persists across sessions and is shared with the DuckDB CLI and other clients.
2026-07-27T09:17:21.1456669Z i Run duckdb(shared_home = FALSE) to use a temporary directory instead.
2026-07-27T09:17:21.1457697Z i See ?duckdb_storage for details and alternatives.
2026-07-27T09:17:21.1840705Z   'test-struct.R:234:3' [success]
2026-07-27T09:17:21.1885221Z End test: packed columns work with ALTREP
2026-07-27T09:17:21.1885655Z 
2026-07-27T09:17:21.1901519Z Start test: nested columns work with ALTREP
2026-07-27T09:17:21.1966140Z duckdb is storing downloaded extensions and secrets under ~/.duckdb:
2026-07-27T09:17:21.1966864Z i /home/runner/.duckdb
2026-07-27T09:17:21.1967950Z This persists across sessions and is shared with the DuckDB CLI and other clients.
2026-07-27T09:17:21.1968843Z i Run duckdb(shared_home = FALSE) to use a temporary directory instead.
2026-07-27T09:17:21.1969531Z i See ?duckdb_storage for details and alternatives.
2026-07-27T09:17:21.2437475Z   'test-struct.R:321:3' [success]
2026-07-27T09:17:21.2486835Z End test: nested columns work with ALTREP
2026-07-27T09:17:21.2487578Z 
2026-07-27T09:17:21.2560325Z Start test: Parquet files can be registered with dplyr::tbl()
2026-07-27T09:17:21.2691587Z   'test-tbl__duckdb_connection.R:8:3' [skip]
2026-07-27T09:17:21.2714896Z End test: Parquet files can be registered with dplyr::tbl()
2026-07-27T09:17:21.2715494Z 
2026-07-27T09:17:21.2733487Z Start test: Parquet files can be registered with tbl_file() and tbl_function()
2026-07-27T09:17:21.2804518Z duckdb is storing downloaded extensions and secrets under ~/.duckdb:
2026-07-27T09:17:21.2805384Z i /home/runner/.duckdb
2026-07-27T09:17:21.2806472Z This persists across sessions and is shared with the DuckDB CLI and other clients.
2026-07-27T09:17:21.2807888Z i Run duckdb(shared_home = FALSE) to use a temporary directory instead.
2026-07-27T09:17:21.2808678Z i See ?duckdb_storage for details and alternatives.
2026-07-27T09:17:21.3306731Z   'test-tbl__duckdb_connection.R:36:3' [success]
2026-07-27T09:17:21.3595977Z   'test-tbl__duckdb_connection.R:37:3' [success]
2026-07-27T09:17:21.3788087Z   'test-tbl__duckdb_connection.R:40:3' [success]
2026-07-27T09:17:21.4069481Z   'test-tbl__duckdb_connection.R:41:3' [success]
2026-07-27T09:17:21.4258246Z   'test-tbl__duckdb_connection.R:44:3' [success]
2026-07-27T09:17:21.4535870Z   'test-tbl__duckdb_connection.R:45:3' [success]
2026-07-27T09:17:21.4725324Z   'test-tbl__duckdb_connection.R:48:3' [success]
2026-07-27T09:17:21.5003776Z   'test-tbl__duckdb_connection.R:49:3' [success]
2026-07-27T09:17:21.5063625Z End test: Parquet files can be registered with tbl_file() and tbl_function()
2026-07-27T09:17:21.5064113Z 
2026-07-27T09:17:21.5149441Z Start test: Object cache can be enabled for parquet files with dplyr::tbl()
2026-07-27T09:17:21.5273741Z   'test-tbl__duckdb_connection.R:56:3' [skip]
2026-07-27T09:17:21.5292859Z End test: Object cache can be enabled for parquet files with dplyr::tbl()
2026-07-27T09:17:21.5293276Z 
2026-07-27T09:17:21.5307897Z Start test: Object cache can be enabled for parquet files with tbl_file() and tbl_function()
2026-07-27T09:17:21.5420128Z   'test-tbl__duckdb_connection.R:71:3' [skip]
2026-07-27T09:17:21.5439844Z End test: Object cache can be enabled for parquet files with tbl_file() and tbl_function()
2026-07-27T09:17:21.5440414Z 
2026-07-27T09:17:21.5455607Z Start test: CSV files can be registered with dplyr::tbl()
2026-07-27T09:17:21.5565480Z   'test-tbl__duckdb_connection.R:85:3' [skip]
2026-07-27T09:17:21.5586112Z End test: CSV files can be registered with dplyr::tbl()
2026-07-27T09:17:21.5586489Z 
2026-07-27T09:17:21.5603002Z Start test: CSV files can be registered with tbl_file() and tbl_function()
2026-07-27T09:17:21.5687036Z duckdb is storing downloaded extensions and secrets under ~/.duckdb:
2026-07-27T09:17:21.5688314Z i /home/runner/.duckdb
2026-07-27T09:17:21.5689581Z This persists across sessions and is shared with the DuckDB CLI and other clients.
2026-07-27T09:17:21.5690703Z i Run duckdb(shared_home = FALSE) to use a temporary directory instead.
2026-07-27T09:17:21.5691563Z i See ?duckdb_storage for details and alternatives.
2026-07-27T09:17:21.6166042Z   'test-tbl__duckdb_connection.R:114:3' [success]
2026-07-27T09:17:21.6472454Z   'test-tbl__duckdb_connection.R:115:3' [success]
2026-07-27T09:17:21.6694509Z   'test-tbl__duckdb_connection.R:118:3' [success]
2026-07-27T09:17:21.7014308Z   'test-tbl__duckdb_connection.R:119:3' [success]
2026-07-27T09:17:21.7074316Z End test: CSV files can be registered with tbl_file() and tbl_function()
2026-07-27T09:17:21.7074771Z 
2026-07-27T09:17:21.7090238Z Start test: Files use the default connection
2026-07-27T09:17:21.7365952Z   'test-tbl__duckdb_connection.R:131:3' [success]
2026-07-27T09:17:21.7771242Z   'test-tbl__duckdb_connection.R:132:3' [success]
2026-07-27T09:17:21.7790984Z End test: Files use the default connection
2026-07-27T09:17:21.7791488Z 
2026-07-27T09:17:21.7806727Z Start test: Other replacement scans or functions can be registered with dplyr::tbl()
2026-07-27T09:17:21.7912242Z   'test-tbl__duckdb_connection.R:137:3' [skip]
2026-07-27T09:17:21.7932187Z End test: Other replacement scans or functions can be registered with dplyr::tbl()
2026-07-27T09:17:21.7932709Z 
2026-07-27T09:17:21.7947538Z Start test: Other replacement scans or functions can be registered with tbl_function()
2026-07-27T09:17:21.8014797Z duckdb is storing downloaded extensions and secrets under ~/.duckdb:
2026-07-27T09:17:21.8022716Z i /home/runner/.duckdb
2026-07-27T09:17:21.8023441Z This persists across sessions and is shared with the DuckDB CLI and other clients.
2026-07-27T09:17:21.8024248Z i Run duckdb(shared_home = FALSE) to use a temporary directory instead.
2026-07-27T09:17:21.8025154Z i See ?duckdb_storage for details and alternatives.
2026-07-27T09:17:21.8431315Z   'test-tbl__duckdb_connection.R:153:3' [success]
2026-07-27T09:17:21.8776949Z   'test-tbl__duckdb_connection.R:154:3' [success]
2026-07-27T09:17:21.8817806Z End test: Other replacement scans or functions can be registered with tbl_function()
2026-07-27T09:17:21.8818362Z 
2026-07-27T09:17:21.8832653Z Start test: Strings tagged as SQL will be handled correctly with dplyr::tbl()
2026-07-27T09:17:21.8900119Z duckdb is storing downloaded extensions and secrets under ~/.duckdb:
2026-07-27T09:17:21.8900820Z i /home/runner/.duckdb
2026-07-27T09:17:21.8901434Z This persists across sessions and is shared with the DuckDB CLI and other clients.
2026-07-27T09:17:21.8902237Z i Run duckdb(shared_home = FALSE) to use a temporary directory instead.
2026-07-27T09:17:21.8902855Z i See ?duckdb_storage for details and alternatives.
2026-07-27T09:17:21.9289730Z   'test-tbl__duckdb_connection.R:164:3' [success]
2026-07-27T09:17:21.9454952Z   'test-tbl__duckdb_connection.R:165:3' [success]
2026-07-27T09:17:21.9504482Z End test: Strings tagged as SQL will be handled correctly with dplyr::tbl()
2026-07-27T09:17:21.9504998Z 
2026-07-27T09:17:21.9519680Z Start test: tbl_file() errors on erroneous paths and unapplicable wildcard use
2026-07-27T09:17:21.9585289Z duckdb is storing downloaded extensions and secrets under ~/.duckdb:
2026-07-27T09:17:21.9585954Z i /home/runner/.duckdb
2026-07-27T09:17:21.9586551Z This persists across sessions and is shared with the DuckDB CLI and other clients.
2026-07-27T09:17:21.9587617Z i Run duckdb(shared_home = FALSE) to use a temporary directory instead.
2026-07-27T09:17:21.9588249Z i See ?duckdb_storage for details and alternatives.
2026-07-27T09:17:22.0601072Z   'test-tbl__duckdb_connection.R:173:3' [success]
2026-07-27T09:17:22.1108945Z   'test-tbl__duckdb_connection.R:174:3' [success]
2026-07-27T09:17:22.1159899Z End test: tbl_file() errors on erroneous paths and unapplicable wildcard use
2026-07-27T09:17:22.1160471Z 
2026-07-27T09:17:22.1215841Z Start test: fractional seconds can be roundtripped
2026-07-27T09:17:22.1324457Z   'test-timestamp.R:2:3' [skip]
2026-07-27T09:17:22.1343595Z End test: fractional seconds can be roundtripped
2026-07-27T09:17:22.1344006Z 
2026-07-27T09:17:22.1360036Z Start test: fractional seconds can be extracted from TIME columns
2026-07-27T09:17:22.1422011Z duckdb is storing downloaded extensions and secrets under ~/.duckdb:
2026-07-27T09:17:22.1422804Z i /home/runner/.duckdb
2026-07-27T09:17:22.1423441Z This persists across sessions and is shared with the DuckDB CLI and other clients.
2026-07-27T09:17:22.1424307Z i Run duckdb(shared_home = FALSE) to use a temporary directory instead.
2026-07-27T09:17:22.1424977Z i See ?duckdb_storage for details and alternatives.
2026-07-27T09:17:22.1781635Z   'test-timestamp.R:20:3' [success]
2026-07-27T09:17:22.1898584Z   'test-timestamp.R:24:3' [success]
2026-07-27T09:17:22.1942649Z End test: fractional seconds can be extracted from TIME columns
2026-07-27T09:17:22.1943130Z 
2026-07-27T09:17:22.1958209Z Start test: TIME WITH TIME ZONE columns are returned as difftime (#1807)
2026-07-27T09:17:22.2021755Z duckdb is storing downloaded extensions and secrets under ~/.duckdb:
2026-07-27T09:17:22.2022399Z i /home/runner/.duckdb
2026-07-27T09:17:22.2023010Z This persists across sessions and is shared with the DuckDB CLI and other clients.
2026-07-27T09:17:22.2023809Z i Run duckdb(shared_home = FALSE) to use a temporary directory instead.
2026-07-27T09:17:22.2024432Z i See ?duckdb_storage for details and alternatives.
2026-07-27T09:17:22.2449191Z   'test-timestamp.R:42:3' [success]
2026-07-27T09:17:22.2569264Z   'test-timestamp.R:43:3' [success]
2026-07-27T09:17:22.2684049Z   'test-timestamp.R:44:3' [success]
2026-07-27T09:17:22.2805287Z   'test-timestamp.R:45:3' [success]
2026-07-27T09:17:22.2852398Z End test: TIME WITH TIME ZONE columns are returned as difftime (#1807)
2026-07-27T09:17:22.2852898Z 
2026-07-27T09:17:22.2904466Z Start test: timezone_out works with default
2026-07-27T09:17:22.2964862Z duckdb is storing downloaded extensions and secrets under ~/.duckdb:
2026-07-27T09:17:22.2965748Z i /home/runner/.duckdb
2026-07-27T09:17:22.2966345Z This persists across sessions and is shared with the DuckDB CLI and other clients.
2026-07-27T09:17:22.2967126Z i Run duckdb(shared_home = FALSE) to use a temporary directory instead.
2026-07-27T09:17:22.2968177Z i See ?duckdb_storage for details and alternatives.
2026-07-27T09:17:22.3317958Z   'test-timezone.R:6:3' [success]
2026-07-27T09:17:22.3362266Z End test: timezone_out works with default
2026-07-27T09:17:22.3362730Z 
2026-07-27T09:17:22.3377129Z Start test: timezone_out works with UTC specified
2026-07-27T09:17:22.3440133Z duckdb is storing downloaded extensions and secrets under ~/.duckdb:
2026-07-27T09:17:22.3440829Z i /home/runner/.duckdb
2026-07-27T09:17:22.3441439Z This persists across sessions and is shared with the DuckDB CLI and other clients.
2026-07-27T09:17:22.3442262Z i Run duckdb(shared_home = FALSE) to use a temporary directory instead.
2026-07-27T09:17:22.3442945Z i See ?duckdb_storage for details and alternatives.
2026-07-27T09:17:22.3799351Z   'test-timezone.R:14:3' [success]
2026-07-27T09:17:22.3849253Z End test: timezone_out works with UTC specified
2026-07-27T09:17:22.3849710Z 
2026-07-27T09:17:22.3864205Z Start test: timezone_out works with a specified timezone
2026-07-27T09:17:22.3925754Z duckdb is storing downloaded extensions and secrets under ~/.duckdb:
2026-07-27T09:17:22.3926456Z i /home/runner/.duckdb
2026-07-27T09:17:22.3927058Z This persists across sessions and is shared with the DuckDB CLI and other clients.
2026-07-27T09:17:22.3928208Z i Run duckdb(shared_home = FALSE) to use a temporary directory instead.
2026-07-27T09:17:22.3928844Z i See ?duckdb_storage for details and alternatives.
2026-07-27T09:17:22.4345311Z   'test-timezone.R:22:3' [success]
2026-07-27T09:17:22.4386753Z End test: timezone_out works with a specified timezone
2026-07-27T09:17:22.4387136Z 
2026-07-27T09:17:22.4402032Z Start test: timezone_out works with '' and converts to local timezime
2026-07-27T09:17:22.4464778Z duckdb is storing downloaded extensions and secrets under ~/.duckdb:
2026-07-27T09:17:22.4465326Z i /home/runner/.duckdb
2026-07-27T09:17:22.4465922Z This persists across sessions and is shared with the DuckDB CLI and other clients.
2026-07-27T09:17:22.4466716Z i Run duckdb(shared_home = FALSE) to use a temporary directory instead.
2026-07-27T09:17:22.4467652Z i See ?duckdb_storage for details and alternatives.
2026-07-27T09:17:22.4731912Z   'test-timezone.R:32:3' [success]
2026-07-27T09:17:22.4775082Z End test: timezone_out works with '' and converts to local timezime
2026-07-27T09:17:22.4775492Z 
2026-07-27T09:17:22.4790585Z Start test: timezone_out works with Sys.timezone
2026-07-27T09:17:22.4855102Z duckdb is storing downloaded extensions and secrets under ~/.duckdb:
2026-07-27T09:17:22.4855658Z i /home/runner/.duckdb
2026-07-27T09:17:22.4856268Z This persists across sessions and is shared with the DuckDB CLI and other clients.
2026-07-27T09:17:22.4857093Z i Run duckdb(shared_home = FALSE) to use a temporary directory instead.
2026-07-27T09:17:22.4858053Z i See ?duckdb_storage for details and alternatives.
2026-07-27T09:17:22.5221901Z   'test-timezone.R:42:3' [success]
2026-07-27T09:17:22.5265734Z End test: timezone_out works with Sys.timezone
2026-07-27T09:17:22.5266054Z 
2026-07-27T09:17:22.5281041Z Start test: timezone_out works with UTC and tz_out_convert = 'force'
2026-07-27T09:17:22.5344526Z duckdb is storing downloaded extensions and secrets under ~/.duckdb:
2026-07-27T09:17:22.5345353Z i /home/runner/.duckdb
2026-07-27T09:17:22.5345964Z This persists across sessions and is shared with the DuckDB CLI and other clients.
2026-07-27T09:17:22.5346778Z i Run duckdb(shared_home = FALSE) to use a temporary directory instead.
2026-07-27T09:17:22.5347719Z i See ?duckdb_storage for details and alternatives.
2026-07-27T09:17:22.5776136Z   'test-timezone.R:50:3' [success]
2026-07-27T09:17:22.5817916Z End test: timezone_out works with UTC and tz_out_convert = 'force'
2026-07-27T09:17:22.5818354Z 
2026-07-27T09:17:22.5834135Z Start test: timezone_out works with a specified timezone and tz_out_convert = 'force'
2026-07-27T09:17:22.5895514Z duckdb is storing downloaded extensions and secrets under ~/.duckdb:
2026-07-27T09:17:22.5896061Z i /home/runner/.duckdb
2026-07-27T09:17:22.5896695Z This persists across sessions and is shared with the DuckDB CLI and other clients.
2026-07-27T09:17:22.5897780Z i Run duckdb(shared_home = FALSE) to use a temporary directory instead.
2026-07-27T09:17:22.5898420Z i See ?duckdb_storage for details and alternatives.
2026-07-27T09:17:22.6269327Z   'test-timezone.R:58:3' [success]
2026-07-27T09:17:22.6313206Z End test: timezone_out works with a specified timezone and tz_out_convert = 'force'
2026-07-27T09:17:22.6313699Z 
2026-07-27T09:17:22.6328858Z Start test: timezone_out works with '' and tz_out_convert = 'force': forces local timezime
2026-07-27T09:17:22.6392405Z duckdb is storing downloaded extensions and secrets under ~/.duckdb:
2026-07-27T09:17:22.6392967Z i /home/runner/.duckdb
2026-07-27T09:17:22.6393594Z This persists across sessions and is shared with the DuckDB CLI and other clients.
2026-07-27T09:17:22.6394385Z i Run duckdb(shared_home = FALSE) to use a temporary directory instead.
2026-07-27T09:17:22.6395013Z i See ?duckdb_storage for details and alternatives.
2026-07-27T09:17:22.6660550Z   'test-timezone.R:68:3' [success]
2026-07-27T09:17:22.6704760Z End test: timezone_out works with '' and tz_out_convert = 'force': forces local timezime
2026-07-27T09:17:22.6705280Z 
2026-07-27T09:17:22.6720347Z Start test: timezone_out works with a specified local timezone and tz_out_convert = 'force': forces local timezime
2026-07-27T09:17:22.6781836Z duckdb is storing downloaded extensions and secrets under ~/.duckdb:
2026-07-27T09:17:22.6782388Z i /home/runner/.duckdb
2026-07-27T09:17:22.6782982Z This persists across sessions and is shared with the DuckDB CLI and other clients.
2026-07-27T09:17:22.6783799Z i Run duckdb(shared_home = FALSE) to use a temporary directory instead.
2026-07-27T09:17:22.6784753Z i See ?duckdb_storage for details and alternatives.
2026-07-27T09:17:22.7137070Z   'test-timezone.R:78:3' [success]
2026-07-27T09:17:22.7187792Z End test: timezone_out works with a specified local timezone and tz_out_convert = 'force': forces local timezime
2026-07-27T09:17:22.7188415Z 
2026-07-27T09:17:22.7202729Z Start test: timezone_out gives a warning with invalid timezone, and converts to UTC
2026-07-27T09:17:22.7267710Z duckdb is storing downloaded extensions and secrets under ~/.duckdb:
2026-07-27T09:17:22.7268409Z i /home/runner/.duckdb
2026-07-27T09:17:22.7269012Z This persists across sessions and is shared with the DuckDB CLI and other clients.
2026-07-27T09:17:22.7269799Z i Run duckdb(shared_home = FALSE) to use a temporary directory instead.
2026-07-27T09:17:22.7270424Z i See ?duckdb_storage for details and alternatives.
2026-07-27T09:17:22.7655184Z   'test-timezone.R:82:3' [success]
2026-07-27T09:17:22.7770568Z   'test-timezone.R:83:3' [success]
2026-07-27T09:17:22.7815091Z End test: timezone_out gives a warning with invalid timezone, and converts to UTC
2026-07-27T09:17:22.7815615Z 
2026-07-27T09:17:22.7830945Z Start test: timezone_out gives a warning with NULL timezone, and converts to UTC
2026-07-27T09:17:22.7894661Z duckdb is storing downloaded extensions and secrets under ~/.duckdb:
2026-07-27T09:17:22.7895216Z i /home/runner/.duckdb
2026-07-27T09:17:22.7895820Z This persists across sessions and is shared with the DuckDB CLI and other clients.
2026-07-27T09:17:22.7896905Z i Run duckdb(shared_home = FALSE) to use a temporary directory instead.
2026-07-27T09:17:22.7897855Z i See ?duckdb_storage for details and alternatives.
2026-07-27T09:17:22.8219063Z   'test-timezone.R:87:3' [success]
2026-07-27T09:17:22.8336379Z   'test-timezone.R:88:3' [success]
2026-07-27T09:17:22.8384852Z End test: timezone_out gives a warning with NULL timezone, and converts to UTC
2026-07-27T09:17:22.8385613Z 
2026-07-27T09:17:22.8400616Z Start test: dbConnect fails when tz_out_convert is misspecified
2026-07-27T09:17:22.8461863Z duckdb is storing downloaded extensions and secrets under ~/.duckdb:
2026-07-27T09:17:22.8462517Z i /home/runner/.duckdb
2026-07-27T09:17:22.8463130Z This persists across sessions and is shared with the DuckDB CLI and other clients.
2026-07-27T09:17:22.8463915Z i Run duckdb(shared_home = FALSE) to use a temporary directory instead.
2026-07-27T09:17:22.8464534Z i See ?duckdb_storage for details and alternatives.
2026-07-27T09:17:22.8761196Z   'test-timezone.R:95:3' [success]
2026-07-27T09:17:22.8935573Z End test: dbConnect fails when tz_out_convert is misspecified
2026-07-27T09:17:22.8935989Z 
2026-07-27T09:17:22.8951339Z Start test: timezone_out and tz_out_convert = force with midnight times (#8547)
2026-07-27T09:17:22.9012729Z duckdb is storing downloaded extensions and secrets under ~/.duckdb:
2026-07-27T09:17:22.9013301Z i /home/runner/.duckdb
2026-07-27T09:17:22.9013932Z This persists across sessions and is shared with the DuckDB CLI and other clients.
2026-07-27T09:17:22.9014740Z i Run duckdb(shared_home = FALSE) to use a temporary directory instead.
2026-07-27T09:17:22.9015347Z i See ?duckdb_storage for details and alternatives.
2026-07-27T09:17:22.9522332Z   'test-timezone.R:112:3' [success]
2026-07-27T09:17:22.9578917Z End test: timezone_out and tz_out_convert = force with midnight times (#8547)
2026-07-27T09:17:22.9579430Z 
2026-07-27T09:17:22.9593998Z Start test: POSIXct with local time zone
2026-07-27T09:17:22.9659266Z duckdb is storing downloaded extensions and secrets under ~/.duckdb:
2026-07-27T09:17:22.9660000Z i /home/runner/.duckdb
2026-07-27T09:17:22.9660763Z This persists across sessions and is shared with the DuckDB CLI and other clients.
2026-07-27T09:17:22.9661833Z i Run duckdb(shared_home = FALSE) to use a temporary directory instead.
2026-07-27T09:17:22.9662597Z i See ?duckdb_storage for details and alternatives.
2026-07-27T09:17:22.9927086Z   'test-timezone.R:122:3' [success]
2026-07-27T09:17:23.0065064Z   'test-timezone.R:127:3' [success]
2026-07-27T09:17:23.0234100Z   'test-timezone.R:129:3' [success]
2026-07-27T09:17:23.0279361Z End test: POSIXct with local time zone
2026-07-27T09:17:23.0279731Z 
2026-07-27T09:17:23.0294885Z Start test: POSIXct with local time zone and existing but empty attribute
2026-07-27T09:17:23.0358611Z duckdb is storing downloaded extensions and secrets under ~/.duckdb:
2026-07-27T09:17:23.0359304Z i /home/runner/.duckdb
2026-07-27T09:17:23.0360006Z This persists across sessions and is shared with the DuckDB CLI and other clients.
2026-07-27T09:17:23.0361009Z i Run duckdb(shared_home = FALSE) to use a temporary directory instead.
2026-07-27T09:17:23.0361769Z i See ?duckdb_storage for details and alternatives.
2026-07-27T09:17:23.0623476Z   'test-timezone.R:137:3' [success]
2026-07-27T09:17:23.0758477Z   'test-timezone.R:142:3' [success]
2026-07-27T09:17:23.0930489Z   'test-timezone.R:144:3' [success]
2026-07-27T09:17:23.0980737Z End test: POSIXct with local time zone and existing but empty attribute
2026-07-27T09:17:23.0981199Z 
2026-07-27T09:17:23.0996173Z Start test: tz_out_convert = force handles invalid timestamps during DST transitions
2026-07-27T09:17:23.1060840Z duckdb is storing downloaded extensions and secrets under ~/.duckdb:
2026-07-27T09:17:23.1061711Z i /home/runner/.duckdb
2026-07-27T09:17:23.1062557Z This persists across sessions and is shared with the DuckDB CLI and other clients.
2026-07-27T09:17:23.1063568Z i Run duckdb(shared_home = FALSE) to use a temporary directory instead.
2026-07-27T09:17:23.1064618Z i See ?duckdb_storage for details and alternatives.
2026-07-27T09:17:23.1431072Z   'test-timezone.R:158:3' [success]
2026-07-27T09:17:23.1580536Z   'test-timezone.R:171:3' [success]
2026-07-27T09:17:23.1623857Z End test: tz_out_convert = force handles invalid timestamps during DST transitions
2026-07-27T09:17:23.1624355Z 
2026-07-27T09:17:23.1680091Z Start test: test_all_types() output
2026-07-27T09:17:23.1744471Z duckdb is storing downloaded extensions and secrets under ~/.duckdb:
2026-07-27T09:17:23.1745089Z i /home/runner/.duckdb
2026-07-27T09:17:23.1745777Z This persists across sessions and is shared with the DuckDB CLI and other clients.
2026-07-27T09:17:23.1746641Z i Run duckdb(shared_home = FALSE) to use a temporary directory instead.
2026-07-27T09:17:23.1747672Z i See ?duckdb_storage for details and alternatives.
2026-07-27T09:17:23.3531470Z   'test-types.R:10:3' [success]
2026-07-27T09:17:23.3592250Z End test: test_all_types() output
2026-07-27T09:17:23.3592565Z 
2026-07-27T09:17:23.3650046Z Start test: DuckDB VARIANT type is correctly decoded into an R list
2026-07-27T09:17:23.3714890Z duckdb is storing downloaded extensions and secrets under ~/.duckdb:
2026-07-27T09:17:23.3715575Z i /home/runner/.duckdb
2026-07-27T09:17:23.3716295Z This persists across sessions and is shared with the DuckDB CLI and other clients.
2026-07-27T09:17:23.3717510Z i Run duckdb(shared_home = FALSE) to use a temporary directory instead.
2026-07-27T09:17:23.3718314Z i See ?duckdb_storage for details and alternatives.
2026-07-27T09:17:23.4238639Z   'test-variant.R:19:3' [success]
2026-07-27T09:17:23.4358843Z   'test-variant.R:22:3' [success]
2026-07-27T09:17:23.4478551Z   'test-variant.R:25:3' [success]
2026-07-27T09:17:23.4612406Z   'test-variant.R:28:3' [success]
2026-07-27T09:17:23.4732116Z   'test-variant.R:31:3' [success]
2026-07-27T09:17:23.4837186Z   'test-variant.R:35:3' [success]
2026-07-27T09:17:23.4969498Z   'test-variant.R:36:3' [success]
2026-07-27T09:17:23.5202066Z   'test-variant.R:37:3' [success]
2026-07-27T09:17:23.5333474Z   'test-variant.R:39:3' [success]
2026-07-27T09:17:23.5464011Z   'test-variant.R:43:3' [success]
2026-07-27T09:17:23.5528191Z End test: DuckDB VARIANT type is correctly decoded into an R list
2026-07-27T09:17:23.5528636Z 
2026-07-27T09:17:23.5544963Z Start test: VARIANT handles empty arrays and objects
2026-07-27T09:17:23.5611448Z duckdb is storing downloaded extensions and secrets under ~/.duckdb:
2026-07-27T09:17:23.5612183Z i /home/runner/.duckdb
2026-07-27T09:17:23.5612880Z This persists across sessions and is shared with the DuckDB CLI and other clients.
2026-07-27T09:17:23.5614281Z i Run duckdb(shared_home = FALSE) to use a temporary directory instead.
2026-07-27T09:17:23.5615078Z i See ?duckdb_storage for details and alternatives.
2026-07-27T09:17:23.5994283Z   'test-variant.R:51:3' [success]
2026-07-27T09:17:23.6148239Z   'test-variant.R:55:3' [success]
2026-07-27T09:17:23.6193156Z End test: VARIANT handles empty arrays and objects
2026-07-27T09:17:23.6193543Z 
2026-07-27T09:17:23.6208930Z Start test: VARIANT handles deeply nested structures
2026-07-27T09:17:23.6273553Z duckdb is storing downloaded extensions and secrets under ~/.duckdb:
2026-07-27T09:17:23.6274119Z i /home/runner/.duckdb
2026-07-27T09:17:23.6274721Z This persists across sessions and is shared with the DuckDB CLI and other clients.
2026-07-27T09:17:23.6275509Z i Run duckdb(shared_home = FALSE) to use a temporary directory instead.
2026-07-27T09:17:23.6276147Z i See ?duckdb_storage for details and alternatives.
2026-07-27T09:17:23.6620533Z   'test-variant.R:65:3' [success]
2026-07-27T09:17:23.6722902Z   'test-variant.R:66:3' [success]
2026-07-27T09:17:23.6825473Z   'test-variant.R:67:3' [success]
2026-07-27T09:17:23.6955994Z   'test-variant.R:69:3' [success]
2026-07-27T09:17:23.7009469Z End test: VARIANT handles deeply nested structures
2026-07-27T09:17:23.7010038Z 
2026-07-27T09:17:23.7026107Z Start test: VARIANT handles timestamps
2026-07-27T09:17:23.7089921Z duckdb is storing downloaded extensions and secrets under ~/.duckdb:
2026-07-27T09:17:23.7090816Z i /home/runner/.duckdb
2026-07-27T09:17:23.7091496Z This persists across sessions and is shared with the DuckDB CLI and other clients.
2026-07-27T09:17:23.7092388Z i Run duckdb(shared_home = FALSE) to use a temporary directory instead.
2026-07-27T09:17:23.7093076Z i See ?duckdb_storage for details and alternatives.
2026-07-27T09:17:23.7443116Z   'test-variant.R:78:3' [success]
2026-07-27T09:17:23.7642568Z   'test-variant.R:80:3' [success]
2026-07-27T09:17:23.7684950Z End test: VARIANT handles timestamps
2026-07-27T09:17:23.7685408Z 
2026-07-27T09:17:23.7699773Z Start test: VARIANT handles dates
2026-07-27T09:17:23.7761371Z duckdb is storing downloaded extensions and secrets under ~/.duckdb:
2026-07-27T09:17:23.7761975Z i /home/runner/.duckdb
2026-07-27T09:17:23.7762643Z This persists across sessions and is shared with the DuckDB CLI and other clients.
2026-07-27T09:17:23.7763520Z i Run duckdb(shared_home = FALSE) to use a temporary directory instead.
2026-07-27T09:17:23.7764208Z i See ?duckdb_storage for details and alternatives.
2026-07-27T09:17:23.8096746Z   'test-variant.R:89:3' [success]
2026-07-27T09:17:23.8215118Z   'test-variant.R:90:3' [success]
2026-07-27T09:17:23.8265839Z End test: VARIANT handles dates
2026-07-27T09:17:23.8266272Z 
2026-07-27T09:17:23.8282042Z Start test: VARIANT handles multiple rows with batched fetch
2026-07-27T09:17:23.8344439Z duckdb is storing downloaded extensions and secrets under ~/.duckdb:
2026-07-27T09:17:23.8344979Z i /home/runner/.duckdb
2026-07-27T09:17:23.8345595Z This persists across sessions and is shared with the DuckDB CLI and other clients.
2026-07-27T09:17:23.8346396Z i Run duckdb(shared_home = FALSE) to use a temporary directory instead.
2026-07-27T09:17:23.8347017Z i See ?duckdb_storage for details and alternatives.
2026-07-27T09:17:23.9023227Z   'test-variant.R:106:3' [success]
2026-07-27T09:17:23.9124567Z   'test-variant.R:109:3' [success]
2026-07-27T09:17:23.9245952Z   'test-variant.R:110:3' [success]
2026-07-27T09:17:23.9367609Z   'test-variant.R:111:3' [success]
2026-07-27T09:17:23.9490468Z   'test-variant.R:114:3' [success]
2026-07-27T09:17:23.9616191Z   'test-variant.R:115:3' [success]
2026-07-27T09:17:23.9738747Z   'test-variant.R:117:3' [success]
2026-07-27T09:17:23.9960938Z   'test-variant.R:118:3' [success]
2026-07-27T09:17:24.0016782Z End test: VARIANT handles multiple rows with batched fetch
2026-07-27T09:17:24.0017465Z 
2026-07-27T09:17:24.0032459Z Start test: VARIANT handles heterogeneous values in an object
2026-07-27T09:17:24.0095627Z duckdb is storing downloaded extensions and secrets under ~/.duckdb:
2026-07-27T09:17:24.0096189Z i /home/runner/.duckdb
2026-07-27T09:17:24.0096807Z This persists across sessions and is shared with the DuckDB CLI and other clients.
2026-07-27T09:17:24.0097920Z i Run duckdb(shared_home = FALSE) to use a temporary directory instead.
2026-07-27T09:17:24.0098544Z i See ?duckdb_storage for details and alternatives.
2026-07-27T09:17:24.0434020Z   'test-variant.R:128:3' [success]
2026-07-27T09:17:24.0561531Z   'test-variant.R:129:3' [success]
2026-07-27T09:17:24.0685421Z   'test-variant.R:130:3' [success]
2026-07-27T09:17:24.0806456Z   'test-variant.R:131:3' [success]
2026-07-27T09:17:24.0854851Z End test: VARIANT handles heterogeneous values in an object
2026-07-27T09:17:24.0855231Z 
2026-07-27T09:17:24.0871341Z Start test: VARIANT inside a LIST column
2026-07-27T09:17:24.0936059Z duckdb is storing downloaded extensions and secrets under ~/.duckdb:
2026-07-27T09:17:24.0936655Z i /home/runner/.duckdb
2026-07-27T09:17:24.0937667Z This persists across sessions and is shared with the DuckDB CLI and other clients.
2026-07-27T09:17:24.0938537Z i Run duckdb(shared_home = FALSE) to use a temporary directory instead.
2026-07-27T09:17:24.0939200Z i See ?duckdb_storage for details and alternatives.
2026-07-27T09:17:24.1351583Z   'test-variant.R:142:3' [success]
2026-07-27T09:17:24.1479146Z   'test-variant.R:144:3' [success]
2026-07-27T09:17:24.1608691Z   'test-variant.R:145:3' [success]
2026-07-27T09:17:24.1732060Z   'test-variant.R:146:3' [success]
2026-07-27T09:17:24.1775072Z End test: VARIANT inside a LIST column
2026-07-27T09:17:24.1775411Z 
2026-07-27T09:17:24.1790701Z Start test: VARIANT handles UNION types
2026-07-27T09:17:24.1853157Z duckdb is storing downloaded extensions and secrets under ~/.duckdb:
2026-07-27T09:17:24.1853871Z i /home/runner/.duckdb
2026-07-27T09:17:24.1854963Z This persists across sessions and is shared with the DuckDB CLI and other clients.
2026-07-27T09:17:24.1855938Z i Run duckdb(shared_home = FALSE) to use a temporary directory instead.
2026-07-27T09:17:24.1856727Z i See ?duckdb_storage for details and alternatives.
2026-07-27T09:17:24.2224526Z   'test-variant.R:153:3' [success]
2026-07-27T09:17:24.2449964Z   'test-variant.R:156:3' [success]
2026-07-27T09:17:24.2505136Z End test: VARIANT handles UNION types
2026-07-27T09:17:24.2505467Z 
2026-07-27T09:17:24.2521436Z Start test: VARIANT handles ARRAY types
2026-07-27T09:17:24.2586351Z duckdb is storing downloaded extensions and secrets under ~/.duckdb:
2026-07-27T09:17:24.2587054Z i /home/runner/.duckdb
2026-07-27T09:17:24.2588141Z This persists across sessions and is shared with the DuckDB CLI and other clients.
2026-07-27T09:17:24.2589141Z i Run duckdb(shared_home = FALSE) to use a temporary directory instead.
2026-07-27T09:17:24.2589884Z i See ?duckdb_storage for details and alternatives.
2026-07-27T09:17:24.2965077Z   'test-variant.R:165:3' [success]
2026-07-27T09:17:24.3009263Z End test: VARIANT handles ARRAY types
2026-07-27T09:17:24.3009618Z 
2026-07-27T09:17:24.3024515Z Start test: VARIANT handles BLOBs
2026-07-27T09:17:24.3088139Z duckdb is storing downloaded extensions and secrets under ~/.duckdb:
2026-07-27T09:17:24.3088704Z i /home/runner/.duckdb
2026-07-27T09:17:24.3089303Z This persists across sessions and is shared with the DuckDB CLI and other clients.
2026-07-27T09:17:24.3090097Z i Run duckdb(shared_home = FALSE) to use a temporary directory instead.
2026-07-27T09:17:24.3090718Z i See ?duckdb_storage for details and alternatives.
2026-07-27T09:17:24.3442898Z   'test-variant.R:174:3' [success]
2026-07-27T09:17:24.3561077Z   'test-variant.R:175:3' [success]
2026-07-27T09:17:24.3612615Z End test: VARIANT handles BLOBs
2026-07-27T09:17:24.3612898Z 
2026-07-27T09:17:24.3627782Z Start test: VARIANT handles MAPs with data
2026-07-27T09:17:24.3692080Z duckdb is storing downloaded extensions and secrets under ~/.duckdb:
2026-07-27T09:17:24.3692675Z i /home/runner/.duckdb
2026-07-27T09:17:24.3693280Z This persists across sessions and is shared with the DuckDB CLI and other clients.
2026-07-27T09:17:24.3694426Z i Run duckdb(shared_home = FALSE) to use a temporary directory instead.
2026-07-27T09:17:24.3695075Z i See ?duckdb_storage for details and alternatives.
2026-07-27T09:17:24.4044938Z   'test-variant.R:185:3' [success]
2026-07-27T09:17:24.4162404Z   'test-variant.R:186:3' [success]
2026-07-27T09:17:24.4293761Z   'test-variant.R:187:3' [success]
2026-07-27T09:17:24.4339133Z End test: VARIANT handles MAPs with data
2026-07-27T09:17:24.4339461Z 
2026-07-27T09:17:24.4389709Z Start test: rs_list_object_types
2026-07-27T09:17:24.4497700Z   'test-viewer.R:2:3' [skip]
2026-07-27T09:17:24.4517106Z End test: rs_list_object_types
2026-07-27T09:17:24.4517472Z 
2026-07-27T09:17:24.4532596Z Start test: rs_list_objects
2026-07-27T09:17:24.4634357Z   'test-viewer.R:16:3' [skip]
2026-07-27T09:17:24.4652492Z End test: rs_list_objects
2026-07-27T09:17:24.4652842Z 
2026-07-27T09:17:24.4667712Z Start test: rs_list_columns
2026-07-27T09:17:24.4857543Z   'test-viewer.R:36:3' [skip]
2026-07-27T09:17:24.4875967Z End test: rs_list_columns
2026-07-27T09:17:24.4876239Z 
2026-07-27T09:17:24.4891478Z Start test: rs_viewer
2026-07-27T09:17:24.4993708Z   'test-viewer.R:57:3' [skip]
2026-07-27T09:17:24.5012410Z End test: rs_viewer
2026-07-27T09:17:24.5012679Z 
2026-07-27T09:17:24.5027713Z Start test: rs_actions
2026-07-27T09:17:24.5090732Z duckdb is storing downloaded extensions and secrets under ~/.duckdb:
2026-07-27T09:17:24.5091356Z i /home/runner/.duckdb
2026-07-27T09:17:24.5092346Z This persists across sessions and is shared with the DuckDB CLI and other clients.
2026-07-27T09:17:24.5093223Z i Run duckdb(shared_home = FALSE) to use a temporary directory instead.
2026-07-27T09:17:24.5093905Z i See ?duckdb_storage for details and alternatives.
2026-07-27T09:17:24.5453582Z   'test-viewer.R:71:3' [success]
2026-07-27T09:17:24.5499381Z End test: rs_actions
2026-07-27T09:17:24.5499942Z 
2026-07-27T09:17:24.5514750Z Start test: mock observer hooray
2026-07-27T09:17:24.5625977Z   'test-viewer.R:75:3' [skip]
2026-07-27T09:17:24.5645317Z End test: mock observer hooray
2026-07-27T09:17:24.5645649Z 
2026-07-27T09:17:25.7285685Z                file context
2026-07-27T09:17:25.7286315Z 642  test-parquet.R        
2026-07-27T09:17:25.7286846Z 1038     test-sql.R        
2026-07-27T09:17:25.7287861Z                                                        test nb failed skipped
2026-07-27T09:17:25.7288826Z 642  duckdb rel_to_parquet() throws error with no file name  1      1   FALSE
2026-07-27T09:17:25.7289868Z 1038                         error handling works correctly  2      1   FALSE
2026-07-27T09:17:25.7290727Z      error warning  user system  real passed
2026-07-27T09:17:25.7291378Z 642  FALSE       0 0.041   0.01 0.051      0
2026-07-27T09:17:25.7291969Z 1038 FALSE       0 0.093   0.00 0.092      1
2026-07-27T09:17:25.7295136Z                                                                                                                                                                                                                                                                                                                                                                                                                                                                                                                                                                                                                                                                               result
2026-07-27T09:17:25.7300961Z 642                                                                                                                                                                                                                                                                                                                                                                                                                                                                                                                            Expected `rel_to_parquet(df_rel, "")` to throw a error., 65, 3, 65, 42, 3, 42, 65, 65, 41, 43, duckdb rel_to_parquet() throws error with no file name
2026-07-27T09:17:25.7307613Z 1038 Snapshot of code has changed:\nold[2:10] vs new[2:10]\n    sql_exec("INVALID SQL SYNTAX")\n  Condition\n    Error in `dbSendQuery()`:\n-   ! Parser Error: syntax error at or near "INVALID"\n+   ! Parser Error: syntax error at or near "SQL"\n    \n    LINE 1: INVALID SQL SYNTAX\n-           ^\n+                   ^\n    i Context: rapi_prepare\n    i Error type: PARSER\n* Run `testthat::snapshot_accept("sql")` to accept the change.\n* Run `testthat::snapshot_review("sql")` to review the change., 213, 3, 213, 63, 3, 63, 213, 213, 41, 44, error handling works correctly, success, 217, 3, 217, 44, 3, 44, 217, 217, 41, 43, error handling works correctly
2026-07-27T09:17:25.7311350Z Snapshot tests failed/warned.
2026-07-27T09:17:25.7311908Z                file context
2026-07-27T09:17:25.7312395Z 642  test-parquet.R        
2026-07-27T09:17:25.7312834Z 1038     test-sql.R        
2026-07-27T09:17:25.7313457Z                                                        test nb failed skipped
2026-07-27T09:17:25.7314292Z 642  duckdb rel_to_parquet() throws error with no file name  1      1   FALSE
2026-07-27T09:17:25.7315189Z 1038                         error handling works correctly  2      1   FALSE
2026-07-27T09:17:25.7315932Z      error warning  user system  real passed
2026-07-27T09:17:25.7316696Z 642  FALSE       0 0.041   0.01 0.051      0
2026-07-27T09:17:25.7317483Z 1038 FALSE       0 0.093   0.00 0.092      1
2026-07-27T09:17:25.7317915Z [[1]]
2026-07-27T09:17:25.7318237Z [[1]][[1]]
2026-07-27T09:17:25.7318733Z <expectation_failure/expectation/error/condition>
2026-07-27T09:17:25.7319472Z Expected `rel_to_parquet(df_rel, "")` to throw a error.
2026-07-27T09:17:25.7319858Z 
2026-07-27T09:17:25.7320019Z 
2026-07-27T09:17:25.7320165Z [[2]]
2026-07-27T09:17:25.7320502Z [[2]][[1]]
2026-07-27T09:17:25.7320993Z <expectation_failure/expectation/error/condition>
2026-07-27T09:17:25.7321620Z Snapshot of code has changed:
2026-07-27T09:17:25.7322092Z old[2:10] vs new[2:10]
2026-07-27T09:17:25.7322567Z     sql_exec("INVALID SQL SYNTAX")
2026-07-27T09:17:25.7323048Z   Condition
2026-07-27T09:17:25.7323456Z     Error in `dbSendQuery()`:
2026-07-27T09:17:25.7324075Z -   ! Parser Error: syntax error at or near "INVALID"
2026-07-27T09:17:25.7324811Z +   ! Parser Error: syntax error at or near "SQL"
2026-07-27T09:17:25.7325327Z     
2026-07-27T09:17:25.7325729Z     LINE 1: INVALID SQL SYNTAX
2026-07-27T09:17:25.7326164Z -           ^
2026-07-27T09:17:25.7326538Z +                   ^
2026-07-27T09:17:25.7326967Z     i Context: rapi_prepare
2026-07-27T09:17:25.7327720Z     i Error type: PARSER
2026-07-27T09:17:25.7328407Z * Run `testthat::snapshot_accept("sql")` to accept the change.
2026-07-27T09:17:25.7329277Z * Run `testthat::snapshot_review("sql")` to review the change.
2026-07-27T09:17:25.7329728Z 
2026-07-27T09:17:25.7329881Z [[2]][[2]]
2026-07-27T09:17:25.7330317Z <expectation_success/expectation/condition>
2026-07-27T09:17:25.7330817Z As expected
2026-07-27T09:17:25.7331003Z 
2026-07-27T09:17:25.7331012Z 
2026-07-27T09:17:25.7430735Z Updating snapshots: 'sql.md'.
2026-07-27T09:17:26.0114707Z ##[group]Run ## -- Add snapshots to Git --
2026-07-27T09:17:26.0115052Z [36;1m## -- Add snapshots to Git --[0m
2026-07-27T09:17:26.0115364Z [36;1mmkdir -p tests/testthat/_snaps[0m
2026-07-27T09:17:26.0115679Z [36;1mgit add -- tests/testthat/_snaps[0m
2026-07-27T09:17:26.0165201Z shell: /usr/bin/bash --noprofile --norc -e -o pipefail {0}
2026-07-27T09:17:26.0165566Z env:
2026-07-27T09:17:26.0165782Z   _R_CHECK_PKG_SIZES_: FALSE
2026-07-27T09:17:26.0166063Z   R_REMOTES_NO_ERRORS_FROM_WARNINGS: true
2026-07-27T09:17:26.0166359Z   R_KEEP_PKG_SOURCE: yes
2026-07-27T09:17:26.0166611Z   _R_CHECK_SYSTEM_CLOCK_: FALSE
2026-07-27T09:17:26.0166897Z   _R_CHECK_FUTURE_FILE_TIMESTAMPS_: false
2026-07-27T09:17:26.0167426Z   RGL_USE_NULL: true
2026-07-27T09:17:26.0167721Z   _R_CHECK_CRAN_INCOMING_CHECK_FILE_URIS_: true
2026-07-27T09:17:26.0168268Z   _R_CHECK_CRAN_INCOMING_NOTE_GNU_MAKE_: true
2026-07-27T09:17:26.0168647Z   _R_CHECK_PACKAGE_DEPENDS_IGNORE_MISSING_ENHANCES_: true
2026-07-27T09:17:26.0169008Z   _R_CHECK_CODE_CLASS_IS_STRING_: true
2026-07-27T09:17:26.0169309Z   _R_CHECK_CODOC_VARIABLES_IN_USAGES_: true
2026-07-27T09:17:26.0169624Z   _R_CHECK_CONNECTIONS_LEFT_OPEN_: true
2026-07-27T09:17:26.0169910Z   _R_CHECK_DATALIST_: true
2026-07-27T09:17:26.0170169Z   _R_CHECK_NEWS_IN_PLAIN_TEXT_: true
2026-07-27T09:17:26.0170491Z   _R_CHECK_PACKAGES_USED_CRAN_INCOMING_NOTES_: true
2026-07-27T09:17:26.0170826Z   _R_CHECK_RD_CONTENTS_KEYWORDS_: true
2026-07-27T09:17:26.0171107Z   _R_CHECK_R_DEPENDS_: warn
2026-07-27T09:17:26.0171393Z   _R_CHECK_S3_METHODS_SHOW_POSSIBLE_ISSUES_: true
2026-07-27T09:17:26.0171713Z   _R_CHECK_THINGS_IN_TEMP_DIR_: true
2026-07-27T09:17:26.0172001Z   _R_CHECK_UNDOC_USE_ALL_NAMES_: true
2026-07-27T09:17:26.0172290Z   _R_CHECK_URLS_SHOW_301_STATUS_: true
2026-07-27T09:17:26.0172568Z   _R_CXX_USE_NO_REMAP_: true
2026-07-27T09:17:26.0172863Z   _R_CHECK_CRAN_INCOMING_SKIP_LARGE_VERSION_: true
2026-07-27T09:17:26.0173214Z   _R_CHECK_FORCE_SUGGESTS_: false
2026-07-27T09:17:26.0173500Z   _R_CHECK_THINGS_IN_OTHER_DIRS_: true
2026-07-27T09:17:26.0173788Z   _R_CHECK_BASHISMS_: true
2026-07-27T09:17:26.0174052Z   _R_CHECK_CRAN_INCOMING_USE_ASPELL_: true
2026-07-27T09:17:26.0174377Z   R_LIBS_USER: /home/runner/work/_temp/Library
2026-07-27T09:17:26.0174768Z   TZ: UTC
2026-07-27T09:17:26.0174957Z   NOT_CRAN: true
2026-07-27T09:17:26.0175313Z   RSPM: https://packagemanager.posit.co/cran/__linux__/resolute/latest
2026-07-27T09:17:26.0175906Z   RENV_CONFIG_REPOS_OVERRIDE: https://packagemanager.posit.co/cran/__linux__/resolute/latest
2026-07-27T09:17:26.0176424Z   R_LIB_FOR_PAK: /opt/R/4.6.1/lib/R/site-library
2026-07-27T09:17:26.0176829Z   CCACHE_SLOPPINESS: locale,time_macros
2026-07-27T09:17:26.0177129Z   PKG_BUILD_EXTRA_FLAGS: false
2026-07-27T09:17:26.0178110Z   DUCKDB_R_PREBUILT_ARCHIVE_GHA_CACHE_KEY: duckdb-tar-R4.6.1-Linux-g++-(Ubuntu-15.2.0-16ubuntu1)-15.2.0-4dda4dd57daf3b937cc4f03e7e7ed1867bc131cc66a28c6a4537b6881521e48f
2026-07-27T09:17:26.0178948Z   DUCKDB_R_PREBUILT_ARCHIVE: /home/runner/work/_temp/duckdb.tar
2026-07-27T09:17:26.0179392Z   GHA_CCACHE_KEY: Linux-g++-(Ubuntu-15.2.0-16ubuntu1)-15.2.0-R-4.6.1
2026-07-27T09:17:26.0179753Z ##[endgroup]
2026-07-27T09:17:26.0374159Z ##[group]Run set -x
2026-07-27T09:17:26.0374423Z [36;1mset -x[0m
2026-07-27T09:17:26.0374704Z [36;1mif [ "workflow_dispatch" != "pull_request" ] ; then[0m
2026-07-27T09:17:26.0375293Z [36;1m  echo "changed=$(git status --porcelain -- tests/testthat/_snaps | head -n 1)" | tee -a $GITHUB_OUTPUT[0m
2026-07-27T09:17:26.0375806Z [36;1mfi[0m
2026-07-27T09:17:26.0424387Z shell: /usr/bin/bash --noprofile --norc -e -o pipefail {0}
2026-07-27T09:17:26.0424759Z env:
2026-07-27T09:17:26.0424965Z   _R_CHECK_PKG_SIZES_: FALSE
2026-07-27T09:17:26.0425239Z   R_REMOTES_NO_ERRORS_FROM_WARNINGS: true
2026-07-27T09:17:26.0425542Z   R_KEEP_PKG_SOURCE: yes
2026-07-27T09:17:26.0425800Z   _R_CHECK_SYSTEM_CLOCK_: FALSE
2026-07-27T09:17:26.0426074Z   _R_CHECK_FUTURE_FILE_TIMESTAMPS_: false
2026-07-27T09:17:26.0426351Z   RGL_USE_NULL: true
2026-07-27T09:17:26.0426599Z   _R_CHECK_CRAN_INCOMING_CHECK_FILE_URIS_: true
2026-07-27T09:17:26.0426920Z   _R_CHECK_CRAN_INCOMING_NOTE_GNU_MAKE_: true
2026-07-27T09:17:26.0427543Z   _R_CHECK_PACKAGE_DEPENDS_IGNORE_MISSING_ENHANCES_: true
2026-07-27T09:17:26.0427899Z   _R_CHECK_CODE_CLASS_IS_STRING_: true
2026-07-27T09:17:26.0428188Z   _R_CHECK_CODOC_VARIABLES_IN_USAGES_: true
2026-07-27T09:17:26.0428487Z   _R_CHECK_CONNECTIONS_LEFT_OPEN_: true
2026-07-27T09:17:26.0428760Z   _R_CHECK_DATALIST_: true
2026-07-27T09:17:26.0429011Z   _R_CHECK_NEWS_IN_PLAIN_TEXT_: true
2026-07-27T09:17:26.0429319Z   _R_CHECK_PACKAGES_USED_CRAN_INCOMING_NOTES_: true
2026-07-27T09:17:26.0429647Z   _R_CHECK_RD_CONTENTS_KEYWORDS_: true
2026-07-27T09:17:26.0429918Z   _R_CHECK_R_DEPENDS_: warn
2026-07-27T09:17:26.0430385Z   _R_CHECK_S3_METHODS_SHOW_POSSIBLE_ISSUES_: true
2026-07-27T09:17:26.0430706Z   _R_CHECK_THINGS_IN_TEMP_DIR_: true
2026-07-27T09:17:26.0430977Z   _R_CHECK_UNDOC_USE_ALL_NAMES_: true
2026-07-27T09:17:26.0431249Z   _R_CHECK_URLS_SHOW_301_STATUS_: true
2026-07-27T09:17:26.0431513Z   _R_CXX_USE_NO_REMAP_: true
2026-07-27T09:17:26.0431799Z   _R_CHECK_CRAN_INCOMING_SKIP_LARGE_VERSION_: true
2026-07-27T09:17:26.0432114Z   _R_CHECK_FORCE_SUGGESTS_: false
2026-07-27T09:17:26.0432383Z   _R_CHECK_THINGS_IN_OTHER_DIRS_: true
2026-07-27T09:17:26.0432648Z   _R_CHECK_BASHISMS_: true
2026-07-27T09:17:26.0432897Z   _R_CHECK_CRAN_INCOMING_USE_ASPELL_: true
2026-07-27T09:17:26.0433212Z   R_LIBS_USER: /home/runner/work/_temp/Library
2026-07-27T09:17:26.0433502Z   TZ: UTC
2026-07-27T09:17:26.0433685Z   NOT_CRAN: true
2026-07-27T09:17:26.0434025Z   RSPM: https://packagemanager.posit.co/cran/__linux__/resolute/latest
2026-07-27T09:17:26.0434631Z   RENV_CONFIG_REPOS_OVERRIDE: https://packagemanager.posit.co/cran/__linux__/resolute/latest
2026-07-27T09:17:26.0435136Z   R_LIB_FOR_PAK: /opt/R/4.6.1/lib/R/site-library
2026-07-27T09:17:26.0435458Z   CCACHE_SLOPPINESS: locale,time_macros
2026-07-27T09:17:26.0435749Z   PKG_BUILD_EXTRA_FLAGS: false
2026-07-27T09:17:26.0436464Z   DUCKDB_R_PREBUILT_ARCHIVE_GHA_CACHE_KEY: duckdb-tar-R4.6.1-Linux-g++-(Ubuntu-15.2.0-16ubuntu1)-15.2.0-4dda4dd57daf3b937cc4f03e7e7ed1867bc131cc66a28c6a4537b6881521e48f
2026-07-27T09:17:26.0437537Z   DUCKDB_R_PREBUILT_ARCHIVE: /home/runner/work/_temp/duckdb.tar
2026-07-27T09:17:26.0438093Z   GHA_CCACHE_KEY: Linux-g++-(Ubuntu-15.2.0-16ubuntu1)-15.2.0-R-4.6.1
2026-07-27T09:17:26.0438447Z ##[endgroup]
2026-07-27T09:17:26.0508346Z + '[' workflow_dispatch '!=' pull_request ']'
2026-07-27T09:17:26.0513424Z + tee -a /home/runner/work/_temp/_runner_file_commands/set_output_ec3291f1-82be-4c0a-8a69-c84ff89d19df
2026-07-27T09:17:26.0520637Z ++ git status --porcelain -- tests/testthat/_snaps
2026-07-27T09:17:26.0521580Z ++ head -n 1
2026-07-27T09:17:26.0568455Z + echo 'changed=M  tests/testthat/_snaps/sql.md'
2026-07-27T09:17:26.0569237Z changed=M  tests/testthat/_snaps/sql.md
2026-07-27T09:17:26.0624238Z ##[group]Run set -x
2026-07-27T09:17:26.0624542Z [36;1mset -x[0m
2026-07-27T09:17:26.0624771Z [36;1mconfig=$(echo 'null' | jq -c .)[0m
2026-07-27T09:17:26.0625136Z [36;1mecho "text=$(echo ${config})" | tee -a $GITHUB_OUTPUT[0m
2026-07-27T09:17:26.0625705Z [36;1mecho "branch=$(echo ${config} | sed -r 's/[^0-9a-zA-Z]+/-/g;s/^-//;s/-$//')" | tee -a $GITHUB_OUTPUT[0m
2026-07-27T09:17:26.0675703Z shell: /usr/bin/bash --noprofile --norc -e -o pipefail {0}
2026-07-27T09:17:26.0676074Z env:
2026-07-27T09:17:26.0676297Z   _R_CHECK_PKG_SIZES_: FALSE
2026-07-27T09:17:26.0676585Z   R_REMOTES_NO_ERRORS_FROM_WARNINGS: true
2026-07-27T09:17:26.0676883Z   R_KEEP_PKG_SOURCE: yes
2026-07-27T09:17:26.0677130Z   _R_CHECK_SYSTEM_CLOCK_: FALSE
2026-07-27T09:17:26.0677739Z   _R_CHECK_FUTURE_FILE_TIMESTAMPS_: false
2026-07-27T09:17:26.0678022Z   RGL_USE_NULL: true
2026-07-27T09:17:26.0678281Z   _R_CHECK_CRAN_INCOMING_CHECK_FILE_URIS_: true
2026-07-27T09:17:26.0678635Z   _R_CHECK_CRAN_INCOMING_NOTE_GNU_MAKE_: true
2026-07-27T09:17:26.0678997Z   _R_CHECK_PACKAGE_DEPENDS_IGNORE_MISSING_ENHANCES_: true
2026-07-27T09:17:26.0679355Z   _R_CHECK_CODE_CLASS_IS_STRING_: true
2026-07-27T09:17:26.0679665Z   _R_CHECK_CODOC_VARIABLES_IN_USAGES_: true
2026-07-27T09:17:26.0679993Z   _R_CHECK_CONNECTIONS_LEFT_OPEN_: true
2026-07-27T09:17:26.0680288Z   _R_CHECK_DATALIST_: true
2026-07-27T09:17:26.0680559Z   _R_CHECK_NEWS_IN_PLAIN_TEXT_: true
2026-07-27T09:17:26.0680877Z   _R_CHECK_PACKAGES_USED_CRAN_INCOMING_NOTES_: true
2026-07-27T09:17:26.0681213Z   _R_CHECK_RD_CONTENTS_KEYWORDS_: true
2026-07-27T09:17:26.0681499Z   _R_CHECK_R_DEPENDS_: warn
2026-07-27T09:17:26.0681782Z   _R_CHECK_S3_METHODS_SHOW_POSSIBLE_ISSUES_: true
2026-07-27T09:17:26.0682105Z   _R_CHECK_THINGS_IN_TEMP_DIR_: true
2026-07-27T09:17:26.0682392Z   _R_CHECK_UNDOC_USE_ALL_NAMES_: true
2026-07-27T09:17:26.0682676Z   _R_CHECK_URLS_SHOW_301_STATUS_: true
2026-07-27T09:17:26.0683230Z   _R_CXX_USE_NO_REMAP_: true
2026-07-27T09:17:26.0683525Z   _R_CHECK_CRAN_INCOMING_SKIP_LARGE_VERSION_: true
2026-07-27T09:17:26.0683855Z   _R_CHECK_FORCE_SUGGESTS_: false
2026-07-27T09:17:26.0684133Z   _R_CHECK_THINGS_IN_OTHER_DIRS_: true
2026-07-27T09:17:26.0684420Z   _R_CHECK_BASHISMS_: true
2026-07-27T09:17:26.0684695Z   _R_CHECK_CRAN_INCOMING_USE_ASPELL_: true
2026-07-27T09:17:26.0685018Z   R_LIBS_USER: /home/runner/work/_temp/Library
2026-07-27T09:17:26.0685319Z   TZ: UTC
2026-07-27T09:17:26.0685511Z   NOT_CRAN: true
2026-07-27T09:17:26.0685851Z   RSPM: https://packagemanager.posit.co/cran/__linux__/resolute/latest
2026-07-27T09:17:26.0686449Z   RENV_CONFIG_REPOS_OVERRIDE: https://packagemanager.posit.co/cran/__linux__/resolute/latest
2026-07-27T09:17:26.0686966Z   R_LIB_FOR_PAK: /opt/R/4.6.1/lib/R/site-library
2026-07-27T09:17:26.0687647Z   CCACHE_SLOPPINESS: locale,time_macros
2026-07-27T09:17:26.0687950Z   PKG_BUILD_EXTRA_FLAGS: false
2026-07-27T09:17:26.0688713Z   DUCKDB_R_PREBUILT_ARCHIVE_GHA_CACHE_KEY: duckdb-tar-R4.6.1-Linux-g++-(Ubuntu-15.2.0-16ubuntu1)-15.2.0-4dda4dd57daf3b937cc4f03e7e7ed1867bc131cc66a28c6a4537b6881521e48f
2026-07-27T09:17:26.0689568Z   DUCKDB_R_PREBUILT_ARCHIVE: /home/runner/work/_temp/duckdb.tar
2026-07-27T09:17:26.0690022Z   GHA_CCACHE_KEY: Linux-g++-(Ubuntu-15.2.0-16ubuntu1)-15.2.0-R-4.6.1
2026-07-27T09:17:26.0690394Z ##[endgroup]
2026-07-27T09:17:26.0768710Z ++ echo null
2026-07-27T09:17:26.0769760Z ++ jq -c .
2026-07-27T09:17:26.0802953Z + config=null
2026-07-27T09:17:26.0807934Z + tee -a /home/runner/work/_temp/_runner_file_commands/set_output_1a2f72a7-f9de-4f2f-a693-25c82c601ece
2026-07-27T09:17:26.0808785Z ++ echo null
2026-07-27T09:17:26.0811616Z + echo text=null
2026-07-27T09:17:26.0832947Z text=null
2026-07-27T09:17:26.0842619Z + tee -a /home/runner/work/_temp/_runner_file_commands/set_output_1a2f72a7-f9de-4f2f-a693-25c82c601ece
2026-07-27T09:17:26.0848378Z ++ echo null
2026-07-27T09:17:26.0848848Z ++ sed -r 's/[^0-9a-zA-Z]+/-/g;s/^-//;s/-$//'
2026-07-27T09:17:26.0865072Z + echo branch=null
2026-07-27T09:17:26.0866481Z branch=null
2026-07-27T09:17:26.0939374Z ##[group]Run peter-evans/create-pull-request@v8
2026-07-27T09:17:26.0939693Z with:
2026-07-27T09:17:26.0939922Z   base: 2873042cc21d333df784a097d57285bd5f19b44e
2026-07-27T09:17:26.0940344Z   branch: snapshot-2873042cc21d333df784a097d57285bd5f19b44e-rcc-smoke-null
2026-07-27T09:17:26.0940745Z   delete-branch: true
2026-07-27T09:17:26.0941043Z   title: test: Snapshot updates for rcc-smoke (null)
2026-07-27T09:17:26.0941650Z   body: Automated changes by [create-pull-request](https://github.com/peter-evans/create-pull-request) GitHub action.
2026-07-27T09:17:26.0942216Z   add-paths: tests/testthat/_snaps

2026-07-27T09:17:26.0944978Z   token: ***
2026-07-27T09:17:26.0945257Z   commit-message: [create-pull-request] automated change
2026-07-27T09:17:26.0945757Z   committer: github-actions[bot] <41898282+github-actions[bot]@users.noreply.github.com>
2026-07-27T09:17:26.0946356Z   author: github-actions[bot] <41898282+github-actions[bot]@users.noreply.github.com>
2026-07-27T09:17:26.0946773Z   signoff: false
2026-07-27T09:17:26.0946987Z   sign-commits: false
2026-07-27T09:17:26.0947451Z   draft: false
2026-07-27T09:17:26.0947685Z   maintainer-can-modify: true
2026-07-27T09:17:26.0947936Z env:
2026-07-27T09:17:26.0948135Z   _R_CHECK_PKG_SIZES_: FALSE
2026-07-27T09:17:26.0948403Z   R_REMOTES_NO_ERRORS_FROM_WARNINGS: true
2026-07-27T09:17:26.0948702Z   R_KEEP_PKG_SOURCE: yes
2026-07-27T09:17:26.0948942Z   _R_CHECK_SYSTEM_CLOCK_: FALSE
2026-07-27T09:17:26.0949222Z   _R_CHECK_FUTURE_FILE_TIMESTAMPS_: false
2026-07-27T09:17:26.0949501Z   RGL_USE_NULL: true
2026-07-27T09:17:26.0949751Z   _R_CHECK_CRAN_INCOMING_CHECK_FILE_URIS_: true
2026-07-27T09:17:26.0950078Z   _R_CHECK_CRAN_INCOMING_NOTE_GNU_MAKE_: true
2026-07-27T09:17:26.0950426Z   _R_CHECK_PACKAGE_DEPENDS_IGNORE_MISSING_ENHANCES_: true
2026-07-27T09:17:26.0950771Z   _R_CHECK_CODE_CLASS_IS_STRING_: true
2026-07-27T09:17:26.0951057Z   _R_CHECK_CODOC_VARIABLES_IN_USAGES_: true
2026-07-27T09:17:26.0951592Z   _R_CHECK_CONNECTIONS_LEFT_OPEN_: true
2026-07-27T09:17:26.0951887Z   _R_CHECK_DATALIST_: true
2026-07-27T09:17:26.0952129Z   _R_CHECK_NEWS_IN_PLAIN_TEXT_: true
2026-07-27T09:17:26.0952432Z   _R_CHECK_PACKAGES_USED_CRAN_INCOMING_NOTES_: true
2026-07-27T09:17:26.0952747Z   _R_CHECK_RD_CONTENTS_KEYWORDS_: true
2026-07-27T09:17:26.0953013Z   _R_CHECK_R_DEPENDS_: warn
2026-07-27T09:17:26.0953289Z   _R_CHECK_S3_METHODS_SHOW_POSSIBLE_ISSUES_: true
2026-07-27T09:17:26.0953608Z   _R_CHECK_THINGS_IN_TEMP_DIR_: true
2026-07-27T09:17:26.0953881Z   _R_CHECK_UNDOC_USE_ALL_NAMES_: true
2026-07-27T09:17:26.0954153Z   _R_CHECK_URLS_SHOW_301_STATUS_: true
2026-07-27T09:17:26.0954422Z   _R_CXX_USE_NO_REMAP_: true
2026-07-27T09:17:26.0954700Z   _R_CHECK_CRAN_INCOMING_SKIP_LARGE_VERSION_: true
2026-07-27T09:17:26.0955014Z   _R_CHECK_FORCE_SUGGESTS_: false
2026-07-27T09:17:26.0955284Z   _R_CHECK_THINGS_IN_OTHER_DIRS_: true
2026-07-27T09:17:26.0955550Z   _R_CHECK_BASHISMS_: true
2026-07-27T09:17:26.0955808Z   _R_CHECK_CRAN_INCOMING_USE_ASPELL_: true
2026-07-27T09:17:26.0956121Z   R_LIBS_USER: /home/runner/work/_temp/Library
2026-07-27T09:17:26.0956402Z   TZ: UTC
2026-07-27T09:17:26.0956580Z   NOT_CRAN: true
2026-07-27T09:17:26.0956904Z   RSPM: https://packagemanager.posit.co/cran/__linux__/resolute/latest
2026-07-27T09:17:26.0957756Z   RENV_CONFIG_REPOS_OVERRIDE: https://packagemanager.posit.co/cran/__linux__/resolute/latest
2026-07-27T09:17:26.0958369Z   R_LIB_FOR_PAK: /opt/R/4.6.1/lib/R/site-library
2026-07-27T09:17:26.0958683Z   CCACHE_SLOPPINESS: locale,time_macros
2026-07-27T09:17:26.0958969Z   PKG_BUILD_EXTRA_FLAGS: false
2026-07-27T09:17:26.0959678Z   DUCKDB_R_PREBUILT_ARCHIVE_GHA_CACHE_KEY: duckdb-tar-R4.6.1-Linux-g++-(Ubuntu-15.2.0-16ubuntu1)-15.2.0-4dda4dd57daf3b937cc4f03e7e7ed1867bc131cc66a28c6a4537b6881521e48f
2026-07-27T09:17:26.0960564Z   DUCKDB_R_PREBUILT_ARCHIVE: /home/runner/work/_temp/duckdb.tar
2026-07-27T09:17:26.0960994Z   GHA_CCACHE_KEY: Linux-g++-(Ubuntu-15.2.0-16ubuntu1)-15.2.0-R-4.6.1
2026-07-27T09:17:26.0961349Z ##[endgroup]
2026-07-27T09:17:26.2239241Z ##[group]Prepare git configuration
2026-07-27T09:17:26.2319228Z [command]/usr/bin/git config --global --name-only --get-regexp safe.directory /home/runner/work/duckdb-r/duckdb-r
2026-07-27T09:17:26.2395337Z [command]/usr/bin/git config --global --add safe.directory /home/runner/work/duckdb-r/duckdb-r
2026-07-27T09:17:26.2447153Z [command]/usr/bin/git config --local --get remote.origin.url
2026-07-27T09:17:26.2481032Z https://github.com/krlmlr/duckdb-r
2026-07-27T09:17:26.2499296Z Temporarily hiding checkout credential file: git-credentials-b15f2abe-0ab1-4bc1-b584-4e5f3605475a.config (will be restored after)
2026-07-27T09:17:26.2508063Z [command]/usr/bin/git config --local --name-only --get-regexp http.https://github.com/.extraheader ^AUTHORIZATION:
2026-07-27T09:17:26.2545691Z ##[endgroup]
2026-07-27T09:17:26.2546730Z ##[group]Determining the base and head repositories
2026-07-27T09:17:26.2574623Z ##[endgroup]
2026-07-27T09:17:26.2575775Z Pull request branch target repository set to krlmlr/duckdb-r
2026-07-27T09:17:26.2578325Z ##[group]Configuring credential for HTTPS authentication
2026-07-27T09:17:26.2585835Z [command]/usr/bin/git config --local http.https://github.com/.extraheader AUTHORIZATION: basic ***
2026-07-27T09:17:26.2635811Z [command]/usr/bin/git rev-parse --git-dir
2026-07-27T09:17:26.2682004Z .git
2026-07-27T09:17:26.2703454Z ##[endgroup]
2026-07-27T09:17:26.2704320Z ##[group]Checking the base repository state
2026-07-27T09:17:26.2711007Z [command]/usr/bin/git symbolic-ref HEAD --short
2026-07-27T09:17:26.2743352Z fatal: ref HEAD is not a symbolic ref
2026-07-27T09:17:26.2752549Z [command]/usr/bin/git rev-parse HEAD
2026-07-27T09:17:26.2782013Z 2873042cc21d333df784a097d57285bd5f19b44e
2026-07-27T09:17:26.2786985Z Working base is commit '2873042cc21d333df784a097d57285bd5f19b44e'
2026-07-27T09:17:26.2788430Z ##[endgroup]
2026-07-27T09:17:26.2790192Z Pull request branch to create or update set to 'snapshot-2873042cc21d333df784a097d57285bd5f19b44e-rcc-smoke-null'
2026-07-27T09:17:26.2791568Z ##[group]Configuring the committer and author
2026-07-27T09:17:26.2792833Z Configured git committer as 'github-actions[bot] <41898282+github-actions[bot]@users.noreply.github.com>'
2026-07-27T09:17:26.2794558Z Configured git author as 'github-actions[bot] <41898282+github-actions[bot]@users.noreply.github.com>'
2026-07-27T09:17:26.2795758Z ##[endgroup]
2026-07-27T09:17:26.2796485Z ##[group]Create or update the pull request branch
2026-07-27T09:17:26.2799501Z [command]/usr/bin/git symbolic-ref HEAD --short
2026-07-27T09:17:26.2829603Z fatal: ref HEAD is not a symbolic ref
2026-07-27T09:17:26.2839045Z [command]/usr/bin/git rev-parse HEAD
2026-07-27T09:17:26.2867754Z 2873042cc21d333df784a097d57285bd5f19b44e
2026-07-27T09:17:26.2873353Z Working base is commit '2873042cc21d333df784a097d57285bd5f19b44e'
2026-07-27T09:17:26.2883297Z [command]/usr/bin/git checkout --progress -B 7ad1e830-1420-4d39-b5aa-16cc3200fbe4 HEAD --
2026-07-27T09:17:26.3003384Z Switched to a new branch '7ad1e830-1420-4d39-b5aa-16cc3200fbe4'
2026-07-27T09:17:26.3005953Z M	tests/testthat/_snaps/sql.md
2026-07-27T09:17:26.3019948Z [command]/usr/bin/git status --porcelain -unormal -- tests/testthat/_snaps
2026-07-27T09:17:26.3078168Z M  tests/testthat/_snaps/sql.md
2026-07-27T09:17:26.3088073Z Uncommitted changes found. Adding a commit.
2026-07-27T09:17:26.3098285Z [command]/usr/bin/git add -- tests/testthat/_snaps
2026-07-27T09:17:26.3159684Z [command]/usr/bin/git -c author.name=github-actions[bot] -c author.email=41898282+github-actions[bot]@users.noreply.github.com -c committer.name=github-actions[bot] -c committer.email=41898282+github-actions[bot]@users.noreply.github.com commit -m [create-pull-request] automated change
2026-07-27T09:17:26.3325646Z [7ad1e830-1420-4d39-b5aa-16cc3200fbe4 b8edb5c] [create-pull-request] automated change
2026-07-27T09:17:26.3326757Z  1 file changed, 2 insertions(+), 2 deletions(-)
2026-07-27T09:17:26.3342427Z [command]/usr/bin/git stash push --include-untracked
2026-07-27T09:17:26.3838344Z Saved working directory and index state WIP on 7ad1e830-1420-4d39-b5aa-16cc3200fbe4: b8edb5c [create-pull-request] automated change
2026-07-27T09:17:26.4266562Z [command]/usr/bin/git rev-list --right-only --count 2873042cc21d333df784a097d57285bd5f19b44e...7ad1e830-1420-4d39-b5aa-16cc3200fbe4
2026-07-27T09:17:26.4299148Z 1
2026-07-27T09:17:26.4314397Z [command]/usr/bin/git -c protocol.version=2 fetch --no-tags --progress --no-recurse-submodules --force --depth=11 origin snapshot-2873042cc21d333df784a097d57285bd5f19b44e-rcc-smoke-null:refs/remotes/origin/snapshot-2873042cc21d333df784a097d57285bd5f19b44e-rcc-smoke-null
2026-07-27T09:17:26.7447904Z fatal: couldn't find remote ref snapshot-2873042cc21d333df784a097d57285bd5f19b44e-rcc-smoke-null
2026-07-27T09:17:26.7482670Z Pull request branch 'snapshot-2873042cc21d333df784a097d57285bd5f19b44e-rcc-smoke-null' does not exist yet.
2026-07-27T09:17:26.7490041Z [command]/usr/bin/git checkout --progress -B snapshot-2873042cc21d333df784a097d57285bd5f19b44e-rcc-smoke-null 7ad1e830-1420-4d39-b5aa-16cc3200fbe4 --
2026-07-27T09:17:26.7615440Z Switched to a new branch 'snapshot-2873042cc21d333df784a097d57285bd5f19b44e-rcc-smoke-null'
2026-07-27T09:17:26.7630854Z [command]/usr/bin/git rev-list --right-only --count 2873042cc21d333df784a097d57285bd5f19b44e...snapshot-2873042cc21d333df784a097d57285bd5f19b44e-rcc-smoke-null
2026-07-27T09:17:26.7664230Z 1
2026-07-27T09:17:26.7669541Z Created branch 'snapshot-2873042cc21d333df784a097d57285bd5f19b44e-rcc-smoke-null'
2026-07-27T09:17:26.7673738Z [command]/usr/bin/git rev-parse 2873042cc21d333df784a097d57285bd5f19b44e
2026-07-27T09:17:26.7701577Z 2873042cc21d333df784a097d57285bd5f19b44e
2026-07-27T09:17:26.7712423Z [command]/usr/bin/git -c core.quotePath=false show --raw --cc --no-renames --no-abbrev --format=%H%n%T%n%P%n%G?%n%s%n%b%n###EOB### 2873042cc21d333df784a097d57285bd5f19b44e
2026-07-27T09:17:26.7873580Z [command]/usr/bin/git rev-parse snapshot-2873042cc21d333df784a097d57285bd5f19b44e-rcc-smoke-null
2026-07-27T09:17:26.7903252Z b8edb5c0f074d8773bfb335c273138183d42b294
2026-07-27T09:17:26.7912909Z [command]/usr/bin/git log --format=%H 2873042cc21d333df784a097d57285bd5f19b44e..snapshot-2873042cc21d333df784a097d57285bd5f19b44e-rcc-smoke-null
2026-07-27T09:17:26.7946587Z b8edb5c0f074d8773bfb335c273138183d42b294
2026-07-27T09:17:26.7958386Z [command]/usr/bin/git -c core.quotePath=false show --raw --cc --no-renames --no-abbrev --format=%H%n%T%n%P%n%G?%n%s%n%b%n###EOB### b8edb5c0f074d8773bfb335c273138183d42b294
2026-07-27T09:17:26.8001231Z [command]/usr/bin/git branch --delete --force 7ad1e830-1420-4d39-b5aa-16cc3200fbe4
2026-07-27T09:17:26.8044111Z Deleted branch 7ad1e830-1420-4d39-b5aa-16cc3200fbe4 (was b8edb5c).
2026-07-27T09:17:26.8052228Z [command]/usr/bin/git checkout --progress 2873042cc21d333df784a097d57285bd5f19b44e --
2026-07-27T09:17:26.8166110Z Note: switching to '2873042cc21d333df784a097d57285bd5f19b44e'.
2026-07-27T09:17:26.8166643Z 
2026-07-27T09:17:26.8167177Z You are in 'detached HEAD' state. You can look around, make experimental
2026-07-27T09:17:26.8168405Z changes and commit them, and you can discard any commits you make in this
2026-07-27T09:17:26.8169367Z state without impacting any branches by switching back to a branch.
2026-07-27T09:17:26.8169893Z 
2026-07-27T09:17:26.8170364Z If you want to create a new branch to retain commits you create, you may
2026-07-27T09:17:26.8171269Z do so (now or later) by using -c with the switch command. Example:
2026-07-27T09:17:26.8171732Z 
2026-07-27T09:17:26.8171884Z   git switch -c <new-branch-name>
2026-07-27T09:17:26.8172063Z 
2026-07-27T09:17:26.8172202Z Or undo this operation with:
2026-07-27T09:17:26.8172372Z 
2026-07-27T09:17:26.8172473Z   git switch -
2026-07-27T09:17:26.8172599Z 
2026-07-27T09:17:26.8172895Z Turn off this advice by setting config variable advice.detachedHead to false
2026-07-27T09:17:26.8173330Z 
2026-07-27T09:17:26.8173786Z HEAD is now at 2873042 vendor: Update vendored sources to duckdb/duckdb@6dd33fcd90f633872340322a9d2401ea826eab56
2026-07-27T09:17:26.8180208Z [command]/usr/bin/git stash pop
2026-07-27T09:17:26.8340987Z Already up to date.
2026-07-27T09:17:26.8649130Z HEAD detached at 2873042
2026-07-27T09:17:26.8657025Z Untracked files:
2026-07-27T09:17:26.8657892Z   (use "git add <file>..." to include in what will be committed)
2026-07-27T09:17:26.8658342Z 	tests/testthat/data_0.parquet
2026-07-27T09:17:26.8658523Z 
2026-07-27T09:17:26.8658884Z nothing added to commit but untracked files present (use "git add" to track)
2026-07-27T09:17:26.8659465Z Dropped refs/stash@{0} (42621d98e8bd66527c2d440178ba706c454633ec)
2026-07-27T09:17:26.8664406Z ##[endgroup]
2026-07-27T09:17:26.8665478Z ##[group]Pushing pull request branch to 'origin/snapshot-2873042cc21d333df784a097d57285bd5f19b44e-rcc-smoke-null'
2026-07-27T09:17:26.8673224Z [command]/usr/bin/git push --force-with-lease origin snapshot-2873042cc21d333df784a097d57285bd5f19b44e-rcc-smoke-null:refs/heads/snapshot-2873042cc21d333df784a097d57285bd5f19b44e-rcc-smoke-null
2026-07-27T09:17:29.3642968Z remote: 
2026-07-27T09:17:29.3645253Z remote: Create a pull request for 'snapshot-2873042cc21d333df784a097d57285bd5f19b44e-rcc-smoke-null' on GitHub by visiting:        
2026-07-27T09:17:29.3648327Z remote:      https://github.com/krlmlr/duckdb-r/pull/new/snapshot-2873042cc21d333df784a097d57285bd5f19b44e-rcc-smoke-null        
2026-07-27T09:17:29.3649910Z remote: 
2026-07-27T09:17:29.3665825Z To https://github.com/krlmlr/duckdb-r
2026-07-27T09:17:29.3667863Z  * [new branch]      snapshot-2873042cc21d333df784a097d57285bd5f19b44e-rcc-smoke-null -> snapshot-2873042cc21d333df784a097d57285bd5f19b44e-rcc-smoke-null
2026-07-27T09:17:29.3719386Z ##[endgroup]
2026-07-27T09:17:29.3720215Z ##[group]Create or update the pull request
2026-07-27T09:17:29.3723708Z Attempting creation of pull request
2026-07-27T09:17:29.6666888Z ##[error]GitHub Actions is not permitted to create or approve pull requests. - https://docs.github.com/rest/pulls/pulls#create-a-pull-request
2026-07-27T09:17:29.6669019Z ##[group]Restore git configuration
2026-07-27T09:17:29.6670874Z [command]/usr/bin/git config --local --name-only --get-regexp http.https://github.com/.extraheader ^AUTHORIZATION:
2026-07-27T09:17:29.6711326Z http.https://github.com/.extraheader
2026-07-27T09:17:29.6724853Z [command]/usr/bin/git config --local --get-regexp http.https://github.com/.extraheader ^AUTHORIZATION:
2026-07-27T09:17:29.6776433Z http.https://github.com/.extraheader AUTHORIZATION: basic ***
2026-07-27T09:17:29.6782711Z [command]/usr/bin/git config --local --unset http.https://github.com/.extraheader ^AUTHORIZATION:
2026-07-27T09:17:29.6830635Z Unset config key 'http.https://github.com/.extraheader'
2026-07-27T09:17:29.6838766Z Restored checkout credential file: git-credentials-b15f2abe-0ab1-4bc1-b584-4e5f3605475a.config
2026-07-27T09:17:29.6843326Z [command]/usr/bin/git config --global --unset safe.directory /home/runner/work/duckdb-r/duckdb-r
2026-07-27T09:17:29.6896887Z ##[endgroup]
2026-07-27T09:17:29.7488548Z ##[group]Run # Check status of this workflow
2026-07-27T09:17:29.7488929Z [36;1m# Check status of this workflow[0m
2026-07-27T09:17:29.7489237Z [36;1mif [ "failure" == "success" ]; then[0m
2026-07-27T09:17:29.7489531Z [36;1m  state="success"[0m
2026-07-27T09:17:29.7489915Z [36;1melse[0m
2026-07-27T09:17:29.7490192Z [36;1m  state="failure"[0m
2026-07-27T09:17:29.7490409Z [36;1mfi[0m
2026-07-27T09:17:29.7490586Z [36;1m[0m
2026-07-27T09:17:29.7490899Z [36;1msha=[0m
2026-07-27T09:17:29.7491245Z [36;1mif [ -z "${sha}" ]; then[0m
2026-07-27T09:17:29.7491581Z [36;1m  sha=2873042cc21d333df784a097d57285bd5f19b44e[0m
2026-07-27T09:17:29.7491881Z [36;1mfi[0m
2026-07-27T09:17:29.7492077Z [36;1mif [ -z "${sha}" ]; then[0m
2026-07-27T09:17:29.7492513Z [36;1m  sha=903867b4a06998ddb4006d9cf4cd29c85871ed32[0m
2026-07-27T09:17:29.7492810Z [36;1mfi[0m
2026-07-27T09:17:29.7493164Z [36;1m  sha=$(git rev-parse ${sha})[0m
2026-07-27T09:17:29.7493490Z [36;1m[0m
2026-07-27T09:17:29.7493815Z [36;1mhtml_url=$(gh api \[0m
2026-07-27T09:17:29.7494127Z [36;1m  -H "Accept: application/vnd.github+json" \[0m
2026-07-27T09:17:29.7494477Z [36;1m  -H "X-GitHub-Api-Version: 2022-11-28" \[0m
2026-07-27T09:17:29.7495033Z [36;1m  repos/krlmlr/duckdb-r/actions/runs/30237805764 | jq -r .html_url)[0m
2026-07-27T09:17:29.7495417Z [36;1m[0m
2026-07-27T09:17:29.7495613Z [36;1mdescription="rcc / rcc-smoke"[0m
2026-07-27T09:17:29.7495963Z [36;1m[0m
2026-07-27T09:17:29.7496207Z [36;1mgh api \[0m
2026-07-27T09:17:29.7496420Z [36;1m  --method POST \[0m
2026-07-27T09:17:29.7496707Z [36;1m  -H "Accept: application/vnd.github+json" \[0m
2026-07-27T09:17:29.7497126Z [36;1m  -H "X-GitHub-Api-Version: 2022-11-28" \[0m
2026-07-27T09:17:29.7497721Z [36;1m  repos/krlmlr/duckdb-r/statuses/${sha} \[0m
2026-07-27T09:17:29.7498364Z [36;1m  -f "state=${state}" -f "target_url=${html_url}" -f "description=${description}" -f "context=rcc"[0m
2026-07-27T09:17:29.7551584Z shell: /usr/bin/bash --noprofile --norc -e -o pipefail {0}
2026-07-27T09:17:29.7551949Z env:
2026-07-27T09:17:29.7552156Z   _R_CHECK_PKG_SIZES_: FALSE
2026-07-27T09:17:29.7552527Z   R_REMOTES_NO_ERRORS_FROM_WARNINGS: true
2026-07-27T09:17:29.7552859Z   R_KEEP_PKG_SOURCE: yes
2026-07-27T09:17:29.7553099Z   _R_CHECK_SYSTEM_CLOCK_: FALSE
2026-07-27T09:17:29.7553363Z   _R_CHECK_FUTURE_FILE_TIMESTAMPS_: false
2026-07-27T09:17:29.7553773Z   RGL_USE_NULL: true
2026-07-27T09:17:29.7554035Z   _R_CHECK_CRAN_INCOMING_CHECK_FILE_URIS_: true
2026-07-27T09:17:29.7554354Z   _R_CHECK_CRAN_INCOMING_NOTE_GNU_MAKE_: true
2026-07-27T09:17:29.7554701Z   _R_CHECK_PACKAGE_DEPENDS_IGNORE_MISSING_ENHANCES_: true
2026-07-27T09:17:29.7555179Z   _R_CHECK_CODE_CLASS_IS_STRING_: true
2026-07-27T09:17:29.7555455Z   _R_CHECK_CODOC_VARIABLES_IN_USAGES_: true
2026-07-27T09:17:29.7555769Z   _R_CHECK_CONNECTIONS_LEFT_OPEN_: true
2026-07-27T09:17:29.7556215Z   _R_CHECK_DATALIST_: true
2026-07-27T09:17:29.7556454Z   _R_CHECK_NEWS_IN_PLAIN_TEXT_: true
2026-07-27T09:17:29.7571823Z   _R_CHECK_PACKAGES_USED_CRAN_INCOMING_NOTES_: true
2026-07-27T09:17:29.7572419Z   _R_CHECK_RD_CONTENTS_KEYWORDS_: true
2026-07-27T09:17:29.7572872Z   _R_CHECK_R_DEPENDS_: warn
2026-07-27T09:17:29.7573312Z   _R_CHECK_S3_METHODS_SHOW_POSSIBLE_ISSUES_: true
2026-07-27T09:17:29.7573817Z   _R_CHECK_THINGS_IN_TEMP_DIR_: true
2026-07-27T09:17:29.7574179Z   _R_CHECK_UNDOC_USE_ALL_NAMES_: true
2026-07-27T09:17:29.7574476Z   _R_CHECK_URLS_SHOW_301_STATUS_: true
2026-07-27T09:17:29.7574769Z   _R_CXX_USE_NO_REMAP_: true
2026-07-27T09:17:29.7575061Z   _R_CHECK_CRAN_INCOMING_SKIP_LARGE_VERSION_: true
2026-07-27T09:17:29.7575383Z   _R_CHECK_FORCE_SUGGESTS_: false
2026-07-27T09:17:29.7575657Z   _R_CHECK_THINGS_IN_OTHER_DIRS_: true
2026-07-27T09:17:29.7575930Z   _R_CHECK_BASHISMS_: true
2026-07-27T09:17:29.7576198Z   _R_CHECK_CRAN_INCOMING_USE_ASPELL_: true
2026-07-27T09:17:29.7576520Z   R_LIBS_USER: /home/runner/work/_temp/Library
2026-07-27T09:17:29.7576811Z   TZ: UTC
2026-07-27T09:17:29.7577587Z   NOT_CRAN: true
2026-07-27T09:17:29.7577972Z   RSPM: https://packagemanager.posit.co/cran/__linux__/resolute/latest
2026-07-27T09:17:29.7578553Z   RENV_CONFIG_REPOS_OVERRIDE: https://packagemanager.posit.co/cran/__linux__/resolute/latest
2026-07-27T09:17:29.7579050Z   R_LIB_FOR_PAK: /opt/R/4.6.1/lib/R/site-library
2026-07-27T09:17:29.7579478Z   CCACHE_SLOPPINESS: locale,time_macros
2026-07-27T09:17:29.7579764Z   PKG_BUILD_EXTRA_FLAGS: false
2026-07-27T09:17:29.7580477Z   DUCKDB_R_PREBUILT_ARCHIVE_GHA_CACHE_KEY: duckdb-tar-R4.6.1-Linux-g++-(Ubuntu-15.2.0-16ubuntu1)-15.2.0-4dda4dd57daf3b937cc4f03e7e7ed1867bc131cc66a28c6a4537b6881521e48f
2026-07-27T09:17:29.7581399Z   DUCKDB_R_PREBUILT_ARCHIVE: /home/runner/work/_temp/duckdb.tar
2026-07-27T09:17:29.7581832Z   GHA_CCACHE_KEY: Linux-g++-(Ubuntu-15.2.0-16ubuntu1)-15.2.0-R-4.6.1
2026-07-27T09:17:29.7584758Z   GH_TOKEN: ***
2026-07-27T09:17:29.7584966Z ##[endgroup]
2026-07-27T09:17:30.9503778Z {"url":"https://api.github.com/repos/krlmlr/duckdb-r/statuses/2873042cc21d333df784a097d57285bd5f19b44e","avatar_url":"https://avatars.githubusercontent.com/in/15368?v=4","id":51132449628,"node_id":"SC_kwDOKNSgSc8AAAAL57tDXA","state":"failure","description":"rcc / rcc-smoke","target_url":"https://github.com/krlmlr/duckdb-r/actions/runs/30237805764","context":"rcc","created_at":"2026-07-27T09:17:30Z","updated_at":"2026-07-27T09:17:30Z","creator":{"login":"github-actions[bot]","id":41898282,"node_id":"MDM6Qm90NDE4OTgyODI=","avatar_url":"https://avatars.githubusercontent.com/in/15368?v=4","gravatar_id":"","url":"https://api.github.com/users/github-actions%5Bbot%5D","html_url":"https://github.com/apps/github-actions","followers_url":"https://api.github.com/users/github-actions%5Bbot%5D/followers","following_url":"https://api.github.com/users/github-actions%5Bbot%5D/following{/other_user}","gists_url":"https://api.github.com/users/github-actions%5Bbot%5D/gists{/gist_id}","starred_url":"https://api.github.com/users/github-actions%5Bbot%5D/starred{/owner}{/repo}","subscriptions_url":"https://api.github.com/users/github-actions%5Bbot%5D/subscriptions","organizations_url":"https://api.github.com/users/github-actions%5Bbot%5D/orgs","repos_url":"https://api.github.com/users/github-actions%5Bbot%5D/repos","events_url":"https://api.github.com/users/github-actions%5Bbot%5D/events{/privacy}","received_events_url":"https://api.github.com/users/github-actions%5Bbot%5D/received_events","type":"Bot","user_view_type":"public","site_admin":false}}
2026-07-27T09:17:30.9604526Z Post job cleanup.
2026-07-27T09:17:30.9640341Z Node 20 is being deprecated. This workflow is running with Node 24 by default. If you need to temporarily use Node 20, you can set the ACTIONS_ALLOW_USE_UNSECURE_NODE_VERSION=true environment variable. For more information see: https://github.blog/changelog/2025-09-19-deprecation-of-node-20-on-github-actions-runners/
2026-07-27T09:17:30.9641637Z Post job cleanup.
2026-07-27T09:17:31.0687072Z (node:18307) [DEP0040] DeprecationWarning: The `punycode` module is deprecated. Please use a userland alternative instead.
2026-07-27T09:17:31.0688622Z (Use `node --trace-deprecation ...` to show where the warning was created)
2026-07-27T09:17:31.0838052Z ##[group]ccache stats
2026-07-27T09:17:31.0855548Z [command]/usr/bin/ccache -s -v
2026-07-27T09:17:31.0925239Z Cache directory:      /home/runner/work/duckdb-r/duckdb-r/.ccache
2026-07-27T09:17:31.0926196Z Config file:          /home/runner/.config/ccache/ccache.conf
2026-07-27T09:17:31.0926981Z System config file:   /etc/ccache.conf
2026-07-27T09:17:31.0927749Z Stats updated:        Mon Jul 27 09:14:38 2026
2026-07-27T09:17:31.0928128Z Cacheable calls:      366 / 370 (98.92%)
2026-07-27T09:17:31.0928469Z   Hits:                 0 / 366 ( 0.00%)
2026-07-27T09:17:31.0928773Z     Direct:             0
2026-07-27T09:17:31.0929051Z     Preprocessed:       0
2026-07-27T09:17:31.0929342Z   Misses:             366 / 366 (100.0%)
2026-07-27T09:17:31.0929676Z Uncacheable calls:      4 / 370 ( 1.08%)
2026-07-27T09:17:31.0930016Z   Called for linking:   2 /   4 (50.00%)
2026-07-27T09:17:31.0930350Z   No input file:        2 /   4 (50.00%)
2026-07-27T09:17:31.0930903Z Successful lookups:
2026-07-27T09:17:31.0931361Z   Direct:               0 / 366 ( 0.00%)
2026-07-27T09:17:31.0931937Z   Preprocessed:         0 / 366 ( 0.00%)
2026-07-27T09:17:31.0932414Z Local storage:
2026-07-27T09:17:31.0932844Z   Cache size (GB):    0.4 / 0.2 (191.5%)
2026-07-27T09:17:31.0933341Z   Files:              377
2026-07-27T09:17:31.0933789Z   Cleanups:           125
2026-07-27T09:17:31.0934462Z   Hits:                 0 / 366 ( 0.00%)
2026-07-27T09:17:31.0934794Z   Misses:             366 / 366 (100.0%)
2026-07-27T09:17:31.0935094Z   Reads:              732
2026-07-27T09:17:31.0935353Z   Writes:             732
2026-07-27T09:17:31.0935857Z ##[endgroup]
2026-07-27T09:17:31.1118452Z Save cache using key "ccache-Linux-g++-(Ubuntu-15.2.0-16ubuntu1)-15.2.0-R-4.6.1-2026-07-27T09:17:31.104Z".
2026-07-27T09:17:31.1265389Z [command]/usr/bin/tar --posix -cf cache.tzst --exclude cache.tzst -P -C /home/runner/work/duckdb-r/duckdb-r --files-from manifest.txt --use-compress-program zstdmt
2026-07-27T09:17:31.8295590Z ##[warning]Failed to save: <h2>Our services aren't available right now</h2><p>We're working to restore all services as soon as possible. Please check back soon.</p>0KyJnagAAAAAoUt63+wqtQa4oHUvqX0g0U1RCRURHRTAzMTQARWRnZQ==
2026-07-27T09:17:31.8841434Z Post job cleanup.
2026-07-27T09:17:31.8880786Z Post job cleanup.
2026-07-27T09:17:32.0138400Z ##[group]ccache stats
2026-07-27T09:17:32.0156144Z [command]/usr/bin/ccache -s -v
2026-07-27T09:17:32.0228546Z Cache directory:      /home/runner/work/duckdb-r/duckdb-r/.ccache
2026-07-27T09:17:32.0229767Z Config file:          /home/runner/.config/ccache/ccache.conf
2026-07-27T09:17:32.0230872Z System config file:   /etc/ccache.conf
2026-07-27T09:17:32.0231799Z Stats updated:        Mon Jul 27 09:14:38 2026
2026-07-27T09:17:32.0232477Z Cacheable calls:      366 / 370 (98.92%)
2026-07-27T09:17:32.0233079Z   Hits:                 0 / 366 ( 0.00%)
2026-07-27T09:17:32.0233584Z     Direct:             0
2026-07-27T09:17:32.0234050Z     Preprocessed:       0
2026-07-27T09:17:32.0234559Z   Misses:             366 / 366 (100.0%)
2026-07-27T09:17:32.0235165Z Uncacheable calls:      4 / 370 ( 1.08%)
2026-07-27T09:17:32.0235785Z   Called for linking:   2 /   4 (50.00%)
2026-07-27T09:17:32.0236439Z   No input file:        2 /   4 (50.00%)
2026-07-27T09:17:32.0236999Z Successful lookups:
2026-07-27T09:17:32.0237789Z   Direct:               0 / 366 ( 0.00%)
2026-07-27T09:17:32.0238454Z   Preprocessed:         0 / 366 ( 0.00%)
2026-07-27T09:17:32.0239026Z Local storage:
2026-07-27T09:17:32.0239522Z   Cache size (GB):    0.4 / 0.2 (191.5%)
2026-07-27T09:17:32.0240094Z   Files:              377
2026-07-27T09:17:32.0240586Z   Cleanups:           125
2026-07-27T09:17:32.0241119Z   Hits:                 0 / 366 ( 0.00%)
2026-07-27T09:17:32.0241727Z   Misses:             366 / 366 (100.0%)
2026-07-27T09:17:32.0242145Z   Reads:              732
2026-07-27T09:17:32.0242419Z   Writes:             732
2026-07-27T09:17:32.0271134Z [command]/usr/bin/ccache --version
2026-07-27T09:17:32.0319007Z ccache version 4.12.3
2026-07-27T09:17:32.0319964Z Features: avx2 file-storage http-storage redis+unix-storage redis-storage
2026-07-27T09:17:32.0320659Z 
2026-07-27T09:17:32.0321038Z Copyright (C) 2002-2007 Andrew Tridgell
2026-07-27T09:17:32.0321951Z Copyright (C) 2009-2026 Joel Rosdahl and other contributors
2026-07-27T09:17:32.0322516Z 
2026-07-27T09:17:32.0323169Z See <https://ccache.dev/credits.html> for a complete list of contributors.
2026-07-27T09:17:32.0323833Z 
2026-07-27T09:17:32.0324496Z This program is free software; you can redistribute it and/or modify it under
2026-07-27T09:17:32.0325642Z the terms of the GNU General Public License as published by the Free Software
2026-07-27T09:17:32.0326771Z Foundation; either version 3 of the License, or (at your option) any later
2026-07-27T09:17:32.0327836Z version.
2026-07-27T09:17:32.0429919Z ##[endgroup]
2026-07-27T09:17:32.0430537Z Not saving cache because 'save' is set to 'false'.
2026-07-27T09:17:32.0755555Z Post job cleanup.
2026-07-27T09:17:32.0823590Z Post job cleanup.
2026-07-27T09:17:32.1713285Z [command]/usr/bin/git version
2026-07-27T09:17:32.1794703Z git version 2.53.0
2026-07-27T09:17:32.1838124Z Copying '/home/runner/.gitconfig' to '/home/runner/work/_temp/54b33ac7-a147-4db4-8335-555bdcf2c0e3/.gitconfig'
2026-07-27T09:17:32.1849623Z Temporarily overriding HOME='/home/runner/work/_temp/54b33ac7-a147-4db4-8335-555bdcf2c0e3' before making global git config changes
2026-07-27T09:17:32.1851677Z Adding repository directory to the temporary git global config as a safe directory
2026-07-27T09:17:32.1859429Z [command]/usr/bin/git config --global --add safe.directory /home/runner/work/duckdb-r/duckdb-r
2026-07-27T09:17:32.1903520Z Removing SSH command configuration
2026-07-27T09:17:32.1918552Z [command]/usr/bin/git config --local --name-only --get-regexp core\.sshCommand
2026-07-27T09:17:32.1961431Z [command]/usr/bin/git submodule foreach --recursive sh -c "git config --local --name-only --get-regexp 'core\.sshCommand' && git config --local --unset-all 'core.sshCommand' || :"
2026-07-27T09:17:32.2419331Z Removing HTTP extra header
2026-07-27T09:17:32.2436463Z [command]/usr/bin/git config --local --name-only --get-regexp http\.https\:\/\/github\.com\/\.extraheader
2026-07-27T09:17:32.2489961Z [command]/usr/bin/git submodule foreach --recursive sh -c "git config --local --name-only --get-regexp 'http\.https\:\/\/github\.com\/\.extraheader' && git config --local --unset-all 'http.https://github.com/.extraheader' || :"
2026-07-27T09:17:32.2818749Z Removing includeIf entries pointing to credentials config files
2026-07-27T09:17:32.2827040Z [command]/usr/bin/git config --local --name-only --get-regexp ^includeIf\.gitdir:
2026-07-27T09:17:32.2856602Z includeif.gitdir:/home/runner/work/duckdb-r/duckdb-r/.git.path
2026-07-27T09:17:32.2857940Z includeif.gitdir:/home/runner/work/duckdb-r/duckdb-r/.git/worktrees/*.path
2026-07-27T09:17:32.2859103Z includeif.gitdir:/github/workspace/.git.path
2026-07-27T09:17:32.2860051Z includeif.gitdir:/github/workspace/.git/worktrees/*.path
2026-07-27T09:17:32.2871846Z [command]/usr/bin/git config --local --get-all includeif.gitdir:/home/runner/work/duckdb-r/duckdb-r/.git.path
2026-07-27T09:17:32.2904165Z /home/runner/work/_temp/git-credentials-b15f2abe-0ab1-4bc1-b584-4e5f3605475a.config
2026-07-27T09:17:32.2917049Z [command]/usr/bin/git config --local --unset includeif.gitdir:/home/runner/work/duckdb-r/duckdb-r/.git.path /home/runner/work/_temp/git-credentials-b15f2abe-0ab1-4bc1-b584-4e5f3605475a.config
2026-07-27T09:17:32.2955779Z [command]/usr/bin/git config --local --get-all includeif.gitdir:/home/runner/work/duckdb-r/duckdb-r/.git/worktrees/*.path
2026-07-27T09:17:32.2982572Z /home/runner/work/_temp/git-credentials-b15f2abe-0ab1-4bc1-b584-4e5f3605475a.config
2026-07-27T09:17:32.2993520Z [command]/usr/bin/git config --local --unset includeif.gitdir:/home/runner/work/duckdb-r/duckdb-r/.git/worktrees/*.path /home/runner/work/_temp/git-credentials-b15f2abe-0ab1-4bc1-b584-4e5f3605475a.config
2026-07-27T09:17:32.3031827Z [command]/usr/bin/git config --local --get-all includeif.gitdir:/github/workspace/.git.path
2026-07-27T09:17:32.3055476Z /github/runner_temp/git-credentials-b15f2abe-0ab1-4bc1-b584-4e5f3605475a.config
2026-07-27T09:17:32.3068431Z [command]/usr/bin/git config --local --unset includeif.gitdir:/github/workspace/.git.path /github/runner_temp/git-credentials-b15f2abe-0ab1-4bc1-b584-4e5f3605475a.config
2026-07-27T09:17:32.3106241Z [command]/usr/bin/git config --local --get-all includeif.gitdir:/github/workspace/.git/worktrees/*.path
2026-07-27T09:17:32.3133304Z /github/runner_temp/git-credentials-b15f2abe-0ab1-4bc1-b584-4e5f3605475a.config
2026-07-27T09:17:32.3142217Z [command]/usr/bin/git config --local --unset includeif.gitdir:/github/workspace/.git/worktrees/*.path /github/runner_temp/git-credentials-b15f2abe-0ab1-4bc1-b584-4e5f3605475a.config
2026-07-27T09:17:32.3178562Z [command]/usr/bin/git submodule foreach --recursive git config --local --show-origin --name-only --get-regexp remote.origin.url
2026-07-27T09:17:32.3470606Z Removing credentials config '/home/runner/work/_temp/git-credentials-b15f2abe-0ab1-4bc1-b584-4e5f3605475a.config'
2026-07-27T09:17:32.3623345Z Evaluate and set job outputs
2026-07-27T09:17:32.3629473Z Cleaning up orphan processes
2026-07-27T09:17:32.3958969Z ##[warning]Node.js 20 is deprecated. The following actions target Node.js 20 but are being forced to run on Node.js 24: actions/cache@v4, hendrikmuhs/ccache-action@v1.2.14. For more information see: https://github.blog/changelog/2025-09-19-deprecation-of-node-20-on-github-actions-runners/
2026-07-27T04:42:11.0020000Z Evaluating rcc-smoke.if
2026-07-27T04:42:11.0020000Z Evaluating: success()
2026-07-27T04:42:11.0020000Z Result: true
2026-07-27T04:42:11.0050000Z Requested labels: ubuntu-26.04
2026-07-27T04:42:11.0050000Z Job defined at: krlmlr/duckdb-r/.github/workflows/R-CMD-check.yaml@refs/heads/main-rewind-dev
2026-07-27T04:42:11.0050000Z Waiting for a runner to pick up this job...
2026-07-27T08:44:34.6220000Z Job is waiting for a hosted runner to come online.
2026-07-27T08:44:34.6220000Z Job is about to start running on the hosted runner: GitHub Actions 1000204710